k,lambda,residual_abs,residual_rel
1,9.878297468804268,4.7531264516152896e-14,4.811685886789394e-15
2,20.2086515626796,5.189551734318736e-14,2.567985161317027e-15
3,20.2086816853681,5.484740682114958e-14,2.714051696942771e-15
4,20.208764035321266,5.091944866524673e-14,2.5196715927925497e-15
5,33.247554551892485,5.442777719244437e-14,1.6370460301822795e-15
6,33.24757339608555,4.981936315155025e-14,1.498436068041459e-15
7,33.247699867894234,5.188092624956528e-14,1.5604365551814997e-15
8,33.247718836810144,5.2471815033706895e-14,1.5782079754480127e-15
9,33.24790186382888,5.3816805499939714e-14,1.61865268131365e-15
10,39.515043507558495,5.859161921263042e-14,1.4827674225241061e-15
11,48.87712796124829,6.33929726206649e-14,1.296986448772631e-15
12,48.87719923145719,8.336761320464562e-14,1.7056544670217217e-15
13,48.87728960161293,9.778305164991357e-14,2.0005825291647673e-15
14,48.87732982291666,8.565754753771762e-14,1.7525005528750502e-15
15,48.877527493225294,7.155550049411998e-14,1.4639754538328065e-15
16,48.877614797191015,5.415134179830776e-14,1.1078965703011314e-15
17,48.87772918526432,4.9981335023272506e-14,1.0225789097898784e-15
18,59.73847027323662,6.87397453908983e-14,1.1506780317020324e-15
19,59.73848268481989,6.558056115065405e-14,1.0977942224722537e-15
20,59.738806052767586,6.226884229447652e-14,1.0423516372167555e-15
21,67.02109449288633,7.577870937864424e-14,1.1306695295268185e-15
22,67.02118271021776,6.589968122154099e-14,9.832664622836357e-16
23,67.02134465946376,6.71618389834786e-14,1.0020962623881793e-15
24,67.02144807523692,8.27597849210005e-14,1.23482537751342e-15
25,67.0216443583846,7.215588897738016e-14,1.0766057691981e-15
26,67.02177037671451,1.1044740160295584e-13,1.647933216060326e-15
27,67.02179105766929,7.777860814047961e-14,1.1604973086075028e-15
28,67.02192987144961,6.594771141688831e-14,9.839721348427046e-16
29,67.02216490603102,6.151705505191768e-14,9.178613543470011e-16
30,82.80875741664792,6.58424342830048e-14,7.951143856889682e-16
31,82.80885875772483,8.884398673539521e-14,1.0728802216116448e-15
32,82.80914418828606,6.378417458061949e-14,7.702552079947979e-16
33,82.80928786051311,8.350372214756107e-14,1.0083859468543879e-15
34,82.80975635375513,6.144827113509409e-14,7.420414434332245e-16
35,87.62612059404722,8.391160444797151e-14,9.576094876631107e-16
36,87.62629123852517,9.960615366135293e-14,1.136715388195738e-15
37,87.62655366255807,1.0260485541266532e-13,1.1709333657898648e-15
38,87.62663073126919,9.417239621641475e-14,1.074700641009694e-15
39,87.62671404756854,1.0465526922888294e-13,1.1943306372537304e-15
40,87.62683190973341,9.456773588106686e-14,1.079209801610578e-15
41,87.626938502268,1.0909269752823879e-13,1.2449675795236781e-15
42,87.6271048277376,1.1411970966100063e-13,1.3023334490548754e-15
43,87.6271826607405,1.0747449319471827e-13,1.226497188786944e-15
44,87.62742971014956,9.753235508868093e-14,1.1130345305265085e-15
45,87.6278456052581,7.194647256303719e-14,8.210457767858217e-16
46,88.92634640705195,7.162788323483608e-14,8.054742618904662e-16
47,108.64920703009004,7.673750346332931e-14,7.062868249197356e-16
48,108.64942966264071,9.508690924685344e-14,8.751717293141874e-16
49,108.64953057010591,7.952395049916563e-14,7.319309166076235e-16
50,108.64977994807923,7.298840486812619e-14,6.717768310529976e-16
51,108.65016332075973,6.844147013206812e-14,6.299251472822319e-16
52,108.65029762850837,6.578568660519891e-14,6.054809608541527e-16
53,108.65088068595158,5.779936656091186e-14,5.3197329092966335e-16
54,110.65306578085963,9.160025434883529e-14,8.278148797995615e-16
55,110.6532017203128,7.850428904397062e-14,7.094624269652693e-16
56,110.6534696663285,9.273789117768505e-14,8.380929351545213e-16
57,110.6537313583863,7.155461058029186e-14,6.466533907342008e-16
58,110.65379198975336,6.702572728914843e-14,6.057246307054265e-16
59,110.65403469520196,8.61129322596763e-14,7.782177350954761e-16
60,110.65431757639524,8.876648574113616e-14,8.021963144804736e-16
61,110.65444639958376,8.80834796497715e-14,7.960229571949929e-16
62,110.65470339898516,7.090639851619289e-14,6.40789739054537e-16
63,110.65486160654845,7.612673190150766e-14,6.879655425550914e-16
64,110.65509786987063,1.0884970876796909e-13,9.83684537480373e-16
65,110.65528237293954,6.11635059767815e-14,5.527391432669542e-16
66,110.65539639701358,6.495085447991191e-14,5.869650879644298e-16
67,119.05502613042427,8.034148844855183e-14,6.748265156024414e-16
68,119.05622215912396,8.544545379403447e-14,7.176899471900998e-16
69,119.05650581608191,7.900112899724841e-14,6.635599495863678e-16
70,136.07285765413587,8.096346347688904e-14,5.950008317064854e-16
71,136.0731609865019,8.670404493621783e-14,6.371869684486762e-16
72,136.07355582156666,9.848727663610993e-14,7.237796943092776e-16
73,136.07363786520497,9.776197080714001e-14,7.184490129086089e-16
74,136.07385696814006,9.289711318379794e-14,6.82696259616927e-16
75,136.0742067452139,9.420365424826855e-14,6.922961853061249e-16
76,136.07477211725882,8.436510858773802e-14,6.199908129556788e-16
77,136.0749641835562,1.0380171477115428e-13,7.628274267346678e-16
78,136.07515355238084,9.815991951758058e-14,7.213654877838874e-16
79,136.07542009909142,8.899711595443965e-14,6.540278610907914e-16
80,136.07572786254573,7.027743211248383e-14,5.164582487736036e-16
81,136.07600596879672,1.0238638608459198e-13,7.524205708100366e-16
82,136.07626406872942,1.2272421133632875e-13,9.018781649850644e-16
83,136.07636540694168,9.110496796746993e-14,6.695135315748401e-16
84,136.07670510415866,1.1944651709510878e-13,8.777881343002797e-16
85,137.1990923222191,9.989775273455109e-14,7.281225483615891e-16
86,137.19966004591052,8.403442691206771e-14,6.124973406198502e-16
87,137.19991826922285,1.0514793400073949e-13,7.66384815145525e-16
88,137.20003266122734,1.1830038265411665e-13,8.622474817205221e-16
89,137.20082081412374,8.619702566859492e-14,6.282544459801192e-16
90,137.20101472424926,1.0965836103667318e-13,7.992532799926288e-16
91,137.2015586533954,1.1608353420178419e-13,8.460802875792358e-16
92,137.20178411956783,9.037450402155504e-14,6.586977319682373e-16
93,137.20205956655093,8.742631753990641e-14,6.372084924679982e-16
94,152.09195717100746,8.62783679865979e-14,5.672776495971393e-16
95,152.0927533890845,1.0102186826009019e-13,6.642122389727241e-16
96,152.09331024209843,9.317703331539589e-14,6.126307144415422e-16
97,152.09396232471562,1.0741576158326819e-13,7.062460596163512e-16
98,152.0956582275823,9.340135602603157e-14,6.140961360400845e-16
99,158.17174475693366,8.057083725903612e-14,5.093883068866141e-16
100,163.86409199488085,8.066436241134813e-14,4.9226381099935e-16
101,163.86433010276195,1.1495373089041639e-13,7.015177178482166e-16
102,163.8648659493828,1.1766573307676808e-13,7.180656597437705e-16
103,163.86537737493438,1.0777381263137172e-13,6.576972778378827e-16
104,163.8659538811532,1.0065848856609612e-13,6.142733507602229e-16
105,163.8662363876731,1.41024647234175e-13,8.606083250764381e-16
106,163.86665939519585,1.1690587313164772e-13,7.1342073831936e-16
107,163.86690555925003,1.3038300334654083e-13,7.956640354046212e-16
108,163.86733205637645,1.3591539482866296e-13,8.294233702535842e-16
109,163.86781746002075,1.412987537202865e-13,8.622727507477759e-16
110,163.86835266394823,1.1796454241782235e-13,7.198738530052672e-16
111,163.86858343103137,7.969336073874104e-14,4.863248285311638e-16
112,163.86871955443985,1.1046604546312952e-13,6.741130690682605e-16
113,163.8691704157968,1.143526704138139e-13,6.978290676864893e-16
114,163.86975479826762,1.0765720198174936e-13,6.569681032005027e-16
115,163.87019462662929,1.2245964130306892e-13,7.472966123100518e-16
116,163.87088547727197,9.431191714837931e-14,5.755257675803545e-16
117,168.41271772937384,1.0147681192013828e-13,6.02548389980878e-16
118,168.41364971339738,1.4822853589431246e-13,8.801456185206157e-16
119,168.4143262098522,1.4570821292039616e-13,8.651770677681949e-16
120,168.41449558874444,9.440952293371125e-14,5.605783671035789e-16
121,168.41518717220674,1.0162601404052746e-13,6.034254733607458e-16
122,168.41547959402223,1.0550116034051968e-13,6.264338681624629e-16
123,168.41578668869255,9.561205492168023e-14,5.677143265578418e-16
124,168.41620739024123,8.955377716745494e-14,5.317408493824335e-16
125,168.41722523751912,8.009466126910571e-14,4.755728587509268e-16
126,168.4175261880643,9.000514363402893e-14,5.344167300826175e-16
127,168.41769675537086,8.149184265164713e-14,4.838674570524214e-16
128,187.99101255008543,1.1923455244074684e-13,6.342566637805614e-16
129,187.9928499794963,1.0819784944581025e-13,5.755423648165927e-16
130,187.99378201016876,9.808868818586672e-14,5.217655985055986e-16
131,187.99432004581612,1.0803674581176104e-13,5.746809041115252e-16
132,187.99465841834032,1.2197191781245361e-13,6.488052311626442e-16
133,187.99649170880642,9.50944720639881e-14,5.0583109929137865e-16
134,187.99829110774377,9.65544704785848e-14,5.135922774066517e-16
135,194.01072011529388,1.0493639822191408e-13,5.408793810958178e-16
136,194.0124781479094,1.1796284769796982e-13,6.080168081149833e-16
137,194.01360888379233,1.3037826751712643e-13,6.720057848891346e-16
138,194.0136975145239,1.30596733473164e-13,6.731315115696277e-16
139,194.01437050583058,1.251366998498912e-13,6.44986758061463e-16
140,194.0151391831652,1.339305586721046e-13,6.903098347684294e-16
141,194.01557860839677,1.211214395162178e-13,6.242871855186984e-16
142,194.01579090975338,9.872538275887326e-14,5.088523067939118e-16
143,194.0161197376821,1.157707296745008e-13,5.96706757309793e-16
144,194.01669407651278,1.374233891751289e-13,7.083070342438387e-16
145,194.01695089808698,1.3382446265411523e-13,6.897565497996637e-16
146,194.01732479501095,1.4297362427332675e-13,7.369116362385965e-16
147,194.01776493298473,9.18775611471614e-14,4.735523119694562e-16
148,194.01865481026405,1.1194481663149771e-13,5.769796555953421e-16
149,194.01871396200858,1.3951318061659838e-13,7.190707420311883e-16
150,194.01984630133234,1.0273180644958484e-13,5.294912268409491e-16
151,194.02131248634814,1.3959968448132464e-13,7.1950695875818925e-16
152,194.02164808095296,1.0570718736003943e-13,5.448216134930187e-16
153,194.02231675961207,1.1843843445495892e-13,6.104371725531999e-16
154,198.2577887752851,1.1476760808138258e-13,5.788807026969603e-16
155,198.2599387333313,8.614708064275325e-14,4.345158239891571e-16
156,198.26342044582924,8.78187837205478e-14,4.429399206523938e-16
157,202.25433106106698,8.432542233404456e-14,4.1692764694657664e-16
158,202.256618201662,1.0356748987334248e-13,5.120598316841205e-16
159,202.25787189890102,1.3048949052754379e-13,6.451639647072387e-16
160,202.25835268235443,1.1865308986629418e-13,5.866412352949308e-16
161,202.25878126107773,1.040203695342599e-13,5.142934654589326e-16
162,202.25922789982064,1.16659475074928e-13,5.76781965828079e-16
163,202.2599354844531,9.68764239947694e-14,4.789699144456411e-16
164,202.26096952983997,1.4426974954400402e-13,7.13285167570205e-16
165,202.26165541591317,1.2692187846158428e-13,6.275132980623205e-16
166,202.26216013976548,1.0461328661844008e-13,5.1721630257558355e-16
167,202.26353450752447,9.601660709135984e-14,4.747104183912493e-16
168,202.26413344361964,1.4404003301942678e-13,7.12138284564314e-16
169,202.2654289868241,1.3919237452082091e-13,6.881669063173822e-16
170,226.5030776618225,1.4936523499905938e-13,6.594402007290481e-16
171,226.50639499782557,1.0423506124896874e-13,4.601859530278135e-16
172,226.5077621532667,1.1109034180838106e-13,4.904482775879958e-16
173,226.50844809484462,1.1723628209182433e-13,5.175801745051674e-16
174,226.50876885110696,1.1775959197571113e-13,5.198897710362777e-16
175,226.50930259992015,1.3582520993404555e-13,5.9964517295764895e-16
176,226.51058806814933,1.430555849261459e-13,6.315624631335351e-16
177,226.51107382015323,1.5173960701688798e-13,6.698992877379903e-16
178,226.51189646443785,1.2343373925914295e-13,5.449326997203519e-16
179,226.51271741529476,1.152234628648287e-13,5.086842989639949e-16
180,226.51342768714616,1.4660801252174162e-13,6.472376230350122e-16
181,226.5137559646203,1.4090811289633344e-13,6.220730935137653e-16
182,226.51489814615002,1.4408199188750732e-13,6.360817459103461e-16
183,226.51594675107503,1.1768426522302776e-13,5.195407515937693e-16
184,226.5165672302004,1.3333407735529118e-13,5.886283682720156e-16
185,226.51679539573212,1.1749884868711303e-13,5.187202497803254e-16
186,226.51744838374194,1.1686883460950386e-13,5.159374496021915e-16
187,226.51845340901673,1.368285633877469e-13,6.040504044086871e-16
188,226.5202119091027,1.3198423970654607e-13,5.826598809624471e-16
189,226.5202946430046,1.1009159471664028e-13,4.86012058611103e-16
190,226.52199284334034,1.5071855020663527e-13,6.653594572199895e-16
191,226.7171917242168,1.216301397625143e-13,5.364839729951647e-16
192,226.71782696583915,1.2522224012048877e-13,5.523263953096935e-16
193,226.7217066690082,1.2009391286585446e-13,5.296974631598905e-16
194,226.72270308221184,1.5173627089900706e-13,6.69259270625342e-16
195,226.7232452946909,1.4797269039867234e-13,6.526577819858745e-16
196,226.72444270803624,1.256291610228384e-13,5.541050604085816e-16
197,226.72671383028555,1.7315240443456035e-13,7.637053504165909e-16
198,226.72731525872516,1.5471323547126779e-13,6.823758103196344e-16
199,226.72927275819137,1.199057267786181e-13,5.288497833559345e-16
200,238.7028979530434,1.0416916451454039e-13,4.363967317021518e-16
201,238.70408493849823,1.2963835201488643e-13,5.430923063100808e-16
202,238.7050680423787,1.3210709360651606e-13,5.534322948814071e-16
203,238.7066625195291,1.3648228017089033e-13,5.717573138945145e-16
204,238.70727201105942,1.0406866221242335e-13,4.3596770779401224e-16
205,238.70844056428,1.2486751835251236e-13,5.230963683451642e-16
206,238.71008713364856,1.3217278038408962e-13,5.536958323428074e-16
207,238.71095692403338,1.4486205073288518e-13,6.068512840781984e-16
208,238.71122815991163,1.1465980792021087e-13,4.803285073938825e-16
209,238.7116124955036,1.1961424137626908e-13,5.01082624870301e-16
210,238.7140431270524,1.0485248169220996e-13,4.392388496239562e-16
211,238.71423752426858,1.3600781313625324e-13,5.697515763902695e-16
212,238.7157592929977,1.230883078952797e-13,5.156270715424454e-16
213,238.7161857654444,1.354031963441803e-13,5.672141413872269e-16
214,238.71789396531685,1.2242001057215853e-13,5.128229331226625e-16
215,241.3130904595675,1.0486611198150567e-13,4.345645392953774e-16
216,241.31773861479138,1.1548610205341906e-13,4.785644964034999e-16
217,241.3206630535402,1.6880554845753923e-13,6.995072295988491e-16
218,241.32270002477614,1.2151452418196618e-13,5.035354078563289e-16
219,241.32519678315998,9.769724012487419e-14,4.048364672531851e-16
220,247.39326081112185,1.218774014946782e-13,4.92646408778808e-16
221,261.33308299881145,1.460537510651823e-13,5.588796848420701e-16
222,261.3406889725059,1.191442485861429e-13,4.558962825673018e-16
223,261.34309478284894,1.3444754732840703e-13,5.14448439665567e-16
224,261.3441449115247,1.5208663259285228e-13,5.819400799828119e-16
225,261.3450759650053,1.3443775934040844e-13,5.144070874264719e-16
226,261.34628897208074,1.1139094790470573e-13,4.262197421774199e-16
227,261.34819190376066,1.1626737787143728e-13,4.448753864509298e-16
228,261.3496919527981,1.7364711144312462e-13,6.644243968517351e-16
229,261.35035108491576,1.2183368093547828e-13,4.661699532054315e-16
230,261.3508452261669,1.2877384975122232e-13,4.927240607918618e-16
231,261.35185077865356,1.7110723977133263e-13,6.547007004601177e-16
232,261.3522136615062,1.1717798208906915e-13,4.48352743783658e-16
233,261.352993188252,1.4287551931646487e-13,5.466764224642032e-16
234,261.3537309593352,1.2768462484766787e-13,4.885509932419319e-16
235,261.35445805896563,1.395550164783451e-13,5.339683796281728e-16
236,261.3568502623043,1.294845909563436e-13,4.954321680353495e-16
237,261.35735074447985,1.5607150975906765e-13,5.971575290095951e-16
238,261.3580116080791,1.2304638165082575e-13,4.707962877959933e-16
239,261.3586301812932,1.4479936662378014e-13,5.54025579807099e-16
240,261.3602429252736,1.3630977522586744e-13,5.215398244974858e-16
241,261.3615863575011,1.469261329767548e-13,5.621565702305741e-16
242,261.36296627965265,1.2399410635792426e-13,4.7441344932263e-16
243,261.36581980398336,1.1214569726585668e-13,4.2907560502732394e-16
244,268.2368131964336,1.278094475087574e-13,4.764798909803657e-16
245,268.2445845799543,1.504265671659883e-13,5.607813757043487e-16
246,268.24631401315827,1.2941079774196364e-13,4.824327156853893e-16
247,268.24823956612573,1.5946140494823972e-13,5.944546186254877e-16
248,268.2508906134706,1.3381681643606663e-13,4.988494768089573e-16
249,268.25304011932815,1.4096611759345498e-13,5.254968127509326e-16
250,268.25426781163054,1.2483460445547899e-13,4.653592484244778e-16
251,268.256652664539,1.4108527210205217e-13,5.259339170182016e-16
252,268.25916311568125,1.34766948559231e-13,5.023759374851831e-16
253,268.26192589771205,1.4160179525772145e-13,5.278490221221853e-16
254,268.26442811031296,1.5472798222412264e-13,5.76774130338656e-16
255,277.7357505441691,1.3799995165792482e-13,4.968750021829771e-16
256,277.73955582987605,1.4315749880361543e-13,5.154379194417081e-16
257,277.74035206235413,1.2791529407421492e-13,4.605571107128765e-16
258,277.7424251810525,1.3329020374483929e-13,4.799058107811622e-16
259,277.74371647691686,1.372134617704997e-13,4.940290405522224e-16
260,277.74528830235965,1.2519174845735955e-13,4.507430143011932e-16
261,277.7463929268575,1.482953338839131e-13,5.339235275792245e-16
262,277.7478161797811,1.3181907219295975e-13,4.74599851066464e-16
263,277.74860488431847,1.2107764733277967e-13,4.359253123277007e-16
264,277.7507278426741,1.5330643109204873e-13,5.519569013654785e-16
265,277.7531285309222,1.1949954033977618e-13,4.3023652324575824e-16
266,277.75445545634784,1.4562373097971649e-13,5.2428945105653885e-16
267,277.7549843800886,1.5444840278435325e-13,5.560598782018659e-16
268,277.75637238768104,1.580955006620583e-13,5.691876636457328e-16
269,277.760198877459,1.3463269428986025e-13,4.847083737481657e-16
270,277.7609816526845,1.3105635360617965e-13,4.718314027635963e-16
271,277.7664992735877,1.463213352299986e-13,5.267781954002975e-16
272,287.3162082474715,1.2682337453536344e-13,4.414069617197781e-16
273,287.32331113241986,1.5111873654595346e-13,5.259536232906168e-16
274,287.328902284476,1.429595483274424e-13,4.975467041108949e-16
275,287.33434943553027,1.350756430605749e-13,4.700991834980107e-16
276,287.33553451305056,1.2996885912895294e-13,4.523243508646155e-16
277,287.33967239476556,1.154288685837919e-13,4.0171573810806175e-16
278,287.34001393246547,1.400338409471615e-13,4.873454240872771e-16
279,297.5517156693452,1.3913972707657762e-13,4.67615274082966e-16
280,297.5648497199723,1.292325231550725e-13,4.3430036604353184e-16
281,297.5694908849324,1.183144145734328e-13,3.9760263803114134e-16
282,298.5120439096341,1.4381257455007334e-13,4.817647310525549e-16
283,298.5168149381609,1.6096456319931384e-13,5.392143931076659e-16
284,298.51759558214513,1.3525797924421837e-13,4.530988499369663e-16
285,298.51980035201956,1.487079729102597e-13,4.981511200761248e-16
286,298.520996220562,1.397649846872913e-13,4.681914721469912e-16
287,298.52181556055683,1.3390462276635952e-13,4.485589186000251e-16
288,298.5244656522163,1.4959577192158187e-13,5.011172923289386e-16
289,298.52556650481625,1.329122448281622e-13,4.452290180178516e-16
290,298.52664244042967,1.7975859050646397e-13,6.021525885828914e-16
291,298.52814966641876,1.2849888114817718e-13,4.30441421660786e-16
292,298.5310195462614,1.640584129835115e-13,5.49552315310029e-16
293,298.53213896572174,2.1918195492931745e-13,7.341988560718567e-16
294,298.53268577676596,1.679122245823705e-13,5.624584261032321e-16
295,298.53311163078575,1.694615984022149e-13,5.676475801176738e-16
296,298.5353987838737,1.3572769131729304e-13,4.546452175192592e-16
297,298.53589950607375,1.371758833879007e-13,4.594954362770358e-16
298,298.53696932092384,1.5691176870464148e-13,5.256024708148059e-16
299,298.5389184533216,1.2916914144481584e-13,4.326710303434432e-16
300,298.5402026743525,1.426243206889354e-13,4.777390763833236e-16
301,298.5417021118524,1.3917500565966829e-13,4.661827968259008e-16
302,298.5429500846379,1.4878811876187945e-13,4.983809489378247e-16
303,298.54427085033973,1.2878243049844727e-13,4.313679513314322e-16
304,298.54882294498134,1.7275117107017547e-13,5.786362490600449e-16
305,298.55053045793255,1.417934545649401e-13,4.749395499229219e-16
306,298.5547198670989,1.5296865108321975e-13,5.12363868008228e-16
307,312.5430717454148,1.3524652218661315e-13,4.3272922810709303e-16
308,312.54820935432565,1.3272168545994068e-13,4.2464388368796716e-16
309,312.5529957169173,1.226155344441788e-13,3.923031809787325e-16
310,312.55447448635243,1.6075565211938673e-13,5.143284298955255e-16
311,312.55647145941754,1.3297886796459886e-13,4.2545549399019527e-16
312,312.55870275894796,1.5741238349234456e-13,5.03625021805086e-16
313,312.56028899614586,1.2379675508230364e-13,3.9607320392460397e-16
314,312.5678103597522,1.9285417779038257e-13,6.169994842668401e-16
315,312.56877214658874,1.4644908737184645e-13,4.685339689121748e-16
316,312.57093683403997,1.5619905783672095e-13,4.997235488968544e-16
317,312.5719892883276,1.7223658179947802e-13,5.510301233057734e-16
318,312.5738131555343,1.6051354130524873e-13,5.135220371943904e-16
319,312.58471162424604,1.4020858741842578e-13,4.485458891763353e-16
320,319.3453662113192,1.1578394184946873e-13,3.625665317243134e-16
321,319.3472172320363,1.3373445458550952e-13,4.187744479023866e-16
322,319.350620077848,1.4537928592006645e-13,4.552340805996474e-16
323,319.3555848812707,1.3876594328416726e-13,4.345186051333887e-16
324,319.3569858420876,1.293417212951534e-13,4.0500670731877765e-16
325,319.3605464029967,1.7530574434247763e-13,5.489273685086377e-16
326,319.36300887148195,1.5393571311801143e-13,4.820085884773156e-16
327,319.3657882726943,1.3474917740683705e-13,4.2192740222938295e-16
328,319.36652897069365,1.5677186097757165e-13,4.908838176713179e-16
329,319.3696982725865,1.3210883802920896e-13,4.1365489194423264e-16
330,319.3738365446331,1.5265628579065853e-13,4.779861977495597e-16
331,319.3744651470127,1.699434514751027e-13,5.321134593427038e-16
332,319.37741347722107,1.4823806331728613e-13,4.641469842946765e-16
333,319.38113825480315,1.3198188306363324e-13,4.132425721344187e-16
334,319.38212519735873,1.6377307196069496e-13,5.127809574799878e-16
335,319.38393745534813,1.4553868815770245e-13,4.556856845001783e-16
336,319.38764890330475,1.457077932052894e-13,4.562098556585158e-16
337,319.38955830070574,1.3858193023070286e-13,4.338962456005771e-16
338,319.3910889399866,1.4197475400354863e-13,4.44516954041337e-16
339,336.25734471524135,1.3088788436954295e-13,3.8924914630603833e-16
340,336.26344184413,1.401643085951961e-13,4.1682886437642307e-16
341,336.26742490878775,1.2980934050170263e-13,3.8603007869975303e-16
342,336.2729186107478,1.4327207962468114e-13,4.2605892920721787e-16
343,336.2782111082262,1.3110155251557285e-13,3.8986038400620533e-16
344,336.28037018370986,1.6038732393531322e-13,4.769452461578226e-16
345,336.2882389558998,1.4549595506988814e-13,4.3265252309037244e-16
346,336.29500725982837,1.282575373378235e-13,3.8138400680664615e-16
347,336.2972684987391,1.4385994775659124e-13,4.2777614102783185e-16
348,338.02709723179896,1.4200521755328287e-13,4.201001006020062e-16
349,338.0332079510741,1.6303488921811152e-13,4.823043576289958e-16
350,338.0355181895571,1.7437631003162823e-13,5.158520352108231e-16
351,338.03655964164733,1.7303982057778487e-13,5.118967627679812e-16
352,338.0413185647889,1.4924240055039247e-13,4.414915939389483e-16
353,338.0420262391587,1.6144127166660056e-13,4.775775173953777e-16
354,338.042364082253,1.3475178640029728e-13,3.9862396172187833e-16
355,338.044460859901,1.4258771092214954e-13,4.2180164869272487e-16
356,338.0474420240699,1.3309942218345938e-13,3.9373000838735042e-16
357,338.0490527524089,1.5509148502946193e-13,4.587839657194743e-16
358,338.05398096912035,1.6638534661355385e-13,4.921857335818576e-16
359,338.0547522414411,1.938692502575207e-13,5.734847653289544e-16
360,338.05687988103006,1.7664587902609002e-13,5.225330100906562e-16
361,338.0583432755816,1.4995275374823968e-13,4.4357063427362236e-16
362,338.06085799613595,1.5910303541992476e-13,4.706343004718497e-16
363,338.0620954582194,1.6691651896180122e-13,4.937451468362864e-16
364,338.06361891143615,1.5283266971428642e-13,4.520825701576737e-16
365,338.0663492555829,1.6740771830549996e-13,4.951919014540468e-16
366,338.06817282795015,1.7370310630387537e-13,5.138108827306748e-16
367,338.06963939894246,1.5775495034563247e-13,4.666344798844008e-16
368,338.0712743967627,1.6782976423470798e-13,4.964330806696752e-16
369,338.0751450385021,1.6781696781353663e-13,4.963895461596994e-16
370,338.0782417005807,1.861564902917126e-13,5.506313844846078e-16
371,338.0794736059835,1.273411508564376e-13,3.766604032424874e-16
372,338.0827216248281,1.2122103729956312e-13,3.585543701167984e-16
373,338.0848667388854,1.4997550946022595e-13,4.4360314292345183e-16
374,338.0900174886772,1.388314165942228e-13,4.106344742901861e-16
375,350.7467686796966,1.5558508207126934e-13,4.4358236757798987e-16
376,350.76336609692504,1.438480850728764e-13,4.10100081640588e-16
377,350.77627007064876,1.3403666029975487e-13,3.821143895302808e-16
378,350.7805543781905,1.2475280836049726e-13,3.556434551557162e-16
379,350.79400757087416,1.3324592395206572e-13,3.79840935353335e-16
380,356.8551386186929,1.2841063789563888e-13,3.5983967722221403e-16
381,359.61441840923885,1.5000730225587674e-13,4.1713372594857813e-16
382,359.62311057088385,1.774018768346984e-13,4.932994338241548e-16
383,359.62439677854434,1.4858182982042976e-13,4.13158370653941e-16
384,359.62851806214945,1.5349507992431497e-13,4.2681565063699596e-16
385,359.63267868775114,1.4945872514703249e-13,4.155871643599972e-16
386,359.6366639913402,1.5412833994977921e-13,4.285668158502619e-16
387,359.6398968739052,1.5812185420490246e-13,4.396671659049614e-16
388,359.64274254718924,1.743121638551783e-13,4.846814442037755e-16
389,359.6445641582052,1.6033437834456227e-13,4.458134344942643e-16
390,359.6499171155914,1.4336359169802129e-13,3.986198380019208e-16
391,359.6548714553663,1.693946229731424e-13,4.709921550281699e-16
392,359.6583014860884,1.593900273304388e-13,4.431707169606483e-16
393,359.66524526230717,1.437336331017071e-13,3.9963169918428133e-16
394,359.6703901157173,1.6180480882169395e-13,4.498696953330972e-16
395,359.6768505654889,1.400514515845157e-13,3.8938133317261e-16
396,363.52549354313516,1.43510856725622e-13,3.947752201004668e-16
397,363.5325784710542,1.320958403913662e-13,3.633672694396058e-16
398,363.5413083819286,1.316558698859492e-13,3.6214830846027105e-16
399,363.54873491512717,1.5353544552138627e-13,4.2232424645138737e-16
400,363.5522620831084,1.6223367364539356e-13,4.462458099306414e-16
401,363.55554727819725,1.9237199317146515e-13,5.291405800617854e-16
402,363.5564068805664,1.503729374919292e-13,4.1361652455028503e-16
403,363.55895473639043,1.8316343733226968e-13,5.038067002505218e-16
404,363.5622871111499,1.603510307088105e-13,4.4105518199633084e-16
405,363.56591030969673,1.5426835222014374e-13,4.2432017921793925e-16
406,363.5684900071732,1.6193877740533122e-13,4.454147756372841e-16
407,363.5708610668761,1.6279497720779325e-13,4.47766844488256e-16
408,363.57412856263943,1.6778817696575862e-13,4.614964701396534e-16
409,363.57602540969623,1.527246459047206e-13,4.2006247725664145e-16
410,363.5780226654446,1.5557217912492715e-13,4.278921426119333e-16
411,363.58098987738225,1.5758811047652615e-13,4.3343330609686925e-16
412,363.58458593933346,1.4792051025589508e-13,4.0683933251388335e-16
413,363.5910841731759,1.6962533557436884e-13,4.665277641780058e-16
414,363.596542839539,1.6760627029052264e-13,4.609677225795021e-16
415,363.5981437947233,1.6882760323257743e-13,4.643247115361856e-16
416,363.60636414935067,1.3677051225220927e-13,3.7614994053302934e-16
417,379.889672749145,1.6429087192641684e-13,4.3246996091653194e-16
418,379.8990782595281,1.6545775283698254e-13,4.355308088532662e-16
419,379.9027741702973,1.5334740563902777e-13,4.036490809363962e-16
420,379.90453900704125,1.8049932469168878e-13,4.751175786513657e-16
421,379.90638521394004,1.6714556670235137e-13,4.3996514196049957e-16
422,379.90881377342674,1.7133629194356564e-13,4.509932008204175e-16
423,379.91549108650406,1.660974853459618e-13,4.3719587445867683e-16
424,379.9184905779737,1.8480559192402215e-13,4.86434844597523e-16
425,379.9220046459223,1.8075165107345077e-13,4.75759889827668e-16
426,379.92439471560635,1.8438441407631033e-13,4.853187019336621e-16
427,379.92529913328246,1.790776813201652e-13,4.713497146115099e-16
428,379.9308736265564,1.6608519963597947e-13,4.371458366903575e-16
429,379.9330352582883,1.610346223772365e-13,4.2385001416831516e-16
430,379.9340716148084,1.5846937661704202e-13,4.1709703987197103e-16
431,379.9369370416851,1.6403098075310484e-13,4.317321238369305e-16
432,379.94085852043685,1.5975883060132584e-13,4.2048341740200726e-16
433,379.94323461091,1.686739712129657e-13,4.4394518930097637e-16
434,379.9460633000027,1.444064962926899e-13,3.8007104229072525e-16
435,379.9468641762912,1.7192048383172502e-13,4.524855974385823e-16
436,379.95157279169865,1.707746760535492e-13,4.494643219891952e-16
437,379.9553185942789,1.559368629525211e-13,4.104084225730565e-16
438,379.95624811331714,1.8599374939866496e-13,4.895135961633e-16
439,379.9604608073431,1.819662234302576e-13,4.789083133640124e-16
440,379.9638745242362,1.8017602009348123e-13,4.741925013768345e-16
441,379.9666557488341,1.917972557703413e-13,5.047739133644487e-16
442,379.9669579237851,1.9866424742622135e-13,5.228461140720294e-16
443,379.97430932817593,1.5692403526275194e-13,4.129859082847096e-16
444,379.97729416030216,1.7912628187514222e-13,4.714131202786387e-16
445,379.983203106925,2.0568792847897753e-13,5.413079493966427e-16
446,388.1121978893308,1.8686551166757933e-13,4.814729160377061e-16
447,388.1354157310143,1.5315740275764383e-13,3.9459785567155e-16
448,388.13646125695686,1.6400334742873673e-13,4.225404304909197e-16
449,388.14562749135996,1.423692866223112e-13,3.667934830091067e-16
450,388.1499685419399,1.4215496371885764e-13,3.6623721561244357e-16
451,388.1562798236861,1.4668865965552173e-13,3.7791133953095585e-16
452,388.166190577344,1.6773321861241675e-13,4.321170227704184e-16
453,388.1722525762407,1.6699140615067618e-13,4.301992351137399e-16
454,388.17694968061005,1.6713017749479451e-13,4.3055152458771273e-16
455,388.1839050685699,1.4936162327853686e-13,3.8477026308484687e-16
456,388.1964169238621,1.5346511943518182e-13,3.953285314977065e-16
457,407.00888468311587,1.8126979822293627e-13,4.453706173123645e-16
458,407.0283468060373,1.9740285596706566e-13,4.849855237751654e-16
459,407.0376266134323,1.822985169713528e-13,4.478664994390888e-16
460,407.04881757757806,1.349410399909684e-13,3.315107037873914e-16
461,407.0607315144305,1.6063622065172746e-13,3.9462470392095004e-16
462,407.07386460198376,1.639647279077766e-13,4.0278863903015003e-16
463,407.09561143702814,1.72210232056049e-13,4.2302158809365464e-16
464,409.45710989875687,1.640112803511025e-13,4.0055790065937854e-16
465,409.4594046058282,1.5766510254058074e-13,3.8505673765720256e-16
466,409.4635402122672,1.6354231790191816e-13,3.9940630078355033e-16
467,409.46982978005394,1.6756430653827013e-13,4.0922259554086566e-16
468,409.48013556166234,1.7072749486617632e-13,4.169371845889384e-16
469,409.486643462283,1.6149209074815047e-13,3.943769432446096e-16
470,409.49192399341314,1.6231758796230132e-13,3.963877635958268e-16
471,409.49543166267813,1.8867872452222374e-13,4.607590462148253e-16
472,409.49878205122565,1.4729004903403323e-13,3.596837292073025e-16
473,409.50046637060956,1.7458702499515684e-13,4.263414558291385e-16
474,409.5037042384242,1.5638340667356427e-13,3.8188520654385483e-16
475,409.5089311680827,1.6155391401009352e-13,3.9450644836799374e-16
476,409.5143548929826,1.5839754293534736e-13,3.867936277270207e-16
477,409.51710908731445,1.6685835616137297e-13,4.0745148971491826e-16
478,409.5278561894127,1.894607685595951e-13,4.626321889858615e-16
479,409.53618990791915,1.5531127913856863e-13,3.792370075364746e-16
480,409.53805364348796,1.5317130829814707e-13,3.7400995325207587e-16
481,410.29651862583063,1.651958071362112e-13,4.026254175626123e-16
482,410.3097582094086,1.8763854229267208e-13,4.573094803095265e-16
483,410.31478935368,1.5029461717808903e-13,3.662910065094905e-16
484,410.3195656979395,1.882858488305339e-13,4.588761164977988e-16
485,410.32212659133216,1.752448610270434e-13,4.2709093580415596e-16
486,410.32537653688377,2.02853892175871e-13,4.943732554099945e-16
487,410.3270761413435,1.853724633562431e-13,4.51767563328891e-16
488,410.32901362120566,1.795771386405969e-13,4.3764182565548037e-16
489,410.3326484442278,1.8424260153521207e-13,4.49007901841996e-16
490,410.3391130679759,1.8860128978625336e-13,4.59622989327391e-16
491,410.3472456823509,1.7820036729884288e-13,4.3426724359394744e-16
492,410.35160028375236,2.084844284690773e-13,5.080629107451104e-16
493,410.3541568186604,1.894272779229108e-13,4.616190058642944e-16
494,410.35689718565504,1.822591603998526e-13,4.441479152655604e-16
495,410.3620178083575,1.8646546586444836e-13,4.543926040239165e-16
496,410.36618681390604,1.4780705992471134e-13,3.6018333058161853e-16
497,410.37129973554823,1.6595972672939164e-13,4.0441358066789643e-16
498,410.37758325096706,1.7745398432192462e-13,4.3241636864312433e-16
499,410.3824951662966,2.0857633662278507e-13,5.082486194696609e-16
500,410.3834591901204,1.7687647363074445e-13,4.3100293072192755e-16
501,410.3870741828072,1.475190234267727e-13,3.5946313299589996e-16
502,410.38851349059115,1.7611562737628216e-13,4.291436567712802e-16
503,410.3968670461726,1.7234357555023467e-13,4.1994369204296284e-16
504,417.2688479275073,1.7360206181305885e-13,4.160436674707597e-16
505,417.2816191240919,1.7751873468574838e-13,4.254170961528923e-16
506,417.32423912373065,1.9655178773038793e-13,4.709810006317729e-16
507,424.1006568488908,1.6832050488591467e-13,3.968881023117305e-16
508,424.1259531684194,1.596256122639277e-13,3.7636369826333346e-16
509,424.1308640632254,1.9584326564237652e-13,4.617519785430708e-16
510,424.1422927428317,2.129672222627083e-13,5.021126775297453e-16
511,424.1438908945349,1.5302560297887433e-13,3.607870023923668e-16
512,424.1477462576074,1.8034140351432072e-13,4.2518533955568826e-16
513,424.1519490275758,1.6779089439891286e-13,3.9559147325291223e-16
514,424.15217243901054,1.6484156088565992e-13,3.8863778520281594e-16
515,424.15730155474733,1.6205053950535428e-13,3.8205292921130557e-16
516,424.1599995593113,1.8585776681317205e-13,4.381784397545085e-16
517,424.1611109221006,1.6071725664473108e-13,3.789061573686977e-16
518,424.16497717757585,1.9097778666057374e-13,4.502441194729315e-16
519,424.16745941094774,1.7770913497112948e-13,4.1895984953187765e-16
520,424.16996753004526,1.9152960050646154e-13,4.5153974861007785e-16
521,424.17221865082615,1.7790346800802423e-13,4.1941329532114497e-16
522,424.17661172293145,1.9536938508637442e-13,4.605850008863479e-16
523,424.18152850027786,1.985867216089011e-13,4.681644726752193e-16
524,424.18348865610653,2.2167479465518858e-13,5.225917570660193e-16
525,424.1924146638751,1.9212584972942923e-13,4.529214646180493e-16
526,424.1956990084753,2.0574194683714336e-13,4.850165791827906e-16
527,424.20230130211274,2.0767530173454134e-13,4.895666551008101e-16
528,424.20503715098226,1.721273999772952e-13,4.057646300791849e-16
529,424.20637940201095,1.9669903997871813e-13,4.636871332675335e-16
530,424.2117092828144,1.6716109700377163e-13,3.9405111491707623e-16
531,424.2144211137415,1.739228913761242e-13,4.09988163343206e-16
532,424.2185939310577,2.1320812287962174e-13,5.025902351519073e-16
533,424.22627741204894,1.613314666167981e-13,3.802957883726227e-16
534,424.2357210893195,2.0622133385500467e-13,4.861008246205331e-16
535,424.2389933067959,1.71439283366988e-13,4.0411015034397993e-16
536,424.2455227838896,1.8097444803218208e-13,4.2657951189356536e-16
537,424.24868277571153,1.724913341986278e-13,4.065807183420748e-16
538,442.92289748623415,1.8464309886976713e-13,4.1687413298723343e-16
539,442.92778750767854,1.5005027702384215e-13,3.387691656650485e-16
540,442.9360826099339,1.564496270564011e-13,3.5321039129290467e-16
541,442.9436311134679,1.849673009433612e-13,4.1758654589612674e-16
542,442.96380710543394,1.8158795689890983e-13,4.0993858637233627e-16
543,442.97082902497687,1.904185205963622e-13,4.2986695312531626e-16
544,442.979365977015,1.6444074251348288e-13,3.712153548073281e-16
545,442.9860732503506,1.5234661146846356e-13,3.439083543883013e-16
546,442.9946369882472,1.8329157654488666e-13,4.1375574609890697e-16
547,443.00230998181854,1.6963310189822893e-13,3.829169692257156e-16
548,443.01081707887386,1.7502210611456788e-13,3.9507411414608157e-16
549,443.0274148725549,1.8256596919752485e-13,4.1208729543304524e-16
550,443.0428437815287,1.703435462000504e-13,3.844854929742403e-16
551,459.6476568608824,1.73878088317623e-13,3.782855970703864e-16
552,459.66523375554164,1.9132542864345233e-13,4.162277557523584e-16
553,459.6700227851171,1.6877651374211094e-13,3.6716885021020665e-16
554,459.67130716436907,1.9726603705829824e-13,4.291458570150865e-16
555,459.67690876681553,2.1569381050270064e-13,4.692291615894884e-16
556,459.6870521094523,1.8322376144019367e-13,3.9858368992426564e-16
557,459.68800211253466,1.9116540447483477e-13,4.1585902524390055e-16
558,459.69284244754675,1.9160367861177296e-13,4.1680805294164636e-16
559,459.6956031628812,1.9955545081786388e-13,4.3410345768992833e-16
560,459.69947714127863,1.9895199237136835e-13,4.327870756098876e-16
561,459.7075559542494,2.0077952859339997e-13,4.367549020955874e-16
562,459.7101226408632,1.8786889066044603e-13,4.0866816153886137e-16
563,459.71910340398074,2.0973643396205003e-13,4.562273623372639e-16
564,459.7250341689657,1.7104775831188688e-13,3.7206535559040406e-16
565,459.73241965452456,1.7526745162802055e-13,3.8123796394374126e-16
566,459.74143369619026,1.6964792614446794e-13,3.69007258668306e-16
567,459.74343215777253,2.7343395193823244e-13,5.947533620108285e-16
568,459.7592474601417,1.8385779120985037e-13,3.9990014823092757e-16
569,459.7614360013001,1.946876912401883e-13,4.2345372185508346e-16
570,459.76644581759206,1.9618543908995505e-13,4.2670673528835497e-16
571,459.77028696415067,1.9130279234157837e-13,4.1608341766655893e-16
572,459.7801513624992,1.7510793844174646e-13,3.8085145242315627e-16
573,459.7827176370133,1.7475933211305505e-13,3.8009112872098656e-16
574,459.7944760176001,1.626918706566997e-13,3.538360705544278e-16
575,459.80280681891736,1.6707024317011292e-13,3.633519428164553e-16
576,462.05270074393167,1.6382979252932015e-13,3.545694944874138e-16
577,462.0674947691039,1.9509586552473003e-13,4.222237394608765e-16
578,462.087703238312,1.8542320579029628e-13,4.012727551303571e-16
579,462.0922873165438,1.8552808945967132e-13,4.01495749987665e-16
580,462.10328145660225,1.839990769571905e-13,3.9817738661626557e-16
581,462.10579936138953,1.919451880811834e-13,4.153706539637534e-16
582,462.11420379800495,1.8842225405649305e-13,4.0773958581644123e-16
583,462.1224334589235,1.7429656498024488e-13,3.7716534052601346e-16
584,462.12864568180703,1.8838092971674282e-13,4.0763742191054343e-16
585,462.1403455491766,2.2255987375518362e-13,4.815850334181673e-16
586,462.14418117998974,2.0751396254552713e-13,4.490242893801737e-16
587,462.1490966246573,2.0678425343125944e-13,4.474405661322822e-16
588,462.153086961843,2.102982701696268e-13,4.550402801636804e-16
589,462.15401482864803,1.7790790006371454e-13,3.849537045127199e-16
590,462.1620369968671,2.1325994224549737e-13,4.614397660856402e-16
591,462.16805070848875,2.2090376991700405e-13,4.779728273695372e-16
592,462.17837946929643,2.2159552056621094e-13,4.794588635250776e-16
593,462.1879638926616,1.887463839468246e-13,4.083758096103493e-16
594,462.20110443207676,1.7454848260330828e-13,3.7764618242914484e-16
595,466.34465720047916,1.5303281169238053e-13,3.281538864646894e-16
596,466.36202513695196,1.6889881005184744e-13,3.6216244236920573e-16
597,466.38131055382803,1.7707382765662517e-13,3.796760797433111e-16
598,466.40266401711705,1.7883397835722652e-13,3.834325833753456e-16
599,466.42394552763034,1.7827245036493193e-13,3.8221118807111354e-16
600,466.4336044820304,2.204734252525363e-13,4.72679119029963e-16
601,466.45097245704864,1.8547311785687546e-13,3.9762617897415587e-16
602,466.4551362323497,1.7952805037736488e-13,3.848774221406338e-16
603,466.49464074934076,1.9668571652478741e-13,4.2162481482926955e-16
604,470.67732195034705,1.75774547392985e-13,3.734502156692561e-16
605,470.7313059383033,2.1566255930195158e-13,4.581436513385782e-16
606,470.73930495642537,1.8827283501418028e-13,3.999513808000545e-16
607,470.7432500311222,1.9345363123400826e-13,4.1095359566221816e-16
608,470.74978325070566,1.8979234749876003e-13,4.0317033432957087e-16
609,470.75874761590075,1.7667897815558324e-13,3.75306840394049e-16
610,470.76012505735355,2.023008983173134e-13,4.29732442382767e-16
611,470.76942404357254,1.8492083380039532e-13,3.9280553144691865e-16
612,470.7726834367929,1.9943285677531085e-13,4.236287783721572e-16
613,470.7746322556773,2.004320792660559e-13,4.257495317997538e-16
614,470.7787379300386,1.8028577881670312e-13,3.829522539811367e-16
615,470.7836096250471,1.995154178312906e-13,4.2379431601323907e-16
616,470.7893133739665,2.0782378787234435e-13,4.41436927238112e-16
617,470.7927758459531,1.9484833813771854e-13,4.1387282926676507e-16
618,470.7956495962218,1.886957437550355e-13,4.008017999250217e-16
619,470.80177359247784,2.141711276306803e-13,4.549072234720701e-16
620,470.80443305907033,1.9237214488620587e-13,4.086030873504319e-16
621,470.8105753433896,2.036106429933333e-13,4.3246828694285e-16
622,470.81204524936084,2.1526770691582523e-13,4.572264220678782e-16
623,470.8138784797324,2.3332075412626355e-13,4.955689812706053e-16
624,470.82148188333,1.8263303285930443e-13,3.879029311253072e-16
625,470.8257345019455,1.8867267935037998e-13,4.007272022842251e-16
626,470.8291776040539,2.2933491031501403e-13,4.87087294551389e-16
627,470.8388363424617,1.8585497003839997e-13,3.947316060037569e-16
628,470.84862758484707,1.8076410569591236e-13,3.839112935788235e-16
629,470.8569115192439,1.8201943789306442e-13,3.8657059807356206e-16
630,470.8621996384603,1.9858308293669178e-13,4.217435230289643e-16
631,470.8672861208381,1.9464205259593236e-13,4.133692408310175e-16
632,470.87541677042714,1.8338753347766406e-13,3.894608360220973e-16
633,470.87761123563183,2.0628955545566391e-13,4.380959097085518e-16
634,470.88150108561405,2.074172419556211e-13,4.404871320649082e-16
635,470.8940537889512,1.9352988658505637e-13,4.1098392521175054e-16
636,470.8978956586168,1.8699523510635773e-13,3.9710356922453147e-16
637,480.86082798366215,1.814090110782081e-13,3.772588668511208e-16
638,480.8713443884928,1.930531853862559e-13,4.014653558359874e-16
639,480.9330316588315,1.4837110370112946e-13,3.085067856316059e-16
640,480.9469131078973,1.7718866931884105e-13,3.684162731679493e-16
641,481.0022245741268,1.724323741280655e-13,3.5848560634149853e-16
642,487.06137461813,2.189183292340389e-13,4.494676454392983e-16
643,500.67218021109267,1.774909782749054e-13,3.5450537355614987e-16
644,500.6869800265708,1.9110826734448692e-13,3.8169210498412616e-16
645,500.6920465756727,1.8634798104346178e-13,3.7218082915023466e-16
646,500.71512879584634,1.7020704632348222e-13,3.39927908175668e-16
647,500.71937683997015,1.927548491469169e-13,3.8495584166003087e-16
648,500.72819160298667,1.829428722337513e-13,3.653536495480597e-16
649,500.73554787854476,1.9646698055262996e-13,3.923567667304574e-16
650,500.74845115814946,1.5748297977110626e-13,3.14495190962396e-16
651,500.7578430492156,1.886598042739001e-13,3.7674857596860086e-16
652,500.77899173691,1.8575870078169703e-13,3.709394839775697e-16
653,500.78800909156274,1.912793959531e-13,3.819568210111177e-16
654,500.8013265388698,2.0255220636632784e-13,4.044562097432997e-16
655,500.80592971527034,2.0582851004727043e-13,4.1099455464573427e-16
656,500.8079846117179,1.986751575640501e-13,3.96709245197209e-16
657,500.8325370450542,1.7776224280921837e-13,3.549334950521138e-16
658,511.5829475031553,1.681447396834166e-13,3.286754191164269e-16
659,511.58895070417464,1.823393376484708e-13,3.5641766186992605e-16
660,511.6233294051137,1.995935440522507e-13,3.901181446990047e-16
661,511.63307153081837,2.2192876104467635e-13,4.3376547254981033e-16
662,511.64089333841383,1.8408468727930634e-13,3.597927563572357e-16
663,511.6602183639035,1.8155643627119745e-13,3.5483789779816477e-16
664,511.6682002942792,2.0460337875371021e-13,3.9987511171504365e-16
665,511.67785987811817,2.1068301490313062e-13,4.1174932789414686e-16
666,511.68674014895544,2.299381431276273e-13,4.493728781415965e-16
667,511.68880144471314,2.4371054162157855e-13,4.76286643236047e-16
668,511.693177922074,2.257792038074474e-13,4.4123942540002244e-16
669,511.69587822712106,1.958514570398629e-13,3.8274972571292117e-16
670,511.7097530381403,1.9109863050971092e-13,3.734512179514143e-16
671,511.71460259478374,1.9157172980714644e-13,3.743722161449595e-16
672,511.720667264211,2.1401115918975562e-13,4.1821871360778485e-16
673,511.72320894176477,2.0535998417866902e-13,4.01310670671651e-16
674,511.7356168760408,2.0889719001973782e-13,4.0821311460589536e-16
675,511.7415857836025,2.017844038503991e-13,3.9430917763194373e-16
676,511.74870653754317,2.162285557799129e-13,4.2252877831953996e-16
677,511.7510877779199,1.9756948809690133e-13,3.8606559480854256e-16
678,511.75940978616364,2.1820371193905476e-13,4.263794817768572e-16
679,511.77171148499554,1.9838328489011336e-13,3.8764019276186528e-16
680,511.7755525589822,1.9890962195232542e-13,3.886657362934527e-16
681,511.78007015069653,1.9055115153322176e-13,3.723301524365982e-16
682,511.7870304629268,1.9017140895031323e-13,3.7158309537132555e-16
683,511.79382575594053,1.863041908126966e-13,3.6402195852503234e-16
684,511.8046084660148,1.908919950927476e-13,3.7297826540657917e-16
685,517.4534743474883,2.043273694806245e-13,3.9487099731677804e-16
686,517.4687047354333,2.4079549972845905e-13,4.653334540328787e-16
687,517.4856374633442,2.167676037372756e-13,4.1888622223381065e-16
688,517.4877907311803,2.119463646236642e-13,4.0956785535789407e-16
689,517.5064764816694,1.8972314947061385e-13,3.6661019348099697e-16
690,517.5226059570416,1.877678423278482e-13,3.628205612015998e-16
691,517.5258473277806,1.951021849067522e-13,3.7699022360748315e-16
692,517.5427342933274,2.28421898740034e-13,4.4135852675418196e-16
693,517.5528662622511,2.229788572395432e-13,4.308330062006782e-16
694,517.5615500477398,1.95601481886939e-13,3.7792892819974117e-16
695,517.565440679061,2.3856425315719656e-13,4.609354381239081e-16
696,517.5726679869624,2.3028538565535496e-13,4.44933436209108e-16
697,517.5792612070647,1.894860466850523e-13,3.661005393514903e-16
698,517.5912714112673,2.1215962371740005e-13,4.0989799371794743e-16
699,517.5956198796415,2.3521814120576245e-13,4.544438402714046e-16
700,517.6035795440613,2.0358571327939207e-13,3.933236193202596e-16
701,517.6133581794516,2.10748262388052e-13,4.071538322142521e-16
702,517.6259573037468,2.0434185949375692e-13,3.9476741189361877e-16
703,517.6409126361602,2.310642493072407e-13,4.463794179840094e-16
704,517.648003203228,1.9150581290330085e-13,3.6995373635801684e-16
705,517.6587888042019,1.9854142828870454e-13,3.8353724998533815e-16
706,519.7019180913085,2.169590184128854e-13,4.1746818870652507e-16
707,519.7162279491065,2.0298192235647082e-13,3.905629869543884e-16
708,519.727539219445,1.9517720563224127e-13,3.7553754785703483e-16
709,519.7350004808044,2.161466229213741e-13,4.158785202486226e-16
710,519.7497007351444,2.1255054446763424e-13,4.089478919699203e-16
711,519.7563990111797,2.1941596552596717e-13,4.2215154242140967e-16
712,519.7628357814352,2.0546555042573969e-13,3.953063518226219e-16
713,519.772066852146,2.077838250940348e-13,3.9975950680154734e-16
714,519.7783784367504,2.1936882139512435e-13,4.2204299081251303e-16
715,519.7825749178343,2.1761007124675318e-13,4.186559568318587e-16
716,519.7878343551606,1.932315325797082e-13,3.717507794683724e-16
717,519.7964998012341,2.2454591625387191e-13,4.3198812677602955e-16
718,519.8040652347686,2.0308292215169444e-13,3.906912926122892e-16
719,519.8132351254832,2.1574710341964466e-13,4.1504734554818175e-16
720,519.8156717547937,2.0840492138217195e-13,4.0092081233072225e-16
721,519.8170832047505,2.2730854476739766e-13,4.3728563779783133e-16
722,519.8230421843349,2.0958745526910532e-13,4.031900055611297e-16
723,519.8304438016941,2.2633734983839805e-13,4.3540610700504044e-16
724,519.8344380340402,2.0778040983190102e-13,3.9970497264033703e-16
725,519.8371979030587,2.044942324964441e-13,3.933812996094577e-16
726,519.8396829647205,1.9473408609962306e-13,3.7460411831014236e-16
727,519.8520371803903,2.0058822049663093e-13,3.858563709485401e-16
728,519.8603736685882,2.1815756815309368e-13,4.1964646509520163e-16
729,519.8687466565464,2.4095012473324755e-13,4.634826122610374e-16
730,519.8773744332576,2.217440950600701e-13,4.2653153602193905e-16
731,519.8833785155534,2.31193994579548e-13,4.447035703270351e-16
732,519.8944055859611,2.2754130620491503e-13,4.3766831064177047e-16
733,519.9022125179798,2.1719495875222871e-13,4.177611741644924e-16
734,519.9093559429708,2.2033650802494948e-13,4.237979284395073e-16
735,519.9197379057994,2.4172803147970256e-13,4.64933361548008e-16
736,519.9303283466609,2.485457643469435e-13,4.78036672985206e-16
737,519.9332753764224,2.065522301825882e-13,3.9726680319325217e-16
738,519.941984110157,1.9474180585764413e-13,3.745452604504147e-16
739,519.9470758731344,1.9082186115275816e-13,3.670024700731621e-16
740,519.9944514999032,2.080782671162296e-13,4.001547834136233e-16
741,528.7539559567656,1.8338991610872902e-13,3.468341258589547e-16
742,528.8145370282485,1.925680667411952e-13,3.6415047858434436e-16
743,528.8347847823239,1.9724555315126377e-13,3.7298142789993077e-16
744,528.8417698480529,2.0297906030512903e-13,3.8381813214839117e-16
745,528.8629362807269,2.0387344288457426e-13,3.8549391325913556e-16
746,528.888170209944,2.0046577286731925e-13,3.7903243853562406e-16
747,528.9005663419697,1.8809999802210473e-13,3.5564340443622337e-16
748,528.9292040347218,2.054992076522544e-13,3.885193067138042e-16
749,528.9432282643862,2.1301301780394165e-13,4.027143300480435e-16
750,528.96929499407,2.0747098496292525e-13,3.9221744423795165e-16
751,528.9863708883018,1.9106513647983347e-13,3.6119103817171473e-16
752,547.7008030509086,1.8465538923630406e-13,3.371464642879854e-16
753,547.7129197178496,2.199444799518765e-13,4.015689096126842e-16
754,547.7319421664273,2.4776284245596284e-13,4.523432419807289e-16
755,547.8096623274049,2.2233200192691051e-13,4.058562986682611e-16
756,547.8247343069946,1.8255950906662077e-13,3.332443711172715e-16
757,547.8373932252348,1.943143740955409e-13,3.5469352128661937e-16
758,547.8605583286479,2.3811103969064853e-13,4.3461978795672245e-16
759,558.0576382214794,2.0653564774317566e-13,3.7009734048511803e-16
760,558.0993369802042,1.8366601900691492e-13,3.2909198566818863e-16
761,558.1325621511525,1.8583740658732675e-13,3.3296284644471e-16
762,561.3699328326527,1.8037737900968937e-13,3.213164233779168e-16
763,561.4047540273658,2.236110264037229e-13,3.98306257294043e-16
764,561.4187112189196,1.9581236863025824e-13,3.4878133684771895e-16
765,561.4257997378904,2.226719853319258e-13,3.966187258153853e-16
766,561.4488835540176,2.3906141109914777e-13,4.2579372424052104e-16
767,561.4566143884884,2.192422971826562e-13,3.9048840384834433e-16
768,561.4680858816695,2.216532577874849e-13,3.94774455327099e-16
769,561.4827828495479,2.3395224384768124e-13,4.1666859785150333e-16
770,561.4961956765047,2.2653738088111874e-13,4.0345310017315577e-16
771,561.499710917325,2.1505482783853973e-13,3.830007810461799e-16
772,561.5108164485397,2.1151094322221781e-13,3.766818679646966e-16
773,561.5265755751456,2.530539092710707e-13,4.506534869019856e-16
774,561.5465486480978,2.3177552181146107e-13,4.127449850229726e-16
775,561.5552529921371,1.9904711952334374e-13,3.5445687394563614e-16
776,561.5760505236557,2.1067954566991645e-13,3.7515763977730713e-16
777,561.6128590740063,2.1045501264361963e-13,3.7473325128384744e-16
778,561.6299246895236,2.1985066760061368e-13,3.9145112811100657e-16
779,566.1455384946005,2.08021278113621e-13,3.674342796496399e-16
780,566.1652132299256,1.9779550544040673e-13,3.493600468880802e-16
781,566.2099992400675,2.2760097169489764e-13,4.019727168371625e-16
782,566.2147609951209,2.1376206525618773e-13,3.775282454320009e-16
783,566.2355390199863,2.1013961091960404e-13,3.711169582949593e-16
784,566.2458402108678,2.5488318655542486e-13,4.5012813950298925e-16
785,566.2526010859007,2.2533717961463098e-13,3.9794462609531973e-16
786,566.2587814841658,2.1264437281061896e-13,3.7552507751540296e-16
787,566.2736828186894,1.9495790654236471e-13,3.4428212445250914e-16
788,566.2817315673113,2.315968303971575e-13,4.089781066328265e-16
789,566.2917248426309,2.1024469891923532e-13,3.7126570934382116e-16
790,566.2975031586323,2.0886915371385886e-13,3.6883290593522196e-16
791,566.308090764559,1.9280693453319863e-13,3.4046297002907837e-16
792,566.3326729027668,2.3202876892661196e-13,4.0970401325661957e-16
793,566.3395088585496,2.2113888291511429e-13,3.9047052069670545e-16
794,566.343821919864,2.108830459252273e-13,3.7235869407094307e-16
795,566.3539929616843,2.0939911721797532e-13,3.6973186349926885e-16
796,566.3676010706521,2.3740700159865596e-13,4.1917475708332475e-16
797,566.3751849927792,2.2804221419716885e-13,4.026345437434308e-16
798,566.3781268273697,2.2218070984358812e-13,3.9228335156260036e-16
799,566.3880793153619,2.1185566061866505e-13,3.74046821173835e-16
800,566.39244307669,2.2534889386359285e-13,3.9786705599297766e-16
801,566.4097815219662,2.3355644646072144e-13,4.1234536210364466e-16
802,566.4150160847365,2.321767485644392e-13,4.0990570866098866e-16
803,566.4263691484233,2.2166881331956953e-13,3.913462108990986e-16
804,566.4317207640272,2.3841998014428085e-13,4.209156574470968e-16
805,566.4350788083683,1.9996311432715066e-13,3.530203580396555e-16
806,566.4569625981386,2.0342169399939564e-13,3.5911235527297955e-16
807,566.498377962063,2.0615592707714874e-13,3.6391265199872203e-16
808,571.092656477407,2.4149935501253226e-13,4.228724573384288e-16
809,571.1224478644717,2.2543425784632228e-13,3.947214098995076e-16
810,571.1267908396128,2.3048624047567927e-13,4.035640494763724e-16
811,571.1475489509345,2.2114329633338513e-13,3.871911850791867e-16
812,571.1509308912789,2.1930733499413853e-13,3.839743982416526e-16
813,571.1574246067112,2.062244082246427e-13,3.6106404178610677e-16
814,571.1786635299713,1.9100758309391625e-13,3.3440952068037733e-16
815,571.1808887986609,2.0979220613110586e-13,3.6729556300868604e-16
816,571.1970811268217,2.0039590150893422e-13,3.508349536969023e-16
817,571.2087205428811,2.143634505637923e-13,3.7528042352024957e-16
818,571.2145884796515,1.9785312740968567e-13,3.463726791997607e-16
819,571.2179323415075,2.0085519731592497e-13,3.5162621119506796e-16
820,571.2275314851216,2.2699824136828402e-13,3.97386730954855e-16
821,571.2350377448789,2.32382104294723e-13,4.0680646133353593e-16
822,571.2410197786452,1.994672278277151e-13,3.4918225568781505e-16
823,571.2493687551429,2.0605164658231156e-13,3.607034998241414e-16
824,571.2535531807079,2.3516698563236964e-13,4.1166831142313776e-16
825,571.2587936614226,2.371017624634972e-13,4.1505140068622596e-16
826,571.2795959820742,1.9295256244485056e-13,3.3775503939213874e-16
827,571.2878639069477,2.628921001864527e-13,4.601744878467661e-16
828,571.3023827880435,2.5017710531392967e-13,4.3790663727503976e-16
829,571.311978842611,2.3003183210440545e-13,4.0263785921382937e-16
830,571.3152498039987,2.257550986495435e-13,3.951497859141575e-16
831,571.3357609054437,2.405572133298917e-13,4.2104350854681403e-16
832,571.3434221591956,2.1449660830687207e-13,3.754250070758775e-16
833,571.3491950059528,2.1401043785684002e-13,3.7457029733735827e-16
834,571.3528403537089,2.2893670522504754e-13,4.0069233765131736e-16
835,571.3695534171742,2.2229952522351726e-13,3.890643522988171e-16
836,571.3830395911926,2.2116153029710145e-13,3.8706351951807297e-16
837,571.384190769286,2.181759299585821e-13,3.8183753328008577e-16
838,571.3964121138039,2.381188366912245e-13,4.1673141735408525e-16
839,571.409152479494,2.2930839153829917e-13,4.0130332274740436e-16
840,571.4180664869801,2.2973543474273356e-13,4.0204440184246103e-16
841,571.4391733116134,2.1463793318429262e-13,3.756094142801226e-16
842,571.4756166197551,2.335132758629687e-13,4.08614591894902e-16
843,571.4834839278416,2.1321069415542915e-13,3.730828626752584e-16
844,571.4959269401331,2.130902231524824e-13,3.7286394024432757e-16
845,575.6733242164286,1.9777173514529818e-13,3.4354854884841675e-16
846,575.6935999343286,2.1343340779284013e-13,3.70741324581665e-16
847,575.7090899330863,2.155120517284219e-13,3.74341929799077e-16
848,575.7152043023102,2.111718955086299e-13,3.667992332503047e-16
849,575.7306274308827,2.3131476907017905e-13,4.017760356130241e-16
850,575.7476569760742,2.242580156764985e-13,3.895074742541554e-16
851,575.7503416227256,2.1275935588433114e-13,3.695340506176319e-16
852,575.7607754316359,2.2815793026984406e-13,3.9627209772808645e-16
853,575.7815188367721,2.1909938929514803e-13,3.805252202915189e-16
854,575.7846439039608,2.1864741242039154e-13,3.797381794309563e-16
855,575.7942671820975,2.2998412408413754e-13,3.994206562869512e-16
856,575.79981902236,2.2384831079048433e-13,3.8876064805048446e-16
857,575.8084912008135,2.0448450852183813e-13,3.551258997507976e-16
858,575.8355714217278,2.342123331556054e-13,4.0673474300543703e-16
859,575.8452506959538,2.2872426734175197e-13,3.971974537696037e-16
860,575.8582997535799,2.056190456564655e-13,3.570653505288603e-16
861,575.8698584593596,2.1283754011813195e-13,3.695931241957029e-16
862,575.8749216033797,2.3117713888424636e-13,4.0143637135750146e-16
863,575.8882942785782,2.365914606769547e-13,4.1082873714829627e-16
864,575.9108464728033,1.975760196951114e-13,3.430670231428636e-16
865,575.9327331749099,1.9396235175111453e-13,3.3677952402856124e-16
866,575.950023871606,2.0536610403765813e-13,3.5656931248506984e-16
867,575.9615908724558,2.086889261364656e-13,3.623313245946619e-16
868,594.344696347996,2.0293318460879158e-13,3.41440221231438e-16
869,594.3732519049057,1.9715697375463883e-13,3.317056632726503e-16
870,594.3875139569857,1.9780519094586855e-13,3.3278826742007103e-16
871,594.4067557353795,2.565131333034875e-13,4.315447811257433e-16
872,594.426214013718,2.3973491166406113e-13,4.033047433176098e-16
873,594.4330398298376,2.286327949242003e-13,3.846232958209199e-16
874,594.4605996630536,2.2376763525606381e-13,3.7642130594171865e-16
875,594.4938826310683,2.3867793807498824e-13,4.014808983713416e-16
876,594.4952447188563,2.1320709024452867e-13,3.5863548470493957e-16
877,594.5285274085969,2.3411476681907356e-13,3.9378222579078253e-16
878,594.5633861454583,1.9917026607095473e-13,3.3498575713208866e-16
879,594.584749667312,2.2724608264262175e-13,3.821929216478773e-16
880,594.662606874228,2.122158925249389e-13,3.56867726458245e-16
881,617.7184931311974,2.1953523904491297e-13,3.5539690245000617e-16
882,617.7885064482293,2.322230503476031e-13,3.758940930816158e-16
883,617.7933851437981,2.133979550154188e-13,3.454196178642284e-16
884,617.8370284400885,2.3833809783036385e-13,3.8576208103311413e-16
885,617.9272500009633,2.0673327643901102e-13,3.3455924858256165e-16
886,617.9458886508861,2.2342746543464275e-13,3.6156477377401897e-16
887,617.9547724555471,2.2963163380993465e-13,3.715994180244855e-16
888,618.0183158835948,2.111564449580685e-13,3.41666969297137e-16
889,618.055628662657,2.1814324250396004e-13,3.529508225270537e-16
890,623.3283969500599,2.2541600765638562e-13,3.616328226972236e-16
891,623.3913970984754,2.2742471054317895e-13,3.6481849380936085e-16
892,623.4417040630526,2.022318524384148e-13,3.2437973128913717e-16
893,623.4610117347123,2.3588729558054365e-13,3.7835131811083574e-16
894,623.4733060171974,2.3962486657629e-13,3.843386144421079e-16
895,623.4858684592756,2.0723815323086675e-13,3.3238628766836756e-16
896,623.5004992671595,2.4670736774576816e-13,3.9568110696902295e-16
897,623.509649579851,2.27191878326051e-13,3.643758817191412e-16
898,623.5309376081079,2.2066379896644804e-13,3.5389390591094655e-16
899,623.5368249180106,2.159198261021682e-13,3.462823966019324e-16
900,623.5561840425947,2.2690878958606847e-13,3.6389469849371016e-16
901,623.5754512464879,2.6122253513720864e-13,4.189108705531004e-16
902,623.579193489071,2.428503518793817e-13,3.894458866091688e-16
903,623.5887709143506,2.2415899402700337e-13,3.5946605276154247e-16
904,623.6024359447491,2.586259885226188e-13,4.147289580913903e-16
905,623.6097977673118,2.1780185283134647e-13,3.4925983140600864e-16
906,623.6111097267627,2.2922591435393757e-13,3.675783044570416e-16
907,623.6211147472598,2.225123518642269e-13,3.5680695634304553e-16
908,623.629633202767,2.1537096062804945e-13,3.453507485235611e-16
909,623.640880099269,2.374091661369048e-13,3.806824948664604e-16
910,623.6538953349209,2.213418253062297e-13,3.5491131693703685e-16
911,623.6670685399097,2.2963741264932144e-13,3.6820512775659965e-16
912,623.6729431031995,2.429171741078257e-13,3.89494488728574e-16
913,623.6796341809008,2.34923117332272e-13,3.7667274103122566e-16
914,623.7077236091859,2.2283769583739537e-13,3.5727903856618756e-16
915,623.7287136175239,2.47548633831495e-13,3.968851015303651e-16
916,623.7309268609382,2.1972077597922346e-13,3.522685288109989e-16
917,623.743769712421,2.4318681692771927e-13,3.8988255873055263e-16
918,623.7795663144407,2.2279401254639716e-13,3.5716785957379224e-16
919,623.7854329304533,2.3151331715249425e-13,3.7114255147780275e-16
920,623.8529862410077,2.3418909436963665e-13,3.753914776952986e-16
921,624.9424921007824,2.1897984762447244e-13,3.5039999742753655e-16
922,624.9582295265407,2.5024985812240403e-13,4.004265346053443e-16
923,624.9892905672621,2.284128408177375e-13,3.6546680761589055e-16
924,625.0040705183537,2.2640906119741516e-13,3.6225213862949793e-16
925,625.0075598929003,2.341805415371028e-13,3.7468433434186204e-16
926,625.0253686053954,2.2868801804538517e-13,3.658859776454377e-16
927,625.029538066046,2.1711465173050726e-13,3.4736702588856696e-16
928,625.0460974299011,2.3670988261024156e-13,3.7870788024044666e-16
929,625.048822587957,2.587029008087561e-13,4.1389230962410357e-16
930,625.0611439630779,2.4327836063292746e-13,3.8920730072976315e-16
931,625.0708173806524,2.231096455959174e-13,3.569349894318442e-16
932,625.0830649340219,2.3282639634062625e-13,3.724727310684722e-16
933,625.0933727791205,2.380024726921819e-13,3.807470740475777e-16
934,625.1018534648039,2.2673945331224336e-13,3.627240137834751e-16
935,625.1042733633275,2.2598696592418078e-13,3.615188306236887e-16
936,625.1057237029831,2.401665476667349e-13,3.84201485540787e-16
937,625.1127078898348,2.32194301647418e-13,3.714438991829585e-16
938,625.1294782840483,2.3545348089672866e-13,3.76647541151055e-16
939,625.1333667716351,2.2973506853128007e-13,3.674976904811476e-16
940,625.1412269480518,2.139137729958671e-13,3.4218471566848523e-16
941,625.148736192589,2.3746521122286167e-13,3.798539411102736e-16
942,625.1585222258735,2.3156804967021285e-13,3.7041492907385485e-16
943,625.1696836614032,2.4733996160468055e-13,3.9563652568066916e-16
944,625.174661111079,2.6656241173180983e-13,4.2638070336706735e-16
945,625.1810932895092,2.4092405823423026e-13,3.8536683341871793e-16
946,625.1879028700206,2.295778150651792e-13,3.6721410317005037e-16
947,625.1956473992175,2.3841147925647744e-13,3.8133899403851777e-16
948,625.2042599380549,2.735699354041533e-13,4.3756889217494866e-16
949,625.2122676264617,2.3448159546391756e-13,3.750431775020937e-16
950,625.219008930073,2.4169902196630007e-13,3.865829709495168e-16
951,625.2222093244477,2.226534999340792e-13,3.5611898715923126e-16
952,625.2288276952258,2.5317560283466094e-13,4.04932708825886e-16
953,625.233388935045,2.6140415122228815e-13,4.180905176346e-16
954,625.2447242964533,2.2360080639728244e-13,3.5762126045747237e-16
955,625.2472625131477,2.371742012851882e-13,3.793286520469986e-16
956,625.2547787114053,2.1566406727268563e-13,3.44921901624087e-16
957,625.2643989007208,2.1104486841160001e-13,3.3752900178330736e-16
958,625.2708333425246,2.3101387578912683e-13,3.694621010133971e-16
959,625.274379735083,2.160800667289099e-13,3.4557639611023075e-16
960,625.2789479700564,2.2409480712381353e-13,3.5839173516288777e-16
961,625.2962429341313,2.3732476142592815e-13,3.795397207446966e-16
962,625.308619951482,2.0373957949098065e-13,3.2582243869721307e-16
963,625.31313770378,2.413274003632294e-13,3.8593048156546124e-16
964,625.3173324052166,2.2647791965164564e-13,3.621807807253997e-16
965,625.3228653174764,2.2449110258538642e-13,3.590003101380473e-16
966,625.3273509899739,2.2309683481975604e-13,3.567680742999086e-16
967,625.3368674872411,2.278828286431981e-13,3.644161099262993e-16
968,625.3486356429773,2.399842989491247e-13,3.8376081000380724e-16
969,625.3572950454267,2.3198791469730514e-13,3.7096859113229544e-16
970,625.361920286108,2.0805533131127811e-13,3.326958750799716e-16
971,625.3810378912408,2.211834295106911e-13,3.5367786374929525e-16
972,625.3885881058826,2.6065134666263564e-13,4.1678302357910244e-16
973,625.4071599870359,2.1900509586553114e-13,3.5018002651276153e-16
974,625.4117504241067,2.5239544377071764e-13,4.035668399251569e-16
975,625.4240667642014,2.474403561989482e-13,3.9563612810608175e-16
976,625.4381617493899,2.558600748597546e-13,4.0908932410535658e-16
977,625.4548683120796,2.022959223386208e-13,3.234380809674702e-16
978,625.459712717158,2.4666271201348197e-13,3.943702639805778e-16
979,632.3181335898721,2.1347858259103416e-13,3.376126213225106e-16
980,632.4078164677275,2.8167525634099815e-13,4.454012885455415e-16
981,632.4381310650303,2.417424433698357e-13,3.8223888076251776e-16
982,632.5948523246693,2.377654490877374e-13,3.75857388364754e-16
983,632.6142532992976,2.2308501866180913e-13,3.526398867846325e-16
984,636.7360912116006,2.145982825482339e-13,3.3702861438227855e-16
985,636.7392242562843,2.1758866326928683e-13,3.417233538948882e-16
986,636.7660529992677,2.5791873776025877e-13,4.050447358891404e-16
987,636.789996360366,2.1539552941014356e-13,3.3825206212606553e-16
988,636.7990122931745,2.1036549318141603e-13,3.3034833459284057e-16
989,636.8064339147033,2.281057973906747e-13,3.5820272101903443e-16
990,636.8196106153302,2.3374121885419075e-13,3.670446307838056e-16
991,636.8312344343011,2.2606898593146193e-13,3.549904177239039e-16
992,636.8551109858764,2.1662536842484828e-13,3.401485906103569e-16
993,636.864379294143,2.358196897093545e-13,3.702824296292422e-16
994,636.870031658647,2.0448612820062597e-13,3.2107984052581e-16
995,636.8850104525089,2.140051828376916e-13,3.360185580213926e-16
996,636.9059722911571,2.0677995170681856e-13,3.2466323241241415e-16
997,636.9121198996143,2.253805544303974e-13,3.538644459551505e-16
998,636.9173452657224,2.1028462409700905e-13,3.3015998961258965e-16
999,636.9494004900798,2.199235829829758e-13,3.4527637958959193e-16
1000,636.9512626495493,2.36086963870289e-13,3.7065153601898745e-16
1001,636.9744451345896,2.0429147612198838e-13,3.2072162028230597e-16
1002,636.97786306065,2.501086991716711e-13,3.9264896580535793e-16
1003,637.0048887807957,2.44387768318328e-13,3.836513229687724e-16
1004,637.0387972385672,2.3483062151601525e-13,3.6862844544784074e-16
1005,637.045609246634,2.0033788557647476e-13,3.1447965839273747e-16
1006,637.0556607674738,2.2650526893967009e-13,3.555502021076065e-16
1007,637.0898799588477,2.47113456133351e-13,3.878784829376242e-16
1008,637.1170042790358,2.390140870987128e-13,3.7514943957457564e-16
1009,638.6725241292777,1.9862577293635125e-13,3.1099783603051348e-16
1010,663.003027818002,2.4090475203170536e-13,3.633539243773032e-16
1011,663.0267545323055,2.3443548683488053e-13,3.535837509306087e-16
1012,663.0764399421547,2.5989636578520334e-13,3.919553615988469e-16
1013,663.1292506346531,2.335101177730119e-13,3.5213364144249286e-16
1014,663.1579411267319,2.675807332302568e-13,4.034947282326536e-16
1015,663.188291485047,2.275433720329163e-13,3.4310523113034596e-16
1016,663.2009094169233,2.2559790454593155e-13,3.4016525210177106e-16
1017,663.2132690964579,2.2292286643179126e-13,3.361254619279478e-16
1018,663.2369132894968,2.038823048156047e-13,3.0740494193002184e-16
1019,663.2533028102267,2.331065680349093e-13,3.514593399644282e-16
1020,663.3055198385692,2.3836439799675826e-13,3.593583814209322e-16
1021,663.320443028733,2.4631856318080875e-13,3.713417335008006e-16
1022,663.3782856680907,2.3275784152736017e-13,3.5086744103019425e-16
1023,663.4005514297647,2.337805397066023e-13,3.523972646732914e-16
1024,663.4971494228939,2.0804452584537637e-13,3.1355752775476476e-16
1025,681.2190350807374,2.3286948288990445e-13,3.4184230166484556e-16
1026,681.2427644922926,2.3537214245416307e-13,3.455040621672922e-16
1027,681.2770785551775,2.437065525480152e-13,3.5772017027911367e-16
1028,681.3100899403012,2.2536547640307554e-13,3.307825316704511e-16
1029,681.3615909873323,2.3926079027694794e-13,3.5115097980537063e-16
1030,681.3635674076412,2.4251707045102325e-13,3.5592902534210775e-16
1031,681.3748370468778,2.520601988278093e-13,3.6992883376828875e-16
1032,681.3989298596616,2.4186986214642167e-13,3.549607308544442e-16
1033,681.4138629099904,2.602517672201214e-13,3.819290762719612e-16
1034,681.4377667006472,2.3717681402839095e-13,3.4805352097924116e-16
1035,681.4624185054913,2.3069667282509197e-13,3.385317613420717e-16
1036,681.4806365816291,2.3504303020612887e-13,3.449005262792598e-16
1037,681.4898471546222,2.556136357462344e-13,3.750806219835563e-16
1038,681.4994261447655,2.468758430477804e-13,3.62253926528382e-16
1039,681.5100973208262,2.2796540623332735e-13,3.3450040891472055e-16
1040,681.5205666847887,2.1566058016838857e-13,3.1644031113757146e-16
1041,681.5291849149368,2.349078490858566e-13,3.446776077757785e-16
1042,681.5340506233504,2.486006594400363e-13,3.6476630802622277e-16
1043,681.5555428575813,2.552544120795953e-13,3.7451740324696267e-16
1044,681.5643167953217,2.3896538349283485e-13,3.5061310811639473e-16
1045,681.5786716845605,2.563812060574268e-13,3.7615790620878154e-16
1046,681.5883032105744,2.5578828474482025e-13,3.7528267950014294e-16
1047,681.5963772505713,2.6919421957154817e-13,3.9494667013552196e-16
1048,681.6098794335575,2.7686428461066973e-13,4.061917131259218e-16
1049,681.6205630877208,2.4654550115159876e-13,3.6170490519645565e-16
1050,681.6457313562245,2.429630787138121e-13,3.564360011914178e-16
1051,681.6612964431572,2.3900116062062445e-13,3.50615711743808e-16
1052,681.6674974958761,2.500533666335248e-13,3.668260076241021e-16
1053,681.6698504946683,2.457408926793384e-13,3.6049840329744862e-16
1054,681.6841346898627,2.6363017554731635e-13,3.8673362358250695e-16
1055,681.6936900899055,2.555619971114985e-13,3.748927132914984e-16
1056,681.7078828414882,2.1956036246592725e-13,3.2207396744593576e-16
1057,681.7285934870544,2.7656345410465327e-13,4.0567970413273423e-16
1058,681.7374525490134,2.7702665151429024e-13,4.063538690422373e-16
1059,681.756695846379,2.4647612928475237e-13,3.61530925602073e-16
1060,681.7796405648279,2.575093393440328e-13,3.777017147808878e-16
1061,681.7960800095539,2.0903797848872466e-13,3.065989738248355e-16
1062,681.8515467144937,2.342634606135347e-13,3.4356959625938336e-16
1063,681.8583399274745,2.309904352345099e-13,3.387660188464939e-16
1064,681.9140857024258,2.504712799118091e-13,3.6730621226837356e-16
1065,681.9487491943968,2.481835622787477e-13,3.6393286529513136e-16
1066,683.2884149569597,2.9755211794229594e-13,4.3547074914337414e-16
1067,683.3397440941701,2.7661071361713476e-13,4.047923686683961e-16
1068,683.3681546663937,2.4999924394531076e-13,3.6583390993300713e-16
1069,683.375816260752,2.3665192042959564e-13,3.462983541391486e-16
1070,683.395256705009,2.762020216796913e-13,4.0416145557023563e-16
1071,683.4375269237518,2.368682543596285e-13,3.4658362326957044e-16
1072,683.4461726154259,2.145911083118097e-13,3.1398391989029367e-16
1073,683.4649485218187,2.460441124372526e-13,3.599952169740245e-16
1074,683.4690448133057,2.5208879959951494e-13,3.6883718657422845e-16
1075,683.479332116028,2.577482874583609e-13,3.7711204325722803e-16
1076,683.5072525322535,2.468688237379717e-13,3.6117952344086126e-16
1077,683.521135971468,2.6857246636353334e-13,3.9292488882852084e-16
1078,683.5398990254441,2.0539545951633082e-13,3.0048788638259895e-16
1079,683.5455362595613,2.456414060295649e-13,3.593636312421006e-16
1080,683.5664693806933,2.2175958638847776e-13,3.244155416069347e-16
1081,683.5710532354824,2.536154072553647e-13,3.7101542854243284e-16
1082,683.588578047217,2.4500965247950855e-13,3.584168319187235e-16
1083,683.594330973146,2.35533940655775e-13,3.4455221464530777e-16
1084,683.6103513312846,2.5592895474594023e-13,3.7437840759364747e-16
1085,683.6379700106431,2.524562363768322e-13,3.692835205933659e-16
1086,683.6487025623693,2.36116543792998e-13,3.4537700855426847e-16
1087,683.6791973989916,2.2337068815774513e-13,3.2671856772524727e-16
1088,683.6835493191724,2.325281706515671e-13,3.4011081718014705e-16
1089,683.6991498706515,2.5789007785394156e-13,3.771981841760833e-16
1090,683.7165947718257,2.373425572885275e-13,3.471358734063417e-16
1091,683.7306680403515,2.613664940352091e-13,3.822652782042302e-16
1092,683.7512288181439,2.2772357050653146e-13,3.330503272369236e-16
1093,683.7720780637834,2.5027155556398055e-13,3.66016050659259e-16
1094,683.7920153571903,2.689922046344429e-13,3.933830734977657e-16
1095,683.8097664479693,2.509670600319311e-13,3.6701297984609445e-16
1096,683.8344010038008,2.704723716535776e-13,3.9552320160634073e-16
1097,683.8647927077211,2.380389626211279e-13,3.4807898455866853e-16
1098,683.872381900174,2.5026561640885127e-13,3.659536823427137e-16
1099,691.0451646941624,2.524243902756585e-13,3.652791498618974e-16
1100,691.1202788187406,2.730644906341726e-13,3.95104150468415e-16
1101,691.173519457384,2.6542418734840874e-13,3.840196128416261e-16
1102,691.2369214085638,2.4691858223382553e-13,3.572126641190819e-16
1103,691.2679116731473,2.700943364418326e-13,3.907230928571461e-16
1104,691.3351611674664,2.6080185683560053e-13,3.772437328302254e-16
1105,691.3560339745977,2.1197985388619767e-13,3.0661460010340544e-16
1106,691.3995722012842,2.668512326093142e-13,3.85958052822785e-16
1107,691.4180637340563,2.541851238463278e-13,3.6762869988322483e-16
1108,691.4655400181829,2.586521135693049e-13,3.740636352789227e-16
1109,691.5634699850015,2.5150527882787805e-13,3.6367635039099545e-16
1110,691.7844206757674,2.4784100118761477e-13,3.582633458925139e-16
1111,691.7932095842056,2.516645673793661e-13,3.637858306395147e-16
1112,691.8128221542015,2.1629929853908622e-13,3.1265581037593753e-16
1113,691.8768019213538,2.3220260661916247e-13,3.3561264949819366e-16
1114,691.8848048945541,2.5803241871914834e-13,3.729413001900995e-16
1115,691.9087080883794,2.430591199313625e-13,3.5128784634448614e-16
1116,691.9453975117085,2.5404348471359237e-13,3.6714383190805696e-16
1117,691.9717679845379,2.912716666217127e-13,4.209299860167433e-16
1118,691.9789482621761,2.7920941049760576e-13,4.0349408200756312e-16
1119,691.985183916947,2.537592777856888e-13,3.667120101463694e-16
1120,692.0325674541498,2.822783978526015e-13,4.078975631032042e-16
1121,692.047485099754,2.5324014347952726e-13,3.6592885449619745e-16
1122,692.0599963320643,2.3914882757403296e-13,3.455608312018147e-16
1123,692.0676255342696,2.341758639615606e-13,3.383713604299566e-16
1124,692.1039693940866,2.396183095650163e-13,3.462172161428202e-16
1125,692.1321767456867,2.2693954218447557e-13,3.2788468707164445e-16
1126,692.1531532647788,2.2615930369136645e-13,3.26747487351041e-16
1127,692.1716507792546,2.3701828649905133e-13,3.4242703559473073e-16
1128,692.1916005635433,2.295573616560867e-13,3.316384675416374e-16
1129,692.2328541489658,2.467273369881185e-13,3.5642246031712295e-16
1130,692.2651011593885,2.425451979659337e-13,3.5036461835173405e-16
1131,700.6126109907435,2.500554845074485e-13,3.5690976808687826e-16
1132,700.6632439738441,2.390601715149086e-13,3.4119125495875554e-16
1133,700.6850183146981,2.6499116680267844e-13,3.7818871515198167e-16
1134,700.7058269038642,2.5961343869839377e-13,3.7050275412368213e-16
1135,700.734960045063,2.798286903099587e-13,3.9933599187339455e-16
1136,700.7660998140157,2.468710934163521e-13,3.52287437251705e-16
1137,700.7884209525387,2.7194605892044665e-13,3.88057294883393e-16
1138,700.7918649808262,2.587588586277067e-13,3.6923781732938123e-16
1139,700.8124901419015,2.251684866539616e-13,3.2129633792395617e-16
1140,700.8212136415169,2.6447555424727306e-13,3.77379492942343e-16
1141,700.8385218053494,2.5284392371305126e-13,3.607734390251968e-16
1142,700.8603583988502,2.387773567373186e-13,3.4069177101529494e-16
1143,700.8625297257817,2.470648820383089e-13,3.525154670987691e-16
1144,700.8933219913994,2.415825810408551e-13,3.446781035870956e-16
1145,700.9164799003341,2.4565740785537875e-13,3.504802853120384e-16
1146,700.92486921715,2.5405837182924637e-13,3.624616317480638e-16
1147,700.9410581747176,2.484210078667094e-13,3.5441069540655677e-16
1148,700.953245864538,2.576318063555803e-13,3.6754492239753274e-16
1149,700.9700157932024,2.6478071011602606e-13,3.7773471639354785e-16
1150,700.982875119326,2.429782581810903e-13,3.4662509856568025e-16
1151,701.0031317270581,2.4389236040198657e-13,3.479190739149911e-16
1152,701.0167879819058,2.4514627690612513e-13,3.4970100732088697e-16
1153,701.0380130680946,2.598295263385409e-13,3.7063543131048816e-16
1154,701.0449189602878,2.612925131385858e-13,3.7271864622613047e-16
1155,701.0713363328342,2.2727698304415623e-13,3.241852451606384e-16
1156,701.1175853520065,2.655484311159538e-13,3.7875020775956044e-16
1157,701.1316604582288,2.4283498264550336e-13,3.4634719317452746e-16
1158,710.1236448167351,2.3707097188356355e-13,3.3384463904838084e-16
1159,710.1585046455097,2.3770352971834666e-13,3.347189791622665e-16
1160,710.2721060819273,2.549519677587021e-13,3.589497117732712e-16
1161,710.3342382984716,2.798853901195796e-13,3.940192870190442e-16
1162,710.3858654450274,2.5028473082670145e-13,3.5232222796255724e-16
1163,710.4424004418655,2.650011400270481e-13,3.7300862091315e-16
1164,710.6214037937201,2.4685820479709956e-13,3.473835765137716e-16
1165,720.6455978942735,2.2918001614294527e-13,3.1802042059593414e-16
1166,720.8147700122522,2.722965392107766e-13,3.777621526902788e-16
1167,720.8908153750829,2.4867940611325884e-13,3.4496126293947826e-16
1168,734.9279063949233,2.5711844236282253e-13,3.4985532611501696e-16
1169,734.974778207111,2.7027599705862056e-13,3.677350639404644e-16
1170,735.0310515921362,2.3367527717485384e-13,3.179121163231056e-16
1171,735.0389791678512,2.517807400501438e-13,3.425406640817724e-16
1172,735.0649981832994,2.684507378424347e-13,3.6520680280778725e-16
1173,735.0822465725585,2.634435626986655e-13,3.5838651243043117e-16
1174,735.107172994826,2.9072731106758246e-13,3.9548969422126526e-16
1175,735.1257239238483,2.803835419549944e-13,3.8140896560985984e-16
1176,735.1362873763935,2.581090926751243e-13,3.5110373016176677e-16
1177,735.2126050771179,2.704609297203369e-13,3.678676451581889e-16
1178,735.2457924694272,2.2488277211904202e-13,3.058606719308673e-16
1179,735.2836388243926,2.6546220933559025e-13,3.610337498601549e-16
1180,735.3295282454455,2.7661294687966254e-13,3.761754917413461e-16
1181,735.3459903439816,2.422313955417102e-13,3.294114589900717e-16
1182,735.3688648397311,2.485767062299403e-13,3.3802995763781213e-16
1183,735.4198651154419,2.7246907856702466e-13,3.704945861426439e-16
1184,735.4798416025551,2.671646594797845e-13,3.6325218499211734e-16
1185,740.0354518116177,2.441639242399247e-13,3.299354424740164e-16
1186,740.0888304690101,2.627356420134813e-13,3.5500554960001235e-16
1187,740.1309442235823,2.4861858665357355e-13,3.359116229282661e-16
1188,740.1698891056894,2.629341882519413e-13,3.5523491582403016e-16
1189,740.1991003815658,2.3399415432504103e-13,3.1612326224717e-16
1190,740.2122535202474,2.462616205862654e-13,3.326905484408187e-16
1191,740.2244123633064,2.511189598861093e-13,3.3924706574370407e-16
1192,740.2483007328705,2.741832447713901e-13,3.7039361589879984e-16
1193,740.2661019973817,2.4783982839594854e-13,3.347982944609088e-16
1194,740.2827587584025,2.7274648876575816e-13,3.684355545753988e-16
1195,740.3042328342787,2.4404430411624394e-13,3.296540709782415e-16
1196,740.32640235951,2.4990298454947653e-13,3.3755784442241345e-16
1197,740.3367172571432,2.568332126357288e-13,3.4691405498198765e-16
1198,740.3447901598071,2.430644982145409e-13,3.283125665841104e-16
1199,740.3494340286081,2.357220275867147e-13,3.1839293278585267e-16
1200,740.3694304443569,2.406679112115634e-13,3.2506462492261285e-16
1201,740.4007955120982,2.3499127308931383e-13,3.173838744011372e-16
1202,740.4123918494929,2.7111198328703755e-13,3.661634870937543e-16
1203,740.4253630223595,2.825636534549667e-13,3.816234121175476e-16
1204,740.4429440638605,2.6401629447571826e-13,3.5656534590860767e-16
1205,740.4472578437139,2.642374523371536e-13,3.5686195004172215e-16
1206,740.4795871297321,2.686077135583794e-13,3.627483028932158e-16
1207,740.497473615185,2.7075382339629563e-13,3.6563774090200143e-16
1208,740.5110392543008,2.798023739328072e-13,3.7785037507958004e-16
1209,740.5193849207737,2.45399640789388e-13,3.31388544022575e-16
1210,740.541081548348,2.5120577523769076e-13,3.3921922969143233e-16
1211,740.5700719934136,2.527969578628642e-13,3.413545421602083e-16
1212,740.6057527093677,2.579890875118489e-13,3.4834874907201845e-16
1213,740.6109811742839,2.3135872981000175e-13,3.1238900811755233e-16
1214,740.6435405659983,2.899170106572716e-13,3.9143932914842897e-16
1215,740.671988385864,2.8862581157598025e-13,3.896810141355263e-16
1216,740.6920354267515,2.640814948204473e-13,3.5653346085771817e-16
1217,740.698148152467,2.720773525891156e-13,3.673255472121291e-16
1218,740.7215572020909,2.603412952125111e-13,3.5146985082477113e-16
1219,740.7502051063051,2.4776159227547923e-13,3.3447387603480035e-16
1220,740.7508712073723,2.518986744403114e-13,3.4005855980936497e-16
1221,740.7920448237024,2.77724400685351e-13,3.7490197502248463e-16
1222,740.8055203041646,2.5969926053454063e-13,3.5056334411211147e-16
1223,740.8374205868759,2.464901855314287e-13,3.3271832480622314e-16
1224,740.8413441699132,2.577419125031957e-13,3.4790433138148694e-16
1225,740.858057739424,2.629582759724863e-13,3.5493745829646426e-16
1226,740.8978557031228,2.5337148295132635e-13,3.419789664674804e-16
1227,740.9169041602477,2.480084866328131e-13,3.347318508192291e-16
1228,745.8103568242743,2.8666026565187576e-13,3.8436080034139e-16
1229,745.9779109390042,2.692977090435074e-13,3.6099957531520907e-16
1230,745.9819425420256,2.6258612881609696e-13,3.5200065020515416e-16
1231,746.014835752467,2.441193077690427e-13,3.2723117030616696e-16
1232,746.0574944288109,2.399018516785787e-13,3.2155946890158913e-16
1233,746.0930220555974,2.601454669561965e-13,3.4867698700553047e-16
1234,746.0987896368598,2.586432046525025e-13,3.4666080182007664e-16
1235,746.1294610826542,2.664256198955325e-13,3.570769334170798e-16
1236,746.1391364442122,2.929939664584557e-13,3.9268006749350086e-16
1237,746.163724117463,2.87666702348388e-13,3.855275900589115e-16
1238,746.1768409744511,2.818972033233334e-13,3.7778873297005135e-16
1239,746.1950634870225,2.584128388994959e-13,3.4630735520001217e-16
1240,746.2141614890345,2.5257243394856895e-13,3.384717779203933e-16
1241,746.2412629852355,2.6130662035981367e-13,3.501637249520249e-16
1242,746.2654515457806,2.4283240382483737e-13,3.2539681868140253e-16
1243,746.2689330738201,2.7579917672318536e-13,3.695707599500241e-16
1244,746.2965212607295,2.7891404843805105e-13,3.737308703608554e-16
1245,746.3092783356758,2.7081646341231e-13,3.6287430864620965e-16
1246,746.3276182977369,2.6069643295382853e-13,3.49305622038266e-16
1247,746.3469842154228,2.465411035499944e-13,3.3033040765772516e-16
1248,746.3640251685886,2.758919556946005e-13,3.696479819378782e-16
1249,746.3826743070199,2.8159729246932886e-13,3.772827293060872e-16
1250,746.4002205104943,2.7132531776215136e-13,3.635118403054338e-16
1251,746.4169761853926,2.6910255948408823e-13,3.6052577589988976e-16
1252,746.4540546420418,2.9272818048416734e-13,3.9215833669031864e-16
1253,746.459505634165,2.9730424458232987e-13,3.9828583109776456e-16
1254,746.4788226759069,2.7521802095324946e-13,3.686883171938808e-16
1255,746.4884204604208,2.8608751704870584e-13,3.83244413720781e-16
1256,746.5023033660983,2.928103551323771e-13,3.9224306986334585e-16
1257,746.53105461437,2.4716490978148827e-13,3.310845654092239e-16
1258,746.5639985798879,2.764845214403661e-13,3.7034269261080663e-16
1259,746.572397671934,2.471315000903747e-13,3.31021480115009e-16
1260,746.5948739738026,2.64236664938163e-13,3.539224205113346e-16
1261,746.6133683896162,2.325260889755556e-13,3.114411003342939e-16
1262,746.6651692459614,2.710709799936038e-13,3.630422191346513e-16
1263,761.4880493629989,2.951925606161575e-13,3.8765225647742257e-16
1264,761.5786516992039,2.7218638224552106e-13,3.573975998910023e-16
1265,761.5982889228117,2.6421395940599424e-13,3.469203689778411e-16
1266,761.6301163392292,2.5623149538890355e-13,3.364251096325849e-16
1267,761.6570880669577,2.64533775435533e-13,3.4731348211687317e-16
1268,761.7015343775377,2.636852807249181e-13,3.4617926946990023e-16
1269,761.718287627964,2.458280696885249e-13,3.227283284139706e-16
1270,761.7615406696463,2.715402420867475e-13,3.56463575002806e-16
1271,761.7903020426132,2.7677139135001925e-13,3.6331703174469807e-16
1272,761.8225222279381,2.4403524031712697e-13,3.203308292900684e-16
1273,761.8377115660801,2.7088094359252336e-13,3.5556252923694726e-16
1274,761.8544824807733,2.854581852643677e-13,3.7468859451328582e-16
1275,761.887489105793,2.7165371559054107e-13,3.565535849779786e-16
1276,761.9024270686554,2.70034329043204e-13,3.5442114298301227e-16
1277,761.942509013044,2.610256812338293e-13,3.425792341891253e-16
1278,761.9548646272954,2.4974138226986997e-13,3.2776401052577983e-16
1279,761.9720771195508,2.35615015962431e-13,3.0921738871733455e-16
1280,761.9876949191101,2.8136208281614594e-13,3.6924754125591797e-16
1281,762.0400774363414,2.485596024166085e-13,3.2617654868338916e-16
1282,762.0498759115187,2.8723780780025965e-13,3.7692783225859445e-16
1283,762.1145226306852,2.624170299203266e-13,3.4432755462329886e-16
1284,762.1670400788023,2.8667604024941995e-13,3.7613282282553153e-16
1285,762.1885467855128,2.553682412594778e-13,3.3504602284628777e-16
1286,767.441366641111,2.6388977911269507e-13,3.4385660010441087e-16
1287,767.4550884352501,2.589586205621783e-13,3.374251138137141e-16
1288,767.4783001607539,2.6948623753987884e-13,3.511320613018414e-16
1289,767.5408459613489,2.6449230618862494e-13,3.4459704337603946e-16
1290,767.5607567361069,2.591593047024534e-13,3.376401182943154e-16
1291,767.5677539895016,2.666277007051591e-13,3.473669904960675e-16
1292,767.5955353765438,2.7187481613714787e-13,3.541901999257718e-16
1293,767.6161096176545,2.514288506058815e-13,3.275450416629699e-16
1294,767.6238708595545,2.508023014883206e-13,3.267255110337856e-16
1295,767.6377283463714,2.3277860462947553e-13,3.0324018222882575e-16
1296,767.680815659519,2.678651795498111e-13,3.4892780187516683e-16
1297,767.7100017675167,2.6432606574170723e-13,3.443045748175003e-16
1298,767.718513634903,2.706339891728665e-13,3.525172108869703e-16
1299,767.7460298767492,2.4443954348419836e-13,3.1838594271003878e-16
1300,767.7618275099186,2.5223098826473306e-13,3.285276491054441e-16
1301,767.7755143551102,2.5415151633623487e-13,3.310232113220078e-16
1302,767.7911188519998,2.2915817172670754e-13,2.9846421259644747e-16
1303,767.8162422737945,2.599727759736531e-13,3.3858723176234894e-16
1304,767.8318846002968,2.31950080045622e-13,3.020844597595294e-16
1305,767.8416620447204,2.6587212489556887e-13,3.462590505802537e-16
1306,767.8533575423518,2.762919770101688e-13,3.5982388342285735e-16
1307,767.8716636461395,2.9916232014502085e-13,3.89599374880546e-16
1308,767.8812384683746,2.7060945701666085e-13,3.524105596803248e-16
1309,767.8949419476362,2.7206442420992173e-13,3.542990184567125e-16
1310,767.9193064947417,2.9222127832309024e-13,3.8053643898727947e-16
1311,767.9526336106308,2.668908393994507e-13,3.4753554805148357e-16
1312,767.9617445990489,2.6843061958291943e-13,3.4953644692687974e-16
1313,767.9954839060877,2.327253760281921e-13,3.030296152843658e-16
1314,767.9976989559865,2.339635955338268e-13,3.0464101110182507e-16
1315,768.0155427006232,2.7136269128987475e-13,3.5332968696917823e-16
1316,768.0721355923253,3.0336639955105927e-13,3.949712344623827e-16
1317,768.0802340290733,2.505245834435971e-13,3.261698092781727e-16
1318,768.1238149078343,2.751612001541012e-13,3.5822506061359037e-16
1319,768.1370433911106,2.8012969445373533e-13,3.6468713084977767e-16
1320,768.1628210222452,2.5579753791333305e-13,3.32999112835123e-16
1321,768.1970890572276,2.541162298387954e-13,3.3079561672208417e-16
1322,768.2440241112105,2.6219678710335255e-13,3.412936239975192e-16
1323,768.2594761372379,2.580338731231539e-13,3.3586812937281625e-16
1324,768.3276400082563,2.520169328277268e-13,3.2800711533040606e-16
1325,768.3748990495804,2.6608151000884843e-13,3.462912574811728e-16
1326,768.4535050637149,2.627147452809641e-13,3.4187461381828373e-16
1327,768.5048014844074,2.9441775849532456e-13,3.831046441435905e-16
1328,791.3269510857237,2.640660862303607e-13,3.337003571887123e-16
1329,791.4456791342196,2.456980867716937e-13,3.104421355113953e-16
1330,791.5068686910912,2.6699249670355166e-13,3.3732176847065785e-16
1331,791.5764860270376,2.6922028261274593e-13,3.4010646774511473e-16
1332,791.650507049327,2.711524066573619e-13,3.4251529461910226e-16
1333,791.736653476502,2.4390593436774904e-13,3.0806447231761e-16
1334,791.7746462702295,2.6710030329196807e-13,3.3734384467876457e-16
1335,791.878723807628,2.858970024082195e-13,3.610363478810586e-16
1336,791.9808376350375,2.574057565440657e-13,3.2501513207404656e-16
1337,801.3870919145654,2.890109016499947e-13,3.6063832892482586e-16
1338,801.4752664445017,2.7450569058843204e-13,3.425005138414215e-16
1339,801.5172976149215,2.725770679535252e-13,3.4007633866996253e-16
1340,801.5408638031566,2.5648874619772496e-13,3.1999459763128653e-16
1341,801.5602887878307,2.786672202323975e-13,3.4765597064921394e-16
1342,801.6139865747632,2.791640344245812e-13,3.4825244955795784e-16
1343,801.6232516662284,2.844081170062348e-13,3.547902539192485e-16
1344,801.6459166395067,2.9507726730606736e-13,3.6808927879659004e-16
1345,801.666300042796,3.026327269255832e-13,3.7750461371449384e-16
1346,801.6981714023373,2.6519983704828565e-13,3.307976075140546e-16
1347,801.7257170062335,3.027315285816597e-13,3.7759987257500675e-16
1348,801.7456849052363,2.867321853813998e-13,3.576348345613991e-16
1349,801.7913620262425,2.6338518437985105e-13,3.284959115975491e-16
1350,801.8029773778695,3.098590093150853e-13,3.864528045635537e-16
1351,801.8313872935158,2.5683079995513457e-13,3.203052462463906e-16
1352,801.8438683112607,2.5700488020443755e-13,3.2051736050025275e-16
1353,801.8629186372139,2.7039157239116087e-13,3.372042354205606e-16
1354,801.8756911973287,2.802964724357135e-13,3.4955102831111644e-16
1355,801.8901097896623,3.2322069735216175e-13,4.030735550996424e-16
1356,801.9074511231632,2.9866087104014935e-13,3.724380795088518e-16
1357,801.9136182187395,3.028727136883874e-13,3.776874551166086e-16
1358,801.9567246606899,2.970722675482954e-13,3.7043428705456333e-16
1359,801.9802775456023,2.558337024300283e-13,3.190024862119892e-16
1360,801.9919577917146,2.6613434794864826e-13,3.3184166669382737e-16
1361,802.0143572110851,2.7247856850460973e-13,3.39742756541321e-16
1362,802.0358633403663,2.7504544674989723e-13,3.4293409973510626e-16
1363,802.0566233849353,3.002071995979413e-13,3.742967651472922e-16
1364,802.0788758084348,3.0240317236862616e-13,3.770242322662178e-16
1365,802.0920412677472,3.6933044375854116e-13,4.604589308413977e-16
1366,802.1083933969795,2.7371841679663173e-13,3.4124866296114547e-16
1367,802.1319588638288,2.722996273133536e-13,3.39469864408656e-16
1368,802.1423046791248,3.3549625056391745e-13,4.1825028876655946e-16
1369,802.1578874229999,2.7531011918708355e-13,3.432118832260574e-16
1370,802.1984910926316,2.833557103248422e-13,3.532239383034722e-16
1371,802.2069964381989,2.904024614378013e-13,3.620043987738688e-16
1372,802.2400194707102,2.9705186151140633e-13,3.7027803936705965e-16
1373,802.2524889669603,2.863787521954347e-13,3.569683561395954e-16
1374,802.2662083235699,2.8610292699968897e-13,3.566184441415461e-16
1375,802.3159133614511,2.6259397432885034e-13,3.272949843767454e-16
1376,802.3292441317171,2.746105194526028e-13,3.4226662116720807e-16
1377,802.3415757713569,2.6427469071712737e-13,3.2937928021872527e-16
1378,802.3959824404432,2.2965658582029294e-13,2.862135290381254e-16
1379,802.4832588582778,2.7369300536937903e-13,3.4105758886331415e-16
1380,802.5140244373578,2.6133556315200274e-13,3.256461011198215e-16
1381,802.5459422820422,2.6835547954768067e-13,3.3438020854558295e-16
1382,806.1457314102053,2.6424566900999546e-13,3.277889576463374e-16
1383,806.2342987963085,2.9014148985952297e-13,3.598724220647749e-16
1384,806.3402328045487,2.6482040877689274e-13,3.2842266577200964e-16
1385,806.5005050076535,2.558389211443539e-13,3.172210303103605e-16
1386,806.6259698583099,2.8616143880850647e-13,3.5476348332644553e-16
1387,809.9958312244743,2.7531731430987976e-13,3.3989966824110856e-16
1388,810.049379502149,2.7337231387977285e-13,3.374761104659887e-16
1389,810.0762371566601,2.917496407948927e-13,3.6015084434389037e-16
1390,810.153538112289,2.593356505377439e-13,3.201067925248009e-16
1391,810.2241855858128,2.6998822571914446e-13,3.3322656929074026e-16
1392,810.2552552566744,2.9111112809089233e-13,3.592832335270365e-16
1393,810.3169624032456,2.9148107642906235e-13,3.597124211303501e-16
1394,810.349569042616,2.9939408792600017e-13,3.694628828885761e-16
1395,810.3767427337963,2.7204802811475365e-13,3.3570562155695986e-16
1396,810.4095825920239,2.392532341897309e-13,2.9522508041489396e-16
1397,810.422579809403,2.4616528621338514e-13,3.0374929369722006e-16
1398,810.4921239112942,2.618876344784579e-13,3.231217512819664e-16
1399,810.5030442958937,2.5866370730964916e-13,3.191397109857341e-16
1400,810.5746141761676,2.575223671898179e-13,3.177034694721501e-16
1401,810.6096055168457,2.9218063638505443e-13,3.6044556392686674e-16
1402,810.6232786337031,2.771281959771286e-13,3.4187051282838216e-16
1403,810.682163505869,2.631303457596803e-13,3.245789257552542e-16
1404,810.7277672734016,2.7063830647875e-13,3.338214347695861e-16
1405,810.7346905720241,2.6339864405087765e-13,3.2488882875485865e-16
1406,811.1485088009571,2.744587393556288e-13,3.383581876533741e-16
1407,811.3703694563053,2.8172608311096353e-13,3.4722254313988145e-16
1408,811.416972972721,2.8830480149015783e-13,3.5531029186377436e-16
1409,811.4435481421909,2.8955373915456565e-13,3.568378106123367e-16
1410,811.4475879367865,2.7152526037814213e-13,3.346183591087272e-16
1411,811.4598343549297,2.786958323023007e-13,3.4344994108531577e-16
1412,811.5144116385533,2.816164958536219e-13,3.470258714013489e-16
1413,811.5386189903788,2.913019613960506e-13,3.5895021454241364e-16
1414,811.5610154030082,2.763171239846568e-13,3.404760932823296e-16
1415,811.5834906534569,2.554203618549619e-13,3.1471852840341404e-16
1416,811.6320682346875,2.6193826224444133e-13,3.2273030169219555e-16
1417,811.6503364115628,2.7842872565588297e-13,3.4304023933121413e-16
1418,811.6691830354937,3.590478565024036e-13,4.4235738402637207e-16
1419,811.701912609839,2.820410199301796e-13,3.4746871425169146e-16
1420,811.7200926777383,3.383150713619593e-13,4.1678784893190275e-16
1421,811.7499104875977,2.810176099221638e-13,3.4618742335723033e-16
1422,811.7840162822251,3.1645020899658774e-13,3.8982069448207827e-16
1423,811.7891171301278,3.2596157785382815e-13,4.015347963842897e-16
1424,811.8008019725526,3.606924737109348e-13,4.443115513491818e-16
1425,811.8348808888246,2.8350466510831976e-13,3.49214688580428e-16
1426,811.8555265376556,2.8436173787484333e-13,3.502615041466421e-16
1427,811.8870126541947,2.8011023162318446e-13,3.450113467235511e-16
1428,811.9012756020528,2.9543624777129054e-13,3.6388198497682415e-16
1429,811.9179028080697,3.311962330136068e-13,4.079183768065017e-16
1430,811.9381139106498,2.6963802251306944e-13,3.320918403674568e-16
1431,811.9494841393966,2.3481675061314934e-13,2.8920118209328854e-16
1432,811.9822062817088,2.79686295818087e-13,3.444487990677135e-16
1433,811.9905831883959,2.858278774868343e-13,3.5200885749744866e-16
1434,812.0251150925953,2.5612005158788093e-13,3.1540902716866773e-16
1435,812.064848367731,2.6216852412910593e-13,3.2284185758818483e-16
1436,812.0824168308608,2.7262551898931244e-13,3.3571163879305424e-16
1437,812.0909692922003,2.870264725580513e-13,3.534412811020629e-16
1438,812.1139983707496,2.600901181026679e-13,3.20263064821511e-16
1439,812.150557229992,2.642071736043308e-13,3.2531797368392407e-16
1440,812.1672202739535,2.757849537653946e-13,3.3956671345633614e-16
1441,812.2015027999363,2.6960322407924986e-13,3.3194130169648215e-16
1442,812.3801791919288,2.71533866284934e-13,3.342448194083558e-16
1443,812.6329027715437,2.62595630931307e-13,3.231417655323892e-16
1444,834.4071803324497,2.6390125904448085e-13,3.1627395504834424e-16
1445,834.4502698759326,2.941611429385505e-13,3.525208793836053e-16
1446,834.4982834008338,2.6286856377042477e-13,3.1500192271115957e-16
1447,834.519571043887,2.7452544841578635e-13,3.2896226516579703e-16
1448,834.5598438488184,2.6313480682607476e-13,3.15297709044508e-16
1449,834.6015885067155,2.68566099749671e-13,3.217895861307841e-16
1450,834.6265861626882,2.7022477524745303e-13,3.237672747639744e-16
1451,834.6405304786358,2.745500601898815e-13,3.2894407851537845e-16
1452,834.692304148793,2.520991308118409e-13,3.020264228612098e-16
1453,834.7357553366792,2.6586148935602607e-13,3.1849778526474463e-16
1454,834.7810593298095,2.7028328395552503e-13,3.2377745150628787e-16
1455,834.7971523506799,2.5718338195670664e-13,3.080788922584508e-16
1456,834.8334552573789,2.7433055352983955e-13,3.2860512692949463e-16
1457,834.8433142962856,2.571603769300649e-13,3.080343011991814e-16
1458,834.8656165305945,2.929326681078201e-13,3.508740356623434e-16
1459,834.9113805125053,2.860246032177622e-13,3.4258079347557545e-16
1460,834.9291161775251,2.9474858698488395e-13,3.5302228808872157e-16
1461,834.9711825838976,3.1579692687333823e-13,3.782129652619563e-16
1462,835.0234797646457,2.571750400123022e-13,3.0798539950611676e-16
1463,835.0677426572937,2.5556439508468963e-13,3.060403150904268e-16
1464,835.084236250974,2.5894820623652085e-13,3.100863302114797e-16
1465,835.0954191568641,2.62659749429729e-13,3.145266318128265e-16
1466,835.1312654641538,2.549708871402781e-13,3.0530636043014025e-16
1467,835.1860555756989,2.610001183675604e-13,3.1250535928506544e-16
1468,835.2450962903262,2.619658052010766e-13,3.136394411228233e-16
1469,837.0929207314648,2.4618059730218745e-13,2.9408992861517812e-16
1470,837.2342427105023,2.79015660425396e-13,3.332587777610449e-16
1471,837.3096087134431,2.7984334418521783e-13,3.342172850675957e-16
1472,837.3569712582613,2.751855301148175e-13,3.2863586207601246e-16
1473,837.388258184831,2.745996262030464e-13,3.279239033017775e-16
1474,837.4055979506684,2.5876961447054944e-13,3.090134757921616e-16
1475,837.437275387346,2.6856344174497315e-13,3.2069678486756224e-16
1476,837.4762099390584,2.804468726590629e-13,3.3487144987613498e-16
1477,837.49288974235,2.8215051391033195e-13,3.368989962376086e-16
1478,837.5014205923853,2.679977878573047e-13,3.1999681584748037e-16
1479,837.5391649429014,2.817044885974896e-13,3.3634783946693955e-16
1480,837.572856668564,2.648170978208075e-13,3.161720150222087e-16
1481,837.5782996779326,2.788896355570384e-13,3.3297141970401767e-16
1482,837.628383716341,2.9971137469891467e-13,3.578094779562897e-16
1483,837.6469637863788,2.834037481348621e-13,3.3833316467095467e-16
1484,837.6926817081971,2.661705673636968e-13,3.177425005324506e-16
1485,837.6964404676421,2.728976775042996e-13,3.257715615360083e-16
1486,837.72600253283,2.779460470959901e-13,3.3178634333377705e-16
1487,837.7587650953802,2.62429048217331e-13,3.132513309931804e-16
1488,837.7798109612943,2.672799673227822e-13,3.190336694985487e-16
1489,837.7904434343419,2.654287495039383e-13,3.1681997757800887e-16
1490,837.8363118794024,2.554293327202725e-13,3.048678233428475e-16
1491,837.8899684191333,2.7680414396789687e-13,3.3035858454081956e-16
1492,837.9205415489375,2.719435042019791e-13,3.2454569463027855e-16
1493,837.9556540167601,2.6573735276033424e-13,3.171257947679164e-16
1494,837.9979433909377,2.6080770230643846e-13,3.112271388770796e-16
1495,838.0213782015613,2.593475950546907e-13,3.094761086062798e-16
1496,838.0433604491485,2.8288332862872114e-13,3.3755213868302723e-16
1497,838.0619989161066,2.636088040538584e-13,3.1454570711330713e-16
1498,838.1180383561469,2.797339822153918e-13,3.337644214937212e-16
1499,838.1712307053748,2.8694659841533855e-13,3.423484222595598e-16
1500,847.8296731765811,2.6699900822589417e-13,3.1492057505551016e-16
1501,847.9162205372332,2.8462799262679397e-13,3.356793816804871e-16
1502,848.0097289751116,2.720670332118519e-13,3.208300847452151e-16
1503,848.0644304133508,2.842225475054867e-13,3.35142634583737e-16
1504,848.1345547717009,2.7645480415048605e-13,3.2595630327183354e-16
1505,848.224526656187,2.584903939677069e-13,3.0474289040746102e-16
1506,848.2404318921963,2.5971585345612035e-13,3.0618188392265634e-16
1507,848.3351633781718,2.936617904697072e-13,3.4616246401989386e-16
1508,848.3624093748119,2.867644645098284e-13,3.3802118215157035e-16
1509,848.4528776191087,2.7936568955133783e-13,3.2926482651020244e-16
1510,848.4964826567324,2.6988014290888756e-13,3.180686643082647e-16
1511,848.5781292841997,2.387722505972258e-13,2.813792181971943e-16
1512,848.6009139256934,2.5924616811081733e-13,3.0549833715300226e-16
1513,848.6357785013654,2.551817607194031e-13,3.0069644385019587e-16
1514,848.7922982864169,2.732916852314388e-13,3.219771029769866e-16
1515,865.3389902935509,2.918808362088708e-13,3.3730230520394722e-16
1516,865.4831220446243,2.7936674443475776e-13,3.2278705074546054e-16
1517,865.5142099591145,2.640173359560327e-13,3.0504101829651585e-16
1518,865.5539677173191,2.90980798631713e-13,3.3617868958431523e-16
1519,865.598197151083,2.986477803073348e-13,3.450189490808382e-16
1520,865.6309206558909,2.9343026546141296e-13,3.3897849355829394e-16
1521,865.6382877483593,2.5115369053921127e-13,2.9013699381585294e-16
1522,865.6498332067202,3.171629087400973e-13,3.6638707312539577e-16
1523,865.6910628092461,3.1333946022729355e-13,3.6195298032819996e-16
1524,865.698508266249,2.591092826159115e-13,2.993066063320759e-16
1525,865.735867949553,2.985789611369355e-13,3.448845914679532e-16
1526,865.7679516942683,2.893534769173752e-13,3.342159713247917e-16
1527,865.7940634360657,2.96578115596019e-13,3.4255041483998315e-16
1528,865.8181672758233,2.9169259843965987e-13,3.3689821889211466e-16
1529,865.838663082248,2.8888495117805323e-13,3.336475529397922e-16
1530,865.8581185035285,3.204202535311256e-13,3.700609218573953e-16
1531,865.9029511173121,3.2317135157792017e-13,3.732189053760796e-16
1532,865.9127589101904,3.104130032582847e-13,3.584806899588365e-16
1533,865.9227271118478,3.3582546441908613e-13,3.8782382527270114e-16
1534,865.9306530232179,3.650396928631326e-13,4.2155765197671653e-16
1535,865.9639354870585,2.8274382362136386e-13,3.265076200457881e-16
1536,866.0139625017507,3.3664899455127307e-13,3.887339109161216e-16
1537,866.0263710428221,2.771371043116004e-13,3.200100061362876e-16
1538,866.060328795301,3.143023537849945e-13,3.6291046170212225e-16
1539,866.0804351022402,2.857332011820358e-13,3.2991531687043038e-16
1540,866.0939785371168,3.1541586570216803e-13,3.6418203280309585e-16
1541,866.1198841681799,2.782340575290544e-13,3.2124196963364946e-16
1542,866.1551872497145,3.927375889341195e-13,4.534263544402147e-16
1543,866.1582729202796,3.058815538175833e-13,3.531474135625284e-16
1544,866.179301566753,3.8629932352652324e-13,4.459807834564755e-16
1545,866.2146162429656,3.352485017078298e-13,3.870270662966919e-16
1546,866.2313521030269,3.163949651783649e-13,3.652545759400473e-16
1547,866.2463839003964,3.4504036746592985e-13,3.983166612625117e-16
1548,866.2649188206526,3.7342616225048353e-13,4.310761686608204e-16
1549,866.3106020513823,3.05621679645536e-13,3.5278533925573395e-16
1550,866.3263830733756,2.8668896449395246e-13,3.309248916983181e-16
1551,866.374277560015,2.858540184631676e-13,3.2994287326745577e-16
1552,866.3856071636476,3.25658365874432e-13,3.758815511035144e-16
1553,866.4194279751176,2.8151616280108037e-13,3.249190331050207e-16
1554,866.4891291758987,3.017842473439313e-13,3.4828393938531297e-16
1555,866.5044731753621,3.082205630660726e-13,3.557056802448789e-16
1556,866.5418803110952,2.9892567735142775e-13,3.44963912470233e-16
1557,866.5580794188846,2.7615110922372775e-13,3.1867582310110727e-16
1558,866.6641315420702,2.6235519862416757e-13,3.027184223689453e-16
1559,866.6737025254681,2.8607140788626954e-13,3.3007971402924047e-16
1560,866.6997581185497,2.7859144819538973e-13,3.214393976527258e-16
1561,866.7899379736087,2.9457206872275515e-13,3.3984251064497707e-16
1562,875.9708174732251,3.0976668104782493e-13,3.5362671320645136e-16
1563,876.177393173941,3.20179523801047e-13,3.654277390577277e-16
1564,876.2560406855652,2.703772271320589e-13,3.085596156581371e-16
1565,876.365082583669,2.8308895527046004e-13,3.230262831055147e-16
1566,876.4196925246137,2.8762654723881435e-13,3.2818357425342375e-16
1567,876.5384960894974,3.013744552488876e-13,3.4382341060137116e-16
1568,876.5767412079523,3.08718529498601e-13,3.5218653996360486e-16
1569,876.6609553897505,3.009411139665845e-13,3.432810736196076e-16
1570,876.8200304358,2.9705715023185475e-13,3.387891926741345e-16
1571,876.889641976562,2.8838059922274555e-13,3.2886760821204177e-16
1572,877.0490462419616,3.1619102180042275e-13,3.605169210949595e-16
1573,879.3131783281016,2.8783878162990306e-13,3.273450105424221e-16
1574,879.5573964511965,3.0901826026472704e-13,3.5133382029591443e-16
1575,879.5843100126854,2.722644574454297e-13,3.095376467566857e-16
1576,879.6226921392839,2.7610583617932905e-13,3.1389121568456426e-16
1577,879.6729061793313,2.9842682648372534e-13,3.392474911838283e-16
1578,879.6870304635381,3.16555719203485e-13,3.598503879688673e-16
1579,879.7345016142641,2.7643124869775345e-13,3.1422122036877875e-16
1580,879.7741753962654,2.871067241242258e-13,3.263413864073789e-16
1581,879.7996809866507,3.0291148445799354e-13,3.4429596987156628e-16
1582,879.8538426701277,3.0358546027855505e-13,3.4504078467993284e-16
1583,879.8663136416476,3.345357814703289e-13,3.802120575405718e-16
1584,879.8910399243614,3.951047984440065e-13,4.490383246520742e-16
1585,879.9093071431187,3.4695752531676055e-13,3.943105528037418e-16
1586,879.9164457978487,4.836121899760701e-13,5.496114912792239e-16
1587,879.9629038682427,3.0650361635184677e-13,3.4831424711710315e-16
1588,880.0020175336136,3.513712434724041e-13,3.9928458852536975e-16
1589,880.0154710618776,3.6483313318492334e-13,4.145758173372731e-16
1590,880.044815947369,3.278147616041432e-13,3.7249780427517245e-16
1591,880.0694314798161,3.2609995026676783e-13,3.705388900037562e-16
1592,880.1022938060548,3.870533452870212e-13,4.3978222532881484e-16
1593,880.1307875912063,3.1619426587073583e-13,3.5925827198491136e-16
1594,880.1739809501622,3.523195468749287e-13,4.002839830536617e-16
1595,880.2030750214619,3.2790841716442135e-13,3.725372319977705e-16
1596,880.2122689042322,3.1822496554843714e-13,3.6153207219503126e-16
1597,880.2520678694154,3.250590597273886e-13,3.692795184385875e-16
1598,880.2863981592474,3.7134109530251677e-13,4.2184122812646215e-16
1599,880.3019863363254,3.0394308353602356e-13,3.452713821548734e-16
1600,880.3191265030977,3.3178298839135884e-13,3.76889446568433e-16
1601,880.3734389008132,3.1445917384812235e-13,3.5718839296280806e-16
1602,880.4133068661732,2.802582544022524e-13,3.183257820123486e-16
1603,880.4457501829688,2.920851051128753e-13,3.3174685101515447e-16
1604,880.4777932706088,3.5707032842086353e-13,4.0554154931550943e-16
1605,880.5095062017408,2.9806862255702397e-13,3.385183469998006e-16
1606,880.543705213101,3.209347313618655e-13,3.644733696485808e-16
1607,880.5940358272562,2.944162430371434e-13,3.3433822063144006e-16
1608,880.625182986442,3.043435981422093e-13,3.4559947185486623e-16
1609,880.6586824398418,2.8912206804892577e-13,3.2830206959172953e-16
1610,880.7242463549924,2.938489012509105e-13,3.3364461404014673e-16
1611,880.7880661745527,2.97798175907561e-13,3.381042356772168e-16
1612,888.4215651258548,2.985504935322616e-13,3.3604597777854323e-16
1613,888.5109907852371,2.747934993381501e-13,3.092741701431251e-16
1614,888.5665214100559,2.9172334073059624e-13,3.283078235579525e-16
1615,888.6330546199632,2.81733355814428e-13,3.170412740666228e-16
1616,888.6363585884994,2.8120159909402475e-13,3.164416989877416e-16
1617,888.7330356292872,3.0168454407121995e-13,3.394546303295742e-16
1618,888.7717076407885,2.867919148251745e-13,3.226834431830115e-16
1619,888.8078364426999,3.4895027134665646e-13,3.9260485454681605e-16
1620,888.8639958240707,2.8040933580826165e-13,3.154693374077916e-16
1621,888.9128053556469,2.799943714459207e-13,3.1498519287715425e-16
1622,888.9467165830621,3.060784269106296e-13,3.4431583041010083e-16
1623,888.9945406349976,2.8416865606984706e-13,3.196517448429649e-16
1624,889.0484733974466,2.7466010703451444e-13,3.089371561315627e-16
1625,889.0685002649503,3.4752936172560155e-13,3.9089154730151243e-16
1626,889.1237277891262,2.930789811819042e-13,3.2962676849336524e-16
1627,889.1580239820956,2.8697968500304296e-13,3.22754423018986e-16
1628,889.2064755117108,2.9694878045400786e-13,3.3394806339340143e-16
1629,889.241762487142,2.845206139940182e-13,3.1995867265414477e-16
1630,889.2816644762806,2.960075418644476e-13,3.3286140228560047e-16
1631,889.3680716935623,3.1008086273523365e-13,3.486530184794784e-16
1632,889.4725088264165,3.123310505694039e-13,3.511418818120621e-16
1633,895.3344711257,2.986191132514201e-13,3.3352799750462823e-16
1634,895.5099712814017,3.0086723593757606e-13,3.3597307186547525e-16
1635,895.5991328694367,2.9336954508461813e-13,3.275679199740655e-16
1636,895.6572944762555,2.8564436511040564e-13,3.189214969520669e-16
1637,895.7751919794246,3.0876992881447005e-13,3.446957803465965e-16
1638,895.9842418748999,2.908193944091237e-13,3.2458092544191063e-16
1639,896.2712407550099,2.7967736777760493e-13,3.120454557283435e-16
1640,906.028618826463,3.2068585858040447e-13,3.539467207953917e-16
1641,906.2499281200841,3.356456854743042e-13,3.703676823131609e-16
1642,906.6448607653812,3.1143684467280467e-13,3.4350478136488037e-16
1643,909.743319442727,3.072429353889819e-13,3.3772486021352355e-16
1644,909.8820392750604,3.248010093506282e-13,3.5697045917008123e-16
1645,909.954365560166,2.9301404600155957e-13,3.2200960519726803e-16
1646,910.0561438255264,3.2934411291221493e-13,3.618942799812095e-16
1647,910.0692151470193,3.1896462071774396e-13,3.5048391420010403e-16
1648,910.0848638103646,3.2084228931236664e-13,3.5254106740008466e-16
1649,910.1354909563978,3.1297476023884217e-13,3.438771076930083e-16
1650,910.1640281621122,3.322333387237206e-13,3.6502578485176683e-16
1651,910.1893800074733,3.6853362285880736e-13,4.048977399140621e-16
1652,910.235214863681,3.2543508279356786e-13,3.575285568821964e-16
1653,910.2529343325401,3.4475872452080894e-13,3.7875046760888465e-16
1654,910.2765630075788,3.2845531531430464e-13,3.6083024507307893e-16
1655,910.3186754973442,4.4046443022397187e-13,4.838574029949767e-16
1656,910.3607510933574,3.2248245002979184e-13,3.542358890609963e-16
1657,910.3773811029397,2.9789169893948037e-13,3.2721781661422523e-16
1658,910.3908953828762,2.9686825731831454e-13,3.260887810103405e-16
1659,910.4139295991055,3.4674531872739737e-13,3.808655683465699e-16
1660,910.4373441091785,3.6809581361822553e-13,4.0430658518120266e-16
1661,910.4695242068278,3.494921672204325e-13,3.8385927033076585e-16
1662,910.5109654707074,3.203836029588774e-13,3.5187231687346948e-16
1663,910.5356439737196,3.3324333432463317e-13,3.6598603967913574e-16
1664,910.5724636353922,3.193189855900345e-13,3.5067937845954336e-16
1665,910.5827039793011,2.7925954943948917e-13,3.066822466746932e-16
1666,910.6000786489858,3.392452857295847e-13,3.725513468359314e-16
1667,910.623634562277,3.266732995349486e-13,3.5873580163771557e-16
1668,910.6461514166288,3.350271346837356e-13,3.679004563545975e-16
1669,910.6494230762361,3.846281514272164e-13,4.2236687541942997e-16
1670,910.6827016095642,3.198783798424185e-13,3.5125118691401205e-16
1671,910.7199270875461,3.2080708185344856e-13,3.5225657450955266e-16
1672,910.720751002871,4.0010940563097215e-13,4.393326990632179e-16
1673,910.7489605999928,3.106530107212611e-13,3.4109620121510307e-16
1674,910.772768315213,3.298002415264172e-13,3.621103451923535e-16
1675,910.8033094183547,3.6907181017216e-13,4.052157105224528e-16
1676,910.8141506214449,3.7638764805637934e-13,4.132430834540411e-16
1677,910.8180568543539,3.363804096552826e-13,3.693167994681864e-16
1678,910.8792067328603,3.397545513735285e-13,3.729962753153181e-16
1679,910.9149760861714,3.194307263632011e-13,3.50670188490768e-16
1680,910.9351185418852,3.333674496199153e-13,3.659617933640868e-16
1681,910.9548551114971,3.550136631245766e-13,3.8971597893413107e-16
1682,910.9768084824588,3.309023803015907e-13,3.632390827301312e-16
1683,911.0145337122449,2.934403747643281e-13,3.221028467774312e-16
1684,911.05084671095,3.7944444853855224e-13,4.164909674453537e-16
1685,911.0624369527452,3.386363846249416e-13,3.7169393763789423e-16
1686,911.0774166505919,3.636042752848521e-13,3.990926222511103e-16
1687,911.1416533390919,3.332384415416051e-13,3.6573724878055436e-16
1688,911.1831263122182,4.373552638825517e-13,4.799861314954721e-16
1689,911.1962961290318,3.8643542255566786e-13,4.2409678814250346e-16
1690,911.2435358057559,3.3396940128757917e-13,3.664985134761706e-16
1691,911.2690653266916,4.3933983135505257e-13,4.821186717202437e-16
1692,911.3093015139183,3.134359900819254e-13,3.4394029509106065e-16
1693,911.3377148589512,3.1956875498942235e-13,3.5065898160363347e-16
1694,911.3677371600896,3.090428378546857e-13,3.3909784739329613e-16
1695,911.3751294532419,3.3327863229533585e-13,3.6568765322274984e-16
1696,911.4650816789787,2.7725113537971526e-13,3.0418185068483417e-16
1697,911.5571477041798,2.9179562514987956e-13,3.2010678198814763e-16
1698,911.586214458448,3.016158109320098e-13,3.3086921033705264e-16
1699,911.6534467395403,2.9105229038282027e-13,3.192575988427914e-16
1700,911.7106600381766,2.926101793139473e-13,3.2094631788301637e-16
1701,911.7273792602592,2.947577656229902e-13,3.2329594605587626e-16
1702,911.8383510286941,3.201047888856237e-13,3.5105431628807473e-16
1703,931.2812776025371,3.1298123745860164e-13,3.3607594717713133e-16
1704,931.4400142651365,3.1810245846754837e-13,3.4151684874577417e-16
1705,931.530363196356,3.3179463569120353e-13,3.5618230902610416e-16
1706,931.6438597466039,3.118950404123389e-13,3.347792583500423e-16
1707,931.699563868154,2.875492313175868e-13,3.086287065797943e-16
1708,931.7933629233045,2.926542424156674e-13,3.1407633286582625e-16
1709,931.8314489752244,3.046951007015157e-13,3.269852085767251e-16
1710,931.8703116714266,3.0208362724523696e-13,3.241691718919685e-16
1711,931.9225219002078,3.4288518256841847e-13,3.6793314305707417e-16
1712,931.9668469659068,3.118738648529574e-13,3.346405141645198e-16
1713,931.985535392875,3.6145024446605e-13,3.87828169794161e-16
1714,932.0292901812244,3.052694240135224e-13,3.2753200701897e-16
1715,932.0600125819044,2.849375681194304e-13,3.057073195642449e-16
1716,932.0649402083027,3.1088682647129247e-13,3.335463153477416e-16
1717,932.1254586369455,3.2668713231181304e-13,3.5047549585173894e-16
1718,932.1446037643929,3.2043772558949846e-13,3.437639656931294e-16
1719,932.1551340161539,4.3725272881110264e-13,4.690772092057428e-16
1720,932.1904799853206,3.2037855189120334e-13,3.436835697960018e-16
1721,932.2095284656431,3.7524589766921465e-13,4.0253385769060447e-16
1722,932.2210546956758,3.631065811975327e-13,3.895069515631881e-16
1723,932.2482278349744,3.2485518894565104e-13,3.4846426010386214e-16
1724,932.2748770322256,4.022232805209855e-13,4.3144279700147063e-16
1725,932.2884951134123,3.9416937223557317e-13,4.2279763646297353e-16
1726,932.322840002621,3.463786241602334e-13,3.715221909175363e-16
1727,932.3317518134099,4.193010902515356e-13,4.497337878238984e-16
1728,932.3608797528692,2.9775316607321726e-13,3.1935398893198895e-16
1729,932.384491519767,3.528916038917622e-13,3.78482918904578e-16
1730,932.4135634600178,3.4074954367754655e-13,3.654489349265649e-16
1731,932.4492118872733,3.1762062238630265e-13,3.406304797485322e-16
1732,932.4847960888436,4.527932378543837e-13,4.855770729491264e-16
1733,932.5166628825783,3.1240791144648496e-13,3.350159025370929e-16
1734,932.5231969497196,4.0755649101640307e-13,4.3704702719408917e-16
1735,932.5499907146836,3.5442079224340484e-13,3.8005554208604447e-16
1736,932.5930891037981,4.191798239316005e-13,4.494777291717048e-16
1737,932.6284986029548,3.12111017717036e-13,3.3465738842911996e-16
1738,932.6340335050896,3.642990643083649e-13,3.906130928325991e-16
1739,932.6580325819803,4.0209275133457916e-13,4.3112559725821627e-16
1740,932.6763749087369,4.1637958429251797e-13,4.464352217919758e-16
1741,932.6945642545941,3.4907383758621363e-13,3.7426382758560634e-16
1742,932.7419870892946,3.5101008893395e-13,3.7632066937321924e-16
1743,932.7638266692126,3.682096239743315e-13,3.947511829325155e-16
1744,932.8087505351606,3.440042599320448e-13,3.6878326852603657e-16
1745,932.8775858578545,3.90928687516629e-13,4.1905679099057706e-16
1746,932.8878435233802,3.7444749395645083e-13,4.0138532896110825e-16
1747,932.8984259838285,3.7095654870226827e-13,3.976387336178212e-16
1748,932.9229542842969,3.7241207339373174e-13,3.9918845568488787e-16
1749,932.9659132935608,3.963600745278515e-13,4.2483875228476383e-16
1750,933.0217359175695,3.815528961222879e-13,4.089432018934201e-16
1751,933.0368168879806,3.001156993882454e-13,3.216547235394645e-16
1752,933.0576390313498,3.463734309182691e-13,3.71224044934518e-16
1753,933.110886391985,3.1861447047363194e-13,3.414540277261186e-16
1754,933.128932035745,4.0287369872019195e-13,4.317449442289495e-16
1755,933.1677986178199,3.557604062321873e-13,3.812394799296857e-16
1756,933.2054086629887,3.49803281212396e-13,3.7484060632863467e-16
1757,933.2452465656221,3.7633759771661095e-13,4.0325691355144596e-16
1758,933.2552323011681,3.1678780272637427e-13,3.394439074777612e-16
1759,933.3500766474551,3.2412915863928734e-13,3.472750115407312e-16
1760,933.3958696626622,3.4309960645687214e-13,3.6758209202368925e-16
1761,933.4178293147698,3.273619898074741e-13,3.507132385159103e-16
1762,933.4610637982497,3.2825770432326865e-13,3.5165655757251324e-16
1763,933.4657903888219,3.717494964796796e-13,3.98246513484798e-16
1764,933.4821258312047,2.87337136299928e-13,3.0781214588771383e-16
1765,933.5221422766417,2.9473872758185585e-13,3.157276236244993e-16
1766,933.5574791641687,2.889406911393853e-13,3.095049823799593e-16
1767,933.6669093085542,3.090957967382868e-13,3.310557476725762e-16
1768,933.7383160722255,2.991206909622072e-13,3.20347452614411e-16
1769,950.3995207058036,2.893980611576129e-13,3.045014805380948e-16
1770,950.5261896954619,3.2532879334012196e-13,3.422617881200661e-16
1771,950.6419969315895,3.1595280770643094e-13,3.323573003572739e-16
1772,950.6777653063737,3.0925986585650617e-13,3.253046164983583e-16
1773,950.7105136294933,3.476829627280023e-13,3.657085492834886e-16
1774,950.7983220003518,3.304398548280983e-13,3.4753937526193494e-16
1775,950.8172570667064,3.6756842065819113e-13,3.8658156225745034e-16
1776,950.8831334822346,4.4782293472596225e-13,4.709547566439499e-16
1777,950.8909142578765,3.2471472966567563e-13,3.4148473268261214e-16
1778,950.97100354212,3.525810821608187e-13,3.7075902508861547e-16
1779,950.9909056505519,4.112542233173507e-13,4.324481137240958e-16
1780,951.0212159693747,3.555260676039907e-13,3.738361054769987e-16
1781,951.0521895330712,4.0368797075367076e-13,4.244645826974706e-16
1782,951.068053400314,5.012470648065341e-13,5.270359602706098e-16
1783,951.0968476625991,4.0190326315780483e-13,4.2256817919806596e-16
1784,951.1139879012179,3.64532352263364e-13,3.832688372797059e-16
1785,951.180240755745,4.001988665556664e-13,4.2073925572475604e-16
1786,951.2085843502473,3.575580497147514e-13,3.7589867837346377e-16
1787,951.249666049261,3.5780900332272555e-13,3.761462590665406e-16
1788,951.2549810733923,5.108460741919359e-13,5.37023284351688e-16
1789,951.2929673592129,4.3644898419705024e-13,4.587955542325007e-16
1790,951.3617644576266,3.710856567975193e-13,3.900573584740144e-16
1791,951.3852155179103,4.0227339498023063e-13,4.228291426215227e-16
1792,951.4117395688376,4.464215251019359e-13,4.692201142107475e-16
1793,951.4172212478625,4.931954685229454e-13,5.183797996383528e-16
1794,951.427500484459,4.0285096291706094e-13,4.2341740459670606e-16
1795,951.4759674478113,4.414432968041617e-13,4.639563288059349e-16
1796,951.5114962677156,4.068087802394662e-13,4.275395324545897e-16
1797,951.5717734962881,3.5359186420924254e-13,3.7158717193771603e-16
1798,951.6209827787194,3.457577143550169e-13,3.633355302290723e-16
1799,951.6849176588588,3.194202726234062e-13,3.356365817051917e-16
1800,951.7080329541974,3.909250800967176e-13,4.1076156400954905e-16
1801,951.7969601135497,3.304416541899803e-13,3.4717662278576567e-16
1802,951.8475595165543,4.187801770327856e-13,4.3996559411833245e-16
1803,951.8687527185687,3.575719831343223e-13,3.756526118890707e-16
1804,951.9264562907878,3.28339529404881e-13,3.449211094355615e-16
1805,951.9377281338787,3.507603831430616e-13,3.6846988282591874e-16
1806,952.0162997385227,3.6872862774274714e-13,3.8731335571042305e-16
1807,952.0594410068555,3.200868487876386e-13,3.36204689540318e-16
1808,952.0871209195706,3.202966882797432e-13,3.3641531456741644e-16
1809,952.1505293295555,3.3332505033406937e-13,3.500760017103345e-16
1810,964.3221533831419,3.222924457667648e-13,3.3421657340968754e-16
1811,964.4836520454134,3.0430098582057227e-13,3.155066290395185e-16
1812,964.6108864410702,3.115949457427569e-13,3.2302656970043724e-16
1813,964.7555552231369,3.4879490063704017e-13,3.615370740792137e-16
1814,964.8463989913371,3.20066276702574e-13,3.317276999086854e-16
1815,964.9464039030823,3.289659389385976e-13,3.409162805394924e-16
1816,965.0607460060561,3.6896527001660955e-13,3.8232336310806094e-16
1817,965.1250825296711,3.696075653915977e-13,3.8296338172335786e-16
1818,965.1940194319664,3.7382379102825553e-13,3.8730429685863303e-16
1819,965.3218260066404,3.3726272833132585e-13,3.493785380638496e-16
1820,965.4198068218265,3.418792968356305e-13,3.541250080222626e-16
1821,965.5827911561987,3.207340362341e-13,3.3216627219510586e-16
1822,965.7530197460986,3.473834740028058e-13,3.5970218772304195e-16
1823,970.1619953801139,3.207627519309413e-13,3.3062803269804956e-16
1824,970.1797979174797,4.0812124966546845e-13,4.2066558234000855e-16
1825,970.268595710541,3.5176218532493687e-13,3.6254103954311393e-16
1826,970.3292941186428,3.9684748994251166e-13,4.0898228297123723e-16
1827,970.4935560439517,3.461174012395672e-13,3.5664059702823234e-16
1828,970.5430290090209,4.4475014952991805e-13,4.582487702621831e-16
1829,970.5883728457136,3.981605705368272e-13,4.1022598423412137e-16
1830,970.6240591166144,3.7897233018992325e-13,3.9044192922111783e-16
1831,970.6763043747413,4.70069103539006e-13,4.842696802429929e-16
1832,970.7897493961561,3.7291365136157535e-13,3.841343108469496e-16
1833,970.8267703782532,4.3374103942566164e-13,4.467749063580803e-16
1834,970.8927804993122,4.1355839628144873e-13,4.259568147872758e-16
1835,970.9472715075564,5.010273853011887e-13,5.160191495499655e-16
1836,970.9792940591367,3.906466025431596e-13,4.0232227909833014e-16
1837,971.0374752393385,4.1633768939032217e-13,4.287555321051893e-16
1838,971.0848055185689,4.306227273357299e-13,4.4344502651936055e-16
1839,971.1549176038153,4.1276790152271275e-13,4.2502786531849935e-16
1840,971.1748961808316,4.1807183342586543e-13,4.30480477893264e-16
1841,971.2406551712975,4.298649051009191e-13,4.4259360727141715e-16
1842,971.3206274934873,3.825485606009262e-13,3.938437522819839e-16
1843,971.3642233500487,3.73957664987019e-13,3.8498192129962413e-16
1844,971.4911340773324,4.005322968194765e-13,4.1228610614123566e-16
1845,971.593161370541,3.121632578616485e-13,3.2129009370682197e-16
1846,985.6220265860135,3.7432818859040797e-13,3.797887815951128e-16
1847,985.6762815024209,4.0904283133655464e-13,4.1498698813475507e-16
1848,985.8075244413011,3.98676816920384e-13,4.0441648804246145e-16
1849,985.9346294632985,3.8921229998653113e-13,3.9476481336130974e-16
1850,985.968971517419,4.805981734132987e-13,4.874374217615103e-16
1851,986.0216283378146,4.398856277257587e-13,4.4612168240903155e-16
1852,986.0712326954114,4.4122485230882985e-13,4.474573820622959e-16
1853,986.128532214476,4.665268675776063e-13,4.730893107108071e-16
1854,986.211059161408,4.4779153218927225e-13,4.540524343440612e-16
1855,986.225917885099,4.0038391005321943e-13,4.0597585481409595e-16
1856,986.2457827583293,3.862173751333132e-13,3.916035757873069e-16
1857,986.2789532511692,4.821976108752419e-13,4.889059117460897e-16
1858,986.324957741588,4.3436904949049486e-13,4.403914207799021e-16
1859,986.3441143535204,4.546976290814118e-13,4.6099289534407e-16
1860,986.4147740987634,4.345185738150362e-13,4.405029052936008e-16
1861,986.4349843635514,4.174151234719113e-13,4.2315523079428075e-16
1862,986.4699939293986,3.7730319693274835e-13,3.824781283309382e-16
1863,986.5137799184519,4.699652292046228e-13,4.763899286267157e-16
1864,986.5743750353658,4.3612229433647527e-13,4.420571883603216e-16
1865,986.5846827429107,4.2843921966816285e-13,4.3426502272163063e-16
1866,986.6008014719536,4.752840841286976e-13,4.817390006369346e-16
1867,986.73487352999,4.286178885900823e-13,4.3437999414850445e-16
1868,986.7425573718168,4.652749876019632e-13,4.715262194033877e-16
1869,986.7814664916336,4.5185364511786555e-13,4.5790649749875145e-16
1870,986.8180768981232,4.64438557214572e-13,4.706425308649059e-16
1871,986.8509587530311,4.3785980036097805e-13,4.4369395041602897e-16
1872,986.8957400767079,4.4021936040264095e-13,4.460647082825834e-16
1873,986.9360762597835,4.585302477056187e-13,4.645997433221029e-16
1874,986.9539777665299,4.967550315516635e-13,5.0332137337935125e-16
1875,987.053952445528,3.9991565432836315e-13,4.05160886431315e-16
1876,987.0904070261676,4.721220725603029e-13,4.782966881247252e-16
1877,987.11852349088,4.602826082241263e-13,4.662891003163096e-16
1878,987.2214937545662,4.563823667847782e-13,4.622897391031072e-16
1879,987.3192093372762,4.501499577717684e-13,4.559315300610074e-16
1880,987.3385916944995,3.7393975017889954e-13,3.787350695338801e-16
1881,988.223808086867,4.257060023124491e-13,4.3077893775559455e-16
1882,988.3699359560504,4.940107406984295e-13,4.998237226029875e-16
1883,988.3971176921339,4.3725781557143445e-13,4.4239082423916133e-16
1884,988.6400252225379,4.548608065846625e-13,4.60087387704413e-16
1885,988.7466297551001,5.236148512249633e-13,5.295743474287806e-16
1886,988.9946495835351,3.696160326546511e-13,3.737290518308629e-16
1887,989.1400781398155,4.973511017827919e-13,5.02811596430421e-16
1888,989.3023689274269,4.663620299224922e-13,4.714049461218904e-16
1889,989.4571279150942,4.2562052654892463e-13,4.3015560203781495e-16
1890,989.7500210770985,4.1313150782035144e-13,4.174099510205211e-16
1891,989.7808644466052,4.134341546525819e-13,4.1770271532147316e-16
1892,989.8804903566147,4.61419075752161e-13,4.661361449662777e-16
1893,990.0582246172614,4.2875999568279477e-13,4.3306543496322714e-16
1894,990.0799135436391,4.441721596035729e-13,4.486225339263944e-16
1895,990.1577882310278,4.2269949969748587e-13,4.269011512323325e-16
1896,990.17261084144,5.102097552877729e-13,5.15273548976679e-16
1897,990.1889475922582,5.196789111397298e-13,5.248280264119087e-16
1898,990.2431486792875,4.517317366449627e-13,4.561826428665008e-16
1899,990.2754620819611,4.587882497074245e-13,4.632935655528265e-16
1900,990.3114494798916,4.42401141583537e-13,4.467293009849423e-16
1901,990.3262871342358,4.645206084878157e-13,4.690581422735185e-16
1902,990.3624770355109,4.447408378491895e-13,4.490687482228213e-16
1903,990.458718907217,4.587113032216191e-13,4.631301582439699e-16
1904,990.4851503296214,4.265797676103448e-13,4.306776002329608e-16
1905,990.5658817012777,4.614973529748159e-13,4.658926392479854e-16
1906,990.635891426654,3.904701126855677e-13,3.941610798325066e-16
1907,990.652221622147,4.5384900025568293e-13,4.581315120986922e-16
1908,990.6947590667446,4.658158425044349e-13,4.701910838240865e-16
1909,990.7294950660043,4.788917032342626e-13,4.833728132847785e-16
1910,990.8036253792937,4.909848686710935e-13,4.955420590867716e-16
1911,990.8521482268516,4.712324740609485e-13,4.755830371909955e-16
1912,990.9409380579924,4.434691811306138e-13,4.475233226308194e-16
1913,990.9846845375636,4.4711701357602153e-13,4.511845849410536e-16
1914,991.04131804957,4.769000032088531e-13,4.812110196852554e-16
1915,991.0741699616973,4.554405926698484e-13,4.595423899378289e-16
1916,991.1396284782575,5.071760233722048e-13,5.117099637625181e-16
1917,991.2348649527902,4.576531098921892e-13,4.616999725024664e-16
1918,991.3514236447812,4.559996675691722e-13,4.599778208747143e-16
1919,1001.1178004831568,4.145607466112425e-13,4.1409786781452526e-16
1920,1001.2312330612656,4.551605020316678e-13,4.546007825185538e-16
1921,1001.3025589702737,4.707373774951391e-13,4.701250119436818e-16
1922,1001.3838155943581,4.915486571175817e-13,4.908693844086441e-16
1923,1001.457216383122,4.395410249928557e-13,4.3890145060845303e-16
1924,1001.4724390116456,5.235532591212438e-13,5.227834923125185e-16
1925,1001.5382435705325,4.768593369864636e-13,4.761269377856574e-16
1926,1001.5671559376033,4.2955232692687003e-13,4.2888020476744823e-16
1927,1001.6328703187932,4.3067991726215173e-13,4.299778192433698e-16
1928,1001.662289602043,4.832449618238279e-13,4.824430018382938e-16
1929,1001.6940237073445,5.042683918262912e-13,5.03415593875619e-16
1930,1001.7444589226732,4.58737234071036e-13,4.579383793790937e-16
1931,1001.812729044425,4.70504923775318e-13,4.696535691097748e-16
1932,1001.8188489959856,3.416048709969593e-13,3.409846713697919e-16
1933,1001.8907984662294,4.4018504305181067e-13,4.3935431259143154e-16
1934,1001.9294440991304,5.194352811760634e-13,5.184349898441259e-16
1935,1001.9530905202978,4.777963356080967e-13,4.768649751456777e-16
1936,1001.9991845746567,4.586493063309046e-13,4.577342111566676e-16
1937,1002.0308474150373,4.506739649128057e-13,4.497605698221966e-16
1938,1002.0369322997379,3.2914971039631315e-13,3.2848061761645234e-16
1939,1002.0694488036501,4.3846758573859393e-13,4.375620734292132e-16
1940,1002.1241359277715,4.531064191228262e-13,4.521459995605615e-16
1941,1002.1562756861615,4.1282443623840016e-13,4.119361882514236e-16
1942,1002.1871353819645,4.3184922519148053e-13,4.309067737403049e-16
1943,1002.2341769386121,4.134830532598563e-13,4.125613182767989e-16
1944,1002.2626832145232,4.001291666903523e-13,3.992258450719042e-16
1945,1002.2921598302725,4.494466942054e-13,4.48418846538228e-16
1946,1002.3231132188444,3.923503840102721e-13,3.914410221972078e-16
1947,1002.3330153656623,4.0824856459188194e-13,4.0729833132648863e-16
1948,1002.3784070589775,5.034235388179515e-13,5.022290337388834e-16
1949,1002.4508941198961,4.622817512550037e-13,4.611515177118624e-16
1950,1002.5049656798632,4.389253137340614e-13,4.378285681970641e-16
1951,1002.5234850217125,4.4069853102392225e-13,4.395892341757736e-16
1952,1002.5488555817049,3.0311295256217755e-13,3.023423256378898e-16
1953,1002.5583165333098,5.075824462919595e-13,5.062872033689774e-16
1954,1002.645462413841,4.217924763047245e-13,4.2067958427625147e-16
1955,1002.6760519797807,4.695044037878888e-13,4.682513388654828e-16
1956,1002.7070712795104,4.994770544352153e-13,4.981285848496656e-16
1957,1002.7169536437657,3.526189877816837e-13,3.5166353426089406e-16
1958,1002.783735983541,4.668579181735265e-13,4.655619167134051e-16
1959,1002.8576225903405,3.711253507501754e-13,3.700678365405188e-16
1960,1002.869119195234,4.649054733378034e-13,4.635754202012652e-16
1961,1002.9487900294331,4.912008676949111e-13,4.897566780857236e-16
1962,1002.9729334916876,4.221194119415292e-13,4.208681987777964e-16
1963,1003.0271130175144,4.324498485727287e-13,4.3114472476396303e-16
1964,1003.0809924715503,5.001136477441065e-13,4.98577534115014e-16
1965,1003.1068162518367,3.910143665301372e-13,3.898033192428935e-16
1966,1003.1159307579874,4.87627151087932e-13,4.861124583271895e-16
1967,1003.1736562911963,5.176226163640552e-13,5.159850571412955e-16
1968,1003.2248794396055,4.914651099829999e-13,4.898852889867813e-16
1969,1003.3469964644746,5.155574046201561e-13,5.138375920163632e-16
1970,1003.4006800312359,5.219354595422724e-13,5.201665395782117e-16
1971,1003.4851182680319,4.4750844943389473e-13,4.459542461439521e-16
1972,1003.752273513127,4.622889155899375e-13,4.605607656278865e-16
1973,1003.9936406101847,4.599527112905065e-13,4.581231321455052e-16
1974,1004.2539890860133,4.495428799551385e-13,4.476386301081803e-16
1975,1009.9842981708308,4.1399751248175384e-13,4.0990489974105465e-16
1976,1018.5051253558566,4.1841882055140674e-13,4.1081660772714807e-16
1977,1018.5848040992493,4.5367198076305594e-13,4.453944128532777e-16
1978,1018.626671772766,4.777050436083626e-13,4.689696989545631e-16
1979,1018.7421602105627,5.078866134070337e-13,4.985428435611805e-16
1980,1018.7765484820184,4.585198072289728e-13,4.500690636353668e-16
1981,1018.9097248956657,5.060506202720809e-13,4.966589364174529e-16
1982,1018.9411270297493,5.065033013405464e-13,4.970878963508148e-16
1983,1019.0339834289506,4.460773317429508e-13,4.377452950508518e-16
1984,1019.1195690013078,5.600251316336477e-13,5.495185733529262e-16
1985,1019.2137798229354,4.870671942943466e-13,4.778852130305412e-16
1986,1019.2729433632632,5.329181919594369e-13,5.228414973922327e-16
1987,1019.3628373647236,5.014607906461741e-13,4.919355231181079e-16
1988,1019.3908569744747,4.884720285392169e-13,4.79180311651008e-16
1989,1019.5115728499246,5.544840202777255e-13,5.438722178775575e-16
1990,1019.6094125674374,4.63355682991714e-13,4.544442972774807e-16
1991,1019.6633909917975,4.68735494719762e-13,4.596963065074214e-16
1992,1019.782332597785,5.555361666486671e-13,5.447595520050823e-16
1993,1019.9921165147446,4.436057086747521e-13,4.349109189103615e-16
1994,1020.1180683659786,4.595753265809356e-13,4.505118974287768e-16
1995,1024.2304005887654,4.757748811545825e-13,4.645193902476333e-16
1996,1024.4429037273499,4.829449447360574e-13,4.714220216460113e-16
1997,1024.626805580907,4.4897298174405933e-13,4.381819598107394e-16
1998,1024.6835867711086,4.2020183179139457e-13,4.100795964884117e-16
1999,1024.702622154791,4.5150018005831975e-13,4.4061581408749083e-16
2000,1024.7729081672405,4.974334011832483e-13,4.854084228991624e-16
