action,lambda,multiplicity,bracket_a,bracket_b
confirm,5.272851920846101,1,0.0,6.565699074779573
confirm,7.858546228713045,1,6.565699074779573,8.93328967665107
confirm,10.008033124589094,1,8.93328967665107,10.587231565616529
confirm,11.166430006643964,1,10.587231565616529,12.262148104620962
confirm,13.35786620259796,1,12.262148104620962,13.843582761326715
confirm,14.329299320055473,1,13.843582761326715,14.779674203287602
confirm,15.230049086519733,1,14.779674203287602,15.962785178057242
confirm,16.695521269594753,1,15.962785178057242,17.035234689727105
confirm,17.37494810985946,1,17.035234689727105,17.776494992839055
confirm,18.17804187581865,1,17.776494992839055,19.121391785987615
confirm,20.06474169615658,1,19.121391785987615,20.494416172449082
confirm,20.924090648741583,2,20.494416172449082,21.503072482586745
confirm,22.082054316431904,1,21.503072482586745,22.382872979558332
confirm,22.68369164268476,1,22.382872979558332,24.004987899312447
confirm,25.32628415594013,1,24.004987899312447,25.40897598337296
confirm,25.491667810805797,1,25.40897598337296,25.58152761795816
confirm,25.67138742511052,1,25.58152761795816,25.73137194970471
confirm,25.7913564742989,1,25.73137194970471,26.64132717976302
confirm,27.49129788522714,1,26.64132717976302,27.68359288109111
confirm,27.87588787695508,1,27.68359288109111,28.18870763618046
confirm,28.50152739540584,1,28.18870763618046,28.86832504644105
confirm,29.235122697476257,1,28.86832504644105,29.82905710706648
confirm,30.4229915166567,1,29.82905710706648,30.549466621878032
confirm,30.675941727099364,1,30.549466621878032,31.02312298523132
confirm,31.37030424336328,1,31.02312298523132,31.704283951035297
confirm,32.038263658707315,1,31.704283951035297,32.822113313032055
confirm,33.605962967356795,1,32.822113313032055,33.68032313173502
confirm,33.75468329611326,2,33.68032313173502,34.15477142220552
confirm,34.554859548297784,1,34.15477142220552,35.20765350260992
confirm,35.86044745692206,1,35.20765350260992,36.0179152831024
confirm,36.175383109282734,1,36.0179152831024,36.343599223150584
confirm,36.51181533701843,1,36.343599223150584,36.9490293132243
confirm,37.38624328943017,1,36.9490293132243,37.53192317972605
confirm,37.67760307002193,1,37.53192317972605,38.40940119947024
confirm,39.14119932891855,1,38.40940119947024,39.19231512534397
confirm,39.24343092176938,1,39.19231512534397,39.42428309046136
confirm,39.60513525915333,1,39.42428309046136,40.0081594728297
confirm,40.41118368650608,2,40.0081594728297,40.45552029822048
confirm,40.49985690993488,1,40.45552029822048,41.17086102263862
confirm,41.84186513534237,1,41.17086102263862,42.22472694340133
confirm,42.60758875146029,1,42.22472694340133,42.811182111062564
confirm,43.01477547066483,1,42.811182111062564,43.16750693596744
confirm,43.320238401270046,1,43.16750693596744,44.03271662727031
confirm,44.745194853270576,1,44.03271662727031,45.05074990111949
confirm,45.35630494896839,1,45.05074990111949,45.74963200952416
confirm,46.142959070079925,1,45.74963200952416,46.544435065327654
confirm,46.94591106057538,1,46.544435065327654,47.01840907712956
confirm,47.09090709368374,1,47.01840907712956,47.35417562506804
confirm,47.617444156452336,1,47.35417562506804,47.685352471139126
confirm,47.75326078582592,1,47.685352471139126,47.859995185419
confirm,47.96672958501208,2,47.859995185419,48.09377985974496
confirm,48.22083013447784,1,48.09377985974496,48.345330153525424
confirm,48.469830172573,1,48.345330153525424,49.10516706754609
confirm,49.74050396251919,1,49.10516706754609,49.809865323633815
confirm,49.87922668474843,1,49.809865323633815,50.037138550431756
confirm,50.19505041611508,1,50.037138550431756,50.57633969020545
confirm,50.95762896429582,1,50.57633969020545,51.523681642998355
confirm,52.08973432170088,1,51.523681642998355,52.3485180912008
confirm,52.60730186070072,1,52.3485180912008,52.98810663960083
confirm,53.36891141850093,1,52.98810663960083,53.80755756011001
confirm,54.24620370171909,1,53.80755756011001,54.29660237976263
confirm,54.34700105780617,1,54.29660237976263,54.52043363415409
confirm,54.693866210502016,1,54.52043363415409,54.88568295363207
confirm,55.07749969676213,1,54.88568295363207,55.244766865242376
confirm,55.41203403372262,1,55.244766865242376,55.588417872042434
confirm,55.76480171036225,1,55.588417872042434,55.80171345593685
confirm,55.83862520151144,1,55.80171345593685,55.98247253954611
confirm,56.12631987758077,1,55.98247253954611,56.60486881041698
confirm,57.08341774325319,1,56.60486881041698,57.337465205427634
confirm,57.59151266760208,1,57.337465205427634,57.734262230047946
confirm,57.8770117924938,1,57.734262230047946,57.96763507145685
confirm,58.05825835041989,1,57.96763507145685,58.40562706819191
confirm,58.75299578596393,1,58.40562706819191,59.10762806979347
confirm,59.46226035362301,1,59.10762806979347,59.95762785519561
confirm,60.45299535676821,1,59.95762785519561,60.87615803348353
confirm,61.29932071019884,2,60.87615803348353,61.4019289616949
confirm,61.50453721319096,1,61.4019289616949,61.7576567413305
confirm,62.01077626947004,1,61.7576567413305,62.15131241722149
confirm,62.29184856497294,2,62.15131241722149,62.431608438706476
confirm,62.571368312440015,1,62.431608438706476,63.15819728583761
confirm,63.7450262592352,1,63.15819728583761,64.04884862352226
confirm,64.35267098780932,1,64.04884862352226,64.42758682834683
confirm,64.50250266888435,1,64.42758682834683,64.57616051203428
confirm,64.6498183551842,1,64.57616051203428,64.80899695530661
confirm,64.96817555542901,2,64.80899695530661,65.1905846719247
confirm,65.41299378842038,1,65.1905846719247,65.74324675685627
confirm,66.07349972529215,1,65.74324675685627,66.12405258047721
confirm,66.17460543566227,1,66.12405258047721,66.39013963685042
confirm,66.60567383803858,1,66.39013963685042,67.04805358960652
confirm,67.49043334117447,1,67.04805358960652,67.72122254469687
confirm,67.95201174821929,1,67.72122254469687,68.68307695386474
confirm,69.4141421595102,1,68.68307695386474,69.70089341149657
confirm,69.98764466348291,3,69.70089341149657,70.35364433987398
confirm,70.71964401626505,1,70.35364433987398,70.77899049464995
confirm,70.83833697303483,1,70.77899049464995,70.88168809762016
confirm,70.92503922220548,1,70.88168809762016,71.24116481908
confirm,71.55729041595451,1,71.24116481908,71.61974991527842
confirm,71.68220941460231,1,71.61974991527842,71.88298892434548
confirm,72.08376843408865,1,71.88298892434548,72.2551174434661
confirm,72.42646645284356,1,72.2551174434661,72.95997511976111
confirm,73.49348378667865,1,72.95997511976111,73.53771826821594
confirm,73.58195274975321,1,73.53771826821594,73.79715617829851
confirm,74.01235960684382,1,73.79715617829851,74.0976349327286
confirm,74.18291025861336,2,74.0976349327286,74.34302549963255
confirm,74.50314074065173,1,74.34302549963255,74.68330103297953
confirm,74.86346132530733,1,74.68330103297953,75.1816776518445
confirm,75.49989397838168,1,75.1816776518445,75.66744042675597
confirm,75.83498687513026,1,75.66744042675597,75.95546279525973
confirm,76.07593871538923,1,75.95546279525973,76.1323938705695
confirm,76.18884902574979,1,76.1323938705695,77.08446734640329
confirm,77.98008566705678,2,77.08446734640329,78.16693033793385
confirm,78.35377500881091,1,78.16693033793385,78.47134008456624
confirm,78.58890516032157,1,78.47134008456624,78.97890035009524
confirm,79.3688955398689,2,78.97890035009524,79.45340449478043
confirm,79.53791344969196,1,79.45340449478043,79.57533661402363
confirm,79.6127597783553,1,79.57533661402363,79.66467534727894
confirm,79.71659091620259,1,79.66467534727894,80.00043258964578
confirm,80.28427426308896,1,80.00043258964578,80.35589996600851
confirm,80.42752566892807,1,80.35589996600851,80.83276985389026
confirm,81.23801403885246,1,80.83276985389026,81.53077245894119
confirm,81.8235308790299,1,81.53077245894119,82.11120893634398
confirm,82.39888699365808,1,82.11120893634398,82.49294576305519
confirm,82.58700453245231,1,82.49294576305519,82.65607807215471
confirm,82.72515161185711,1,82.65607807215471,82.96635438541449
confirm,83.20755715897187,1,82.96635438541449,83.79816815749895
confirm,84.38877915602603,1,83.79816815749895,84.42969850640397
confirm,84.4706178567819,1,84.42969850640397,84.5654752650544
confirm,84.66033267332689,1,84.5654752650544,84.75161002423502
confirm,84.84288737514314,1,84.75161002423502,84.96728885432873
confirm,85.09169033351431,1,84.96728885432873,85.33177881536534
confirm,85.57186729721639,2,85.33177881536534,85.65625907225996
confirm,85.74065084730354,1,85.65625907225996,85.91973203321757
confirm,86.09881321913161,1,85.91973203321757,86.30739657855017
confirm,86.51597993796871,1,86.30739657855017,86.8889541513251
confirm,87.26192836468147,1,86.8889541513251,87.29984674766087
confirm,87.33776513064025,1,87.29984674766087,87.62357402432292
confirm,87.90938291800559,2,87.62357402432292,88.0962381722531
confirm,88.28309342650059,1,88.0962381722531,88.32892822656204
confirm,88.3747630266235,1,88.32892822656204,88.70715982720071
confirm,89.03955662777794,1,88.70715982720071,89.21906366900126
confirm,89.39857071022456,1,89.21906366900126,89.43883644976714
confirm,89.4791021893097,1,89.43883644976714,89.932475916745
confirm,90.38584964418033,1,89.932475916745,90.86590043685318
confirm,91.34595122952604,1,90.86590043685318,91.57960670761017
confirm,91.8132621856943,1,91.57960670761017,91.84524552072406
confirm,91.87722885575384,1,91.84524552072406,91.91343868403166
confirm,91.94964851230948,1,91.91343868403166,92.06508849595286
confirm,92.18052847959626,1,92.06508849595286,92.33177216551404
confirm,92.48301585143182,1,92.33177216551404,92.56848277852129
confirm,92.65394970561076,1,92.56848277852129,93.23327457877502
confirm,93.81259945193928,1,93.23327457877502,94.04137078608923
confirm,94.2701421202392,1,94.04137078608923,94.59623583661083
confirm,94.92232955298246,1,94.59623583661083,95.01865013804682
confirm,95.11497072311118,1,95.01865013804682,95.19122493112772
confirm,95.26747913914424,1,95.19122493112772,95.30215578927982
confirm,95.33683243941542,1,95.30215578927982,95.39238986232647
confirm,95.44794728523752,1,95.39238986232647,95.55690289225839
confirm,95.66585849927928,2,95.55690289225839,95.848606635853
confirm,96.03135477242672,1,95.848606635853,96.17307810336004
confirm,96.31480143429336,1,96.17307810336004,96.35486532314627
confirm,96.3949292119992,1,96.35486532314627,96.68621498378883
confirm,96.97750075557846,1,96.68621498378883,97.03181422982293
confirm,97.0861277040674,1,97.03181422982293,97.15928835939843
confirm,97.23244901472948,1,97.15928835939843,97.40835329271215
confirm,97.58425757069482,1,97.40835329271215,97.62959385247493
confirm,97.67493013425504,1,97.62959385247493,97.7738218943702
confirm,97.87271365448537,1,97.7738218943702,98.44162036191679
confirm,99.0105270693482,1,98.44162036191679,99.12348168396397
confirm,99.23643629857976,1,99.12348168396397,99.69046793515167
confirm,100.1444995717236,1,99.69046793515167,100.25237130537646
confirm,100.36024303902931,1,100.25237130537646,100.46505403466307
confirm,100.56986503029682,1,100.46505403466307,100.63394128613814
confirm,100.69801754197944,1,100.63394128613814,100.97621331333626
confirm,101.25440908469308,1,100.97621331333626,101.47942464819465
confirm,101.70444021169624,1,101.47942464819465,101.75200495763141
confirm,101.7995697035666,1,101.75200495763141,101.91441483856553
confirm,102.02925997356446,1,101.91441483856553,102.2320545667412
confirm,102.43484915991792,1,102.2320545667412,102.6265628041763
confirm,102.81827644843467,1,102.6265628041763,102.98349364261433
confirm,103.148710836794,1,102.98349364261433,103.21751972082171
confirm,103.28632860484944,1,103.21751972082171,103.8266581489645
confirm,104.36698769307957,2,103.8266581489645,104.42446788819811
confirm,104.48194808331664,1,104.42446788819811,104.51335487333608
confirm,104.54476166335552,1,104.51335487333608,104.96380822316924
confirm,105.38285478298296,1,104.96380822316924,105.4335425992237
confirm,105.48423041546444,1,105.4335425992237,105.95634077210066
confirm,106.42845112873688,1,105.95634077210066,106.60731112425002
confirm,106.78617111976315,2,106.60731112425002,106.82240833854782
confirm,106.85864555733248,2,106.82240833854782,107.07165172175533
confirm,107.2846578861782,1,107.07165172175533,107.41202393855144
confirm,107.53938999092468,2,107.41202393855144,107.58697249973578
confirm,107.63455500854688,1,107.58697249973578,107.78722923967476
confirm,107.93990347080262,2,107.78722923967476,108.25499070048225
confirm,108.57007793016189,1,108.25499070048225,108.92281764218191
confirm,109.27555735420192,1,108.92281764218191,109.43179431699093
confirm,109.58803127977993,1,109.43179431699093,109.78568124601497
confirm,109.98333121225004,1,109.78568124601497,110.06252136956391
confirm,110.1417115268778,2,110.06252136956391,110.28461052393078
confirm,110.42750952098376,1,110.28461052393078,111.20901396205213
confirm,111.99051840312048,1,111.20901396205213,112.02897989845033
confirm,112.0674413937802,2,112.02897989845033,112.17002490276138
confirm,112.27260841174255,1,112.17002490276138,112.56919072598888
confirm,112.8657730402352,1,112.56919072598888,112.89007255521254
confirm,112.91437207018988,1,112.89007255521254,113.01471493911376
confirm,113.11505780803762,1,113.01471493911376,113.39682689470328
confirm,113.67859598136896,1,113.39682689470328,113.95416547725267
confirm,114.2297349731364,1,113.95416547725267,114.33641129676968
confirm,114.44308762040296,3,114.33641129676968,114.53459867513223
confirm,114.62610972986148,1,114.53459867513223,114.89779286070522
confirm,115.16947599154896,1,114.89779286070522,115.25472022764379
confirm,115.33996446373862,1,115.25472022764379,115.63372053955717
confirm,115.92747661537572,1,115.63372053955717,116.1604579253358
confirm,116.3934392352959,1,116.1604579253358,116.64831663741417
confirm,116.90319403953244,1,116.64831663741417,117.08549076705954
confirm,117.26778749458664,1,117.08549076705954,117.32609254136085
confirm,117.38439758813507,1,117.32609254136085,117.65366635196483
confirm,117.9229351157946,1,117.65366635196483,118.03016835557264
confirm,118.1374015953507,1,118.03016835557264,118.20332603231506
confirm,118.26925046927944,2,118.20332603231506,118.56814072021811
confirm,118.86703097115677,3,118.56814072021811,119.0997865301799
confirm,119.33254208920305,1,119.0997865301799,119.38049159190913
confirm,119.42844109461522,1,119.38049159190913,119.53608036708457
confirm,119.6437196395539,1,119.53608036708457,119.8191882621195
confirm,119.99465688468509,1,119.8191882621195,120.05406539395726
confirm,120.11347390322943,1,120.05406539395726,120.16059437012734
confirm,120.20771483702526,2,120.16059437012734,120.23478833239
confirm,120.26186182775471,1,120.23478833239,120.43631103477136
confirm,120.610760241788,1,120.43631103477136,120.77264225450179
confirm,120.9345242672156,1,120.77264225450179,121.34530345433802
confirm,121.75608264146044,1,121.34530345433802,122.02181568935265
confirm,122.28754873724488,1,122.02181568935265,122.66453336697252
confirm,123.04151799670016,1,122.66453336697252,123.28424353959925
confirm,123.52696908249833,1,123.28424353959925,123.62678399731678
confirm,123.72659891213522,1,123.62678399731678,123.7880200816605
confirm,123.8494412511858,1,123.7880200816605,124.11766303530354
confirm,124.38588481942128,3,124.11766303530354,124.72248060003915
confirm,125.059076380657,1,124.72248060003915,125.09860810088102
confirm,125.13813982110504,1,125.09860810088102,125.26073353234176
confirm,125.38332724357848,1,125.26073353234176,125.64873084875174
confirm,125.914134453925,1,125.64873084875174,126.21879292790442
confirm,126.52345140188385,1,126.21879292790442,126.5983935110572
confirm,126.67333562023056,2,126.5983935110572,126.75712079436353
confirm,126.8409059684965,1,126.75712079436353,126.93258430760099
confirm,127.02426264670548,1,126.93258430760099,127.06188798471834
confirm,127.0995133227312,1,127.06188798471834,127.71051115780855
confirm,128.3215089928859,1,127.71051115780855,128.8686170355616
confirm,129.4157250782373,1,128.8686170355616,129.50394563435017
confirm,129.59216619046305,1,129.50394563435017,129.76696948675115
confirm,129.94177278303926,1,129.76696948675115,130.03904149540546
confirm,130.13631020777163,1,130.03904149540546,130.2308276428331
confirm,130.32534507789455,1,130.2308276428331,130.56306979512968
confirm,130.8007945123648,1,130.56306979512968,130.84890755842574
confirm,130.89702060448667,2,130.84890755842574,130.92670412773703
confirm,130.95638765098738,1,130.92670412773703,131.0012196019427
confirm,131.046051552898,1,131.0012196019427,131.27169658856315
confirm,131.49734162422828,3,131.27169658856315,131.5449941644064
confirm,131.59264670458452,1,131.5449941644064,131.7006396966841
confirm,131.8086326887837,1,131.7006396966841,131.87772994991576
confirm,131.94682721104783,1,131.87772994991576,132.02683564283137
confirm,132.1068440746149,1,132.02683564283137,132.13669714862948
confirm,132.16655022264408,1,132.13669714862948,132.65853111175426
confirm,133.1505120008644,1,132.65853111175426,133.2174566862441
confirm,133.2844013716238,1,133.2174566862441,133.45978001703523
confirm,133.63515866244666,1,133.45978001703523,133.67564346311877
confirm,133.7161282637909,1,133.67564346311877,133.83261659395325
confirm,133.9491049241156,1,133.83261659395325,134.02207020781285
confirm,134.0950354915101,1,134.02207020781285,134.35985343548165
confirm,134.62467137945322,1,134.35985343548165,134.654661291328
confirm,134.6846512032028,2,134.654661291328,134.84023699439334
confirm,134.99582278558387,1,134.84023699439334,135.07020193772544
confirm,135.14458108986702,1,135.07020193772544,135.28547810242043
confirm,135.4263751149738,1,135.28547810242043,135.45138742634106
confirm,135.4763997377083,1,135.45138742634106,135.88419742779632
confirm,136.29199511788437,1,135.88419742779632,136.39857102746674
confirm,136.5051469370491,1,136.39857102746674,136.57020837180366
confirm,136.63526980655823,1,136.57020837180366,136.8761860987322
confirm,137.11710239090615,1,136.8761860987322,137.19199824144044
confirm,137.2668940919747,1,137.19199824144044,137.37021756220082
confirm,137.47354103242697,1,137.37021756220082,137.6903576688703
confirm,137.90717430531362,1,137.6903576688703,138.286770619809
confirm,138.6663669343044,1,138.286770619809,138.72536644865193
confirm,138.78436596299946,1,138.72536644865193,138.84082832875785
confirm,138.89729069451624,1,138.84082832875785,139.16396026747805
confirm,139.43062984043985,1,139.16396026747805,139.730685151161
confirm,140.03074046188215,2,139.730685151161,140.3437683411948
confirm,140.65679622050746,1,140.3437683411948,141.01744213227522
confirm,141.37808804404295,1,141.01744213227522,141.50506876671645
confirm,141.63204948938994,2,141.50506876671645,141.74218947850048
confirm,141.852329467611,1,141.74218947850048,141.97541800232693
confirm,142.09850653704282,1,141.97541800232693,142.19244679057596
confirm,142.28638704410912,3,142.19244679057596,142.6792655290937
confirm,143.07214401407828,1,142.6792655290937,143.51573174096757
confirm,143.9593194678569,1,143.51573174096757,144.0279120390212
confirm,144.0965046101855,1,144.0279120390212,144.23460911520718
confirm,144.37271362022886,1,144.23460911520718,144.46688397324897
confirm,144.56105432626907,1,144.46688397324897,144.5818609765284
confirm,144.6026676267877,1,144.5818609765284,144.6295376667171
confirm,144.65640770664652,1,144.6295376667171,144.7043503860009
confirm,144.75229306535525,2,144.7043503860009,144.81966493887177
confirm,144.8870368123883,2,144.81966493887177,144.99452171128297
confirm,145.10200661017768,2,144.99452171128297,145.15682304004804
confirm,145.2116394699184,1,145.15682304004804,145.37494825685638
confirm,145.53825704379437,1,145.37494825685638,145.77689630280742
confirm,146.01553556182049,1,145.77689630280742,146.20856373839524
confirm,146.40159191497003,1,146.20856373839524,146.45857897746703
confirm,146.51556603996403,1,146.45857897746703,146.72509077036602
confirm,146.93461550076802,1,146.72509077036602,146.97331458965144
confirm,147.01201367853486,1,146.97331458965144,147.03448002939083
confirm,147.0569463802468,1,147.03448002939083,147.10978292623187
confirm,147.16261947221693,1,147.10978292623187,147.64457424274565
confirm,148.12652901327436,1,147.64457424274565,148.14744450079536
confirm,148.16835998831635,1,148.14744450079536,148.35462668634688
confirm,148.54089338437743,1,148.35462668634688,148.58910637657925
confirm,148.63731936878105,1,148.58910637657925,148.79796094924075
confirm,148.95860252970047,1,148.79796094924075,149.1488727515116
confirm,149.33914297332268,1,149.1488727515116,149.46398589864862
confirm,149.58882882397452,1,149.46398589864862,150.40242180877675
confirm,151.21601479357898,1,150.40242180877675,151.25627428338987
confirm,151.2965337732008,1,151.25627428338987,151.5775448490894
confirm,151.85855592497802,1,151.5775448490894,151.89232633184756
confirm,151.9260967387171,1,151.89232633184756,152.1663977158975
confirm,152.40669869307789,1,152.1663977158975,152.53722405111023
confirm,152.66774940914257,1,152.53722405111023,152.70186032330724
confirm,152.73597123747192,2,152.70186032330724,152.8137243002589
confirm,152.8914773630459,1,152.8137243002589,153.21757490744818
confirm,153.54367245185043,1,153.21757490744818,153.58140851376174
confirm,153.61914457567303,1,153.58140851376174,153.69607390018282
confirm,153.77300322469262,2,153.69607390018282,153.90382116160006
confirm,154.0346390985075,2,153.90382116160006,154.16202179374858
confirm,154.28940448898962,1,154.16202179374858,154.3308544778351
confirm,154.3723044666806,2,154.3308544778351,154.68040127328072
confirm,154.98849807988083,1,154.68040127328072,155.07366956163185
confirm,155.1588410433829,1,155.07366956163185,155.2690404445242
confirm,155.3792398456655,1,155.2690404445242,155.575079212082
confirm,155.77091857849848,1,155.575079212082,155.8940403533012
confirm,156.01716212810388,1,155.8940403533012,156.09387348538127
confirm,156.17058484265866,1,156.09387348538127,156.31592479393527
confirm,156.46126474521188,1,156.31592479393527,156.48383988382636
confirm,156.50641502244088,1,156.48383988382636,156.61866184151773
confirm,156.7309086605946,1,156.61866184151773,156.7739510959778
confirm,156.81699353136102,1,156.7739510959778,156.91890868857007
confirm,157.02082384577912,1,156.91890868857007,157.04849852649446
confirm,157.0761732072098,1,157.04849852649446,157.5425429376684
confirm,158.008912668127,3,157.5425429376684,158.25949731804633
confirm,158.51008196796565,1,158.25949731804633,158.55537485898697
confirm,158.60066775000826,2,158.55537485898697,158.6612362043021
confirm,158.72180465859597,1,158.6612362043021,158.7897100103952
confirm,158.8576153621944,2,158.7897100103952,159.20542271023524
confirm,159.55323005827609,1,159.20542271023524,159.82665594486295
confirm,160.1000818314498,1,159.82665594486295,160.12092662852024
confirm,160.14177142559066,1,160.12092662852024,160.39553516844728
confirm,160.64929891130393,1,160.39553516844728,160.67292666634134
confirm,160.69655442137875,1,160.67292666634134,160.83027334624404
confirm,160.96399227110933,1,160.83027334624404,161.11092326707512
confirm,161.25785426304088,1,161.11092326707512,161.34231241352924
confirm,161.4267705640176,3,161.34231241352924,161.45430109346233
confirm,161.48183162290704,1,161.45430109346233,162.03401948763025
confirm,162.58620735235343,1,162.03401948763025,162.92762155069488
confirm,163.2690357490363,1,162.92762155069488,163.54172674375724
confirm,163.81441773847814,1,163.54172674375724,164.01433693457375
confirm,164.21425613066933,1,164.01433693457375,164.26587224793508
confirm,164.31748836520083,2,164.26587224793508,164.88688634012428
confirm,165.45628431504772,1,164.88688634012428,165.5134030687106
confirm,165.57052182237348,1,165.5134030687106,165.65748089530825
confirm,165.74443996824303,1,165.65748089530825,165.77671767478836
confirm,165.80899538133372,1,165.77671767478836,165.84877743821937
confirm,165.88855949510506,1,165.84877743821937,165.9966831587567
confirm,166.1048068224083,1,165.9966831587567,166.18019930415915
confirm,166.25559178590998,1,166.18019930415915,166.50187822689674
confirm,166.74816466788346,1,166.50187822689674,166.8302929297165
confirm,166.91242119154956,1,166.8302929297165,166.95096081087382
confirm,166.98950043019806,1,166.95096081087382,167.02083437382564
confirm,167.0521683174532,1,167.02083437382564,167.10305650190517
confirm,167.15394468635714,1,167.10305650190517,167.27864968819637
confirm,167.4033546900356,1,167.27864968819637,167.4760346525498
confirm,167.54871461506397,1,167.4760346525498,167.58505016117925
confirm,167.62138570729456,1,167.58505016117925,167.72113512976364
confirm,167.8208845522327,1,167.72113512976364,167.9584908547657
confirm,168.0960971572987,1,167.9584908547657,168.2221806730083
confirm,168.3482641887179,1,168.2221806730083,168.48733803869675
confirm,168.62641188867556,1,168.48733803869675,168.74639661553203
confirm,168.86638134238854,1,168.74639661553203,169.0070959013489
confirm,169.14781046030924,2,169.0070959013489,169.3965102758228
confirm,169.64521009133637,1,169.3965102758228,169.70333543832697
confirm,169.7614607853176,1,169.70333543832697,169.98122380829966
confirm,170.20098683128174,1,169.98122380829966,170.44248060015192
confirm,170.6839743690221,1,170.44248060015192,170.7203116454421
confirm,170.75664892186214,1,170.7203116454421,170.94005659700582
confirm,171.12346427214948,2,170.94005659700582,171.70091008057355
confirm,172.27835588899762,1,171.70091008057355,172.33480175956365
confirm,172.39124763012967,1,172.33480175956365,172.62623567150564
confirm,172.8612237128816,1,172.62623567150564,172.95621257051297
confirm,173.05120142814434,2,172.95621257051297,173.10379257428923
confirm,173.15638372043415,1,173.10379257428923,173.19714305314906
confirm,173.23790238586398,1,173.19714305314906,173.27597119791565
confirm,173.31404000996733,1,173.27597119791565,173.3805431735583
confirm,173.44704633714923,2,173.3805431735583,173.53733270143476
confirm,173.6276190657203,1,173.53733270143476,173.7563179956066
confirm,173.8850169254929,1,173.7563179956066,173.92399706063048
confirm,173.9629771957681,1,173.92399706063048,174.04564606759158
confirm,174.12831493941505,1,174.04564606759158,174.3628296598444
confirm,174.59734438027374,1,174.3628296598444,174.63217495076563
confirm,174.66700552125752,1,174.63217495076563,174.68502300391816
confirm,174.70304048657877,1,174.68502300391816,175.10217361473207
confirm,175.5013067428854,1,175.10217361473207,175.52275351708354
confirm,175.5442002912817,1,175.52275351708354,175.5619215851901
confirm,175.57964287909851,1,175.5619215851901,175.95601681695922
confirm,176.33239075481993,1,175.95601681695922,176.35391317689266
confirm,176.3754355989654,1,176.35391317689266,176.44152920183046
confirm,176.50762280469553,2,176.44152920183046,177.09898072936517
confirm,177.69033865403483,1,177.09898072936517,177.71936429517544
confirm,177.74838993631604,1,177.71936429517544,177.79300029272446
confirm,177.8376106491329,1,177.79300029272446,177.9166125560019
confirm,177.99561446287086,1,177.9166125560019,178.06124745102153
confirm,178.1268804391722,1,178.06124745102153,178.24579462822197
confirm,178.36470881727178,1,178.24579462822197,178.58461372450412
confirm,178.80451863173647,1,178.58461372450412,178.85245214813614
confirm,178.90038566453578,1,178.85245214813614,178.99769185369678
confirm,179.0949980428578,2,178.99769185369678,179.14159807086617
confirm,179.1881980988745,1,179.14159807086617,179.22536023242483
confirm,179.26252236597517,1,179.22536023242483,179.41421319016973
confirm,179.56590401436432,1,179.41421319016973,179.7538195040719
confirm,179.9417349937795,1,179.7538195040719,179.99463517166973
confirm,180.04753534955995,1,179.99463517166973,180.21484634619708
confirm,180.3821573428342,1,180.21484634619708,180.49868957224297
confirm,180.61522180165173,1,180.49868957224297,180.71342251851567
confirm,180.8116232353796,1,180.71342251851567,180.8975286977826
confirm,180.9834341601856,1,180.8975286977826,181.06513613808164
confirm,181.1468381159777,1,181.06513613808164,181.27845927922806
confirm,181.4100804424784,1,181.27845927922806,181.45045924476852
confirm,181.49083804705865,1,181.45045924476852,181.6970152322358
confirm,181.90319241741295,2,181.6970152322358,181.96104538380226
confirm,182.01889835019156,1,181.96104538380226,182.5347320266149
confirm,183.05056570303825,1,182.5347320266149,183.10122682722096
confirm,183.15188795140364,1,183.10122682722096,183.19555831669442
confirm,183.2392286819852,1,183.19555831669442,183.44694068610724
confirm,183.65465269022928,1,183.44694068610724,183.69686823530145
confirm,183.73908378037365,1,183.69686823530145,183.85932328812015
confirm,183.97956279586663,1,183.85932328812015,184.19435169713125
confirm,184.40914059839588,1,184.19435169713125,184.4750093189906
confirm,184.54087803958535,2,184.4750093189906,184.84320199587262
confirm,185.14552595215991,1,184.84320199587262,185.47810364103773
confirm,185.81068132991555,1,185.47810364103773,185.86329809152437
confirm,185.9159148531332,1,185.86329809152437,186.05790977346962
confirm,186.19990469380605,1,186.05790977346962,186.29888249309283
confirm,186.39786029237965,1,186.29888249309283,186.52090851321603
confirm,186.6439567340524,1,186.52090851321603,186.7547136156597
confirm,186.865470497267,1,186.7547136156597,187.1528428744393
confirm,187.4402152516116,1,187.1528428744393,187.47583449473643
confirm,187.51145373786125,2,187.47583449473643,187.62702624585916
confirm,187.74259875385707,1,187.62702624585916,187.92309097330713
confirm,188.1035831927572,2,187.92309097330713,188.14092184574352
confirm,188.17826049872983,1,188.14092184574352,188.20124892942738
confirm,188.22423736012496,1,188.20124892942738,188.31790553469312
confirm,188.4115737092613,1,188.31790553469312,188.47413108840948
confirm,188.53668846755767,1,188.47413108840948,188.65785273743583
confirm,188.779017007314,1,188.65785273743583,188.832738848007
confirm,188.8864606887,1,188.832738848007,189.02406837195184
confirm,189.1616760552037,1,189.02406837195184,189.24281204555854
confirm,189.32394803591336,1,189.24281204555854,189.4087186950373
confirm,189.49348935416123,1,189.4087186950373,189.89995514644409
confirm,190.30642093872692,2,189.89995514644409,190.3457727062666
confirm,190.38512447380623,1,190.3457727062666,190.49244964587535
confirm,190.5997748179445,1,190.49244964587535,190.6874408427538
confirm,190.77510686756307,1,190.6874408427538,191.20240845676935
confirm,191.62971004597563,2,191.20240845676935,191.66811026361643
confirm,191.70651048125723,1,191.66811026361643,191.8884513225467
confirm,192.0703921638362,1,191.8884513225467,192.15069949639184
confirm,192.23100682894744,2,192.15069949639184,192.4181800235408
confirm,192.60535321813413,2,192.4181800235408,192.66756066729158
confirm,192.729768116449,1,192.66756066729158,192.79863258381192
confirm,192.86749705117484,1,192.79863258381192,192.91379343314208
confirm,192.9600898151093,1,192.91379343314208,193.25859902387094
confirm,193.55710823263257,2,193.25859902387094,193.58367394326334
confirm,193.6102396538941,1,193.58367394326334,193.7697620161511
confirm,193.9292843784081,1,193.7697620161511,194.0515689350789
confirm,194.1738534917497,1,194.0515689350789,194.3263821673783
confirm,194.47891084300696,1,194.3263821673783,194.5265626370051
confirm,194.57421443100327,1,194.5265626370051,194.67873559232743
confirm,194.7832567536516,1,194.67873559232743,194.80326848806175
confirm,194.8232802224719,1,194.80326848806175,195.06817399063095
confirm,195.31306775879003,2,195.06817399063095,195.64544477967178
confirm,195.9778218005535,1,195.64544477967178,196.14602628896608
confirm,196.31423077737864,1,196.14602628896608,196.43226537774757
confirm,196.55029997811653,1,196.43226537774757,196.67212422294907
confirm,196.7939484677816,1,196.67212422294907,196.87571261007486
confirm,196.9574767523681,1,196.87571261007486,197.15358495395705
confirm,197.349693155546,1,197.15358495395705,197.3776214563716
confirm,197.4055497571972,1,197.3776214563716,197.42550343021435
confirm,197.4454571032315,1,197.42550343021435,197.68644522599016
confirm,197.9274333487488,1,197.68644522599016,198.1287876448426
confirm,198.3301419409364,1,198.1287876448426,198.39080533886514
confirm,198.45146873679388,1,198.39080533886514,198.61372058097942
confirm,198.77597242516495,1,198.61372058097942,198.79948166617748
confirm,198.82299090719,1,198.79948166617748,198.84802884673354
confirm,198.87306678627712,1,198.84802884673354,199.12262501895816
confirm,199.3721832516392,1,199.12262501895816,199.47221953740535
confirm,199.57225582317147,1,199.47221953740535,199.91151298083577
confirm,200.2507701385001,1,199.91151298083577,200.44948941938833
confirm,200.64820870027657,1,200.44948941938833,200.72845277500176
confirm,200.8086968497269,1,200.72845277500176,200.93774008538946
confirm,201.066783321052,1,200.93774008538946,201.31694088171258
confirm,201.5670984423732,2,201.31694088171258,201.74536270930503
confirm,201.92362697623687,1,201.74536270930503,201.95314468337767
confirm,201.9826623905185,2,201.95314468337767,202.0735850313912
confirm,202.16450767226385,1,202.0735850313912,202.22023904294684
confirm,202.27597041362984,1,202.22023904294684,202.43174058653304
confirm,202.58751075943624,1,202.43174058653304,202.68220205571032
confirm,202.7768933519844,1,202.68220205571032,202.8380119452139
confirm,202.8991305384434,1,202.8380119452139,203.1046672533475
confirm,203.31020396825156,1,203.1046672533475,203.340483740126
confirm,203.3707635120004,1,203.340483740126,203.40814448749205
confirm,203.44552546298368,1,203.40814448749205,203.48627737841284
confirm,203.527029293842,1,203.48627737841284,203.566100734759
confirm,203.60517217567605,1,203.566100734759,203.6894571589275
confirm,203.77374214217892,3,203.6894571589275,203.79621496693562
confirm,203.81868779169235,2,203.79621496693562,203.8476294557254
confirm,203.87657111975847,1,203.8476294557254,204.5586270960644
confirm,205.2406830723704,2,204.5586270960644,205.4081136677067
confirm,205.575544263043,1,205.4081136677067,205.61240762003695
confirm,205.6492709770309,1,205.61240762003695,205.7201429984332
confirm,205.7910150198355,3,205.7201429984332,206.1692855024386
confirm,206.54755598504173,1,206.1692855024386,206.58275541079786
confirm,206.617954836554,1,206.58275541079786,206.70209331857478
confirm,206.7862318005956,1,206.70209331857478,206.84371087034117
confirm,206.9011899400867,1,206.84371087034117,206.9382257014379
confirm,206.97526146278904,1,206.9382257014379,207.01365236710907
confirm,207.0520432714291,1,207.01365236710907,207.4312905115728
confirm,207.81053775171648,1,207.4312905115728,208.00773264952474
confirm,208.204927547333,2,208.00773264952474,208.22816142763713
confirm,208.25139530794127,1,208.22816142763713,208.4388194781996
confirm,208.62624364845797,2,208.4388194781996,208.67851255340065
confirm,208.73078145834336,1,208.67851255340065,208.77492168494842
confirm,208.8190619115535,1,208.77492168494842,208.8465635388107
confirm,208.8740651660679,1,208.8465635388107,208.99702526884863
confirm,209.11998537162933,1,208.99702526884863,209.20566827152828
confirm,209.29135117142727,1,209.20566827152828,209.35603707570516
confirm,209.42072297998303,1,209.35603707570516,209.54608709775044
confirm,209.67145121551783,1,209.54608709775044,210.19093168190636
confirm,210.7104121482949,1,210.19093168190636,210.80427924319045
confirm,210.898146338086,1,210.80427924319045,211.12093074241722
confirm,211.3437151467484,1,211.12093074241722,211.6176965856169
confirm,211.8916780244854,1,211.6176965856169,211.98381937869615
confirm,212.0759607329069,1,211.98381937869615,212.1619270978045
confirm,212.2478934627021,1,212.1619270978045,212.30541508123537
confirm,212.36293669976865,2,212.30541508123537,212.4490398358699
confirm,212.53514297197117,1,212.4490398358699,212.58958776691452
confirm,212.6440325618579,1,212.58958776691452,212.77774056935698
confirm,212.9114485768561,1,212.77774056935698,212.93975437837878
confirm,212.9680601799015,1,212.93975437837878,213.09618799895625
confirm,213.224315818011,1,213.09618799895625,213.44407327519582
confirm,213.66383073238063,1,213.44407327519582,213.78843423418292
confirm,213.9130377359852,1,213.78843423418292,214.3668740764144
confirm,214.8207104168436,2,214.3668740764144,215.0428434528795
confirm,215.2649764889154,1,215.0428434528795,215.2945130971131
confirm,215.3240497053108,2,215.2945130971131,215.47048989386982
confirm,215.61693008242884,1,215.47048989386982,215.73083565545602
confirm,215.84474122848317,1,215.73083565545602,215.96114582022645
confirm,216.07755041196972,1,215.96114582022645,216.18597300294982
confirm,216.29439559392992,1,216.18597300294982,216.42017796167482
confirm,216.5459603294197,1,216.42017796167482,216.56203024704422
confirm,216.57810016466877,1,216.56203024704422,216.62090567678868
confirm,216.6637111889086,1,216.62090567678868,216.76932580241584
confirm,216.8749404159231,1,216.76932580241584,216.9338304050029
confirm,216.9927203940827,1,216.9338304050029,217.0944895994298
confirm,217.1962588047769,1,217.0944895994298,217.23426868829125
confirm,217.27227857180557,1,217.23426868829125,217.3817763013413
confirm,217.49127403087704,1,217.3817763013413,217.53331328811805
confirm,217.57535254535907,1,217.53331328811805,217.6231318685381
confirm,217.67091119171715,1,217.6231318685381,217.73077757536458
confirm,217.790643959012,1,217.73077757536458,217.9295519470395
confirm,218.06845993506704,1,217.9295519470395,218.23882085287215
confirm,218.4091817706773,1,218.23882085287215,218.44481938051382
confirm,218.48045699035035,1,218.44481938051382,218.81832278720157
confirm,219.1561885840528,1,218.81832278720157,219.30199699021736
confirm,219.4478053963819,1,219.30199699021736,219.54041504137007
confirm,219.63302468635823,1,219.54041504137007,219.74382076643928
confirm,219.85461684652037,1,219.74382076643928,219.89956680998523
confirm,219.9445167734501,1,219.89956680998523,219.97448484603137
confirm,220.00445291861263,6,219.97448484603137,220.0789404924353
confirm,220.15342806625796,1,220.0789404924353,220.17149143919022
confirm,220.1895548121225,1,220.17149143919022,220.25888514185687
confirm,220.32821547159125,1,220.25888514185687,220.40910370662235
confirm,220.48999194165344,1,220.40910370662235,220.7081506199329
confirm,220.92630929821232,1,220.7081506199329,221.44706705440143
confirm,221.96782481059057,1,221.44706705440143,222.0154810871189
confirm,222.06313736364723,2,222.0154810871189,222.2734743185655
confirm,222.48381127348372,1,222.2734743185655,222.68196081559876
confirm,222.88011035771376,2,222.68196081559876,223.11524158923513
confirm,223.3503728207565,1,223.11524158923513,223.43911033294438
confirm,223.5278478451323,1,223.43911033294438,223.54881993787376
confirm,223.5697920306152,1,223.54881993787376,223.60904044112843
confirm,223.64828885164167,1,223.60904044112843,223.67848652417229
confirm,223.70868419670288,1,223.67848652417229,223.95539703547087
confirm,224.20210987423883,1,223.95539703547087,224.37881118294067
confirm,224.5555124916425,1,224.37881118294067,224.6923146412828
confirm,224.82911679092308,1,224.6923146412828,224.92725106265814
confirm,225.0253853343932,1,224.92725106265814,225.1582884866205
confirm,225.2911916388478,1,225.1582884866205,225.3248723889998
confirm,225.3585531391518,1,225.3248723889998,225.4562237094363
confirm,225.55389427972077,2,225.4562237094363,225.5785489797845
confirm,225.6032036798482,1,225.5785489797845,225.75814116372834
confirm,225.91307864760847,1,225.75814116372834,226.22944754557608
confirm,226.54581644354369,1,226.22944754557608,226.56474132292686
confirm,226.58366620231,1,226.56474132292686,226.8898102110378
confirm,227.1959542197656,1,226.8898102110378,227.36613392751644
confirm,227.53631363526728,2,227.36613392751644,227.67286768395763
confirm,227.809421732648,1,227.67286768395763,227.83334553116146
confirm,227.8572693296749,1,227.83334553116146,228.01447435211662
confirm,228.17167937455832,2,228.01447435211662,228.20797285044208
confirm,228.24426632632583,1,228.20797285044208,228.30044563702592
confirm,228.356624947726,1,228.30044563702592,228.71883744382524
confirm,229.08104993992444,1,228.71883744382524,229.14084732218464
confirm,229.20064470444487,1,229.14084732218464,229.22176523485166
confirm,229.24288576525845,1,229.22176523485166,229.36452051844907
confirm,229.48615527163972,1,229.36452051844907,229.50771641512654
confirm,229.5292775586134,1,229.50771641512654,229.6099405783101
confirm,229.6906035980068,1,229.6099405783101,229.9126195118377
confirm,230.13463542566865,1,229.9126195118377,230.201821930905
confirm,230.26900843614132,1,230.201821930905,230.28459089721372
confirm,230.3001733582861,1,230.28459089721372,230.42697587427392
confirm,230.55377839026173,1,230.42697587427392,230.6362096240308
confirm,230.71864085779987,1,230.6362096240308,231.00984697218234
confirm,231.3010530865648,1,231.00984697218234,231.35064055569956
confirm,231.4002280248343,1,231.35064055569956,231.4543731338039
confirm,231.5085182427735,1,231.4543731338039,231.53321492283297
confirm,231.55791160289243,1,231.53321492283297,231.59454538339617
confirm,231.63117916389987,2,231.59454538339617,231.6762628095168
confirm,231.7213464551337,1,231.6762628095168,231.9412800298637
confirm,232.16121360459368,1,231.9412800298637,232.39700828622634
confirm,232.632802967859,1,232.39700828622634,232.79030743586864
confirm,232.9478119038783,1,232.79030743586864,233.035637994001
confirm,233.12346408412373,1,233.035637994001,233.25885158990218
confirm,233.3942390956806,1,233.25885158990218,233.66078189087244
confirm,233.92732468606428,1,233.66078189087244,234.01038965353834
confirm,234.0934546210124,1,234.01038965353834,234.1547380766632
confirm,234.216021532314,1,234.1547380766632,234.25414640070298
confirm,234.29227126909197,2,234.25414640070298,234.33699793568746
confirm,234.38172460228296,1,234.33699793568746,234.53784770879426
confirm,234.69397081530556,3,234.53784770879426,234.75596148117984
confirm,234.81795214705411,1,234.75596148117984,235.12966971629982
confirm,235.4413872855455,1,235.12966971629982,235.4685485206286
confirm,235.4957097557117,1,235.4685485206286,235.5713652920196
confirm,235.64702082832756,1,235.5713652920196,235.7717913890658
confirm,235.8965619498041,1,235.7717913890658,236.21773349676846
confirm,236.53890504373285,1,236.21773349676846,236.6714486386274
confirm,236.80399223352197,2,236.6714486386274,236.83785984078173
confirm,236.8717274480415,2,236.83785984078173,236.8965279158729
confirm,236.9213283837043,1,236.8965279158729,237.0672560120064
confirm,237.2131836403085,1,237.0672560120064,237.2332329862918
confirm,237.2532823322751,1,237.2332329862918,237.51410183813823
confirm,237.77492134400137,1,237.51410183813823,237.82031009147056
confirm,237.86569883893972,1,237.82031009147056,238.06041773176946
confirm,238.25513662459923,1,238.06041773176946,238.4846598980912
confirm,238.7141831715832,1,238.4846598980912,238.7790453575862
confirm,238.84390754358924,1,238.7790453575862,238.8825292605749
confirm,238.92115097756056,1,238.8825292605749,239.17033313832889
confirm,239.4195152990972,1,239.17033313832889,239.50528766537406
confirm,239.59106003165087,1,239.50528766537406,239.63700882261213
confirm,239.68295761357336,1,239.63700882261213,239.7217653354761
confirm,239.76057305737885,1,239.7217653354761,239.779309299261
confirm,239.79804554114315,1,239.779309299261,240.00201123704662
confirm,240.20597693295008,1,240.00201123704662,240.26164514759876
confirm,240.3173133622474,1,240.26164514759876,240.3454756425025
confirm,240.3736379227576,1,240.3454756425025,240.5091356876083
confirm,240.644633452459,1,240.5091356876083,240.8193812129301
confirm,240.9941289734012,1,240.8193812129301,241.024263854727
confirm,241.05439873605283,1,241.024263854727,241.0754807346044
confirm,241.096562733156,2,241.0754807346044,241.19844262714884
confirm,241.3003225211417,1,241.19844262714884,241.3458706235629
confirm,241.39141872598407,1,241.3458706235629,241.42031019195605
confirm,241.44920165792803,1,241.42031019195605,241.55817407227516
confirm,241.66714648662227,3,241.55817407227516,241.86706904995776
confirm,242.06699161329325,1,241.86706904995776,242.37456466911226
confirm,242.68213772493124,1,242.37456466911226,242.87100149583944
confirm,243.05986526674764,1,242.87100149583944,243.09709074354885
confirm,243.1343162203501,1,243.09709074354885,243.17035455649176
confirm,243.2063928926334,1,243.17035455649176,243.4827226361439
confirm,243.7590523796544,3,243.4827226361439,243.79301636817047
confirm,243.8269803566865,1,243.79301636817047,243.95408876828677
confirm,244.08119717988703,1,243.95408876828677,244.135096994768
confirm,244.18899680964896,1,244.135096994768,244.2936742358956
confirm,244.39835166214223,1,244.2936742358956,244.53140459826648
confirm,244.6644575343907,1,244.53140459826648,244.74068146013644
confirm,244.8169053858822,1,244.74068146013644,245.10543975716718
confirm,245.39397412845216,1,245.10543975716718,245.5190370719655
confirm,245.6441000154788,1,245.5190370719655,245.73449394085327
confirm,245.82488786622773,1,245.73449394085327,246.0466985753145
confirm,246.26850928440132,1,246.0466985753145,246.4085617682662
confirm,246.54861425213107,2,246.4085617682662,246.58040186073725
confirm,246.61218946934343,1,246.58040186073725,246.70877969450012
confirm,246.8053699196568,2,246.70877969450012,246.92888049721114
confirm,247.05239107476544,1,246.92888049721114,247.09052084505794
confirm,247.12865061535047,1,247.09052084505794,247.21772422421895
confirm,247.30679783308744,1,247.21772422421895,247.57971247734602
confirm,247.8526271216046,1,247.57971247734602,247.89125460507745
confirm,247.9298820885503,1,247.89125460507745,248.02001918761022
confirm,248.11015628667013,1,248.02001918761022,248.45117008126152
confirm,248.79218387585288,1,248.45117008126152,248.81768765388466
confirm,248.84319143191644,1,248.81768765388466,248.89423059363924
confirm,248.945269755362,1,248.89423059363924,249.0736021394447
confirm,249.20193452352737,1,249.0736021394447,249.22117662819954
confirm,249.2404187328717,1,249.22117662819954,249.3181842377196
confirm,249.39594974256752,1,249.3181842377196,249.47650650990636
confirm,249.55706327724516,1,249.47650650990636,249.69953198151813
confirm,249.8420006857911,1,249.69953198151813,249.88106860528865
confirm,249.9201365247862,1,249.88106860528865,249.95091742403753
confirm,249.98169832328887,2,249.95091742403753,250.07729066428954
confirm,250.1728830052902,1,250.07729066428954,250.23141736590293
confirm,250.28995172651565,1,250.23141736590293,250.3858254454483
confirm,250.4816991643809,1,250.3858254454483,250.99002347437215
confirm,251.49834778436343,1,250.99002347437215,251.51784946664714
confirm,251.53735114893084,1,251.51784946664714,251.9022849141562
confirm,252.26721867938156,1,251.9022849141562,252.36451488795157
confirm,252.4618110965216,2,252.36451488795157,252.96986030115823
confirm,253.4779095057949,1,252.96986030115823,253.65754590938235
confirm,253.8371823129698,1,253.65754590938235,254.02071308387895
confirm,254.2042438547881,3,254.02071308387895,254.26279924697837
confirm,254.32135463916865,4,254.26279924697837,254.35794954076198
confirm,254.3945444423553,1,254.35794954076198,254.47698038876882
confirm,254.55941633518236,2,254.47698038876882,254.5872192312164
confirm,254.61502212725048,1,254.5872192312164,254.63741814468125
confirm,254.659814162112,1,254.63741814468125,254.70154773715956
confirm,254.74328131220707,1,254.70154773715956,254.83644087371505
confirm,254.929600435223,1,254.83644087371505,255.0397640235084
confirm,255.14992761179383,1,255.0397640235084,255.18913331972698
confirm,255.22833902766016,1,255.18913331972698,255.32172483611214
confirm,255.41511064456412,1,255.32172483611214,255.44045185789986
confirm,255.4657930712356,1,255.44045185789986,255.64878291237142
confirm,255.83177275350727,1,255.64878291237142,255.8508538292233
confirm,255.86993490493933,1,255.8508538292233,256.1239909927576
confirm,256.3780470805759,1,256.1239909927576,256.3931159352069
confirm,256.40818478983783,2,256.3931159352069,256.50365840239306
confirm,256.5991320149483,1,256.50365840239306,256.63217266058217
confirm,256.66521330621606,1,256.63217266058217,256.7823617128878
confirm,256.8995101195595,1,256.7823617128878,256.9360584468724
confirm,256.9726067741853,1,256.9360584468724,257.11638189653286
confirm,257.2601570188804,1,257.11638189653286,257.4257293805238
confirm,257.5913017421672,1,257.4257293805238,257.6160304177258
confirm,257.6407590932844,2,257.6160304177258,257.8763448741512
confirm,258.111930655018,1,257.8763448741512,258.2313707381041
confirm,258.3508108211902,1,258.2313707381041,258.55508791050306
confirm,258.75936499981594,2,258.55508791050306,258.8231231982693
confirm,258.88688139672263,1,258.8231231982693,258.90424723768405
confirm,258.92161307864546,1,258.90424723768405,259.0475946202214
confirm,259.17357616179737,1,259.0475946202214,259.41352806070313
confirm,259.65347995960894,1,259.41352806070313,259.67261185767285
confirm,259.69174375573675,1,259.67261185767285,259.720576367263
confirm,259.7494089787892,1,259.720576367263,260.06846193741853
confirm,260.38751489604783,1,260.06846193741853,260.50397029397857
confirm,260.6204256919093,1,260.50397029397857,260.65344103928487
confirm,260.68645638666044,1,260.65344103928487,260.7539003322383
confirm,260.82134427781614,1,260.7539003322383,261.0372329627651
confirm,261.25312164771395,1,261.0372329627651,261.2911912727899
confirm,261.32926089786577,2,261.2911912727899,261.37126626268133
confirm,261.4132716274969,1,261.37126626268133,261.4747086684315
confirm,261.5361457093661,1,261.4747086684315,261.847155030231
confirm,262.15816435109593,1,261.847155030231,262.19201353510175
confirm,262.2258627191076,1,262.19201353510175,262.56265102239524
confirm,262.8994393256828,1,262.56265102239524,263.00823969811324
confirm,263.1170400705436,1,263.00823969811324,263.135192189962
confirm,263.1533443093805,1,263.135192189962,263.26325662232
confirm,263.3731689352595,1,263.26325662232,263.4833755312118
confirm,263.5935821271641,1,263.4833755312118,263.81397274351593
confirm,264.03436335986777,1,263.81397274351593,264.12104691809816
confirm,264.2077304763285,1,264.12104691809816,264.2396683330023
confirm,264.2716061896762,1,264.2396683330023,264.3619840019189
confirm,264.4523618141616,1,264.3619840019189,264.57487638234545
confirm,264.69739095052927,2,264.57487638234545,264.72518773055594
confirm,264.75298451058256,2,264.72518773055594,264.83061653463193
confirm,264.9082485586813,1,264.83061653463193,264.94044554360187
confirm,264.9726425285224,1,264.94044554360187,265.01725256391944
confirm,265.0618625993165,1,265.01725256391944,265.15457277005385
confirm,265.24728294079114,1,265.15457277005385,265.2913785260324
confirm,265.3354741112737,1,265.2913785260324,265.69880440639304
confirm,266.0621347015123,1,265.69880440639304,266.1393416428605
confirm,266.2165485842087,1,266.1393416428605,266.26552110664795
confirm,266.3144936290873,2,266.26552110664795,266.3620830595904
confirm,266.4096724900935,1,266.3620830595904,266.48303603710696
confirm,266.5563995841204,1,266.48303603710696,266.8509894949554
confirm,267.1455794057904,1,266.8509894949554,267.2188758562728
confirm,267.2921723067552,1,267.2188758562728,267.41265293050276
confirm,267.5331335542503,1,267.41265293050276,267.6353519694595
confirm,267.73757038466874,1,267.6353519694595,267.80057313194544
confirm,267.86357587922214,2,267.80057313194544,267.8990534401519
confirm,267.93453100108167,2,267.8990534401519,268.0737650431999
confirm,268.21299908531813,1,268.0737650431999,268.54138980224127
confirm,268.86978051916435,1,268.54138980224127,268.88832287822424
confirm,268.9068652372841,1,268.88832287822424,269.19432356750906
confirm,269.4817818977341,2,269.19432356750906,269.55662475340904
confirm,269.631467609084,2,269.55662475340904,269.9453249715052
confirm,270.2591823339264,1,269.9453249715052,270.6200171352989
confirm,270.98085193667134,1,270.6200171352989,271.02411105573697
confirm,271.06737017480253,1,271.02411105573697,271.1344604827176
confirm,271.2015507906327,1,271.1344604827176,271.22868821767236
confirm,271.25582564471193,1,271.22868821767236,271.29282105601294
confirm,271.3298164673139,2,271.29282105601294,271.3834009507058
confirm,271.4369854340977,1,271.3834009507058,271.52310323561073
confirm,271.6092210371237,1,271.52310323561073,271.6339963001051
confirm,271.65877156308653,1,271.6339963001051,271.68769453266793
confirm,271.71661750224933,2,271.68769453266793,271.80185887909545
confirm,271.8871002559415,1,271.80185887909545,271.92568139607056
confirm,271.9642625361996,1,271.92568139607056,272.08528981635277
confirm,272.20631709650587,2,272.08528981635277,272.3012658685182
confirm,272.39621464053056,2,272.3012658685182,272.58602104969646
confirm,272.77582745886235,1,272.58602104969646,272.9353359608955
confirm,273.0948444629287,1,272.9353359608955,273.1271589587044
confirm,273.15947345448006,1,273.1271589587044,273.19610026052493
confirm,273.2327270665698,2,273.19610026052493,273.4811040770728
confirm,273.7294810875759,1,273.4811040770728,273.75434416758276
confirm,273.7792072475897,1,273.75434416758276,273.97649052389136
confirm,274.173773800193,2,273.97649052389136,274.23749351725473
confirm,274.30121323431644,1,274.23749351725473,274.48069455611073
confirm,274.66017587790503,2,274.48069455611073,274.67397889792244
confirm,274.68778191793984,2,274.67397889792244,274.8393251255535
confirm,274.9908683331672,1,274.8393251255535,275.1326246744428
confirm,275.27438101571846,1,275.1326246744428,275.4839242763439
confirm,275.6934675369693,1,275.4839242763439,275.7264159264125
confirm,275.7593643158558,1,275.7264159264125,275.81617195721196
confirm,275.8729795985681,1,275.81617195721196,276.05609144429843
confirm,276.23920329002874,1,276.05609144429843,276.28735580792977
confirm,276.3355083258308,1,276.28735580792977,276.49473654419165
confirm,276.6539647625525,1,276.49473654419165,276.69044758069026
confirm,276.7269303988281,1,276.69044758069026,277.1202423212989
confirm,277.51355424376976,1,277.1202423212989,277.609731323297
confirm,277.70590840282426,1,277.609731323297,277.8410682517523
confirm,277.97622810068026,1,277.8410682517523,278.0165720924052
confirm,278.05691608413025,1,278.0165720924052,278.2358612538361
confirm,278.414806423542,1,278.2358612538361,278.44304067588916
confirm,278.4712749282363,1,278.44304067588916,278.76718112135717
confirm,279.063087314478,1,278.76718112135717,279.32950154961236
confirm,279.5959157847467,3,279.32950154961236,279.63912776972643
confirm,279.68233975470616,1,279.63912776972643,279.7744575221429
confirm,279.8665752895796,2,279.7744575221429,279.9028036250235
confirm,279.93903196046745,1,279.9028036250235,280.05680638594015
confirm,280.17458081141285,1,280.05680638594015,280.19636292190705
confirm,280.2181450324013,1,280.19636292190705,280.49580018873434
confirm,280.77345534506736,2,280.49580018873434,280.8151073809015
confirm,280.85675941673566,1,280.8151073809015,280.88070083307025
confirm,280.9046422494049,1,280.88070083307025,281.0025263945312
confirm,281.10041053965745,1,281.0025263945312,281.16150545438853
confirm,281.2226003691196,1,281.16150545438853,281.3185730855303
confirm,281.414545801941,1,281.3185730855303,281.57206738264995
confirm,281.7295889633588,1,281.57206738264995,281.96723069418
confirm,282.2048724250012,1,281.96723069418,282.2333932930645
confirm,282.2619141611279,1,282.2333932930645,282.423594271258
confirm,282.5852743813882,1,282.423594271258,282.7367519857328
confirm,282.88822959007734,1,282.7367519857328,282.93150447370084
confirm,282.97477935732434,1,282.93150447370084,282.9965326025839
confirm,283.0182858478435,2,282.9965326025839,283.05391498450206
confirm,283.08954412116066,1,283.05391498450206,283.1404319745527
confirm,283.1913198279448,2,283.1404319745527,283.3459447396202
confirm,283.5005696512956,2,283.3459447396202,283.87125230400534
confirm,284.2419349567151,1,283.87125230400534,284.35764054657056
confirm,284.473346136426,1,284.35764054657056,284.49755384791854
confirm,284.5217615594111,1,284.49755384791854,284.7029757033232
confirm,284.88418984723535,1,284.7029757033232,284.94051632430876
confirm,284.9968428013822,2,284.94051632430876,285.0643126956575
confirm,285.13178258993287,1,285.0643126956575,285.1661963619739
confirm,285.20061013401494,1,285.1661963619739,285.2502055079999
confirm,285.29980088198494,2,285.2502055079999,285.44099604703183
confirm,285.5821912120787,1,285.44099604703183,285.615715493776
confirm,285.6492397754733,1,285.615715493776,285.6768231925517
confirm,285.7044066096301,1,285.6768231925517,285.75832406872956
confirm,285.81224152782903,1,285.75832406872956,285.9701273316216
confirm,286.1280131354141,1,285.9701273316216,286.4156098758741
confirm,286.7032066163341,1,286.4156098758741,286.7280525804068
confirm,286.7528985444796,1,286.7280525804068,286.97180332376877
confirm,287.190708103058,1,286.97180332376877,287.3902572902996
confirm,287.5898064775411,1,287.3902572902996,287.61992849728813
confirm,287.6500505170352,2,287.61992849728813,287.69958495435174
confirm,287.7491193916683,1,287.69958495435174,287.92375848517344
confirm,288.0983975786786,1,287.92375848517344,288.31364216650974
confirm,288.5288867543409,1,288.31364216650974,288.66753005792776
confirm,288.80617336151465,2,288.66753005792776,288.8860151130682
confirm,288.9658568646218,1,288.8860151130682,289.082848463985
confirm,289.1998400633482,1,289.082848463985,289.33467988928396
confirm,289.4695197152197,1,289.33467988928396,289.57293441145924
confirm,289.6763491076988,1,289.57293441145924,289.82731437206
confirm,289.97827963642123,1,289.82731437206,290.00082454793676
confirm,290.0233694594522,1,290.00082454793676,290.16925499208924
confirm,290.3151405247263,1,290.16925499208924,290.33082343512683
confirm,290.3465063455273,1,290.33082343512683,290.3784108168726
confirm,290.4103152882178,1,290.3784108168726,290.4585397065379
confirm,290.506764124858,1,290.4585397065379,290.5685311658731
confirm,290.63029820688814,2,290.5685311658731,290.72044305443853
confirm,290.810587901989,2,290.72044305443853,290.93879013811284
confirm,291.06699237423675,5,290.93879013811284,291.3027656042782
confirm,291.5385388343197,2,291.3027656042782,291.6348934393776
confirm,291.7312480444356,1,291.6348934393776,291.760705721575
confirm,291.7901633987144,1,291.760705721575,292.1140200431282
confirm,292.437876687542,1,292.1140200431282,292.47822178033243
confirm,292.51856687312284,2,292.47822178033243,292.59925274559953
confirm,292.6799386180762,1,292.59925274559953,292.7170357975613
confirm,292.7541329770464,1,292.7170357975613,292.8416392682523
confirm,292.9291455594582,1,292.8416392682523,293.2611857763692
confirm,293.5932259932802,1,293.2611857763692,293.99132874368235
confirm,294.3894314940845,1,293.99132874368235,294.4307870687213
confirm,294.4721426433582,1,294.4307870687213,294.6866544535786
confirm,294.9011662637991,1,294.6866544535786,294.9783585200702
confirm,295.0555507763412,1,294.9783585200702,295.13914750338574
confirm,295.2227442304303,1,295.13914750338574,295.2681647286939
confirm,295.31358522695746,3,295.2681647286939,295.34056579009524
confirm,295.367546353233,1,295.34056579009524,295.51571834361346
confirm,295.66389033399383,1,295.51571834361346,295.6901694731241
confirm,295.71644861225445,1,295.6901694731241,295.8391902395483
confirm,295.96193186684224,1,295.8391902395483,296.1163199592394
confirm,296.2707080516366,1,296.1163199592394,296.3055537240068
confirm,296.3403993963771,1,296.3055537240068,296.5539874901399
confirm,296.7675755839026,1,296.5539874901399,296.9385187895515
confirm,297.1094619952004,1,296.9385187895515,297.1377245541071
confirm,297.1659871130137,1,297.1377245541071,297.28914403856913
confirm,297.41230096412454,2,297.28914403856913,297.4265796972979
confirm,297.4408584304712,1,297.4265796972979,297.48337305214227
confirm,297.52588767381326,1,297.48337305214227,297.57670770145455
confirm,297.6275277290958,2,297.57670770145455,297.6790305191706
confirm,297.73053330924546,1,297.6790305191706,297.8926997139258
confirm,298.0548661186062,1,297.8926997139258,298.2955904846808
confirm,298.5363148507555,1,298.2955904846808,298.6349504728772
confirm,298.7335860949989,2,298.6349504728772,298.9395167219311
confirm,299.14544734886334,1,298.9395167219311,299.23686980728996
confirm,299.3282922657165,1,299.23686980728996,299.46947631558857
confirm,299.6106603654606,2,299.46947631558857,299.79355413566134
confirm,299.9764479058621,1,299.79355413566134,300.1491582588886
confirm,300.3218686119151,1,300.1491582588886,300.43760551347987
confirm,300.5533424150446,3,300.43760551347987,300.5732982709419
confirm,300.5932541268392,1,300.5732982709419,300.6120756428199
confirm,300.63089715880056,1,300.6120756428199,300.65016371958404
confirm,300.6694302803676,1,300.65016371958404,300.73860999065334
confirm,300.80778970093905,1,300.73860999065334,300.8250455075739
confirm,300.8423013142087,1,300.8250455075739,300.9776785539884
confirm,301.1130557937682,2,300.9776785539884,301.1697103186058
confirm,301.2263648434434,1,301.1697103186058,301.40983321856277
confirm,301.5933015936821,1,301.40983321856277,301.7493860143778
confirm,301.90547043507354,1,301.7493860143778,302.04422235304446
confirm,302.1829742710153,1,302.04422235304446,302.2422661938347
confirm,302.3015581166541,1,302.2422661938347,302.4543741932515
confirm,302.6071902698489,1,302.4543741932515,302.74212129991713
confirm,302.8770523299853,1,302.74212129991713,303.0171577367405
confirm,303.1572631434957,1,303.0171577367405,303.2478453945245
confirm,303.33842764555334,1,303.2478453945245,303.4443405376991
confirm,303.5502534298448,1,303.4443405376991,303.68331425195686
confirm,303.81637507406884,1,303.68331425195686,303.91838980577495
confirm,304.020404537481,1,303.91838980577495,304.1119759047341
confirm,304.2035472719872,2,304.1119759047341,304.22999343586616
confirm,304.25643959974514,1,304.22999343586616,304.32090397781724
confirm,304.38536835588934,1,304.32090397781724,304.513663811415
confirm,304.64195926694055,1,304.513663811415,304.66704474288997
confirm,304.69213021883945,1,304.66704474288997,304.7080373192955
confirm,304.72394441975155,1,304.7080373192955,304.7614286822085
confirm,304.7989129446654,2,304.7614286822085,305.1760056374201
confirm,305.55309833017475,1,305.1760056374201,305.73202912222837
confirm,305.91095991428193,1,305.73202912222837,306.05705054561463
confirm,306.2031411769474,2,306.05705054561463,306.2865449064741
confirm,306.3699486360008,1,306.2865449064741,306.46657427715587
confirm,306.56319991831094,1,306.46657427715587,306.6352965505542
confirm,306.70739318279743,1,306.6352965505542,306.7825873206302
confirm,306.8577814584631,1,306.7825873206302,306.92958500773244
confirm,307.0013885570018,1,306.92958500773244,307.18404160997125
confirm,307.36669466294063,1,307.18404160997125,307.3826438729426
confirm,307.3985930829446,1,307.3826438729426,307.48441409428017
confirm,307.5702351056158,2,307.48441409428017,307.62351600460966
confirm,307.6767969036035,1,307.62351600460966,307.7423436906465
confirm,307.8078904776896,1,307.7423436906465,307.9440516741196
confirm,308.0802128705496,1,307.9440516741196,308.10145623027796
confirm,308.12269959000633,2,308.10145623027796,308.15501831230404
confirm,308.18733703460174,1,308.15501831230404,308.32206708067156
confirm,308.4567971267413,2,308.32206708067156,308.6201633712
confirm,308.7835296156587,1,308.6201633712,309.1006740089768
confirm,309.41781840229487,1,309.1006740089768,309.44220829171866
confirm,309.46659818114244,1,309.44220829171866,309.6300662285563
confirm,309.7935342759701,1,309.6300662285563,309.906118028881
confirm,310.0187017817919,2,309.906118028881,310.0770970841819
confirm,310.13549238657185,1,310.0770970841819,310.2367387829575
confirm,310.33798517934315,2,310.2367387829575,310.4418397344919
confirm,310.54569428964066,1,310.4418397344919,310.6986055433023
confirm,310.85151679696384,1,310.6986055433023,311.2391347105623
confirm,311.6267526241608,1,311.2391347105623,311.65435709191445
confirm,311.68196155966814,1,311.65435709191445,311.8780284730167
confirm,312.07409538636523,1,311.8780284730167,312.25104986936236
confirm,312.4280043523595,1,312.25104986936236,312.58402597828615
confirm,312.74004760421275,1,312.58402597828615,312.8038724844854
confirm,312.867697364758,1,312.8038724844854,312.89141168606227
confirm,312.9151260073666,3,312.89141168606227,312.96050121851664
confirm,313.00587642966667,2,312.96050121851664,313.09691810121177
confirm,313.18795977275687,1,313.09691810121177,313.3331460894183
confirm,313.47833240607974,1,313.3331460894183,313.57296711564663
confirm,313.6676018252135,1,313.57296711564663,313.77642203987705
confirm,313.8852422545406,1,313.77642203987705,313.91527965722923
confirm,313.94531705991784,1,313.91527965722923,313.9677767106931
confirm,313.9902363614683,2,313.9677767106931,314.2087574677076
confirm,314.42727857394686,1,314.2087574677076,314.4764300771631
confirm,314.52558158037937,1,314.4764300771631,314.5844604037785
confirm,314.6433392271776,2,314.5844604037785,314.705646360054
confirm,314.7679534929304,2,314.705646360054,314.9046860186801
confirm,315.0414185444297,2,314.9046860186801,315.13508942487374
confirm,315.22876030531785,1,315.13508942487374,315.291960870812
confirm,315.3551614363061,1,315.291960870812,315.46294989566763
confirm,315.5707383550292,1,315.46294989566763,315.58553232910214
confirm,315.60032630317505,1,315.58553232910214,315.6610036560953
confirm,315.7216810090155,1,315.6610036560953,315.8912543186226
confirm,316.06082762822973,1,315.8912543186226,316.20326361864045
confirm,316.3456996090512,1,316.20326361864045,316.3793361280335
confirm,316.41297264701586,1,316.3793361280335,316.6869198288701
confirm,316.9608670107243,1,316.6869198288701,317.2299372165869
confirm,317.49900742244955,1,317.2299372165869,317.62225307937456
confirm,317.7454987362996,1,317.62225307937456,317.79066316793865
confirm,317.83582759957767,2,317.79066316793865,317.8544977949698
confirm,317.87316799036194,1,317.8544977949698,317.9106002042033
confirm,317.94803241804465,1,317.9106002042033,318.0408039441595
confirm,318.1335754702744,1,318.0408039441595,318.2050335100122
confirm,318.2764915497499,1,318.2050335100122,318.4101948766345
confirm,318.5438982035191,1,318.4101948766345,318.60261538639145
confirm,318.66133256926383,1,318.60261538639145,318.7011217913107
confirm,318.7409110133576,1,318.7011217913107,318.8139064501508
confirm,318.886901886944,1,318.8139064501508,318.90717627447947
confirm,318.92745066201496,1,318.90717627447947,319.0851402845399
confirm,319.24282990706484,1,319.0851402845399,319.34312686179203
confirm,319.4434238165192,1,319.34312686179203,319.52632231495113
confirm,319.609220813383,3,319.52632231495113,319.8155768352807
confirm,320.02193285717846,1,319.8155768352807,320.0797421950175
confirm,320.1375515328565,1,320.0797421950175,320.17395478234585
confirm,320.21035803183514,1,320.17395478234585,320.38089633866764
confirm,320.5514346455002,1,320.38089633866764,320.58648569019067
confirm,320.62153673488115,1,320.58648569019067,320.8338906628777
confirm,321.0462445908742,1,320.8338906628777,321.1609684199516
confirm,321.27569224902896,1,321.1609684199516,321.3299608939469
confirm,321.38422953886493,2,321.3299608939469,321.3996993841123
confirm,321.4151692293596,1,321.3996993841123,321.5652828871283
confirm,321.71539654489703,1,321.5652828871283,321.76326339477805
confirm,321.811130244659,1,321.76326339477805,322.08856413193746
confirm,322.36599801921585,1,322.08856413193746,322.4001596181938
confirm,322.4343212171717,1,322.4001596181938,322.4556358031282
confirm,322.47695038908466,1,322.4556358031282,322.5780170707562
confirm,322.6790837524277,1,322.5780170707562,322.7041156594825
confirm,322.72914756653734,1,322.7041156594825,322.9082237293402
confirm,323.08729989214305,1,322.9082237293402,323.269497817986
confirm,323.45169574382896,2,323.269497817986,323.5788824186069
confirm,323.7060690933848,1,323.5788824186069,323.74845548166206
confirm,323.79084186993924,1,323.74845548166206,323.837878544335
confirm,323.88491521873084,1,323.837878544335,323.9161978445692
confirm,323.9474804704076,1,323.9161978445692,324.09708540696903
confirm,324.2466903435305,1,324.09708540696903,324.30787756019413
confirm,324.3690647768578,1,324.30787756019413,324.4402030051581
confirm,324.5113412334583,1,324.4402030051581,324.70090671786767
confirm,324.890472202277,3,324.70090671786767,325.24790559564315
confirm,325.6053389890092,2,325.24790559564315,325.6662233877777
confirm,325.72710778654607,1,325.6662233877777,325.7401676187813
confirm,325.7532274510165,1,325.7401676187813,325.77187589665994
confirm,325.79052434230334,1,325.77187589665994,325.80639041416873
confirm,325.8222564860342,1,325.80639041416873,325.8472807551877
confirm,325.8723050243412,1,325.8472807551877,325.9590359131776
confirm,326.04576680201404,1,325.9590359131776,326.2379101982301
confirm,326.4300535944461,2,326.2379101982301,326.4722850566013
confirm,326.5145165187566,1,326.4722850566013,326.5469221687152
confirm,326.5793278186738,1,326.5469221687152,326.6590768017563
confirm,326.7388257848388,1,326.6590768017563,326.9133926165225
confirm,327.0879594482062,1,326.9133926165225,327.1283480431189
confirm,327.16873663803153,1,327.1283480431189,327.50387474660016
confirm,327.8390128551688,1,327.50387474660016,327.87246522701656
confirm,327.90591759886433,1,327.87246522701656,327.9487784240898
confirm,327.9916392493153,1,327.9487784240898,328.1071071758119
confirm,328.2225751023085,1,328.1071071758119,328.4508077702278
confirm,328.67904043814707,1,328.4508077702278,328.8982319394436
confirm,329.1174234407401,1,328.8982319394436,329.162526601549
confirm,329.20762976235795,2,329.162526601549,329.3168976154954
confirm,329.42616546863286,2,329.3168976154954,329.62911389047827
confirm,329.8320623123237,2,329.62911389047827,330.0253405314218
confirm,330.2186187505199,2,330.0253405314218,330.6176412636329
confirm,331.0166637767459,2,330.6176412636329,331.03188848010177
confirm,331.0471131834577,2,331.03188848010177,331.0629910938601
confirm,331.0788690042624,1,331.0629910938601,331.10382342873874
confirm,331.12877785321507,1,331.10382342873874,331.18183090190854
confirm,331.234883950602,1,331.18183090190854,331.2606434913031
confirm,331.2864030320042,1,331.2606434913031,331.41415747512497
confirm,331.54191191824566,2,331.41415747512497,331.6718856515877
confirm,331.8018593849296,1,331.6718856515877,331.87653937278947
confirm,331.9512193606493,2,331.87653937278947,332.3601552070802
confirm,332.76909105351103,2,332.3601552070802,332.8512767754777
confirm,332.9334624974443,1,332.8512767754777,333.04331141508254
confirm,333.1531603327208,1,333.04331141508254,333.1819731110852
confirm,333.2107858894496,1,333.1819731110852,333.3096542082236
confirm,333.4085225269977,1,333.3096542082236,333.42912144236516
confirm,333.44972035773264,1,333.42912144236516,333.4624013849733
confirm,333.475082412214,1,333.4624013849733,333.58836922887394
confirm,333.7016560455338,1,333.58836922887394,333.7362406399434
confirm,333.7708252343529,1,333.7362406399434,333.8089623359938
confirm,333.8470994376346,1,333.8089623359938,333.946445428483
confirm,334.0457914193314,1,333.946445428483,334.1373162040344
confirm,334.22884098873743,1,334.1373162040344,334.24403517290506
confirm,334.2592293570727,1,334.24403517290506,334.27281155550816
confirm,334.2863937539437,1,334.27281155550816,334.3932443939258
confirm,334.5000950339079,1,334.3932443939258,334.53158299665176
confirm,334.5630709593956,1,334.53158299665176,334.6353266637693
confirm,334.70758236814305,1,334.6353266637693,334.7308811313088
confirm,334.75417989447453,1,334.7308811313088,334.8036331540236
confirm,334.8530864135727,1,334.8036331540236,334.9117416114689
confirm,334.9703968093651,1,334.9117416114689,334.9920341827893
confirm,335.01367155621347,1,334.9920341827893,335.0960642632514
confirm,335.1784569702893,2,335.0960642632514,335.25572421171955
confirm,335.3329914531498,1,335.25572421171955,335.7432301567247
confirm,336.15346886029954,1,335.7432301567247,336.50913152977984
confirm,336.86479419926013,1,336.50913152977984,336.97093174150905
confirm,337.0770692837579,1,336.97093174150905,337.1034253623719
confirm,337.1297814409859,1,337.1034253623719,337.184520412457
confirm,337.2392593839281,2,337.184520412457,337.2672346445303
confirm,337.29520990513254,1,337.2672346445303,337.32750130366753
confirm,337.35979270220247,1,337.32750130366753,337.4118242018899
confirm,337.4638557015773,2,337.4118242018899,337.4990291262354
confirm,337.5342025508935,1,337.4990291262354,337.5573615150853
confirm,337.58052047927714,1,337.5573615150853,337.7518494752303
confirm,337.92317847118346,1,337.7518494752303,337.94039492852255
confirm,337.9576113858617,1,337.94039492852255,337.9703858900058
confirm,337.9831603941499,1,337.9703858900058,338.1871789182696
confirm,338.3911974423893,1,338.1871789182696,338.53277519768017
confirm,338.6743529529711,1,338.53277519768017,338.72580672116936
confirm,338.7772604893676,1,338.72580672116936,338.9875532649046
confirm,339.1978460404415,2,338.9875532649046,339.21979912695576
confirm,339.24175221347,1,339.21979912695576,339.323500335267
confirm,339.4052484570639,1,339.323500335267,339.59415277252424
confirm,339.7830570879845,1,339.59415277252424,339.9975806169731
confirm,340.2121041459617,3,339.9975806169731,340.4948271847831
confirm,340.7775502236045,1,340.4948271847831,340.8709089949026
confirm,340.96426776620063,1,340.8709089949026,340.97896948611685
confirm,340.993671206033,1,340.97896948611685,341.21436110917017
confirm,341.4350510123073,1,341.21436110917017,341.8205764485658
confirm,342.20610188482425,1,341.8205764485658,342.2972309929273
confirm,342.38836010103034,1,342.2972309929273,342.47385884017297
confirm,342.5593575793156,1,342.47385884017297,342.8272325141488
confirm,343.095107448982,1,342.8272325141488,343.17877079320704
confirm,343.26243413743214,1,343.17877079320704,343.3138515172971
confirm,343.3652688971621,1,343.3138515172971,343.4650312102809
confirm,343.5647935233997,1,343.4650312102809,343.5987759836552
confirm,343.63275844391063,1,343.5987759836552,343.77627522935273
confirm,343.91979201479484,2,343.77627522935273,343.96811996693907
confirm,344.0164479190833,1,343.96811996693907,344.0502604900789
confirm,344.08407306107455,1,344.0502604900789,344.1031636959908
confirm,344.12225433090714,2,344.1031636959908,344.18900781309884
confirm,344.25576129529054,2,344.18900781309884,344.2793338004601
confirm,344.3029063056296,1,344.2793338004601,344.51077676344835
confirm,344.71864722126713,1,344.51077676344835,344.74656905341885
confirm,344.77449088557063,1,344.74656905341885,344.84438200206955
confirm,344.91427311856853,2,344.84438200206955,344.9741482595024
confirm,345.0340234004362,1,344.9741482595024,345.0900620870106
confirm,345.14610077358503,1,345.0900620870106,345.20133027098353
confirm,345.25655976838203,1,345.20133027098353,345.31612998385776
confirm,345.37570019933344,1,345.31612998385776,345.38913170599733
confirm,345.4025632126612,1,345.38913170599733,345.57156036237285
confirm,345.7405575120845,2,345.57156036237285,345.8510469791278
confirm,345.961536446171,1,345.8510469791278,346.1467213470575
confirm,346.331906247944,1,346.1467213470575,346.3640185832509
confirm,346.39613091855784,1,346.3640185832509,346.46268001250246
confirm,346.529229106447,2,346.46268001250246,346.5612089397379
confirm,346.5931887730288,2,346.5612089397379,346.70023199288755
confirm,346.8072752127462,1,346.70023199288755,347.0485770649359
confirm,347.2898789171255,2,347.0485770649359,347.3398877831164
confirm,347.3898966491073,1,347.3398877831164,347.5811476812969
confirm,347.7723987134865,1,347.5811476812969,347.8663107880667
confirm,347.9602228626469,2,347.8663107880667,348.1371621799675
confirm,348.3141014972881,1,348.1371621799675,348.3580239109606
confirm,348.4019463246331,1,348.3580239109606,348.58370662297796
confirm,348.76546692132274,2,348.58370662297796,348.9056307347612
confirm,349.0457945481997,1,348.9056307347612,349.06995767002775
confirm,349.09412079185574,1,349.06995767002775,349.2801732146369
confirm,349.466225637418,2,349.2801732146369,349.61513982340466
confirm,349.7640540093913,2,349.61513982340466,349.8640182814131
confirm,349.96398255343496,1,349.8640182814131,349.9829268408553
confirm,350.0018711282757,1,349.9829268408553,350.0301832569303
confirm,350.0584953855849,1,350.0301832569303,350.1556993447738
confirm,350.25290330396274,2,350.1556993447738,350.4801621330912
confirm,350.7074209622196,2,350.4801621330912,350.7502623233497
confirm,350.7931036844798,1,350.7502623233497,350.9846680761306
confirm,351.17623246778146,1,350.9846680761306,351.1897530612829
confirm,351.2032736547843,1,351.1897530612829,351.26850184311724
confirm,351.33373003145016,1,351.26850184311724,351.39885544446713
confirm,351.46398085748405,1,351.39885544446713,351.631140366349
confirm,351.7982998752139,1,351.631140366349,351.8550605622209
confirm,351.9118212492279,1,351.8550605622209,352.0156303070328
confirm,352.1194393648376,1,352.0156303070328,352.1770442101417
confirm,352.23464905544574,1,352.1770442101417,352.2553854047352
confirm,352.27612175402464,2,352.2553854047352,352.39116733188075
confirm,352.50621290973686,1,352.39116733188075,352.5909508160777
confirm,352.6756887224185,1,352.5909508160777,352.8860745613839
confirm,353.0964604003494,1,352.8860745613839,353.122384204185
confirm,353.14830800802054,2,353.122384204185,353.36500482232486
confirm,353.58170163662925,1,353.36500482232486,353.7358704448877
confirm,353.89003925314626,1,353.7358704448877,353.93365152969517
confirm,353.9772638062441,1,353.93365152969517,354.02382918488854
confirm,354.070394563533,1,354.02382918488854,354.0984567075158
confirm,354.12651885149864,1,354.0984567075158,354.14798880737527
confirm,354.1694587632519,2,354.14798880737527,354.20250857842314
confirm,354.2355583935944,1,354.20250857842314,354.3003444586381
confirm,354.36513052368184,1,354.3003444586381,354.4028500309297
confirm,354.4405695381776,1,354.4028500309297,354.47297550579833
confirm,354.505381473419,2,354.47297550579833,354.5827196065627
confirm,354.6600577397064,1,354.5827196065627,354.77249551857483
confirm,354.88493329744324,1,354.77249551857483,355.0525190054541
confirm,355.2201047134649,2,355.0525190054541,355.4520723867396
confirm,355.68404006001435,1,355.4520723867396,355.7206724670471
confirm,355.75730487407986,1,355.7206724670471,355.8556697763429
confirm,355.9540346786059,1,355.8556697763429,356.01495960222667
confirm,356.07588452584736,1,356.01495960222667,356.1110301985731
confirm,356.14617587129885,1,356.1110301985731,356.2180864055222
confirm,356.2899969397455,2,356.2180864055222,356.40706064707064
confirm,356.5241243543958,1,356.40706064707064,356.73279599737316
confirm,356.94146764035054,1,356.73279599737316,356.9728229859097
confirm,357.0041783314689,1,356.9728229859097,357.25955670348696
confirm,357.514935075505,1,357.25955670348696,357.58481975879397
confirm,357.6547044420829,2,357.58481975879397,357.7021083525467
confirm,357.7495122630105,1,357.7021083525467,357.7632607644431
confirm,357.7770092658757,1,357.7632607644431,357.88386405523113
confirm,357.9907188445865,1,357.88386405523113,358.1774657467171
confirm,358.3642126488476,1,358.1774657467171,358.5584434787051
confirm,358.7526743085626,1,358.5584434787051,358.78635690641113
confirm,358.82003950425974,1,358.78635690641113,358.83722427311994
confirm,358.85440904198015,1,358.83722427311994,358.99758112172174
confirm,359.1407532014633,1,358.99758112172174,359.20213489633625
confirm,359.2635165912092,1,359.20213489633625,359.3456624231384
confirm,359.4278082550676,1,359.3456624231384,359.652907902278
confirm,359.8780075494884,1,359.652907902278,359.9256949627036
confirm,359.97338237591873,1,359.9256949627036,360.0429928334263
confirm,360.11260329093386,1,360.0429928334263,360.22332594310814
confirm,360.3340485952824,1,360.22332594310814,360.75291271134347
confirm,361.1717768274045,2,360.75291271134347,361.29007686955975
confirm,361.408376911715,2,361.29007686955975,361.4864289722981
confirm,361.5644810328812,2,361.4864289722981,361.77366146726285
confirm,361.9828419016445,1,361.77366146726285,362.058249476338
confirm,362.1336570510315,1,362.058249476338,362.4665423207866
confirm,362.79942759054165,1,362.4665423207866,362.9342474499603
confirm,363.06906730937897,1,362.9342474499603,363.08338450927437
confirm,363.09770170916977,1,363.08338450927437,363.17262472438256
confirm,363.2475477395953,1,363.17262472438256,363.30978709514426
confirm,363.3720264506932,1,363.30978709514426,363.53805827944893
confirm,363.7040901082046,1,363.53805827944893,363.9700814014568
confirm,364.236072694709,2,363.9700814014568,364.3328225600035
confirm,364.4295724252979,2,364.3328225600035,364.48673986154023
confirm,364.54390729778254,1,364.48673986154023,364.5998152356755
confirm,364.6557231735685,3,364.5998152356755,364.67161428984394
confirm,364.6875054061194,1,364.67161428984394,364.7225940057395
confirm,364.7576826053596,1,364.7225940057395,364.77036387304355
confirm,364.7830451407275,1,364.77036387304355,364.9084848106574
confirm,365.0339244805873,1,364.9084848106574,365.0998208024046
confirm,365.16571712422194,2,365.0998208024046,365.22242567820365
confirm,365.2791342321854,2,365.22242567820365,365.46385702457576
confirm,365.6485798169661,1,365.46385702457576,365.69102920027603
confirm,365.733478583586,1,365.69102920027603,365.8692679832894
confirm,366.00505738299273,1,365.8692679832894,366.0258620378103
confirm,366.0466666926279,2,366.0258620378103,366.0975863328922
confirm,366.14850597315655,1,366.0975863328922,366.17353473327114
confirm,366.1985634933857,1,366.17353473327114,366.289028538297
confirm,366.3794935832083,1,366.289028538297,366.63724584000164
confirm,366.894998096795,1,366.63724584000164,367.03413206501466
confirm,367.1732660332343,2,367.03413206501466,367.2006708826475
confirm,367.2280757320607,3,367.2006708826475,367.41469427157926
confirm,367.6013128110978,2,367.41469427157926,367.8012237885085
confirm,368.0011347659192,1,367.8012237885085,368.090502352483
confirm,368.17986993904674,1,368.090502352483,368.23792292868234
confirm,368.29597591831794,1,368.23792292868234,368.3481506770603
confirm,368.4003254358026,1,368.3481506770603,368.51532669721416
confirm,368.6303279586258,1,368.51532669721416,368.69734724543355
confirm,368.76436653224135,1,368.69734724543355,368.8535675101726
confirm,368.9427684881038,1,368.8535675101726,369.0036727817766
confirm,369.0645770754493,1,369.0036727817766,369.19177471211214
confirm,369.318972348775,1,369.19177471211214,369.3717063171151
confirm,369.4244402854552,1,369.3717063171151,369.47206741290483
confirm,369.5196945403544,2,369.47206741290483,369.5390218578907
confirm,369.558349175427,1,369.5390218578907,369.59329916620334
confirm,369.6282491569797,1,369.59329916620334,369.6422519188156
confirm,369.6562546806515,1,369.6422519188156,369.6932263919543
confirm,369.73019810325707,1,369.6932263919543,369.98610257153643
confirm,370.2420070398158,1,369.98610257153643,370.49534796662687
confirm,370.74868889343793,1,370.49534796662687,370.80133779041273
confirm,370.8539866873875,1,370.80133779041273,370.9146689270293
confirm,370.9753511666712,1,370.9146689270293,371.12897472338204
confirm,371.2825982800928,2,371.12897472338204,371.4412632400922
confirm,371.59992820009165,1,371.4412632400922,371.6749230357708
confirm,371.7499178714499,2,371.6749230357708,371.7783510802115
confirm,371.8067842889731,2,371.7783510802115,371.8328980440908
confirm,371.8590117992086,1,371.8328980440908,371.8740377997379
confirm,371.8890638002672,1,371.8740377997379,372.0665558841456
confirm,372.24404796802406,1,372.0665558841456,372.27026537578706
confirm,372.29648278355,1,372.27026537578706,372.3500402818861
confirm,372.4035977802222,1,372.3500402818861,372.462286105286
confirm,372.5209744303498,2,372.462286105286,372.58814915487284
confirm,372.6553238793959,1,372.58814915487284,372.9801489879371
confirm,373.3049740964784,2,372.9801489879371,373.35052464042474
confirm,373.3960751843711,1,373.35052464042474,373.59128527125154
confirm,373.786495358132,1,373.59128527125154,373.81925862155094
confirm,373.8520218849699,2,373.81925862155094,373.93339721454595
confirm,374.0147725441221,1,373.93339721454595,374.13291499673755
confirm,374.2510574493531,1,374.13291499673755,374.36378504242015
confirm,374.4765126354872,2,374.36378504242015,374.51185895891024
confirm,374.54720528233327,1,374.51185895891024,374.69120146030684
confirm,374.8351976382805,1,374.69120146030684,374.9095324129952
confirm,374.98386718770985,1,374.9095324129952,375.1034976078454
confirm,375.223128027981,1,375.1034976078454,375.28133443950634
confirm,375.3395408510317,1,375.28133443950634,375.5820758979187
confirm,375.8246109448056,1,375.5820758979187,375.86294845238865
confirm,375.9012859599717,1,375.86294845238865,375.9181169568978
confirm,375.9349479538239,1,375.9181169568978,375.9861095613288
confirm,376.0372711688338,1,375.9861095613288,376.0511768860707
confirm,376.0650826033077,1,376.0511768860707,376.2064138863945
confirm,376.3477451694813,1,376.2064138863945,376.51169978203194
confirm,376.6756543945826,1,376.51169978203194,376.7190107092146
confirm,376.76236702384665,2,376.7190107092146,376.85246750542774
confirm,376.9425679870088,2,376.85246750542774,376.9592306005478
confirm,376.97589321408685,1,376.9592306005478,377.00993743609206
confirm,377.04398165809727,2,377.00993743609206,377.0794201032861
confirm,377.11485854847496,1,377.0794201032861,377.1418448673778
confirm,377.1688311862806,2,377.1418448673778,377.3634617557237
confirm,377.55809232516674,1,377.3634617557237,377.6483559993836
confirm,377.73861967360045,1,377.6483559993836,377.8494704667046
confirm,377.9603212598088,1,377.8494704667046,377.9747159121406
confirm,377.9891105644724,1,377.9747159121406,378.1531021839372
confirm,378.3170938034021,1,378.1531021839372,378.36983433491605
confirm,378.42257486643,1,378.36983433491605,378.92295717074376
confirm,379.4233394750575,1,378.92295717074376,379.44492059380576
confirm,379.466501712554,2,379.44492059380576,379.4834579767012
confirm,379.5004142408483,1,379.4834579767012,379.58900949518164
confirm,379.677604749515,1,379.58900949518164,379.70452620867616
confirm,379.73144766783736,2,379.70452620867616,379.76421278561986
confirm,379.7969779034023,2,379.76421278561986,380.2813711482817
confirm,380.76576439316113,1,380.2813711482817,380.79452032295217
confirm,380.8232762527432,1,380.79452032295217,381.06799527213985
confirm,381.3127142915365,1,381.06799527213985,381.4359121258854
confirm,381.5591099602343,1,381.4359121258854,381.59971761179037
confirm,381.6403252633464,1,381.59971761179037,381.78319922838875
confirm,381.9260731934311,1,381.78319922838875,382.1766936700619
confirm,382.4273141466928,1,382.1766936700619,382.48222646173895
confirm,382.537138776785,3,382.48222646173895,382.62257968781296
confirm,382.7080205988409,3,382.62257968781296,382.7288091874061
confirm,382.7495977759714,1,382.7288091874061,382.8167378376388
confirm,382.8838778993062,1,382.8167378376388,383.04216881554055
confirm,383.2004597317749,2,383.04216881554055,383.22289996481163
confirm,383.2453401978483,1,383.22289996481163,383.2913669367409
confirm,383.3373936756335,1,383.2913669367409,383.4821395562905
confirm,383.62688543694753,1,383.4821395562905,383.6821158924899
confirm,383.73734634803225,1,383.6821158924899,383.86538859028053
confirm,383.9934308325289,1,383.86538859028053,384.07940452307844
confirm,384.165378213628,2,384.07940452307844,384.2589677990792
confirm,384.3525573845303,1,384.2589677990792,384.59288339640904
confirm,384.83320940828776,1,384.59288339640904,384.91805430473573
confirm,385.00289920118377,1,384.91805430473573,385.09195379052034
confirm,385.1810083798569,1,385.09195379052034,385.28357440851914
confirm,385.3861404371813,1,385.28357440851914,385.3987381198611
confirm,385.41133580254086,1,385.3987381198611,385.7098632519239
confirm,386.0083907013069,1,385.7098632519239,386.05886994525633
confirm,386.1093491892058,1,386.05886994525633,386.15469083680136
confirm,386.20003248439696,1,386.15469083680136,386.2199763306754
confirm,386.23992017695394,3,386.2199763306754,386.2968949295191
confirm,386.3538696820843,1,386.2968949295191,386.36864950884
confirm,386.3834293355958,2,386.36864950884,386.48065723085415
confirm,386.5778851261125,1,386.48065723085415,386.6925508876658
confirm,386.8072166492191,1,386.6925508876658,386.8557119521729
confirm,386.9042072551268,1,386.8557119521729,386.92382091929676
confirm,386.9434345834668,1,386.92382091929676,387.3982466447081
confirm,387.85305870594937,1,387.3982466447081,388.0039720752528
confirm,388.1548854445563,1,388.0039720752528,388.1739204215577
confirm,388.1929553985591,2,388.1739204215577,388.35362680132675
confirm,388.5142982040945,2,388.35362680132675,388.62763795531066
confirm,388.7409777065269,1,388.62763795531066,388.76434569906655
confirm,388.7877136916062,1,388.76434569906655,388.8036907119423
confirm,388.81966773227833,1,388.8036907119423,389.0293568502791
confirm,389.2390459682798,1,389.0293568502791,389.271246287853
confirm,389.30344660742617,1,389.271246287853,389.3446782247921
confirm,389.385909842158,2,389.3446782247921,389.57098306444584
confirm,389.7560562867337,1,389.57098306444584,389.7765207677141
confirm,389.79698524869445,2,389.7765207677141,389.82356732118114
confirm,389.85014939366783,1,389.82356732118114,390.1311271092247
confirm,390.4121048247815,1,390.1311271092247,390.64864853776896
confirm,390.8851922507564,1,390.64864853776896,390.9124073519985
confirm,390.93962245324064,2,390.9124073519985,390.96628279058933
confirm,390.992943127938,3,390.96628279058933,391.14057585656707
confirm,391.2882085851961,1,391.14057585656707,391.31419045410433
confirm,391.34017232301255,2,391.31419045410433,391.3588406405977
confirm,391.3775089581828,1,391.3588406405977,391.4117757113447
confirm,391.4460424645067,1,391.4117757113447,391.7399251035629
confirm,392.033807742619,1,391.7399251035629,392.08671972485024
confirm,392.13963170708143,2,392.08671972485024,392.2617604890272
confirm,392.383889270973,1,392.2617604890272,392.501151159915
confirm,392.6184130488571,2,392.501151159915,392.7150705861965
confirm,392.81172812353583,1,392.7150705861965,392.86756484143507
confirm,392.9234015593343,2,392.86756484143507,392.99113684325744
confirm,393.0588721271805,2,392.99113684325744,393.1161420923346
confirm,393.17341205748863,1,393.1161420923346,393.23137073096257
confirm,393.2893294044365,1,393.23137073096257,393.3288210840225
confirm,393.3683127636084,1,393.3288210840225,393.43614247694666
confirm,393.5039721902849,1,393.43614247694666,393.5186425818718
confirm,393.5333129734587,1,393.5186425818718,393.5705936828037
confirm,393.6078743921487,1,393.5705936828037,393.77388888327255
confirm,393.9399033743964,1,393.77388888327255,394.17909181295397
confirm,394.4182802515115,1,394.17909181295397,394.5453586589451
confirm,394.6724370663787,1,394.5453586589451,394.80854430985306
confirm,394.94465155332745,1,394.80854430985306,394.975511350278
confirm,395.0063711472285,1,394.975511350278,395.0391103281198
confirm,395.0718495090112,1,395.0391103281198,395.11408541313506
confirm,395.15632131725886,3,395.11408541313506,395.17625988518404
confirm,395.1961984531092,1,395.17625988518404,395.2670416726434
confirm,395.3378848921776,1,395.2670416726434,395.4622485817096
confirm,395.5866122712416,1,395.4622485817096,395.81354057232716
confirm,396.0404688734127,1,395.81354057232716,396.06521786384735
confirm,396.089966854282,1,396.06521786384735,396.16088141084015
confirm,396.2317959673982,1,396.16088141084015,396.27703390213287
confirm,396.3222718368675,1,396.27703390213287,396.36902663327635
confirm,396.4157814296851,1,396.36902663327635,396.47187574360686
confirm,396.5279700575286,4,396.47187574360686,396.56912289329387
confirm,396.6102757290592,1,396.56912289329387,396.7270345300594
confirm,396.84379333105966,1,396.7270345300594,396.86126537011035
confirm,396.8787374091611,1,396.86126537011035,397.19336239287225
confirm,397.50798737658334,1,397.19336239287225,397.7142718094767
confirm,397.9205562423701,1,397.7142718094767,397.94699428938065
confirm,397.9734323363913,3,397.94699428938065,398.0072131280569
confirm,398.0409939197225,1,398.0072131280569,398.0642945550878
confirm,398.0875951904531,1,398.0642945550878,398.12617268574945
confirm,398.16475018104586,1,398.12617268574945,398.24497214386605
confirm,398.32519410668624,1,398.24497214386605,398.3455074607849
confirm,398.3658208148836,1,398.3455074607849,398.8904932509894
confirm,399.4151656870952,1,398.8904932509894,399.50540670768146
confirm,399.5956477282677,1,399.50540670768146,399.88464050550624
confirm,400.17363328274473,1,399.88464050550624,400.1857134857651
confirm,400.1977936887855,2,400.1857134857651,400.4404491554912
confirm,400.6831046221969,1,400.4404491554912,400.9487242142157
confirm,401.2143438062345,1,400.9487242142157,401.27623876558886
confirm,401.3381337249432,1,401.27623876558886,401.3533619261177
confirm,401.3685901272922,1,401.3533619261177,401.42470928638886
confirm,401.4808284454855,3,401.42470928638886,401.6616601581127
confirm,401.8424918707399,2,401.6616601581127,401.9894488101887
confirm,402.1364057496375,1,401.9894488101887,402.1557672663629
confirm,402.1751287830883,1,402.1557672663629,402.23684365453306
confirm,402.2985585259778,1,402.23684365453306,402.49849168226456
confirm,402.6984248385513,2,402.49849168226456,402.7156623989202
confirm,402.73289995928906,1,402.7156623989202,402.8876583848
confirm,403.0424168103109,1,402.8876583848,403.058008583835
confirm,403.073600357359,1,403.058008583835,403.1341865497093
confirm,403.1947727420595,1,403.1341865497093,403.21071658148355
confirm,403.2266604209076,1,403.21071658148355,403.2538967753788
confirm,403.28113312985,1,403.2538967753788,403.3023328784754
confirm,403.3235326271008,1,403.3023328784754,403.38519681148387
confirm,403.4468609958669,2,403.38519681148387,403.65421540984505
confirm,403.8615698238231,1,403.65421540984505,403.91496977865074
confirm,403.9683697334783,1,403.91496977865074,404.0809293292918
confirm,404.19348892510527,1,404.0809293292918,404.23517448627615
confirm,404.276860047447,1,404.23517448627615,404.4443925322845
confirm,404.6119250171221,1,404.4443925322845,404.78816936771204
confirm,404.964413718302,1,404.78816936771204,405.15887913962035
confirm,405.3533445609387,1,405.15887913962035,405.4735066823916
confirm,405.5936688038445,2,405.4735066823916,405.6782781632413
confirm,405.7628875226381,3,405.6782781632413,405.7743320721926
confirm,405.7857766217471,1,405.7743320721926,405.8736471674432
confirm,405.9615177131393,2,405.8736471674432,405.98210483948645
confirm,406.0026919658336,2,405.98210483948645,406.22063465981273
confirm,406.4385773537919,1,406.22063465981273,406.4796098911427
confirm,406.52064242849343,1,406.4796098911427,406.81858905044896
confirm,407.1165356724045,1,406.81858905044896,407.13137427298955
confirm,407.14621287357465,1,407.13137427298955,407.2234570865078
confirm,407.3007012994409,1,407.2234570865078,407.3149903066655
confirm,407.3292793138901,1,407.3149903066655,407.45211475278535
confirm,407.5749501916806,1,407.45211475278535,407.5861449220589
confirm,407.59733965243726,1,407.5861449220589,407.6249619448397
confirm,407.6525842372422,1,407.6249619448397,407.8483762152702
confirm,408.0441681932982,1,407.8483762152702,408.0950159941615
confirm,408.1458637950248,1,408.0950159941615,408.1597812858279
confirm,408.173698776631,1,408.1597812858279,408.27555378110753
confirm,408.37740878558407,1,408.27555378110753,408.4064080601812
confirm,408.4354073347784,1,408.4064080601812,408.5228286908857
confirm,408.6102500469931,1,408.5228286908857,408.67637095401517
confirm,408.7424918610373,2,408.67637095401517,409.07394391428863
confirm,409.40539596754,1,409.07394391428863,409.4809595842315
confirm,409.55652320092304,1,409.4809595842315,409.618687964294
confirm,409.68085272766496,1,409.618687964294,409.9258805530747
confirm,410.17090837848446,2,409.9258805530747,410.2611245676735
confirm,410.3513407568626,1,410.2611245676735,410.46226643374234
confirm,410.573192110622,1,410.46226643374234,410.6256624595551
confirm,410.67813280848816,1,410.6256624595551,410.6956389002072
confirm,410.71314499192624,1,410.6956389002072,410.80135843390576
confirm,410.8895718758852,2,410.80135843390576,411.088059169447
confirm,411.2865464630087,2,411.088059169447,411.3360060390454
confirm,411.3854656150821,1,411.3360060390454,411.413195965506
confirm,411.4409263159299,1,411.413195965506,411.46608203484436
confirm,411.49123775375887,1,411.46608203484436,411.60704070479613
confirm,411.7228436558334,1,411.60704070479613,411.7627585134247
confirm,411.802673371016,1,411.7627585134247,411.8334589260156
confirm,411.8642444810152,1,411.8334589260156,411.9247471348644
confirm,411.9852497887136,1,411.9247471348644,412.0676187674464
confirm,412.1499877461792,1,412.0676187674464,412.17160453318445
confirm,412.19322132018976,2,412.17160453318445,412.25348366478374
confirm,412.3137460093777,2,412.25348366478374,412.37368837328796
confirm,412.4336307371982,1,412.37368837328796,412.4570952584292
confirm,412.4805597796602,1,412.4570952584292,412.80138887387744
confirm,413.1222179680947,2,412.80138887387744,413.14394052987245
confirm,413.1656630916503,2,413.14394052987245,413.24712070736354
confirm,413.3285783230768,1,413.24712070736354,413.37018859911643
confirm,413.411798875156,1,413.37018859911643,413.5471094737944
confirm,413.6824200724328,2,413.5471094737944,413.77085954346353
confirm,413.8592990144943,2,413.77085954346353,413.9557205626719
confirm,414.0521421108495,1,413.9557205626719,414.08151381714646
confirm,414.1108855234434,1,414.08151381714646,414.19570976539444
confirm,414.2805340073455,1,414.19570976539444,414.32496841709167
confirm,414.3694028268378,1,414.32496841709167,414.44565505122296
confirm,414.5219072756081,1,414.44565505122296,414.53366427340615
confirm,414.5454212712042,1,414.53366427340615,414.60158178803454
confirm,414.65774230486494,1,414.60158178803454,414.73230673815476
confirm,414.80687117144464,1,414.73230673815476,414.99287509841974
confirm,415.1788790253948,3,414.99287509841974,415.30214343220564
confirm,415.4254078390165,1,415.30214343220564,415.4680061248986
confirm,415.5106044107806,1,415.4680061248986,415.6812925439375
confirm,415.85198067709433,3,415.6812925439375,415.91902026663854
confirm,415.9860598561828,1,415.91902026663854,416.02832045516834
confirm,416.0705810541538,1,416.02832045516834,416.2217818417127
confirm,416.3729826292716,1,416.2217818417127,416.52205358350454
confirm,416.6711245377375,2,416.52205358350454,416.81316124466974
confirm,416.955197951602,2,416.81316124466974,417.0208755320134
confirm,417.0865531124249,2,417.0208755320134,417.1270154824077
confirm,417.1674778523905,1,417.1270154824077,417.23781639091925
confirm,417.308154929448,1,417.23781639091925,417.3797434389362
confirm,417.4513319484244,2,417.3797434389362,417.5828707280069
confirm,417.7144095075895,2,417.5828707280069,417.79443206811993
confirm,417.8744546286504,1,417.79443206811993,418.0349889928607
confirm,418.1955233570709,1,418.0349889928607,418.4594092249673
confirm,418.7232950928637,1,418.4594092249673,418.783657682043
confirm,418.84402027122223,1,418.783657682043,418.8751808554373
confirm,418.9063414396524,1,418.8751808554373,418.92153391346966
confirm,418.9367263872869,1,418.92153391346966,419.1749345823405
confirm,419.4131427773941,1,419.1749345823405,419.48546464102066
confirm,419.5577865046472,1,419.48546464102066,419.58500642232923
confirm,419.6122263400113,1,419.58500642232923,419.6412516770516
confirm,419.670277014092,1,419.6412516770516,420.1430516472218
confirm,420.61582628035154,1,420.1430516472218,420.8072154670309
confirm,420.9986046537103,1,420.8072154670309,421.01645751740773
confirm,421.0343103811052,3,421.01645751740773,421.0555845602182
confirm,421.0768587393312,1,421.0555845602182,421.1229722079705
confirm,421.16908567660977,1,421.1229722079705,421.2973854643301
confirm,421.4256852520504,2,421.2973854643301,421.53356978782006
confirm,421.64145432358976,1,421.53356978782006,421.6906468750171
confirm,421.7398394264444,1,421.6906468750171,422.0294456307871
confirm,422.3190518351298,1,422.0294456307871,422.3449181884358
confirm,422.3707845417418,1,422.3449181884358,422.4965522098548
confirm,422.6223198779679,1,422.4965522098548,422.6544523660752
confirm,422.68658485418246,1,422.6544523660752,422.7121086982046
confirm,422.7376325422267,1,422.7121086982046,422.7930663630232
confirm,422.8485001838196,1,422.7930663630232,423.15143884412373
confirm,423.45437750442784,1,423.15143884412373,423.5431873762212
confirm,423.6319972480146,3,423.5431873762212,423.79635680055196
confirm,423.9607163530893,2,423.79635680055196,424.0036163978823
confirm,424.0465164426753,1,424.0036163978823,424.05962236149753
confirm,424.0727282803198,1,424.05962236149753,424.13772166826317
confirm,424.20271505620656,1,424.13772166826317,424.22434984861724
confirm,424.2459846410279,2,424.22434984861724,424.26191753128194
confirm,424.277850421536,1,424.26191753128194,424.32075120602815
confirm,424.3636519905202,1,424.32075120602815,424.7934043926409
confirm,425.2231567947616,2,424.7934043926409,425.43796799178625
confirm,425.6527791888109,1,425.43796799178625,425.69745754336356
confirm,425.7421358979162,1,425.69745754336356,425.77168542517825
confirm,425.80123495244027,3,425.77168542517825,426.04627118154747
confirm,426.29130741065467,1,426.04627118154747,426.3322071268843
confirm,426.373106843114,2,426.3322071268843,426.39044984395656
confirm,426.40779284479913,1,426.39044984395656,426.4474903141911
confirm,426.4871877835831,1,426.4474903141911,426.6953840217226
confirm,426.903580259862,1,426.6953840217226,427.0055751752827
confirm,427.10757009070335,2,427.0055751752827,427.40203543226073
confirm,427.6965007738182,1,427.40203543226073,427.76478299777557
confirm,427.8330652217329,1,427.76478299777557,428.09115894240176
confirm,428.3492526630706,1,428.09115894240176,428.3636692421615
confirm,428.3780858212524,1,428.3636692421615,428.41615296647933
confirm,428.4542201117063,1,428.41615296647933,428.47656639025683
confirm,428.4989126688074,1,428.47656639025683,428.5302443077236
confirm,428.56157594663983,1,428.5302443077236,428.57605874935064
confirm,428.5905415520615,2,428.57605874935064,428.6488014774105
confirm,428.70706140275945,1,428.6488014774105,428.75747243300185
confirm,428.80788346324425,2,428.75747243300185,428.8701100149041
confirm,428.932336566564,1,428.8701100149041,429.05998274858024
confirm,429.1876289305965,1,429.05998274858024,429.27992701106695
confirm,429.3722250915374,2,429.27992701106695,429.6114793364086
confirm,429.8507335812798,1,429.6114793364086,429.8916408819838
confirm,429.9325481826877,1,429.8916408819838,429.98994248710284
confirm,430.047336791518,1,429.98994248710284,430.0933127169666
confirm,430.1392886424151,1,430.0933127169666,430.17198979920136
confirm,430.20469095598753,2,430.17198979920136,430.29672218843245
confirm,430.3887534208774,1,430.29672218843245,430.4551115536965
confirm,430.5214696865156,1,430.4551115536965,430.61497591133417
confirm,430.7084821361527,1,430.61497591133417,430.93461830213545
confirm,431.16075446811817,1,430.93461830213545,431.30173343539866
confirm,431.4427124026792,2,431.30173343539866,431.4597956054678
confirm,431.4768788082564,1,431.4597956054678,431.49659067583354
confirm,431.5163025434107,1,431.49659067583354,431.55528364031227
confirm,431.59426473721385,1,431.55528364031227,431.6893911530117
confirm,431.7845175688096,1,431.6893911530117,431.8243792705998
confirm,431.8642409723901,1,431.8243792705998,432.09124711157756
confirm,432.318253250765,3,432.09124711157756,432.3822679370945
confirm,432.44628262342405,1,432.3822679370945,432.52766264418364
confirm,432.6090426649432,1,432.52766264418364,432.6573534363978
confirm,432.7056642078524,1,432.6573534363978,432.84903676539693
confirm,432.9924093229415,1,432.84903676539693,433.037240122226
confirm,433.08207092151054,1,433.037240122226,433.1277891464156
confirm,433.1735073713206,2,433.1277891464156,433.2093848265109
confirm,433.2452622817012,1,433.2093848265109,433.34719360464624
confirm,433.44912492759136,1,433.34719360464624,433.49541428817207
confirm,433.5417036487528,1,433.49541428817207,433.641077807522
confirm,433.7404519662912,1,433.641077807522,433.8896387653724
confirm,434.0388255644537,1,433.8896387653724,434.2605435109433
confirm,434.48226145743297,1,434.2605435109433,434.6742346093162
confirm,434.86620776119946,1,434.6742346093162,434.8886135303419
confirm,434.91101929948434,2,434.8886135303419,434.9530654604314
confirm,434.9951116213784,1,434.9530654604314,435.02090409286586
confirm,435.0466965643534,1,435.02090409286586,435.26898856967307
confirm,435.4912805749928,1,435.26898856967307,435.5379345239979
confirm,435.58458847300295,1,435.5379345239979,435.62299804346947
confirm,435.6614076139359,2,435.62299804346947,435.85426928427563
confirm,436.04713095461534,1,435.85426928427563,436.0601142536289
confirm,436.0730975526425,1,436.0601142536289,436.2524082004936
confirm,436.4317188483448,1,436.2524082004936,436.5393180585952
confirm,436.6469172688455,1,436.5393180585952,436.69763201882324
confirm,436.748346768801,1,436.69763201882324,436.7604542358295
confirm,436.772561702858,1,436.7604542358295,436.78829620220046
confirm,436.8040307015429,1,436.78829620220046,436.8188945370823
confirm,436.8337583726218,1,436.8188945370823,436.86388193733274
confirm,436.8940055020436,1,436.86388193733274,436.99274229463117
confirm,437.0914790872187,1,436.99274229463117,437.1268446733377
confirm,437.1622102594567,1,437.1268446733377,437.1976842890367
confirm,437.2331583186167,1,437.1976842890367,437.3350165029557
confirm,437.43687468729473,1,437.3350165029557,437.5061569703613
confirm,437.5754392534278,1,437.5061569703613,437.6779413689535
confirm,437.7804434844791,1,437.6779413689535,437.9167192688791
confirm,438.0529950532791,4,437.9167192688791,438.0744850890748
confirm,438.0959751248705,1,438.0744850890748,438.1507510662141
confirm,438.20552700755775,1,438.1507510662141,438.25026156305296
confirm,438.29499611854817,1,438.25026156305296,438.45886195923606
confirm,438.622727799924,1,438.45886195923606,438.68958475017826
confirm,438.75644170043256,1,438.68958475017826,438.77291477290237
confirm,438.7893878453722,1,438.77291477290237,438.8052814249628
confirm,438.8211750045535,1,438.8052814249628,439.0476945407122
confirm,439.27421407687086,1,439.0476945407122,439.2877560883303
confirm,439.3012980997897,1,439.2877560883303,439.4727169274274
confirm,439.6441357550651,1,439.4727169274274,439.6782548293306
confirm,439.7123739035961,1,439.6782548293306,439.7300522519006
confirm,439.74773060020505,1,439.7300522519006,439.8509068332676
confirm,439.9540830663301,1,439.8509068332676,440.0122554073084
confirm,440.07042774828665,1,440.0122554073084,440.19033212614255
confirm,440.31023650399845,1,440.19033212614255,440.4277262417031
confirm,440.54521597940777,1,440.4277262417031,440.6125671848108
confirm,440.6799183902138,1,440.6125671848108,440.7548097847009
confirm,440.829701179188,1,440.7548097847009,440.90033019250234
confirm,440.9709592058166,2,440.90033019250234,441.02852777736797
confirm,441.08609634891934,1,441.02852777736797,441.15347526517894
confirm,441.2208541814385,1,441.15347526517894,441.23597871650895
confirm,441.2511032515795,1,441.23597871650895,441.3486923915112
confirm,441.4462815314429,1,441.3486923915112,441.479895858851
confirm,441.5135101862591,1,441.479895858851,441.64231286007964
confirm,441.7711155339002,1,441.64231286007964,441.80782463394814
confirm,441.84453373399606,1,441.80782463394814,441.8687481918987
confirm,441.8929626498014,2,441.8687481918987,441.9574942661893
confirm,442.0220258825773,1,441.9574942661893,442.03427588950467
confirm,442.046525896432,1,442.03427588950467,442.2185113094747
confirm,442.39049672251736,2,442.2185113094747,442.5967934121295
confirm,442.8030901017416,1,442.5967934121295,443.09823353764796
confirm,443.3933769735543,1,443.09823353764796,443.42064184558916
confirm,443.447906717624,1,443.42064184558916,443.58717021143764
confirm,443.7264337052512,1,443.58717021143764,443.83324241563145
confirm,443.94005112601167,1,443.83324241563145,444.05596822025086
confirm,444.17188531449,1,444.05596822025086,444.18301622273
confirm,444.19414713097,1,444.18301622273,444.32365714566686
confirm,444.4531671603637,1,444.32365714566686,444.494134482965
confirm,444.5351018055664,1,444.494134482965,444.5516313087952
confirm,444.568160812024,2,444.5516313087952,444.6185822625031
confirm,444.6690037129821,1,444.6185822625031,444.7284007785481
confirm,444.7877978441141,1,444.7284007785481,444.8467127030056
confirm,444.9056275618971,1,444.8467127030056,445.04182333335575
confirm,445.1780191048144,1,445.04182333335575,445.24824507170763
confirm,445.3184710386009,2,445.24824507170763,445.33200907374624
confirm,445.34554710889154,1,445.33200907374624,445.5407027965485
confirm,445.73585848420544,1,445.5407027965485,445.7480129436048
confirm,445.7601674030042,1,445.7480129436048,445.7866226991557
confirm,445.8130779953072,1,445.7866226991557,445.93253019298436
confirm,446.0519823906615,1,445.93253019298436,446.07431272252336
confirm,446.09664305438514,1,446.07431272252336,446.14151023939365
confirm,446.18637742440217,1,446.14151023939365,446.19984837462175
confirm,446.2133193248413,1,446.19984837462175,446.30042936384825
confirm,446.3875394028553,1,446.30042936384825,446.4370089121627
confirm,446.4864784214701,2,446.4370089121627,446.52862526553463
confirm,446.5707721095992,1,446.52862526553463,446.77189044488546
confirm,446.9730087801717,1,446.77189044488546,446.9929593820098
confirm,447.0129099838479,1,446.9929593820098,447.1222108165847
confirm,447.2315116493214,1,447.1222108165847,447.25800984068997
confirm,447.28450803205845,1,447.25800984068997,447.311948926357
confirm,447.3393898206555,1,447.311948926357,447.4165160130494
confirm,447.4936422054432,1,447.4165160130494,447.5303258076522
confirm,447.5670094098612,1,447.5303258076522,447.58074658153095
confirm,447.5944837532007,1,447.58074658153095,447.6342336949583
confirm,447.673983636716,1,447.6342336949583,447.7032802231362
confirm,447.7325768095564,2,447.7032802231362,447.7838653522434
confirm,447.8351538949304,1,447.7838653522434,447.869736278298
confirm,447.9043186616655,1,447.869736278298,447.9227597011985
confirm,447.9412007407316,1,447.9227597011985,448.31364941428546
confirm,448.68609808783935,1,448.31364941428546,448.8345806985242
confirm,448.983063309209,1,448.8345806985242,448.9830637581931
