lambda,lambda_mean,lambda_min,lambda_max,rel_width,multiplicity,n_seeds,n_observations,tile,tile_a,tile_b,accepted
5.272851920846101,5.2728522726564115,5.272850637399792,5.27285560204902,9.415491470533959e-07,1,8,8,0,0.0,35.79445519469795,True
7.858546228713045,7.858545848413449,7.858542977661094,7.858547473139686,5.720496464884106e-07,1,8,8,0,0.0,35.79445519469795,True
10.008033124589094,10.008033426582672,10.00803153732332,10.008036070325751,4.529363935826381e-07,1,8,8,0,0.0,35.79445519469795,True
11.166430006643964,11.166429482678934,11.166424711684051,11.166431426973736,6.013819708113512e-07,1,8,8,0,0.0,35.79445519469795,True
13.35786620259796,13.357865309982087,13.357859058652293,13.357869198279374,7.590753588400075e-07,1,8,8,0,0.0,35.79445519469795,True
14.329299320055473,14.329299315045166,14.32929649300106,14.329303258800797,4.721654273689492e-07,1,8,8,0,0.0,35.79445519469795,True
15.230049086519731,15.230050605779063,15.23004553777332,15.23006461097367,1.2523400444942065e-06,1,8,8,0,0.0,35.79445519469795,True
16.695521269594753,16.69552179634859,16.695518226742976,16.695526218689757,4.786880656047571e-07,1,8,8,0,0.0,35.79445519469795,True
17.37494810985946,17.374947511460753,17.374941615931903,17.374953002981748,6.553717325237237e-07,1,8,8,0,0.0,35.79445519469795,True
18.17804187581865,18.178038663218477,18.178023778079663,18.17804996802431,1.4407461940867814e-06,1,8,8,0,0.0,35.79445519469795,True
20.06474169615658,20.064744029790887,20.064737332376716,20.064758872827795,1.073547390039005e-06,1,8,8,0,0.0,35.79445519469795,True
20.924090648741583,20.92409630381561,20.910260639962967,20.93796458824652,0.001324021614541137,2,8,16,0,0.0,35.79445519469795,True
22.082054316431904,22.082048215809035,22.082003799334196,22.08206428947916,2.7393350318456526e-06,1,8,8,0,0.0,35.79445519469795,True
22.68369164268476,22.683687895245626,22.68366510133852,22.683699651653924,1.5231345915538e-06,1,8,8,0,0.0,35.79445519469795,True
25.326284155940126,25.32628539832438,25.32625943671625,25.326310637975965,2.021664899608818e-06,1,8,8,0,0.0,35.79445519469795,True
25.491667810805794,25.491658733033965,25.49160325985583,25.491672109809265,2.7008806935367004e-06,1,8,8,0,0.0,35.79445519469795,True
25.671387425110517,25.671384112777652,25.6713362719858,25.67141403762035,3.029272756581284e-06,1,8,8,0,0.0,35.79445519469795,True
25.7913564742989,25.791355952996156,25.79132826856956,25.791377372747192,1.9039005443409807e-06,1,8,8,0,0.0,35.79445519469795,True
27.49129788522714,27.491332204133975,27.491255047995608,27.491560617935686,1.1115151469165287e-05,1,8,8,0,0.0,35.79445519469795,True
27.875887876955076,27.875899566320875,27.875837771771664,27.876000382586604,5.8333860308694305e-06,1,8,8,0,0.0,35.79445519469795,True
28.50152739540584,28.50151974037624,28.50145136666004,28.501569546667007,4.146444691490813e-06,1,8,8,0,0.0,35.79445519469795,True
29.235122697476257,29.23511599166424,29.23507098001456,29.235154514958506,2.8573488406868762e-06,1,8,8,0,0.0,35.79445519469795,True
30.4229915166567,30.422982689161323,30.42290908253006,30.423030974029576,4.006558639952036e-06,1,8,8,0,0.0,35.79445519469795,True
30.675941727099364,30.675930162151406,30.67586541599461,30.675951915708342,2.8197900002821893e-06,1,8,8,0,0.0,35.79445519469795,True
31.37030424336328,31.370311889548123,31.370266112637644,31.370390041050165,3.950500816284926e-06,1,8,8,0,0.0,35.79445519469795,True
32.038263658707315,32.03831523877795,32.03818239103398,32.038697287307336,1.607129146708945e-05,1,8,8,0,0.0,35.79445519469795,True
33.605962967356795,33.6059257920938,33.605792006810866,33.605973995262325,5.415361899781502e-06,1,8,8,0,0.0,35.79445519469795,True
33.75468329611326,33.75469735175661,33.732985452678285,33.77632219455031,0.0012838734551840773,2,8,16,0,0.0,35.79445519469795,True
34.554859548297784,34.55486169111521,34.55469377229638,34.55498211836774,8.344588145543227e-06,1,8,8,0,0.0,35.79445519469795,True
35.86044745692206,35.86044740674372,35.86044700507663,35.86044753323943,1.472828249676564e-08,1,8,8,1,35.79445519469795,53.19801814066789,True
36.175383109282734,36.17538300543256,36.17538222747336,36.175383409220295,3.266715752416051e-08,1,8,8,1,35.79445519469795,53.19801814066789,True
36.51181533701843,36.51181534527779,36.51181514385075,36.51181556055615,1.1412891979165734e-08,1,8,8,1,35.79445519469795,53.19801814066789,True
37.38624328943017,37.38624312024895,37.386242540416255,37.38624344742902,2.4260601814531443e-08,1,8,8,1,35.79445519469795,53.19801814066789,True
37.67760307002193,37.67760291095828,37.677602149774174,37.677603116609866,2.5660753700241798e-08,1,8,8,1,35.79445519469795,53.19801814066789,True
39.141199328918546,39.14119932869872,39.1411992213607,39.14119943714062,5.512859183000742e-09,1,8,8,1,35.79445519469795,53.19801814066789,True
39.24343092176938,39.2434309372903,39.243430619575534,39.24343121562766,1.5188583439062126e-08,1,8,8,1,35.79445519469795,53.19801814066789,True
39.60513525915333,39.6051353113845,39.60513497311943,39.60513586712866,2.2573063313897146e-08,1,8,8,1,35.79445519469795,53.19801814066789,True
40.41118368650608,40.4111837108346,40.41118355603376,40.41118397079379,1.0263496213875503e-08,2,8,8,1,35.79445519469795,53.19801814066789,True
40.49985690993488,40.49985691088963,40.49985686198584,40.49985697214547,2.7200005365946476e-09,1,8,8,1,35.79445519469795,53.19801814066789,True
41.841865135342374,41.841865142736495,41.84186493622598,41.8418654861512,1.3142942277379466e-08,1,8,8,1,35.79445519469795,53.19801814066789,True
42.60758875146029,42.60758870701539,42.60758854369137,42.60758882373992,6.572738667853642e-09,1,8,8,1,35.79445519469795,53.19801814066789,True
43.01477547066483,43.01477509389943,43.014772844514816,43.01477560987312,6.428856766024537e-08,1,8,8,1,35.79445519469795,53.19801814066789,True
43.320238401270046,43.32023834279954,43.32023806966199,43.3202384649613,9.125049268391048e-09,1,8,8,1,35.79445519469795,53.19801814066789,True
44.745194853270576,44.745194747875644,44.745193781377886,44.745195204610205,3.1807489591228185e-08,1,8,8,1,35.79445519469795,53.19801814066789,True
45.356304948968386,45.356305177754024,45.35630491504062,45.35630651250836,3.522041192863582e-08,1,8,8,1,35.79445519469795,53.19801814066789,True
46.142959070079925,46.1429589713494,46.142957880524186,46.14296016470464,4.950225342509906e-08,1,8,8,1,35.79445519469795,53.19801814066789,True
46.94591106057538,46.945911023214165,46.94591083984312,46.94591113869361,6.3658470081090325e-09,1,8,8,1,35.79445519469795,53.19801814066789,True
47.09090709368374,47.09090724177814,47.09090703727399,47.09090774188795,1.496284534646392e-08,1,8,8,1,35.79445519469795,53.19801814066789,True
47.617444156452336,47.61744414526918,47.61744345894915,47.617444796337985,2.8086111331434162e-08,1,8,8,1,35.79445519469795,53.19801814066789,True
47.753260785825915,47.753260472393166,47.75325950599943,47.75326113805924,3.4176929063149154e-08,1,8,8,1,35.79445519469795,53.19801814066789,True
47.966729585012075,47.9667295032643,47.933571001721205,47.99988701464124,0.001382541888800252,2,8,16,1,35.79445519469795,53.19801814066789,True
48.22083013447784,48.2208300800863,48.22082987177871,48.22083035105712,9.939240035289837e-09,1,8,8,1,35.79445519469795,53.19801814066789,True
48.469830172573,48.46983023414167,48.46982826072677,48.46983175170336,7.202370167719461e-08,1,8,8,1,35.79445519469795,53.19801814066789,True
49.740503962519185,49.740503912371345,49.74050317474562,49.74050427600154,2.2140023335635507e-08,1,8,8,1,35.79445519469795,53.19801814066789,True
49.87922668474843,49.87922673140731,49.879226607865526,49.87922705101951,8.884540035006818e-09,1,8,8,1,35.79445519469795,53.19801814066789,True
50.19505041611508,50.1950506809562,50.19504992677292,50.19505242049269,4.968059098804947e-08,1,8,8,1,35.79445519469795,53.19801814066789,True
50.95762896429582,50.95762875284371,50.95762777216651,50.957629199628606,2.8012725949119485e-08,1,8,8,1,35.79445519469795,53.19801814066789,True
52.089734321700874,52.089734519256325,52.08973422219484,52.089735024354106,1.5399565267575967e-08,1,8,8,1,35.79445519469795,53.19801814066789,True
52.607301860700716,52.60730186972694,52.607301307651994,52.60730229660843,1.8798843540034582e-08,1,8,8,1,35.79445519469795,53.19801814066789,True
53.36891141850093,53.36891141290959,53.36891138279068,53.36891143861136,1.0459401078187653e-09,1,8,8,2,53.19801814066789,67.49281510193464,True
54.24620370171909,54.24620366359976,54.24620331705713,54.246203963498736,1.1916808217163351e-08,1,8,8,2,53.19801814066789,67.49281510193464,True
54.34700105780617,54.3470010763772,54.3470008942248,54.34700128865712,7.257664857628068e-09,1,8,8,2,53.19801814066789,67.49281510193464,True
54.693866210502016,54.693866153211346,54.693865212220906,54.69386662015,2.5741992442586422e-08,1,8,8,2,53.19801814066789,67.49281510193464,True
55.07749969676213,55.07749972195632,55.077499620048485,55.077499885012415,4.81074724464139e-09,1,8,8,2,53.19801814066789,67.49281510193464,True
55.41203403372262,55.41203416885447,55.41203387650176,55.41203503382983,2.0885861560233813e-08,1,8,8,2,53.19801814066789,67.49281510193464,True
55.76480171036225,55.76480165439422,55.764800329334406,55.76480222368412,3.397034791145932e-08,1,8,8,2,53.19801814066789,67.49281510193464,True
55.83862520151144,55.83862524281839,55.83862505129407,55.838625546271246,8.864422617001237e-09,1,8,8,2,53.19801814066789,67.49281510193464,True
56.12631987758077,56.1263198830662,56.126319810406315,56.126319963509125,2.7278255685302576e-09,1,8,8,2,53.19801814066789,67.49281510193464,True
57.083417743253186,57.08341777118825,57.08341756899839,57.08341824132138,1.1777903579520135e-08,1,8,8,2,53.19801814066789,67.49281510193464,True
57.591512667602075,57.591512685936664,57.59151243166757,57.591513139517936,1.2290879953570642e-08,1,8,8,2,53.19801814066789,67.49281510193464,True
57.8770117924938,57.87701175632988,57.877011473048704,57.87701183427604,6.241292092588748e-09,1,8,8,2,53.19801814066789,67.49281510193464,True
58.05825835041989,58.058258275850974,58.058257724753354,58.058258547484314,1.4170782659834078e-08,1,8,8,2,53.19801814066789,67.49281510193464,True
58.75299578596393,58.75299567478811,58.75299527985585,58.7529961612152,1.5001096308028932e-08,1,8,8,2,53.19801814066789,67.49281510193464,True
59.46226035362301,59.46226020792443,59.46225976004207,59.4622604229774,1.1148841702684441e-08,1,8,8,2,53.19801814066789,67.49281510193464,True
60.45299535676821,60.45299530622681,60.45299474696193,60.45299552058261,1.2797061243906246e-08,1,8,8,2,53.19801814066789,67.49281510193464,True
61.29932071019884,61.29932081965642,61.2993204106608,61.29932128800905,1.4312528083463699e-08,2,8,8,2,53.19801814066789,67.49281510193464,True
61.50453721319096,61.504537141050896,61.50453689534802,61.50453725317224,5.817850783782512e-09,1,8,8,2,53.19801814066789,67.49281510193464,True
62.01077626947004,62.01077602445473,62.01077524177413,62.01077638308436,1.840503061424642e-08,1,8,8,2,53.19801814066789,67.49281510193464,True
62.29184856497294,62.2918485864368,62.29184808694261,62.291849169638205,1.738101568854964e-08,2,8,8,2,53.19801814066789,67.49281510193464,True
62.571368312440015,62.57136829305331,62.571367545981936,62.57136900453953,2.331030358592423e-08,1,8,8,2,53.19801814066789,67.49281510193464,True
63.7450262592352,63.745026402335455,63.745026047175664,63.745027735309655,2.6482599361416634e-08,1,8,8,2,53.19801814066789,67.49281510193464,True
64.35267098780932,64.35267112950018,64.35267010528531,64.35267214652362,3.171955837085545e-08,1,8,8,2,53.19801814066789,67.49281510193464,True
64.50250266888435,64.50250258659182,64.50250171350245,64.50250295298953,1.9216108294196595e-08,1,8,8,2,53.19801814066789,67.49281510193464,True
64.6498183551842,64.64981837856446,64.64981815534904,64.6498185938967,6.783432185730086e-09,1,8,8,2,53.19801814066789,67.49281510193464,True
64.96817555542901,64.96871105241215,64.95010122228612,64.98749834831955,0.0005756222290946072,2,8,9,2,53.19801814066789,67.49281510193464,True
65.41299378842038,65.41299381048155,65.41299370161917,65.41299398883041,4.3907367557032365e-09,1,8,8,2,53.19801814066789,67.49281510193464,True
66.07349972529215,66.07349979502649,66.07349969402262,66.07350004089022,5.249723563245462e-09,1,8,8,2,53.19801814066789,67.49281510193464,True
66.17460543566227,66.1746055115936,66.1746053604534,66.1746061269831,1.1583441862364934e-08,1,8,8,2,53.19801814066789,67.49281510193464,True
66.60567383803858,66.6056738878388,66.60567378852053,66.60567409361249,4.580570111032209e-09,1,8,8,2,53.19801814066789,67.49281510193464,True
67.49043334117447,67.49043334902225,67.49043324041645,67.49043344649237,3.0534094111269424e-09,1,8,8,2,53.19801814066789,67.49281510193464,True
67.95201174821929,67.95201174650134,67.95201172028615,67.95201176793651,7.012354583214186e-10,1,8,8,3,67.49281510193464,80.1020433091166,True
69.4141421595102,69.41414214741684,69.41414205811165,69.41414217684368,1.7104876400141295e-09,1,8,8,3,67.49281510193464,80.1020433091166,True
69.98764466348291,69.98764468022208,69.96326252812611,70.01202687903293,0.0006967565652665204,3,8,16,3,67.49281510193464,80.1020433091166,True
70.71964401626505,70.71964402366447,70.71964399096856,70.71964408428659,1.3195488050381368e-09,1,8,8,3,67.49281510193464,80.1020433091166,True
70.83833697303483,70.83833698406409,70.8383369446326,70.83833709186652,2.078449686569842e-09,1,8,8,3,67.49281510193464,80.1020433091166,True
70.92503922220548,70.92503923271215,70.92503917440118,70.92503930389302,1.8257563071818248e-09,1,8,8,3,67.49281510193464,80.1020433091166,True
71.55729041595451,71.55729041272272,71.55729028675074,71.55729052239934,3.293145924484793e-09,1,8,8,3,67.49281510193464,80.1020433091166,True
71.68220941460231,71.68220941373345,71.68220933286892,71.6822094958647,2.273866506492725e-09,1,8,8,3,67.49281510193464,80.1020433091166,True
72.08376843408865,72.08376840882377,72.08376828398377,72.08376845149395,2.323826619891142e-09,1,8,8,3,67.49281510193464,80.1020433091166,True
72.42646645284356,72.42646645131158,72.42646641886319,72.42646647507036,7.760584386661353e-10,1,8,8,3,67.49281510193464,80.1020433091166,True
73.49348378667865,73.49348378902403,73.49348374081768,73.49348383237955,1.2458502173628915e-09,1,8,8,3,67.49281510193464,80.1020433091166,True
73.58195274975321,73.58195273353068,73.58195264734718,73.58195277030941,1.6710922933875434e-09,1,8,8,3,67.49281510193464,80.1020433091166,True
74.01235960684382,74.01235961997361,74.01235959588524,74.01235970215726,1.4358684441311722e-09,1,8,8,3,67.49281510193464,80.1020433091166,True
74.18291025861336,74.18291022575175,74.18291008446614,74.18291029308777,2.8122599624315295e-09,2,8,8,3,67.49281510193464,80.1020433091166,True
74.50314074065173,74.50314074721855,74.50314068600089,74.50314078893382,1.3815918189758232e-09,1,8,8,3,67.49281510193464,80.1020433091166,True
74.86346132530733,74.86346132666803,74.86346127750545,74.86346138381009,1.4199802931319427e-09,1,8,8,3,67.49281510193464,80.1020433091166,True
75.49989397838168,75.49989397296734,75.49989393669881,75.49989399599198,7.853411195348246e-10,1,8,8,3,67.49281510193464,80.1020433091166,True
75.83498687513026,75.8349868747236,75.83498682748252,75.83498695668911,1.703785924340081e-09,1,8,8,3,67.49281510193464,80.1020433091166,True
76.07593871538923,76.07593868787022,76.07593860728994,76.07593877725681,2.2341737757993335e-09,1,8,8,3,67.49281510193464,80.1020433091166,True
76.18884902574979,76.18884902670756,76.18884897986948,76.18884909168291,1.4675826762729506e-09,1,8,8,3,67.49281510193464,80.1020433091166,True
77.98008566705678,77.98008567294242,77.98008557893675,77.98008573277201,1.9727505796119583e-09,2,8,8,3,67.49281510193464,80.1020433091166,True
78.35377500881091,78.35377501116395,78.35377493070001,78.35377513585027,2.6182562058748237e-09,1,8,8,3,67.49281510193464,80.1020433091166,True
78.58890516032157,78.58890514750385,78.58890501901215,78.58890523338638,2.727792667575126e-09,1,8,8,3,67.49281510193464,80.1020433091166,True
79.3688955398689,79.36889556499398,79.34621432962454,79.39157711862124,0.0005715436593660458,2,8,16,3,67.49281510193464,80.1020433091166,True
79.53791344969196,79.53791346556537,79.53791339401091,79.53791359405065,2.515023681297965e-09,1,8,8,3,67.49281510193464,80.1020433091166,True
79.6127597783553,79.61275980133905,79.61275973925274,79.61275995635465,2.726973841129255e-09,1,8,8,3,67.49281510193464,80.1020433091166,True
79.71659091620259,79.71659091563137,79.71659086220669,79.71659097977705,1.4748544128150273e-09,1,8,8,3,67.49281510193464,80.1020433091166,True
80.28427426308896,80.28427426472359,80.28427425709553,80.2842742778038,2.579368231685418e-10,1,8,8,4,80.1020433091166,91.59836635677613,True
80.42752566892807,80.42752567206831,80.42752564653692,80.42752570811929,7.656877283481653e-10,1,8,8,4,80.1020433091166,91.59836635677613,True
81.23801403885246,81.23801404422537,81.23801403063149,81.23801407893606,5.946055129645603e-10,1,8,8,4,80.1020433091166,91.59836635677613,True
81.8235308790299,81.82353087857474,81.82353087125608,81.82353088667185,1.8840258418553985e-10,1,8,8,4,80.1020433091166,91.59836635677613,True
82.39888699365808,82.39888699389043,82.398886987742,82.39888700068715,1.5710346585305406e-10,1,8,8,4,80.1020433091166,91.59836635677613,True
82.58700453245231,82.58700453541454,82.58700452360513,82.5870045480946,2.965292977190079e-10,1,8,8,4,80.1020433091166,91.59836635677613,True
82.72515161185711,82.7251516116969,82.72515160116998,82.72515161992825,2.2675414931435598e-10,1,8,8,4,80.1020433091166,91.59836635677613,True
83.20755715897187,83.20755715973237,83.20755714555261,83.20755717328677,3.333129922872957e-10,1,8,8,4,80.1020433091166,91.59836635677613,True
84.38877915602603,84.38877915473603,84.3887791419582,84.38877916629782,2.8842255387539246e-10,1,8,8,4,80.1020433091166,91.59836635677613,True
84.4706178567819,84.4706178531925,84.47061783867238,84.47061786460054,3.069488519569914e-10,1,8,8,4,80.1020433091166,91.59836635677613,True
84.66033267332689,84.66033267381206,84.6603326647157,84.66033268531481,2.4331486102505695e-10,1,8,8,4,80.1020433091166,91.59836635677613,True
84.84288737514314,84.84288737686654,84.84288736394926,84.8428874008683,4.351460507414469e-10,1,8,8,4,80.1020433091166,91.59836635677613,True
85.09169033351431,85.09169033596704,85.09169032177681,85.0916903616606,4.687154149063277e-10,1,8,8,4,80.1020433091166,91.59836635677613,True
85.57186729721639,85.57186729762412,85.57186729230918,85.57186730310671,1.2618090093558305e-10,2,8,8,4,80.1020433091166,91.59836635677613,True
85.74065084730354,85.74065084853325,85.7406508333715,85.74065086634764,3.846032392027433e-10,1,8,8,4,80.1020433091166,91.59836635677613,True
86.09881321913161,86.09881321852848,86.09881320662966,86.09881322921512,2.623203139953827e-10,1,8,8,4,80.1020433091166,91.59836635677613,True
86.51597993796871,86.51597994036966,86.51597993248609,86.51597995107822,2.14898245289515e-10,1,8,8,4,80.1020433091166,91.59836635677613,True
87.26192836468147,87.26192836747839,87.26192835713701,87.26192838982064,3.7454627278039624e-10,1,8,8,4,80.1020433091166,91.59836635677613,True
87.33776513064025,87.33776512452826,87.33776509602761,87.3377651451176,5.620706078936125e-10,1,8,8,4,80.1020433091166,91.59836635677613,True
87.90938291800559,87.90938291896792,87.8844416110602,87.93432428830182,0.0005674329131413978,2,8,16,4,80.1020433091166,91.59836635677613,True
88.28309342650059,88.28309342455543,88.28309340028211,88.28309343966365,4.460823830821167e-10,1,8,8,4,80.1020433091166,91.59836635677613,True
88.3747630266235,88.37476302442707,88.37476298863612,88.37476304814874,6.73411879614618e-10,1,8,8,4,80.1020433091166,91.59836635677613,True
89.03955662777794,89.03955662960104,89.03955662132523,89.03955664586304,2.7558326559333506e-10,1,8,8,4,80.1020433091166,91.59836635677613,True
89.39857071022456,89.39857070970459,89.39857068030389,89.39857073481593,6.097641432808305e-10,1,8,8,4,80.1020433091166,91.59836635677613,True
89.4791021893097,89.47910220079933,89.4791021763229,89.47910226316841,9.70567599799468e-10,1,8,8,4,80.1020433091166,91.59836635677613,True
90.38584964418031,90.38584964404443,90.38584962828045,90.3858496571774,3.197065574705297e-10,1,8,8,4,80.1020433091166,91.59836635677613,True
91.34595122952605,91.34595122504072,91.34595118431795,91.34595124135848,6.244450098546948e-10,1,8,8,4,80.1020433091166,91.59836635677613,True
91.8132621856943,91.81326218502207,91.81326217246175,91.81326219596454,2.559847242270786e-10,1,8,8,5,91.59836635677613,102.28361954210045,True
91.87722885575384,91.87722884846566,91.87722880625437,91.8772288587289,5.711375257685853e-10,1,8,8,5,91.59836635677613,102.28361954210045,True
91.94964851230948,91.94964850844187,91.94964849659117,91.94964851756177,2.2806615763243882e-10,1,8,8,5,91.59836635677613,102.28361954210045,True
92.18052847959626,92.18052847334356,92.18052844141678,92.1805284874396,4.992683389040155e-10,1,8,8,5,91.59836635677613,102.28361954210045,True
92.48301585143182,92.48301585180414,92.48301584831913,92.48301585610605,8.419841237479143e-11,1,8,8,5,91.59836635677613,102.28361954210045,True
92.65394970561076,92.65394970456418,92.65394969251852,92.65394972472271,3.475748665929752e-10,1,8,8,5,91.59836635677613,102.28361954210045,True
93.81259945193929,93.81259945194306,93.81259944782371,93.81259945556972,8.256897368638086e-11,1,8,8,5,91.59836635677613,102.28361954210045,True
94.2701421202392,94.27014212047554,94.27014211255224,94.27014213048326,1.9020899621744358e-10,1,8,8,5,91.59836635677613,102.28361954210045,True
94.92232955298246,94.92232955330181,94.92232953831792,94.92232956570302,2.885000690793008e-10,1,8,8,5,91.59836635677613,102.28361954210045,True
95.11497072311118,95.11497071955142,95.1149706970163,95.11497073242415,3.7226369944013604e-10,1,8,8,5,91.59836635677613,102.28361954210045,True
95.26747913914423,95.26747914068054,95.2674791107786,95.26747916786653,5.992383900875263e-10,1,8,8,5,91.59836635677613,102.28361954210045,True
95.33683243941542,95.336832434382,95.33683241714195,95.33683244840432,3.2791496447830055e-10,1,8,8,5,91.59836635677613,102.28361954210045,True
95.44794728523752,95.44794728408878,95.44794727582693,95.44794729740111,2.260308500894421e-10,1,8,8,5,91.59836635677613,102.28361954210045,True
95.66585849927927,95.6658585087838,95.64720024877482,95.68451678850624,0.0003900716547868763,2,8,16,5,91.59836635677613,102.28361954210045,True
96.03135477242671,96.03135476650105,96.03135474325636,96.03135478114058,3.9449844579532696e-10,1,8,8,5,91.59836635677613,102.28361954210045,True
96.31480143429337,96.31480144124231,96.31480141791552,96.31480151160778,9.727711963070113e-10,1,8,8,5,91.59836635677613,102.28361954210045,True
96.3949292119992,96.39492921444162,96.39492920849946,96.39492922889866,2.1162107738829976e-10,1,8,8,5,91.59836635677613,102.28361954210045,True
96.97750075557846,96.97750075308178,96.97750072014084,96.97750078783102,6.979988146162927e-10,1,8,8,5,91.59836635677613,102.28361954210045,True
97.0861277040674,97.08612770636051,97.08612769382837,97.08612772917049,3.640284384123442e-10,1,8,8,5,91.59836635677613,102.28361954210045,True
97.23244901472948,97.23244901503486,97.2324490043697,97.23244902188506,1.8013905628247037e-10,1,8,8,5,91.59836635677613,102.28361954210045,True
97.58425757069482,97.5842575704799,97.5842575597087,97.58425758006344,2.0858623631442117e-10,1,8,8,5,91.59836635677613,102.28361954210045,True
97.67493013425505,97.67493013652793,97.67493012488755,97.67493015356636,2.936148730743105e-10,1,8,8,5,91.59836635677613,102.28361954210045,True
97.87271365448537,97.87271365365405,97.8727136271103,97.87271368906649,6.330281816657212e-10,1,8,8,5,91.59836635677613,102.28361954210045,True
99.01052706934819,99.01052706918485,99.01052706279312,99.01052707235965,9.662138476197328e-11,1,8,8,5,91.59836635677613,102.28361954210045,True
99.23643629857975,99.2364362970751,99.23643627867725,99.23643630564355,2.717379397181409e-10,1,8,8,5,91.59836635677613,102.28361954210045,True
100.1444995717236,100.14449956659126,100.14449952730133,100.14449958087118,5.349255249192337e-10,1,8,8,5,91.59836635677613,102.28361954210045,True
100.36024303902933,100.36024303685628,100.36024302092474,100.36024305020322,2.9173386766109523e-10,1,8,8,5,91.59836635677613,102.28361954210045,True
100.56986503029682,100.56986503200906,100.56986502201312,100.56986504392418,2.1786907220619545e-10,1,8,8,5,91.59836635677613,102.28361954210045,True
100.69801754197943,100.69801754152435,100.698017523705,100.69801755232999,2.84265591269629e-10,1,8,8,5,91.59836635677613,102.28361954210045,True
101.25440908469307,101.25440908682114,101.254409079272,101.25440909957558,2.0052053365010093e-10,1,8,8,5,91.59836635677613,102.28361954210045,True
101.70444021169625,101.70444021136682,101.70444020315544,101.70444021886836,1.5449584702676927e-10,1,8,8,5,91.59836635677613,102.28361954210045,True
101.79956970356659,101.79956970596311,101.79956969343765,101.79956971743108,2.356929075511589e-10,1,8,8,5,91.59836635677613,102.28361954210045,True
102.02925997356446,102.02925998052866,102.02925996931376,102.02926001756182,4.728846280365782e-10,1,8,8,5,91.59836635677613,102.28361954210045,True
102.43484915991792,102.43484915942079,102.43484915483307,102.43484916522812,1.0147953901875578e-10,1,8,8,6,102.28361954210045,112.34106520107768,True
102.81827644843467,102.81827645158899,102.81827644505329,102.8182764655208,1.990649042195624e-10,1,8,8,6,102.28361954210045,112.34106520107768,True
103.14871083679401,103.1487108361303,103.14871082809012,103.14871083998268,1.1529535206750588e-10,1,8,8,6,102.28361954210045,112.34106520107768,True
103.28632860484944,103.28632860531518,103.28632860295502,103.28632861126763,8.04812326687512e-11,1,8,8,6,102.28361954210045,112.34106520107768,True
104.36698769307955,104.36698769284317,104.36698768835308,104.36698769932352,1.0511406932510536e-10,2,8,8,6,102.28361954210045,112.34106520107768,True
104.48194808331664,104.48194808345133,104.4819480803419,104.48194808852072,7.827983884007462e-11,1,8,8,6,102.28361954210045,112.34106520107768,True
104.54476166335552,104.54476166361134,104.54476166004179,104.54476166679667,6.461240235156423e-11,1,8,8,6,102.28361954210045,112.34106520107768,True
105.38285478298295,105.38285478262186,105.3828547758668,105.38285478971363,1.3139546740627256e-10,1,8,8,6,102.28361954210045,112.34106520107768,True
105.48423041546445,105.48423041571414,105.48423041199575,105.48423042323228,1.0652324787367365e-10,1,8,8,6,102.28361954210045,112.34106520107768,True
106.42845112873688,106.42845112891703,106.42845112199971,106.42845113772869,1.4778916479477547e-10,1,8,8,6,102.28361954210045,112.34106520107768,True
106.78617111976317,106.7861711193689,106.78617111165165,106.78617113147384,1.8562498329043993e-10,2,8,8,6,102.28361954210045,112.34106520107768,True
106.85864555733248,106.85864556031711,106.85864555147,106.85864557356096,2.0673066068426284e-10,2,8,8,6,102.28361954210045,112.34106520107768,True
107.2846578861782,107.28465788359688,107.2846578727864,107.28465788992077,1.5970940233421477e-10,1,8,8,6,102.28361954210045,112.34106520107768,True
107.53938999092469,107.53938999146023,107.53938998751237,107.53938999540404,7.33840067076349e-11,2,8,8,6,102.28361954210045,112.34106520107768,True
107.63455500854687,107.63455500901671,107.63455500004044,107.634555017977,1.6664311128546388e-10,1,8,8,6,102.28361954210045,112.34106520107768,True
107.93990347080262,107.9399034728034,107.9189654823204,107.96084145856732,0.0003879563988885811,2,8,16,6,102.28361954210045,112.34106520107768,True
108.57007793016189,108.57007793041254,108.57007792704468,108.57007793464848,7.003588997471578e-11,1,8,8,6,102.28361954210045,112.34106520107768,True
109.27555735420191,109.27555735335693,109.27555734928929,109.2755573563894,6.497438832476932e-11,1,8,8,6,102.28361954210045,112.34106520107768,True
109.58803127977991,109.58803128082003,109.58803127567045,109.58803128969016,1.279311121438981e-10,1,8,8,6,102.28361954210045,112.34106520107768,True
109.98333121225005,109.98333120682686,109.98333118097366,109.9833312132857,2.937902501090512e-10,1,8,8,6,102.28361954210045,112.34106520107768,True
110.1417115268778,110.14171152639872,110.14171152117676,110.14171153052754,8.48977640308885e-11,2,8,8,6,102.28361954210045,112.34106520107768,True
110.42750952098376,110.42750952275676,110.42750951688453,110.42750953195493,1.3647322418140088e-10,1,8,8,6,102.28361954210045,112.34106520107768,True
111.99051840312049,111.990518400907,111.99051839135984,111.99051840541583,1.2551048982486074e-10,1,8,8,6,102.28361954210045,112.34106520107768,True
112.0674413937802,112.06744139396349,112.06744138917236,112.06744139943812,9.160345769641008e-11,2,8,8,6,102.28361954210045,112.34106520107768,True
112.27260841174257,112.27260841116886,112.27260839689764,112.27260841911388,1.9787766228417332e-10,1,8,8,6,102.28361954210045,112.34106520107768,True
112.8657730402352,112.86577303874566,112.86577302446265,112.86577304615608,1.9220551422933439e-10,1,8,8,7,112.34106520107768,121.89232053731496,True
112.91437207018987,112.91437207030944,112.91437206499,112.91437207834493,1.182747641420614e-10,1,8,8,7,112.34106520107768,121.89232053731496,True
113.11505780803762,113.11505780779208,113.11505780480364,113.11505781030291,4.861663894878869e-11,1,8,8,7,112.34106520107768,121.89232053731496,True
113.67859598136896,113.67859598165377,113.6785959763319,113.6785959863562,8.818101769291954e-11,1,8,8,7,112.34106520107768,121.89232053731496,True
114.22973497313639,114.2297349694567,114.22973494797849,114.22973497697151,2.538133212804671e-10,1,8,8,7,112.34106520107768,121.89232053731496,True
114.44308762040296,114.44308761974277,114.44308760616532,114.44308762621299,1.7517584747467177e-10,3,8,8,7,112.34106520107768,121.89232053731496,True
114.62610972986147,114.62610972995566,114.6261097264642,114.62610973351283,6.149245402090794e-11,1,8,8,7,112.34106520107768,121.89232053731496,True
115.16947599154895,115.16947599163231,115.1694759871786,115.1694760008158,1.1840989138401682e-10,1,8,8,7,112.34106520107768,121.89232053731496,True
115.33996446373862,115.33996446367611,115.33996446037423,115.33996446659428,5.3927955546017816e-11,1,8,8,7,112.34106520107768,121.89232053731496,True
115.92747661537571,115.92747661440194,115.92747659814134,115.9274766272417,2.5102213778647497e-10,1,8,8,7,112.34106520107768,121.89232053731496,True
116.3934392352959,116.39343923568542,116.39343923207097,116.39343923884908,5.823445707488224e-11,1,8,8,7,112.34106520107768,121.89232053731496,True
116.90319403953244,116.90319403917499,116.90319403249606,116.90319404484498,1.0563372720621173e-10,1,8,8,7,112.34106520107768,121.89232053731496,True
117.26778749458663,117.26778749420914,117.2677874875536,117.26778749974856,1.039924089067107e-10,1,8,8,7,112.34106520107768,121.89232053731496,True
117.38439758813507,117.3843975878426,117.3843975844568,117.38439759119419,5.73958768777034e-11,1,8,8,7,112.34106520107768,121.89232053731496,True
117.92293511579459,117.92293511725393,117.922935110915,117.92293512737332,1.3956840188131893e-10,1,8,8,7,112.34106520107768,121.89232053731496,True
118.1374015953507,118.13740159490821,118.1374015834157,118.13740160862795,2.1341470700030567e-10,1,8,8,7,112.34106520107768,121.89232053731496,True
118.26925046927944,118.26925046893902,118.26925046140848,118.26925047412868,1.0755295276987467e-10,2,8,8,7,112.34106520107768,121.89232053731496,True
118.86703097115677,118.86703097348595,118.8467585366825,118.88730340022944,0.0003410942732874304,3,8,16,7,112.34106520107768,121.89232053731496,True
119.33254208920305,119.33254209195346,119.33254208690208,119.33254211067872,1.992468722704485e-10,1,8,8,7,112.34106520107768,121.89232053731496,True
119.42844109461522,119.42844109615189,119.42844108396514,119.42844110873082,2.0736838403679558e-10,1,8,8,7,112.34106520107768,121.89232053731496,True
119.6437196395539,119.64371963884912,119.64371962083224,119.64371965753946,3.068044063240139e-10,1,8,8,7,112.34106520107768,121.89232053731496,True
119.99465688468507,119.99465688090172,119.994656863721,119.99465688883788,2.0931661744354255e-10,1,8,8,7,112.34106520107768,121.89232053731496,True
120.11347390322945,120.11347390688636,120.11347388804585,120.11347394012824,4.3360996186072107e-10,1,8,8,7,112.34106520107768,121.89232053731496,True
120.20771483702526,120.20771483709704,120.20771483126553,120.20771484710227,1.3174472899259455e-10,2,8,8,7,112.34106520107768,121.89232053731496,True
120.26186182775473,120.26186182795746,120.26186182408986,120.26186183198656,6.566256200413919e-11,1,8,8,7,112.34106520107768,121.89232053731496,True
120.610760241788,120.61076024033625,120.6107602323257,120.61076025439282,1.8296139198063949e-10,1,8,8,7,112.34106520107768,121.89232053731496,True
120.93452426721561,120.93452426687458,120.934524262967,120.93452427041106,6.155444741454675e-11,1,8,8,7,112.34106520107768,121.89232053731496,True
121.75608264146045,121.75608264180939,121.75608263672292,121.75608265523071,1.5200711499513496e-10,1,8,8,7,112.34106520107768,121.89232053731496,True
122.28754873724488,122.28754873701351,122.28754873311436,122.28754873848416,4.3911247573965404e-11,1,8,8,8,121.89232053731496,131.02321552634052,True
123.04151799670015,123.04151799712433,123.04151799201072,123.04151800305814,8.978610764466765e-11,1,8,8,8,121.89232053731496,131.02321552634052,True
123.52696908249831,123.5269690832202,123.52696908062046,123.52696908666684,4.894783435321864e-11,1,8,8,8,121.89232053731496,131.02321552634052,True
123.72659891213522,123.72659891340888,123.7265989070404,123.72659892412914,1.381169262421682e-10,1,8,8,8,121.89232053731496,131.02321552634052,True
123.8494412511858,123.84944125481533,123.8494412457302,123.84944127477932,2.3455187502351407e-10,1,8,8,8,121.89232053731496,131.02321552634052,True
124.38588481942128,124.38588481937165,124.38588481385514,124.38588482383707,8.024971434761044e-11,3,8,8,8,121.89232053731496,131.02321552634052,True
125.05907638065699,125.05907637960995,125.0590763699131,125.05907638609692,1.2940938952984496e-10,1,8,8,8,121.89232053731496,131.02321552634052,True
125.13813982110503,125.13813982142695,125.1381398188456,125.13813982388548,4.027452886826751e-11,1,8,8,8,121.89232053731496,131.02321552634052,True
125.38332724357849,125.38332724508362,125.38332724124545,125.3833272568656,1.2457912483821547e-10,1,8,8,8,121.89232053731496,131.02321552634052,True
125.91413445392499,125.91413445329684,125.91413444935472,125.9141344558488,5.1575436037558995e-11,1,8,8,8,121.89232053731496,131.02321552634052,True
126.52345140188383,126.52345140170013,126.52345139768931,126.52345140418262,5.132099171854958e-11,1,8,8,8,121.89232053731496,131.02321552634052,True
126.67333562023057,126.67333561878559,126.67333560831318,126.67333562805288,1.5583154364995268e-10,2,8,8,8,121.89232053731496,131.02321552634052,True
126.8409059684965,126.84090596624759,126.84090594770085,126.84090597102605,1.8389335342189074e-10,1,8,8,8,121.89232053731496,131.02321552634052,True
127.02426264670547,127.02426264708991,127.024262639987,127.02426265259056,9.922170892188526e-11,1,8,8,8,121.89232053731496,131.02321552634052,True
127.09951332273121,127.09951332374771,127.09951332212908,127.0995133261808,3.1878278093653976e-11,1,8,8,8,121.89232053731496,131.02321552634052,True
128.3215089928859,128.32150899350364,128.3215089908559,128.32150899807155,5.623099980200624e-11,1,8,8,8,121.89232053731496,131.02321552634052,True
129.4157250782373,129.41572507775615,129.41572507412204,129.41572507957002,4.209679269782727e-11,1,8,8,8,121.89232053731496,131.02321552634052,True
129.59216619046305,129.59216619183488,129.59216618842257,129.59216620296252,1.1219775173236263e-10,1,8,8,8,121.89232053731496,131.02321552634052,True
129.94177278303926,129.9417727829736,129.94177276821796,129.94177279947635,2.405569380349747e-10,1,8,8,8,121.89232053731496,131.02321552634052,True
130.13631020777163,130.13631019315534,130.13631009068297,130.13631021238075,9.351562261706266e-10,1,8,8,8,121.89232053731496,131.02321552634052,True
130.32534507789455,130.32534507619553,130.32534506873597,130.3253450812402,9.594615937184629e-11,1,8,8,8,121.89232053731496,131.02321552634052,True
130.8007945123648,130.80079451639406,130.8007945045431,130.8007945528451,3.692792022863379e-10,1,8,8,8,121.89232053731496,131.02321552634052,True
130.89702060448667,130.89702061286175,130.8807797958748,130.9132614459472,0.0002481465958691133,2,8,16,8,121.89232053731496,131.02321552634052,True
130.95638765098738,130.95638764920778,130.9563876363832,130.95638766059616,1.8489335487063857e-10,1,8,8,8,121.89232053731496,131.02321552634052,True
131.046051552898,131.0460515522165,131.04605153654768,131.04605157070475,2.60649350973574e-10,1,8,8,9,131.02321552634052,139.79712827249892,True
131.49734162422828,131.49734162474635,131.49734161026308,131.49734164350085,2.5276380254414156e-10,3,8,8,9,131.02321552634052,139.79712827249892,True
131.59264670458452,131.59264670593583,131.59264668995309,131.59264672875915,2.948953844433199e-10,1,8,8,9,131.02321552634052,139.79712827249892,True
131.8086326887837,131.80863268857195,131.80863267903575,131.8086326956168,1.257964248107407e-10,1,8,8,9,131.02321552634052,139.79712827249892,True
131.94682721104783,131.94682721099576,131.94682720283348,131.9468272187108,1.2033129982389535e-10,1,8,8,9,131.02321552634052,139.79712827249892,True
132.1068440746149,132.10684408071631,132.1068440675826,132.10684412340066,4.225220066430539e-10,1,8,8,9,131.02321552634052,139.79712827249892,True
132.16655022264408,132.16655022916694,132.16655021762585,132.1665502652008,3.599621630954479e-10,1,8,8,9,131.02321552634052,139.79712827249892,True
133.1505120008644,133.15051200108616,133.1505119925156,133.1505120116457,1.4367284299290992e-10,1,8,8,9,131.02321552634052,139.79712827249892,True
133.2844013716238,133.2844013715004,133.28440136017724,133.28440138030774,1.5103417749185237e-10,1,8,8,9,131.02321552634052,139.79712827249892,True
133.63515866244666,133.63515866203153,133.63515865118987,133.63515867539297,1.8111329206780058e-10,1,8,8,9,131.02321552634052,139.79712827249892,True
133.7161282637909,133.7161282649809,133.71612825995686,133.71612827178083,8.842591607349933e-11,1,8,8,9,131.02321552634052,139.79712827249892,True
133.9491049241156,133.94910492342927,133.94910491451688,133.94910493318392,1.393591820113421e-10,1,8,8,9,131.02321552634052,139.79712827249892,True
134.0950354915101,134.0950354892723,134.0950354812917,134.0950354940457,9.511175925693271e-11,1,8,8,9,131.02321552634052,139.79712827249892,True
134.62467137945322,134.62467138576216,134.62467136888628,134.62467143115703,4.62550753813863e-10,1,8,8,9,131.02321552634052,139.79712827249892,True
134.6846512032028,134.6846512038876,134.684651194879,134.68465121093686,1.1922567108273716e-10,2,8,8,9,131.02321552634052,139.79712827249892,True
134.99582278558387,134.9958227856349,134.99582277440092,134.99582279684012,1.6622140543066572e-10,1,8,8,9,131.02321552634052,139.79712827249892,True
135.14458108986702,135.1445810886998,135.14458104716817,135.14458111044416,4.682096030715211e-10,1,8,8,9,131.02321552634052,139.79712827249892,True
135.4263751149738,135.4263751152276,135.42637511092485,135.4263751189413,5.919420662981925e-11,1,8,8,9,131.02321552634052,139.79712827249892,True
135.47639973770833,135.47639973633068,135.476399726604,135.47639974225103,1.1549636796315435e-10,1,8,8,9,131.02321552634052,139.79712827249892,True
136.29199511788437,136.29199511901328,136.2919951055012,136.29199514415117,2.8358211410905496e-10,1,8,8,9,131.02321552634052,139.79712827249892,True
136.5051469370491,136.50514693602423,136.50514692162815,136.50514695896052,2.7348690450040537e-10,1,8,8,9,131.02321552634052,139.79712827249892,True
136.63526980655823,136.63526980535136,136.63526979728283,136.635269812579,1.1194888503654292e-10,1,8,8,9,131.02321552634052,139.79712827249892,True
137.11710239090615,137.11710239203808,137.1171023818823,137.11710241516568,2.4273693329760137e-10,1,8,8,9,131.02321552634052,139.79712827249892,True
137.26689409197473,137.2668940960039,137.26689408601186,137.2668941152004,2.1264069056067326e-10,1,8,8,9,131.02321552634052,139.79712827249892,True
137.47354103242697,137.4735410340191,137.47354103100895,137.47354103878973,5.659841129174775e-11,1,8,8,9,131.02321552634052,139.79712827249892,True
137.90717430531362,137.90717430511367,137.9071742974348,137.90717431172186,1.0359905777312726e-10,1,8,8,9,131.02321552634052,139.79712827249892,True
138.6663669343044,138.666366938836,138.66636692490272,138.66636697766992,3.805335560641629e-10,1,8,8,9,131.02321552634052,139.79712827249892,True
138.78436596299946,138.78436596584893,138.78436595014486,138.78436598077306,2.2068912595306023e-10,1,8,8,9,131.02321552634052,139.79712827249892,True
138.89729069451624,138.89729069885055,138.8972906884123,138.89729072215093,2.4290333733846237e-10,1,8,8,9,131.02321552634052,139.79712827249892,True
139.43062984043985,139.43062984137072,139.4306298264259,139.43062986037435,2.4347916219372166e-10,1,8,8,9,131.02321552634052,139.79712827249892,True
140.03074046188215,140.0307404617426,140.0307404567379,140.03074046699163,7.322483976800407e-11,2,8,8,10,139.79712827249892,148.2625130756244,True
140.65679622050746,140.65679622197962,140.6567962136361,140.656796233674,1.4245933450105096e-10,1,8,8,10,139.79712827249892,148.2625130756244,True
141.37808804404295,141.37808804707603,141.3780880339895,141.37808807940755,3.212522846127602e-10,1,8,8,10,139.79712827249892,148.2625130756244,True
141.63204948938994,141.63204948192117,141.61783491153437,141.64626405762573,0.00020072537390970085,2,8,16,10,139.79712827249892,148.2625130756244,True
141.852329467611,141.85232945556928,141.85232939569147,141.85232947100667,5.309408713488485e-10,1,8,8,10,139.79712827249892,148.2625130756244,True
142.09850653704282,142.09850653752525,142.09850652591243,142.0985065507157,1.745499327463698e-10,1,8,8,10,139.79712827249892,148.2625130756244,True
142.28638704410912,142.28638703931625,142.26814559004467,142.3046284827098,0.0002564046598064534,3,8,16,10,139.79712827249892,148.2625130756244,True
143.07214401407828,143.07214401269914,143.0721439990589,143.07214401839147,1.3512455953337924e-10,1,8,8,10,139.79712827249892,148.2625130756244,True
143.9593194678569,143.95931946744543,143.95931946063558,143.95931947676013,1.1200765128769757e-10,1,8,8,10,139.79712827249892,148.2625130756244,True
144.0965046101855,144.09650461230714,144.09650460157096,144.09650463378608,2.2356632906204075e-10,1,8,8,10,139.79712827249892,148.2625130756244,True
144.37271362022886,144.37271362046286,144.37271359976535,144.3727136427269,2.975738583488352e-10,1,8,8,10,139.79712827249892,148.2625130756244,True
144.56105432626907,144.56105429083158,144.56105404696316,144.56105434570884,2.0665709495636797e-09,1,8,8,10,139.79712827249892,148.2625130756244,True
144.6026676267877,144.6026676188152,144.6026675536953,144.6026676526001,6.839762608478257e-10,1,8,8,10,139.79712827249892,148.2625130756244,True
144.65640770664652,144.65640763757324,144.6564071626768,144.65640772957613,3.918936879611609e-09,1,8,8,10,139.79712827249892,148.2625130756244,True
144.75229306535525,144.75229303445403,144.75229284896355,144.75229307927393,1.5910654823813637e-09,2,8,8,10,139.79712827249892,148.2625130756244,True
144.8870368123883,144.8870368311639,144.86858667080278,144.90548701953878,0.0002546835765837298,2,8,16,10,139.79712827249892,148.2625130756244,True
145.10200661017768,145.10200661207833,145.1020065965664,145.10200663335667,2.535475232768456e-10,2,8,8,10,139.79712827249892,148.2625130756244,True
145.2116394699184,145.21163947236062,145.21163944292604,145.2116394984052,3.8205717247570973e-10,1,8,8,10,139.79712827249892,148.2625130756244,True
145.53825704379437,145.53825704125302,145.53825701616915,145.53825705492943,2.663236289431896e-10,1,8,8,10,139.79712827249892,148.2625130756244,True
146.01553556182049,146.01553556218494,146.01553555318344,146.01553557528115,1.5133806458920764e-10,1,8,8,10,139.79712827249892,148.2625130756244,True
146.40159191497003,146.40159191526675,146.4015919073935,146.40159192154945,9.669255496077002e-11,1,8,8,10,139.79712827249892,148.2625130756244,True
146.51556603996403,146.51556604205496,146.51556601884187,146.51556607977062,4.158517556947852e-10,1,8,8,10,139.79712827249892,148.2625130756244,True
146.93461550076802,146.93461550171617,146.93461549731649,146.93461550721852,6.739077967895665e-11,1,8,8,10,139.79712827249892,148.2625130756244,True
147.01201367853486,147.01201367669427,147.0120136610526,147.01201368401215,1.561745837802437e-10,1,8,8,10,139.79712827249892,148.2625130756244,True
147.05694638024679,147.05694637287567,147.05694632885476,147.05694639345444,4.3928339689319906e-10,1,8,8,10,139.79712827249892,148.2625130756244,True
147.16261947221693,147.16261947490085,147.16261946198924,147.16261949248224,2.072061401048952e-10,1,8,8,10,139.79712827249892,148.2625130756244,True
148.12652901327436,148.12652901364646,148.12652900211515,148.12652902710144,1.686820876237749e-10,1,8,8,10,139.79712827249892,148.2625130756244,True
148.16835998831635,148.16835998794073,148.1683599814124,148.16835999674518,1.03482101539538e-10,1,8,8,10,139.79712827249892,148.2625130756244,True
148.54089338437743,148.54089338436762,148.54089338027092,148.54089338954293,6.242061735476184e-11,1,8,8,11,148.2625130756244,156.45744942181628,True
148.63731936878105,148.63731936877093,148.63731936395436,148.63731937511966,7.511772996777234e-11,1,8,8,11,148.2625130756244,156.45744942181628,True
148.95860252970047,148.95860252990852,148.9586025260199,148.95860253521175,6.170751397224083e-11,1,8,8,11,148.2625130756244,156.45744942181628,True
149.33914297332268,149.33914297319774,149.3391429703466,149.3391429755664,3.495277502752728e-11,1,8,8,11,148.2625130756244,156.45744942181628,True
149.58882882397452,149.58882882317454,149.58882881462387,149.58882882808393,8.998042798187356e-11,1,8,8,11,148.2625130756244,156.45744942181628,True
151.21601479357898,151.21601479308583,151.2160147836298,151.21601479634046,8.405638545419937e-11,1,8,8,11,148.2625130756244,156.45744942181628,True
151.2965337732008,151.29653377446294,151.29653377034975,151.2965337831419,8.455022959382455e-11,1,8,8,11,148.2625130756244,156.45744942181628,True
151.85855592497802,151.8585559243176,151.85855591756135,151.85855592696544,6.19266388641918e-11,1,8,8,11,148.2625130756244,156.45744942181628,True
151.9260967387171,151.92609673803506,151.9260967354458,151.92609674005283,3.0324066036162947e-11,1,8,8,11,148.2625130756244,156.45744942181628,True
152.40669869307789,152.4066986925738,152.40669868782237,152.40669869641772,5.6397456824855626e-11,1,8,8,11,148.2625130756244,156.45744942181628,True
152.66774940914257,152.66774941067933,152.66774940686383,152.66774941491786,5.275528304256149e-11,1,8,8,11,148.2625130756244,156.45744942181628,True
152.73597123747192,152.7359712363755,152.71940329084765,152.75253917558234,0.00021694879383175094,2,8,16,11,148.2625130756244,156.45744942181628,True
152.8914773630459,152.89147736302874,152.89147735875315,152.89147736786367,5.958816195401072e-11,1,8,8,11,148.2625130756244,156.45744942181628,True
153.54367245185043,153.54367245311863,153.54367244907746,153.54367246079704,7.632732765633504e-11,1,8,8,11,148.2625130756244,156.45744942181628,True
153.61914457567303,153.61914457764868,153.61914457017815,153.6191446006497,1.983576984633792e-10,1,8,8,11,148.2625130756244,156.45744942181628,True
153.77300322469262,153.77300322392264,153.77300321941772,153.77300322588826,4.207853834323506e-11,2,8,8,11,148.2625130756244,156.45744942181628,True
154.0346390985075,154.0346390966821,154.0346390842197,154.03463910778763,1.5300412489645168e-10,2,8,8,11,148.2625130756244,156.45744942181628,True
154.28940448898962,154.2894044899229,154.28940447687654,154.289404511386,2.2366713498205656e-10,1,8,8,11,148.2625130756244,156.45744942181628,True
154.3723044666806,154.37230446263402,154.3576879010118,154.38692101789917,0.00018936762645590074,2,8,16,11,148.2625130756244,156.45744942181628,True
154.98849807988083,154.98849807865744,154.988498067134,154.9884980849421,1.1489952759914919e-10,1,8,8,11,148.2625130756244,156.45744942181628,True
155.1588410433829,155.15884104273343,155.15884103945433,155.15884104466545,3.358571376933351e-11,1,8,8,11,148.2625130756244,156.45744942181628,True
155.3792398456655,155.37923984579837,155.37923984080612,155.37923985512703,9.216741945926071e-11,1,8,8,11,148.2625130756244,156.45744942181628,True
155.77091857849848,155.77091857716403,155.7709185667793,155.77091858112766,9.211192356290594e-11,1,8,8,11,148.2625130756244,156.45744942181628,True
156.01716212810388,156.01716212775582,156.01716211943875,156.01716213424345,9.489147033635249e-11,1,8,8,11,148.2625130756244,156.45744942181628,True
156.17058484265866,156.17058484349388,156.17058484030127,156.1705848489661,5.548300197466327e-11,1,8,8,11,148.2625130756244,156.45744942181628,True
156.46126474521188,156.46126474569132,156.46126474328236,156.4612647483246,3.2226753598343385e-11,1,8,8,12,156.45744942181628,164.41254110257492,True
156.50641502244088,156.50641502204337,156.5064150186252,156.50641502520693,4.205405215302291e-11,1,8,8,12,156.45744942181628,164.41254110257492,True
156.7309086605946,156.73090866104684,156.7309086571746,156.73090866486882,4.909185785953231e-11,1,8,8,12,156.45744942181628,164.41254110257492,True
156.81699353136102,156.81699353104557,156.81699352539613,156.8169935365027,7.0825096934238e-11,1,8,8,12,156.45744942181628,164.41254110257492,True
157.02082384577912,157.02082384584583,157.0208238424554,157.02082384963762,4.574057529806432e-11,1,8,8,12,156.45744942181628,164.41254110257492,True
157.0761732072098,157.0761732076726,157.07617320543153,157.07617321130664,3.740292547124522e-11,1,8,8,12,156.45744942181628,164.41254110257492,True
158.008912668127,158.00891266870363,158.00891266655532,158.00891267246087,3.73747781112912e-11,3,8,8,12,156.45744942181628,164.41254110257492,True
158.51008196796565,158.51008196485083,158.51008195289023,158.51008197234933,1.227624997109982e-10,1,8,8,12,156.45744942181628,164.41254110257492,True
158.60066775000826,158.60066775003918,158.60066774863787,158.60066775167058,1.9121672853496995e-11,2,8,8,12,156.45744942181628,164.41254110257492,True
158.72180465859597,158.72180465986384,158.72180465713927,158.72180466694408,6.177353926609384e-11,1,8,8,12,156.45744942181628,164.41254110257492,True
158.8576153621944,158.85761536332794,158.85761536022193,158.85761537138836,7.029209687175176e-11,2,8,8,12,156.45744942181628,164.41254110257492,True
159.55323005827609,159.5532300589288,159.55323005750535,159.55323006294344,3.408327235737905e-11,1,8,8,12,156.45744942181628,164.41254110257492,True
160.1000818314498,160.1000818322123,160.10008182957517,160.1000818378945,5.196323744626171e-11,1,8,8,12,156.45744942181628,164.41254110257492,True
160.14177142559066,160.14177142571612,160.14177141906384,160.14177143169323,7.886378066720858e-11,1,8,8,12,156.45744942181628,164.41254110257492,True
160.64929891130393,160.64929891175944,160.6492989093283,160.64929891501947,3.542600643085437e-11,1,8,8,12,156.45744942181628,164.41254110257492,True
160.69655442137875,160.6965544217249,160.6965544200691,160.6965544249565,3.041382667631151e-11,1,8,8,12,156.45744942181628,164.41254110257492,True
160.96399227110933,160.96399227104962,160.96399226764214,160.963992272862,3.2428655721137916e-11,1,8,8,12,156.45744942181628,164.41254110257492,True
161.25785426304088,161.25785426275252,161.25785425952483,161.2578542676148,5.016782226975443e-11,1,8,8,12,156.45744942181628,164.41254110257492,True
161.4267705640176,161.4267705637588,161.42677056036268,161.42677056780826,4.612356643231834e-11,3,8,8,12,156.45744942181628,164.41254110257492,True
161.48183162290704,161.4818316224205,161.481831617416,161.48183162586724,5.233562226545019e-11,1,8,8,12,156.45744942181628,164.41254110257492,True
162.58620735235345,162.58620735240874,162.58620734994807,162.58620735480247,2.985738844675317e-11,1,8,8,12,156.45744942181628,164.41254110257492,True
163.2690357490363,163.26903575023283,163.26903574667327,163.2690357551872,5.214658108798065e-11,1,8,8,12,156.45744942181628,164.41254110257492,True
163.81441773847814,163.81441773869943,163.81441773739817,163.81441774154607,2.5320681495840634e-11,1,8,8,12,156.45744942181628,164.41254110257492,True
164.21425613066933,164.2142561310566,164.21425612772157,164.2142561363749,5.2695367019255605e-11,1,8,8,12,156.45744942181628,164.41254110257492,True
164.31748836520083,164.3174883648702,164.31748835883894,164.3174883687671,6.042057939277504e-11,2,8,8,12,156.45744942181628,164.41254110257492,True
165.45628431504772,165.45628431569125,165.456284311621,165.45628432062108,5.439548814303976e-11,1,8,8,13,164.41254110257492,172.15284477553848,True
165.57052182237348,165.57052182234864,165.57052181888395,165.57052182902908,6.127376461412953e-11,1,8,8,13,164.41254110257492,172.15284477553848,True
165.74443996824303,165.7444399673219,165.74443996147772,165.744439970222,5.275760664099731e-11,1,8,8,13,164.41254110257492,172.15284477553848,True
165.80899538133372,165.8089953817738,165.808995377995,165.80899538621696,4.9587021462045654e-11,1,8,8,13,164.41254110257492,172.15284477553848,True
165.88855949510506,165.88855949400715,165.8885594885043,165.8885594969513,5.091965902798849e-11,1,8,8,13,164.41254110257492,172.15284477553848,True
166.1048068224083,166.10480682192735,166.1048068172243,166.1048068267736,5.7489585324844896e-11,1,8,8,13,164.41254110257492,172.15284477553848,True
166.25559178590998,166.25559178687774,166.25559178208596,166.2555917954184,8.019251094251527e-11,1,8,8,13,164.41254110257492,172.15284477553848,True
166.74816466788346,166.74816466744295,166.74816465638656,166.74816467665352,1.2154228264520149e-10,1,8,8,13,164.41254110257492,172.15284477553848,True
166.91242119154956,166.91242119157715,166.9124211872646,166.91242119585365,5.1458366780332446e-11,1,8,8,13,164.41254110257492,172.15284477553848,True
166.98950043019806,166.98950043272345,166.98950042851448,166.98950044328097,8.842771010467708e-11,1,8,8,13,164.41254110257492,172.15284477553848,True
167.0521683174532,167.05216831702813,167.052168310482,167.05216832431006,8.277696286058084e-11,1,8,8,13,164.41254110257492,172.15284477553848,True
167.15394468635714,167.15394468649293,167.15394468115727,167.15394469311644,7.154586288542293e-11,1,8,8,13,164.41254110257492,172.15284477553848,True
167.4033546900356,167.40335468815732,167.40335467962933,167.40335469157816,7.137746867247365e-11,1,8,8,13,164.41254110257492,172.15284477553848,True
167.54871461506397,167.54871461584318,167.54871461199767,167.54871462447983,7.44986979529731e-11,1,8,8,13,164.41254110257492,172.15284477553848,True
167.62138570729456,167.62138570649472,167.62138569751778,167.62138571159423,8.397764039420564e-11,1,8,8,13,164.41254110257492,172.15284477553848,True
167.8208845522327,167.8208845525312,167.82088454983227,167.82088455727364,4.434115564891042e-11,1,8,8,13,164.41254110257492,172.15284477553848,True
168.0960971572987,168.09609715904645,168.0960971536801,168.0960971721292,1.0975329194109605e-10,1,8,8,13,164.41254110257492,172.15284477553848,True
168.3482641887179,168.34826418950144,168.34826418701374,168.34826419371348,3.979688124185843e-11,1,8,8,13,164.41254110257492,172.15284477553848,True
168.62641188867556,168.6264118896392,168.62641188651577,168.62641189576402,5.4844633262447814e-11,1,8,8,13,164.41254110257492,172.15284477553848,True
168.86638134238854,168.86638134193367,168.8663813392131,168.86638134459207,3.1853463058785394e-11,1,8,8,13,164.41254110257492,172.15284477553848,True
169.14781046030924,169.14781046085778,169.14781045743877,169.14781046628224,5.2282507876530866e-11,2,8,8,13,164.41254110257492,172.15284477553848,True
169.64521009133637,169.64521009127603,169.64521008545023,169.6452100956227,5.996320709661026e-11,1,8,8,13,164.41254110257492,172.15284477553848,True
169.7614607853176,169.76146078439172,169.761460778166,169.76146078733308,5.3999778712180434e-11,1,8,8,13,164.41254110257492,172.15284477553848,True
170.20098683128174,170.20098683177144,170.2009868269521,170.2009868375251,6.212077975281279e-11,1,8,8,13,164.41254110257492,172.15284477553848,True
170.6839743690221,170.68397436897513,170.6839743609628,170.6839743733206,7.240173630501878e-11,1,8,8,13,164.41254110257492,172.15284477553848,True
170.75664892186214,170.75664892075315,170.75664891448673,170.756648924547,5.891578465812525e-11,1,8,8,13,164.41254110257492,172.15284477553848,True
171.12346427214948,171.12346427315427,171.1086290467627,171.13829949949604,0.0001733862323296285,2,8,16,13,164.41254110257492,172.15284477553848,True
172.27835588899762,172.27835588887606,172.27835588664783,172.27835589093553,2.488820526841688e-11,1,8,8,14,172.15284477553848,179.69919898448313,True
172.39124763012967,172.39124762971218,172.39124762691574,172.39124763229546,3.120644509719002e-11,1,8,8,14,172.15284477553848,179.69919898448313,True
172.8612237128816,172.8612237202147,172.86122370526698,172.86122377680334,4.1383695588195493e-10,1,8,8,14,172.15284477553848,179.69919898448313,True
173.05120142814434,173.051201428052,173.05120142130443,173.05120143422215,7.464683095483321e-11,2,8,8,14,172.15284477553848,179.69919898448313,True
173.15638372043415,173.1563837178712,173.15638369477216,173.15638372560352,1.7805499362420629e-10,1,8,8,14,172.15284477553848,179.69919898448313,True
173.23790238586398,173.2379023851629,173.23790238128316,173.23790238996867,5.013627937106453e-11,1,8,8,14,172.15284477553848,179.69919898448313,True
173.31404000996733,173.31404001213346,173.3140400047754,173.31404002530553,1.1845628656961281e-10,1,8,8,14,172.15284477553848,179.69919898448313,True
173.44704633714923,173.4470463392725,173.4470463324642,173.44704635759012,1.4486224202408248e-10,2,8,8,14,172.15284477553848,179.69919898448313,True
173.6276190657203,173.6276190680341,173.62761904986928,173.62761908947664,2.2811668792648658e-10,1,8,8,14,172.15284477553848,179.69919898448313,True
173.8850169254929,173.8850169230086,173.8850169060716,173.88501693278027,1.5359964091132108e-10,1,8,8,14,172.15284477553848,179.69919898448313,True
173.9629771957681,173.96297719552922,173.96297718981452,173.96297720070396,6.259628964323699e-11,1,8,8,14,172.15284477553848,179.69919898448313,True
174.12831493941505,174.12831493909226,174.1283149358331,174.12831494192324,3.497505305468023e-11,1,8,8,14,172.15284477553848,179.69919898448313,True
174.59734438027374,174.5973443801519,174.5973443752934,174.59734438359655,4.755597311161486e-11,1,8,8,14,172.15284477553848,179.69919898448313,True
174.66700552125752,174.66700552205543,174.66700552013128,174.66700552639054,3.583536687859026e-11,1,8,8,14,172.15284477553848,179.69919898448313,True
174.70304048657877,174.70304048595153,174.70304048272288,174.70304048827083,3.175643702062817e-11,1,8,8,14,172.15284477553848,179.69919898448313,True
175.5013067428854,175.5013067430633,175.50130673963469,175.5013067452595,3.205005666866101e-11,1,8,8,14,172.15284477553848,179.69919898448313,True
175.5442002912817,175.54420029181745,175.54420028940888,175.54420029413313,2.6912062794912977e-11,1,8,8,14,172.15284477553848,179.69919898448313,True
175.57964287909851,175.5796428788073,175.57964287174468,175.57964288500835,7.554220187050685e-11,1,8,8,14,172.15284477553848,179.69919898448313,True
176.33239075481993,176.3323907551046,176.33239074821904,176.3323907651622,9.608641530382774e-11,1,8,8,14,172.15284477553848,179.69919898448313,True
176.3754355989654,176.37543560061386,176.37543559788975,176.37543560854323,6.040228810704867e-11,1,8,8,14,172.15284477553848,179.69919898448313,True
176.50762280469553,176.50762280569097,176.50762279970957,176.50762281941547,1.1164338232735006e-10,2,8,8,14,172.15284477553848,179.69919898448313,True
177.69033865403483,177.69033865330562,177.6903386426896,177.69033865830266,8.786672528132912e-11,1,8,8,14,172.15284477553848,179.69919898448313,True
177.74838993631604,177.74838993629027,177.74838993162695,177.7483899411672,5.3672825753881375e-11,1,8,8,14,172.15284477553848,179.69919898448313,True
177.8376106491329,177.8376106492668,177.8376106428055,177.8376106571082,8.042569638601252e-11,1,8,8,14,172.15284477553848,179.69919898448313,True
177.99561446287086,177.9956144622322,177.99561445324855,177.9956144669273,7.684876682228206e-11,1,8,8,14,172.15284477553848,179.69919898448313,True
178.1268804391722,178.12688044044256,178.1268804335137,178.1268804515223,1.0109995935656177e-10,1,8,8,14,172.15284477553848,179.69919898448313,True
178.36470881727178,178.36470881717494,178.36470881367728,178.36470881986844,3.4710665858156864e-11,1,8,8,14,172.15284477553848,179.69919898448313,True
178.80451863173647,178.80451863231576,178.80451862162815,178.8045186421386,1.1470874171567111e-10,1,8,8,14,172.15284477553848,179.69919898448313,True
178.90038566453578,178.9003856651502,178.90038566249285,178.90038567071383,4.5952832478292645e-11,1,8,8,14,172.15284477553848,179.69919898448313,True
179.0949980428578,179.09499804288993,179.0949980375939,179.09499804627575,4.8476158273726765e-11,2,8,8,14,172.15284477553848,179.69919898448313,True
179.1881980988745,179.18819809898272,179.1881980920163,179.1881981074128,8.592359825676178e-11,1,8,8,14,172.15284477553848,179.69919898448313,True
179.26252236597517,179.26252236754988,179.26252236180903,179.2625223767807,8.351815682019088e-11,1,8,8,14,172.15284477553848,179.69919898448313,True
179.56590401436432,179.56590401470552,179.5659040063229,179.565904022746,9.145994046349228e-11,1,8,8,14,172.15284477553848,179.69919898448313,True
179.9417349937795,179.94173499259773,179.94173498282248,179.9417349960496,7.350780800715363e-11,1,8,8,15,179.69919898448313,187.06916753612157,True
180.04753534955995,180.04753534974128,180.04753534489507,180.04753535456325,5.3697955134239666e-11,1,8,8,15,179.69919898448313,187.06916753612157,True
180.3821573428342,180.38215734080148,180.38215732559428,180.3821573447017,1.0592750614843089e-10,1,8,8,15,179.69919898448313,187.06916753612157,True
180.61522180165173,180.61522180315256,180.61522179398395,180.61522181385783,1.1003435990038054e-10,1,8,8,15,179.69919898448313,187.06916753612157,True
180.8116232353796,180.81162323496278,180.8116232236291,180.81162324098568,9.599255404263713e-11,1,8,8,15,179.69919898448313,187.06916753612157,True
180.9834341601856,180.98343415879697,180.98343414692727,180.9834341689288,1.215665377843192e-10,1,8,8,15,179.69919898448313,187.06916753612157,True
181.1468381159777,181.1468381180901,181.1468381094527,181.1468381363264,1.4835324373186899e-10,1,8,8,15,179.69919898448313,187.06916753612157,True
181.41008044247837,181.41008043953968,181.41008041421307,181.4100804471646,1.8164113580314884e-10,1,8,8,15,179.69919898448313,187.06916753612157,True
181.49083804705862,181.490838048253,181.4908380423633,181.49083805609823,7.567838320978258e-11,1,8,8,15,179.69919898448313,187.06916753612157,True
181.90319241741298,181.90319241651414,181.90319240641813,181.90319241991904,7.422029627912976e-11,2,8,8,15,179.69919898448313,187.06916753612157,True
182.01889835019153,182.01889835049099,182.018898347969,182.0188983543166,3.4873251925392886e-11,1,8,8,15,179.69919898448313,187.06916753612157,True
183.05056570303822,183.05056570208296,183.05056569294663,183.05056570515652,6.670223093427246e-11,1,8,8,15,179.69919898448313,187.06916753612157,True
183.15188795140364,183.1518879496826,183.15188793491816,183.15188796137272,1.4444054031600667e-10,1,8,8,15,179.69919898448313,187.06916753612157,True
183.2392286819852,183.23922867970356,183.2392286587233,183.23922868733328,1.5613455175214748e-10,1,8,8,15,179.69919898448313,187.06916753612157,True
183.65465269022928,183.6546526910796,183.65465268768813,183.6546526966282,4.8678740190275817e-11,1,8,8,15,179.69919898448313,187.06916753612157,True
183.73908378037365,183.73908378032223,183.7390837701188,183.73908379332408,1.2629470915623806e-10,1,8,8,15,179.69919898448313,187.06916753612157,True
183.97956279586663,183.9795627958407,183.97956278280648,183.97956280681512,1.3049624545566719e-10,1,8,8,15,179.69919898448313,187.06916753612157,True
184.40914059839588,184.4091405985981,184.40914059368927,184.40914060287972,4.983724739236372e-11,1,8,8,15,179.69919898448313,187.06916753612157,True
184.54087803958538,184.54087803957273,184.5408780341153,184.54087804273945,4.673295961648507e-11,2,8,8,15,179.69919898448313,187.06916753612157,True
185.14552595215991,185.14552595224598,185.14552594676653,185.14552595830756,6.233492793733336e-11,1,8,8,15,179.69919898448313,187.06916753612157,True
185.81068132991555,185.81068133107215,185.8106813200788,185.8106813413781,1.1462911690450737e-10,1,8,8,15,179.69919898448313,187.06916753612157,True
185.91591485313316,185.91591485198387,185.9159148438888,185.91591486091957,9.160469921691261e-11,1,8,8,15,179.69919898448313,187.06916753612157,True
186.19990469380605,186.19990469516875,186.1999046858261,186.19990470503848,1.0318139025801794e-10,1,8,8,15,179.69919898448313,187.06916753612157,True
186.39786029237965,186.3978602924345,186.39786027277847,186.3978603155847,2.296497434202349e-10,1,8,8,15,179.69919898448313,187.06916753612157,True
186.64395673405238,186.64395673365516,186.6439567298234,186.64395673630185,3.471017524986024e-11,1,8,8,15,179.69919898448313,187.06916753612157,True
186.865470497267,186.86547049871533,186.86547049338336,186.86547051337493,1.069837812452017e-10,1,8,8,15,179.69919898448313,187.06916753612157,True
187.44021525161162,187.4402152514742,187.44021524900816,187.4402152544294,2.8922513317680047e-11,1,8,8,16,187.06916753612157,194.27772622062983,True
187.51145373786125,187.51145373818525,187.51145373633625,187.51145374159825,2.8062260619563026e-11,2,8,8,16,187.06916753612157,194.27772622062983,True
187.74259875385707,187.74259875124517,187.74259873323888,187.7425987608344,1.4698592084128515e-10,1,8,8,16,187.06916753612157,194.27772622062983,True
188.10358319275718,188.10358319284913,188.10358318800752,188.10358319891031,5.796165562676121e-11,2,8,8,16,187.06916753612157,194.27772622062983,True
188.17826049872986,188.17826049769468,188.1782604931668,188.17826050277552,5.1061829531406215e-11,1,8,8,16,187.06916753612157,194.27772622062983,True
188.22423736012496,188.2242373587,188.22423735248563,188.22423736272677,5.440924006000614e-11,1,8,8,16,187.06916753612157,194.27772622062983,True
188.4115737092613,188.411573709491,188.4115737058264,188.4115737151616,4.954682742552572e-11,1,8,8,16,187.06916753612157,194.27772622062983,True
188.53668846755772,188.53668846480343,188.53668844518768,188.53668847238697,1.4426524581968897e-10,1,8,8,16,187.06916753612157,194.27772622062983,True
188.779017007314,188.7790170086481,188.7790170041952,188.77901701904196,7.864625146036566e-11,1,8,8,16,187.06916753612157,194.27772622062983,True
188.88646068869997,188.88646068781688,188.88646067959075,188.8864606930719,7.137174204086463e-11,1,8,8,16,187.06916753612157,194.27772622062983,True
189.1616760552037,189.16167605406457,189.1616760449142,189.1616760587356,7.306655512421888e-11,1,8,8,16,187.06916753612157,194.27772622062983,True
189.32394803591336,189.32394803610316,189.32394803209945,189.3239480414857,4.957767474773446e-11,1,8,8,16,187.06916753612157,194.27772622062983,True
189.49348935416123,189.49348935365265,189.4934893478492,189.4934893582692,5.498867305994504e-11,1,8,8,16,187.06916753612157,194.27772622062983,True
190.30642093872694,190.3064209383901,190.30642093527612,190.30642094114603,3.084450434198353e-11,2,8,8,16,187.06916753612157,194.27772622062983,True
190.38512447380626,190.3851244737065,190.3851244705669,190.3851244780791,3.9457908719136794e-11,1,8,8,16,187.06916753612157,194.27772622062983,True
190.5997748179445,190.59977481542992,190.59977479921943,190.59977482083977,1.1343317451943791e-10,1,8,8,16,187.06916753612157,194.27772622062983,True
190.77510686756307,190.77510686691002,190.77510685799095,190.7751068732651,8.006358658368476e-11,1,8,8,16,187.06916753612157,194.27772622062983,True
191.62971004597563,191.62971004536283,191.62971003588552,191.62971005345648,9.16922248902691e-11,2,8,8,16,187.06916753612157,194.27772622062983,True
191.70651048125723,191.7065104820938,191.70651047727424,191.70651048801696,5.603734592371437e-11,1,8,8,16,187.06916753612157,194.27772622062983,True
192.0703921638362,192.0703921573319,192.07039212024145,192.07039217488136,2.84478578581598e-10,1,8,8,16,187.06916753612157,194.27772622062983,True
192.23100682894744,192.23100682846774,192.21800426355847,192.24400939495771,0.00013528062838678764,2,8,16,16,187.06916753612157,194.27772622062983,True
192.60535321813413,192.60535321673186,192.59127235071645,192.6194340791734,0.00014621467153644598,2,8,16,16,187.06916753612157,194.27772622062983,True
192.729768116449,192.7297681100369,192.7297680634215,192.7297681221888,3.04920788149103e-10,1,8,8,16,187.06916753612157,194.27772622062983,True
192.86749705117484,192.86749704866543,192.8674970325452,192.86749705349385,1.0861678396625992e-10,1,8,8,16,187.06916753612157,194.27772622062983,True
192.9600898151093,192.96008981266314,192.96008979575385,192.96008982184287,1.3520425946946353e-10,1,8,8,16,187.06916753612157,194.27772622062983,True
193.55710823263257,193.55710823257976,193.55710822743248,193.557108239798,6.388563303060038e-11,2,8,8,16,187.06916753612157,194.27772622062983,True
193.6102396538941,193.61023965401353,193.61023964933315,193.6102396593842,5.1913851978778415e-11,1,8,8,16,187.06916753612157,194.27772622062983,True
193.9292843784081,193.92928437859635,193.929284372935,193.9292843832848,5.336890683614251e-11,1,8,8,16,187.06916753612157,194.27772622062983,True
194.1738534917497,194.173853492766,194.1738534879468,194.17385350106207,6.75440222560422e-11,1,8,8,16,187.06916753612157,194.27772622062983,True
194.47891084300696,194.47891084110793,194.47891082890607,194.4789108456769,8.623467929047673e-11,1,8,8,17,194.27772622062983,201.3377736736896,True
194.57421443100327,194.57421443040414,194.57421442136953,194.57421443872465,8.919537492945839e-11,1,8,8,17,194.27772622062983,201.3377736736896,True
194.7832567536516,194.78325675545494,194.78325675105248,194.7832567690484,9.23894392594331e-11,1,8,8,17,194.27772622062983,201.3377736736896,True
194.8232802224719,194.8232802262956,194.82328021806777,194.8232802401095,1.1313712704582447e-10,1,8,8,17,194.27772622062983,201.3377736736896,True
195.31306775879005,195.31306775871295,195.3130677534024,195.31306776280712,4.815200199725498e-11,2,8,8,17,194.27772622062983,201.3377736736896,True
195.9778218005535,195.97782180098469,195.97782179837233,195.97782180404968,2.8969350171361522e-11,1,8,8,17,194.27772622062983,201.3377736736896,True
196.31423077737864,196.31423077948847,196.31423077449904,196.31423079056924,8.185959256495637e-11,1,8,8,17,194.27772622062983,201.3377736736896,True
196.55029997811653,196.5502999788485,196.5502999729945,196.55029998650744,6.875049908310241e-11,1,8,8,17,194.27772622062983,201.3377736736896,True
196.7939484677816,196.7939484679984,196.79394846329137,196.7939484714734,4.157669366629045e-11,1,8,8,17,194.27772622062983,201.3377736736896,True
196.9574767523681,196.95747675473467,196.95747675081628,196.95747677037713,9.931505995142854e-11,1,8,8,17,194.27772622062983,201.3377736736896,True
197.349693155546,197.34969315510608,197.34969314977653,197.34969316102897,5.701776780429228e-11,1,8,8,17,194.27772622062983,201.3377736736896,True
197.40554975719718,197.40554975708625,197.4055497508076,197.4055497625637,5.95530374291254e-11,1,8,8,17,194.27772622062983,201.3377736736896,True
197.4454571032315,197.445457101187,197.44545708814888,197.445457108446,1.0279855658429305e-10,1,8,8,17,194.27772622062983,201.3377736736896,True
197.92743334874876,197.9274333489344,197.92743334381737,197.9274333533916,4.837238649472292e-11,1,8,8,17,194.27772622062983,201.3377736736896,True
198.33014194093641,198.3301419413795,198.33014193963012,198.33014194397836,2.192423846019549e-11,1,8,8,17,194.27772622062983,201.3377736736896,True
198.45146873679388,198.45146873598995,198.45146873039988,198.4514687396908,4.6817061941599714e-11,1,8,8,17,194.27772622062983,201.3377736736896,True
198.77597242516498,198.77597242527082,198.7759724198579,198.77597243470896,7.471251952100482e-11,1,8,8,17,194.27772622062983,201.3377736736896,True
198.82299090719,198.82299090539885,198.82299089521945,198.82299091004572,7.457019895862749e-11,1,8,8,17,194.27772622062983,201.3377736736896,True
198.87306678627712,198.8730667871143,198.8730667834328,198.8730667950497,5.841373681239151e-11,1,8,8,17,194.27772622062983,201.3377736736896,True
199.3721832516392,199.37218325555176,199.37218324630163,199.3721832815708,1.7690121449239177e-10,1,8,8,17,194.27772622062983,201.3377736736896,True
199.57225582317147,199.5722558225317,199.57225581877972,199.5722558246452,2.939022468873527e-11,1,8,8,17,194.27772622062983,201.3377736736896,True
200.25077013850006,200.25077013788336,200.25077012538736,200.25077014472333,9.655878493329528e-11,1,8,8,17,194.27772622062983,201.3377736736896,True
200.64820870027657,200.64820870046464,200.64820869782957,200.6482087033908,2.7716265581695303e-11,1,8,8,17,194.27772622062983,201.3377736736896,True
200.8086968497269,200.80869685323466,200.8086968449469,200.80869687791457,1.6417454575356293e-10,1,8,8,17,194.27772622062983,201.3377736736896,True
201.06678332105196,201.06678332028832,201.066783311506,201.06678332770025,8.054171574399075e-11,1,8,8,17,194.27772622062983,201.3377736736896,True
201.56709844237318,201.56709844255556,201.56709843842353,201.56709844641003,3.9622043536171744e-11,2,8,8,18,201.3377736736896,208.26051866932204,True
201.92362697623687,201.9236269748284,201.92362695855297,201.92362699401767,1.7563419805528764e-10,1,8,8,18,201.3377736736896,208.26051866932204,True
201.9826623905185,201.9826623907777,201.98266238321824,201.98266239674257,6.695786739241168e-11,2,8,8,18,201.3377736736896,208.26051866932204,True
202.16450767226385,202.16450767195306,202.16450766039932,202.16450767988687,9.639448708036565e-11,1,8,8,18,201.3377736736896,208.26051866932204,True
202.27597041362986,202.27597041265756,202.2759703771929,202.27597044189983,3.1989434207992344e-10,1,8,8,18,201.3377736736896,208.26051866932204,True
202.58751075943624,202.58751076707745,202.58751075530245,202.58751080099887,2.255638773135727e-10,1,8,8,18,201.3377736736896,208.26051866932204,True
202.77689335198437,202.77689335031965,202.77689334385,202.77689335554916,5.7694795575700405e-11,1,8,8,18,201.3377736736896,208.26051866932204,True
202.8991305384434,202.89913053287182,202.89913050687008,202.8991305444876,1.8540012958692488e-10,1,8,8,18,201.3377736736896,208.26051866932204,True
203.31020396825153,203.31020396753394,203.31020395313232,203.31020398153947,1.3972322569511386e-10,1,8,8,18,201.3377736736896,208.26051866932204,True
203.37076351200042,203.3707635144517,203.3707635097468,203.3707635243153,7.1635100509937e-11,1,8,8,18,201.3377736736896,208.26051866932204,True
203.44552546298368,203.44552546509925,203.4455254416592,203.4455254981992,2.779121760592189e-10,1,8,8,18,201.3377736736896,208.26051866932204,True
203.527029293842,203.52702929474566,203.5270292908458,203.5270293010693,5.023159758953776e-11,1,8,8,18,201.3377736736896,208.26051866932204,True
203.60517217567605,203.60517217414315,203.60517215066403,203.6051721921065,2.0354326692088662e-10,1,8,8,18,201.3377736736896,208.26051866932204,True
203.77374214217895,203.77374213270832,203.75768368628664,203.78980057082708,0.00015761051548061588,3,8,16,18,201.3377736736896,208.26051866932204,True
203.81868779169235,203.81868779918904,203.81868778602745,203.81868782714824,2.017517895185344e-10,2,8,8,18,201.3377736736896,208.26051866932204,True
203.87657111975847,203.87657111718033,203.8765711043756,203.8765711290312,1.2093384247181472e-10,1,8,8,18,201.3377736736896,208.26051866932204,True
205.24068307237036,205.24068307083428,205.2406830628116,205.24068307405864,5.479926634152563e-11,2,8,8,18,201.3377736736896,208.26051866932204,True
205.575544263043,205.57554426657293,205.57554425549907,205.5755442900899,1.6826340184695655e-10,1,8,8,18,201.3377736736896,208.26051866932204,True
205.64927097703094,205.649270976825,205.64927097144655,205.649270981909,5.087524753803639e-11,1,8,8,18,201.3377736736896,208.26051866932204,True
205.7910150198355,205.7910150203141,205.79101501080717,205.79101503139177,1.0002668767264988e-10,3,8,8,18,201.3377736736896,208.26051866932204,True
206.54755598504173,206.54755598526228,206.5475559805116,206.5475559891948,4.20397214181506e-11,1,8,8,18,201.3377736736896,208.26051866932204,True
206.61795483655396,206.61795483584035,206.61795483041797,206.61795484335929,6.263402330451872e-11,1,8,8,18,201.3377736736896,208.26051866932204,True
206.7862318005956,206.78623180097867,206.7862317947637,206.78623180749753,6.157970580847003e-11,1,8,8,18,201.3377736736896,208.26051866932204,True
206.9011899400867,206.9011899382557,206.90118991768716,206.90118995367072,1.7391664605780077e-10,1,8,8,18,201.3377736736896,208.26051866932204,True
206.97526146278906,206.97526146249913,206.97526145671287,206.97526146952416,6.189766055700279e-11,1,8,8,18,201.3377736736896,208.26051866932204,True
207.0520432714291,207.05204327168926,207.05204326386732,207.05204327874813,7.186990775255428e-11,1,8,8,18,201.3377736736896,208.26051866932204,True
207.81053775171648,207.81053775085576,207.81053774028507,207.81053775813683,8.590402176666132e-11,1,8,8,18,201.3377736736896,208.26051866932204,True
208.204927547333,208.20492754763467,208.20492753508327,208.2049275619569,1.290730055129908e-10,2,8,8,18,201.3377736736896,208.26051866932204,True
208.25139530794127,208.25139530761567,208.25139527746177,208.25139532988368,2.5172417351933065e-10,1,8,8,18,201.3377736736896,208.26051866932204,True
208.62624364845794,208.626243651502,208.61302106525233,208.6394662092864,0.00012675847281536578,2,8,16,19,208.26051866932204,215.05577865401503,True
208.73078145834336,208.73078146679973,208.73078142110353,208.73078152417773,4.938140849273026e-10,1,8,8,19,208.26051866932204,215.05577865401503,True
208.8190619115535,208.81906190817915,208.819061888912,208.81906192907888,1.923526292077832e-10,1,8,8,19,208.26051866932204,215.05577865401503,True
208.8740651660679,208.87406515424667,208.87406506912373,208.87406517671053,5.150797435185069e-10,1,8,8,19,208.26051866932204,215.05577865401503,True
209.11998537162933,209.1199853657361,209.1199853273488,209.11998539168368,3.076458626528305e-10,1,8,8,19,208.26051866932204,215.05577865401503,True
209.29135117142732,209.2913511669531,209.2913511047202,209.29135119378807,4.25568793212662e-10,1,8,8,19,208.26051866932204,215.05577865401503,True
209.42072297998303,209.42072298120794,209.42072296763445,209.42072300199783,1.6408777977980825e-10,1,8,8,19,208.26051866932204,215.05577865401503,True
209.67145121551783,209.67145121867213,209.6714512127373,209.6714512328048,9.57092102311195e-11,1,8,8,19,208.26051866932204,215.05577865401503,True
210.71041214829486,210.7104121482517,210.71041213728503,210.7104121613607,1.1425947266112577e-10,1,8,8,19,208.26051866932204,215.05577865401503,True
210.89814633808598,210.89814633452318,210.89814629928017,210.89814635116576,2.4602204245081697e-10,1,8,8,19,208.26051866932204,215.05577865401503,True
211.34371514674842,211.343715148757,211.343715142699,211.34371516531309,1.0700140362873732e-10,1,8,8,19,208.26051866932204,215.05577865401503,True
211.8916780244854,211.8916780225756,211.891678012741,211.8916780304359,8.350918596233823e-11,1,8,8,19,208.26051866932204,215.05577865401503,True
212.07596073290694,212.0759607355632,212.07596071475825,212.07596075687408,1.9858841568325334e-10,1,8,8,19,208.26051866932204,215.05577865401503,True
212.24789346270214,212.24789346097896,212.2478934468044,212.2478934777184,1.4565048739006018e-10,1,8,8,19,208.26051866932204,215.05577865401503,True
212.36293669976862,212.36293669929228,212.3629366871843,212.3629367111648,1.1292226913871725e-10,2,8,8,19,208.26051866932204,215.05577865401503,True
212.53514297197114,212.53514297152154,212.53514294063075,212.53514300267997,2.919480682467279e-10,1,8,8,19,208.26051866932204,215.05577865401503,True
212.6440325618579,212.644032561778,212.64403254374008,212.64403257195744,1.3269762146459957e-10,1,8,8,19,208.26051866932204,215.05577865401503,True
212.91144857685612,212.9114485802873,212.91144855962267,212.9114486110424,2.415075977154517e-10,1,8,8,19,208.26051866932204,215.05577865401503,True
212.9680601799015,212.96806017983704,212.96806016761008,212.96806019487752,1.2803538213186842e-10,1,8,8,19,208.26051866932204,215.05577865401503,True
213.224315818011,213.2243158233298,213.22431580899104,213.22431584813268,1.835702420380374e-10,1,8,8,19,208.26051866932204,215.05577865401503,True
213.66383073238063,213.66383073212518,213.66383071724303,213.66383075117304,1.5880089359050705e-10,1,8,8,19,208.26051866932204,215.05577865401503,True
213.9130377359852,213.91303773644128,213.9130377219102,213.91303775576176,1.5824918241788095e-10,1,8,8,19,208.26051866932204,215.05577865401503,True
214.8207104168436,214.82071041784621,214.820710412218,214.8207104257725,6.309672717921277e-11,2,8,8,19,208.26051866932204,215.05577865401503,True
215.2649764889154,215.2649764903751,215.2649764555168,215.26497653526476,3.704641795462129e-10,1,8,8,20,215.05577865401503,221.73221327741612,True
215.3240497053108,215.32404970320482,215.31041232763263,215.33768708584088,0.00012666842484886394,2,8,16,20,215.05577865401503,221.73221327741612,True
215.61693008242884,215.61693008368098,215.61693006256704,215.61693012032313,2.6786438695680067e-10,1,8,8,20,215.05577865401503,221.73221327741612,True
215.84474122848314,215.84474123293313,215.84474116714267,215.84474131200727,6.711518635616859e-10,1,8,8,20,215.05577865401503,221.73221327741612,True
216.07755041196975,216.07755040811992,216.07755038280416,216.07755042918035,2.1462750923559848e-10,1,8,8,20,215.05577865401503,221.73221327741612,True
216.29439559392992,216.29439559017106,216.2943955639858,216.2943956019664,1.7559670886004065e-10,1,8,8,20,215.05577865401503,221.73221327741612,True
216.5459603294197,216.5459603279383,216.54596026399216,216.54596036221372,4.535829820587488e-10,1,8,8,20,215.05577865401503,221.73221327741612,True
216.57810016466874,216.57810015850862,216.57810010139673,216.57810018102967,3.6768694610114995e-10,1,8,8,20,215.05577865401503,221.73221327741612,True
216.6637111889086,216.66371119006953,216.66371117286673,216.6637112092999,1.6815535855684404e-10,1,8,8,20,215.05577865401503,221.73221327741612,True
216.8749404159231,216.87494041849092,216.87494039454887,216.87494045066833,2.587641567558279e-10,1,8,8,20,215.05577865401503,221.73221327741612,True
216.9927203940827,216.99272038544612,216.99272032452404,216.99272042245303,4.5130080485772654e-10,1,8,8,20,215.05577865401503,221.73221327741612,True
217.1962588047769,217.19625879627603,217.19625871627017,217.1962588210028,4.822027579357305e-10,1,8,8,20,215.05577865401503,221.73221327741612,True
217.27227857180554,217.27227856961943,217.2722785303987,217.2722786067248,3.5129241186741267e-10,1,8,8,20,215.05577865401503,221.73221327741612,True
217.49127403087704,217.49127402563758,217.49127396872453,217.49127406732555,4.5335621450082056e-10,1,8,8,20,215.05577865401503,221.73221327741612,True
217.57535254535907,217.57535254871163,217.57535253739653,217.57535256859148,1.433754208054072e-10,1,8,8,20,215.05577865401503,221.73221327741612,True
217.67091119171715,217.670911193025,217.67091117294177,217.67091121626171,1.9901576628227368e-10,1,8,8,20,215.05577865401503,221.73221327741612,True
217.790643959012,217.79064395792884,217.79064392868145,217.79064397707396,2.2219736761455702e-10,1,8,8,20,215.05577865401503,221.73221327741612,True
218.06845993506704,218.06845993993272,218.06845992813595,218.06845996658075,1.7629691062494797e-10,1,8,8,20,215.05577865401503,221.73221327741612,True
218.40918177067732,218.40918177358606,218.40918175652237,218.4091818063773,2.282638395127077e-10,1,8,8,20,215.05577865401503,221.73221327741612,True
218.48045699035035,218.48045699277975,218.48045698163787,218.4804570082512,1.2181099257610544e-10,1,8,8,20,215.05577865401503,221.73221327741612,True
219.15618858405276,219.156188579817,219.15618856579016,219.156188593031,1.2429876802927665e-10,1,8,8,20,215.05577865401503,221.73221327741612,True
219.4478053963819,219.44780539739378,219.4478053626538,219.4478054421616,3.623084738154543e-10,1,8,8,20,215.05577865401503,221.73221327741612,True
219.63302468635825,219.63302470571736,219.63302464135128,219.63302488220887,1.0966364846101064e-09,1,8,8,20,215.05577865401503,221.73221327741612,True
219.85461684652034,219.85461685889004,219.85461678707517,219.85461696697027,8.182457058815758e-10,1,8,8,20,215.05577865401503,221.73221327741612,True
219.94451677345012,219.94451676723037,219.94451671605003,219.944516789997,3.362074190491661e-10,1,8,8,20,215.05577865401503,221.73221327741612,True
220.00445291861263,220.00445292947552,220.0044526647115,220.00445319578367,2.4139155714153654e-09,6,8,8,20,215.05577865401503,221.73221327741612,True
220.15342806625793,220.15342807422707,220.15342805148168,220.15342811555223,2.910268013583108e-10,1,8,8,20,215.05577865401503,221.73221327741612,True
220.18955481212254,220.18955479543826,220.18955457519684,220.1895549023103,1.4855993920133484e-09,1,8,8,20,215.05577865401503,221.73221327741612,True
220.32821547159125,220.32821550333153,220.32821543448063,220.32821565401608,9.964018937905549e-10,1,8,8,20,215.05577865401503,221.73221327741612,True
220.48999194165344,220.4899919332214,220.489991896802,220.48999195721512,2.7399487926796493e-10,1,8,8,20,215.05577865401503,221.73221327741612,True
220.92630929821232,220.9263092947671,220.92630926222944,220.9263093164029,2.452105194138813e-10,1,8,8,20,215.05577865401503,221.73221327741612,True
221.96782481059057,221.9678248123563,221.96782478886604,221.96782483117497,1.9060837387772314e-10,1,8,8,21,221.73221327741612,228.2975094908476,True
222.06313736364723,222.0631373644203,222.0631373507317,222.06313738117473,1.37091789951305e-10,2,8,8,21,221.73221327741612,228.2975094908476,True
222.48381127348375,222.483811273217,222.4838112384396,222.48381130171785,2.8441725994443314e-10,1,8,8,21,221.73221327741612,228.2975094908476,True
222.88011035771376,222.88011035974984,222.88011034054816,222.8801103911684,2.271186500419114e-10,2,8,8,21,221.73221327741612,228.2975094908476,True
223.3503728207565,223.35037283111268,223.35037280256927,223.3503728658424,2.8329086393546884e-10,1,8,8,21,221.73221327741612,228.2975094908476,True
223.5278478451323,223.5278478486507,223.52784778593437,223.52784791214384,5.64625269446533e-10,1,8,8,21,221.73221327741612,228.2975094908476,True
223.56979203061516,223.56979202832485,223.5697919852225,223.5697920524416,3.0066273416618525e-10,1,8,8,21,221.73221327741612,228.2975094908476,True
223.64828885164172,223.6482888425198,223.64828876248305,223.64828887727967,5.132908496603609e-10,1,8,8,21,221.73221327741612,228.2975094908476,True
223.70868419670288,223.70868418283334,223.70868411792728,223.70868421772343,4.4609870162840274e-10,1,8,8,21,221.73221327741612,228.2975094908476,True
224.20210987423883,224.20210987000735,224.20210979235273,224.2021099488431,6.979878937679297e-10,1,8,8,21,221.73221327741612,228.2975094908476,True
224.5555124916425,224.5555124934347,224.55551247592305,224.55551252174592,2.040603327837025e-10,1,8,8,21,221.73221327741612,228.2975094908476,True
224.82911679092308,224.82911679419567,224.82911676111723,224.82911686303757,4.5332355851994277e-10,1,8,8,21,221.73221327741612,228.2975094908476,True
225.0253853343932,225.025385348046,225.02538527442687,225.02538548279895,9.259936851058141e-10,1,8,8,21,221.73221327741612,228.2975094908476,True
225.2911916388478,225.29119164812207,225.29119160428104,225.29119170302263,4.3828430991092255e-10,1,8,8,21,221.73221327741612,228.2975094908476,True
225.3585531391518,225.35855315497838,225.35855309114072,225.35855328983325,8.816729158110141e-10,1,8,8,21,221.73221327741612,228.2975094908476,True
225.55389427972074,225.5538942861936,225.5401560122604,225.56763253745504,0.00012181800399577297,2,8,16,21,221.73221327741612,228.2975094908476,True
225.6032036798482,225.60320366906387,225.60320362171504,225.6032037072943,3.7933536425746497e-10,1,8,8,21,221.73221327741612,228.2975094908476,True
225.91307864760847,225.91307865364124,225.9130786114386,225.91307871644096,4.647909614620809e-10,1,8,8,21,221.73221327741612,228.2975094908476,True
226.54581644354369,226.54581643748082,226.5458164036118,226.5458164666814,2.783966316640735e-10,1,8,8,21,221.73221327741612,228.2975094908476,True
226.58366620230998,226.5836662055405,226.58366619580795,226.5836662226764,1.185807585355352e-10,1,8,8,21,221.73221327741612,228.2975094908476,True
227.19595421976558,227.19595420755584,227.19595412824972,227.1959542533468,5.506131236472594e-10,1,8,8,21,221.73221327741612,228.2975094908476,True
227.53631363526728,227.53631363949847,227.5227203793252,227.54990701322288,0.0001194826156024667,2,8,16,21,221.73221327741612,228.2975094908476,True
227.80942173264796,227.80942173390275,227.8094216499168,227.8094218318532,7.986342214639894e-10,1,8,8,21,221.73221327741612,228.2975094908476,True
227.85726932967492,227.8572693353508,227.8572693045332,227.8572693880056,3.6633635078987955e-10,1,8,8,21,221.73221327741612,228.2975094908476,True
228.17167937455832,228.17167937969708,228.171679311893,228.17167945929504,6.460137125433701e-10,2,8,8,21,221.73221327741612,228.2975094908476,True
228.24426632632586,228.2442663211743,228.24426627578777,228.24426635691847,3.5545562125755696e-10,1,8,8,21,221.73221327741612,228.2975094908476,True
228.356624947726,228.35662494851272,228.3566249406624,228.35662495640048,6.891881001191884e-11,1,8,8,22,228.2975094908476,234.7585299987748,True
229.08104993992444,229.08104993994905,229.0810499370516,229.08104994368904,2.8974179627082246e-11,1,8,8,22,228.2975094908476,234.7585299987748,True
229.20064470444487,229.20064470519202,229.20064470154617,229.2006447134762,5.2050643097035556e-11,1,8,8,22,228.2975094908476,234.7585299987748,True
229.24288576525845,229.24288576702935,229.2428857633344,229.24288578034395,7.419877125535499e-11,1,8,8,22,228.2975094908476,234.7585299987748,True
229.48615527163975,229.4861552713617,229.48615526705132,229.4861552748517,3.3990699732452335e-11,1,8,8,22,228.2975094908476,234.7585299987748,True
229.5292775586134,229.5292775571471,229.52927754945077,229.52927756064196,4.875713597761361e-11,1,8,8,22,228.2975094908476,234.7585299987748,True
229.69060359800682,229.69060359762923,229.6906035945592,229.6906036007548,2.6973639749574294e-11,1,8,8,22,228.2975094908476,234.7585299987748,True
230.13463542566865,230.1346354261307,230.1346354209805,230.1346354343784,5.821769737346449e-11,1,8,8,22,228.2975094908476,234.7585299987748,True
230.26900843614135,230.26900843609042,230.2690084300252,230.26900844017,4.4056369596920186e-11,1,8,8,22,228.2975094908476,234.7585299987748,True
230.3001733582861,230.30017335797288,230.30017335426595,230.300173362278,3.47896024127469e-11,1,8,8,22,228.2975094908476,234.7585299987748,True
230.55377839026175,230.5537783891058,230.55377838013064,230.55377839465848,6.301281263709246e-11,1,8,8,22,228.2975094908476,234.7585299987748,True
230.71864085779987,230.71864085732386,230.71864085068393,230.71864086018016,4.115936665486004e-11,1,8,8,22,228.2975094908476,234.7585299987748,True
231.30105308656482,231.30105308514123,231.3010530699476,231.30105309150608,9.320521100607002e-11,1,8,8,22,228.2975094908476,234.7585299987748,True
231.4002280248343,231.40022802346823,231.40022801340743,231.4002280335506,8.704907591491776e-11,1,8,8,22,228.2975094908476,234.7585299987748,True
231.5085182427735,231.50851824393197,231.5085182398797,231.50851825113537,4.86188548952784e-11,1,8,8,22,228.2975094908476,234.7585299987748,True
231.55791160289243,231.55791160283422,231.55791159314668,231.55791161111003,7.757603471737491e-11,1,8,8,22,228.2975094908476,234.7585299987748,True
231.63117916389987,231.63117916449335,231.63117916202415,231.6311791678238,2.5038290536595585e-11,2,8,8,22,228.2975094908476,234.7585299987748,True
231.7213464551337,231.72134645417532,231.72134644798024,231.72134645857227,4.5710213160345294e-11,1,8,8,22,228.2975094908476,234.7585299987748,True
232.16121360459368,232.16121360480656,232.161213600209,232.16121361029096,4.3426494738651877e-11,1,8,8,22,228.2975094908476,234.7585299987748,True
232.632802967859,232.63280296717576,232.63280295970708,232.63280297043568,4.611816698766149e-11,1,8,8,22,228.2975094908476,234.7585299987748,True
232.9478119038783,232.94781190327262,232.94781189767968,232.94781190628032,3.692087329356239e-11,1,8,8,22,228.2975094908476,234.7585299987748,True
233.12346408412373,233.12346408783276,233.1234640802029,233.1234641208696,1.7444284267652473e-10,1,8,8,22,228.2975094908476,234.7585299987748,True
233.3942390956806,233.39423909619393,233.39423909068927,233.39423910262627,5.1145239574822384e-11,1,8,8,22,228.2975094908476,234.7585299987748,True
233.92732468606428,233.9273246857838,233.9273246800224,233.92732469116788,4.7645088503286805e-11,1,8,8,22,228.2975094908476,234.7585299987748,True
234.09345462101237,234.09345462079042,234.09345461246963,234.09345463171115,8.219591503420794e-11,1,8,8,22,228.2975094908476,234.7585299987748,True
234.21602153231402,234.21602152971218,234.21602151448684,234.21602153746613,9.811153389361295e-11,1,8,8,22,228.2975094908476,234.7585299987748,True
234.29227126909194,234.29227126653376,234.27869290278656,234.30584963188943,0.00011590962414496342,2,8,16,22,228.2975094908476,234.7585299987748,True
234.38172460228296,234.38172460105403,234.3817245890287,234.3817246077916,8.005276073091145e-11,1,8,8,22,228.2975094908476,234.7585299987748,True
234.69397081530553,234.69397081570463,234.69397081111327,234.6939708206579,4.066842991824604e-11,3,8,8,22,228.2975094908476,234.7585299987748,True
234.81795214705414,234.8179521451935,234.8179521314804,234.81795214854316,7.266371981722293e-11,1,8,8,23,234.7585299987748,241.12143359479992,True
235.4413872855455,235.44138728536717,235.441387279291,235.44138729222817,5.4948555893011136e-11,1,8,8,23,234.7585299987748,241.12143359479992,True
235.4957097557117,235.49570975493623,235.49570974904464,235.49570975744783,3.568298989658715e-11,1,8,8,23,234.7585299987748,241.12143359479992,True
235.64702082832753,235.6470208281236,235.6470208250655,235.64702082978528,2.002896491048861e-11,1,8,8,23,234.7585299987748,241.12143359479992,True
235.8965619498041,235.89656194892981,235.89656193815904,235.89656196133888,9.826271534075229e-11,1,8,8,23,234.7585299987748,241.12143359479992,True
236.53890504373283,236.5389050451352,236.53890504244248,236.5389050541662,4.9563634211457316e-11,1,8,8,23,234.7585299987748,241.12143359479992,True
236.80399223352194,236.80399223209193,236.8039922247985,236.80399223843503,5.758575733509717e-11,2,8,8,23,234.7585299987748,241.12143359479992,True
236.8717274480415,236.87172744669584,236.8717274328918,236.87172745483537,9.263907456602156e-11,2,8,8,23,234.7585299987748,241.12143359479992,True
236.9213283837043,236.92132838724524,236.92132838074932,236.92132840509169,1.0274452732319665e-10,1,8,8,23,234.7585299987748,241.12143359479992,True
237.2131836403085,237.21318363940895,237.21318363306364,237.2131836455773,5.2752769237059567e-11,1,8,8,23,234.7585299987748,241.12143359479992,True
237.2532823322751,237.2532823321393,237.25328232599747,237.25328233931495,5.6131889901632156e-11,1,8,8,23,234.7585299987748,241.12143359479992,True
237.77492134400137,237.77492134323427,237.7749213269764,237.77492135643348,1.2388642047168253e-10,1,8,8,23,234.7585299987748,241.12143359479992,True
237.86569883893975,237.86569883672124,237.86569881698625,237.86569884519864,1.1860635509095346e-10,1,8,8,23,234.7585299987748,241.12143359479992,True
238.25513662459923,238.25513662538327,238.25513662120693,238.25513663019157,3.7710172761506137e-11,1,8,8,23,234.7585299987748,241.12143359479992,True
238.71418317158316,238.7141831705341,238.71418316342877,238.7141831763972,5.4326173404786205e-11,1,8,8,23,234.7585299987748,241.12143359479992,True
238.84390754358924,238.84390754394224,238.84390754052177,238.84390754835252,3.278605455253571e-11,1,8,8,23,234.7585299987748,241.12143359479992,True
238.92115097756056,238.92115097904804,238.9211509749388,238.9211509883264,5.6033513253492915e-11,1,8,8,23,234.7585299987748,241.12143359479992,True
239.4195152990972,239.41951529835063,239.41951529127223,239.41951530243875,4.6639974769948275e-11,1,8,8,23,234.7585299987748,241.12143359479992,True
239.59106003165087,239.59106003104938,239.59106002581728,239.59106003254803,2.8092634012683233e-11,1,8,8,23,234.7585299987748,241.12143359479992,True
239.68295761357336,239.68295761507568,239.68295761056163,239.68295762949884,7.900943250939417e-11,1,8,8,23,234.7585299987748,241.12143359479992,True
239.76057305737885,239.76057305729964,239.76057305140313,239.7605730645636,5.4890065668274134e-11,1,8,8,23,234.7585299987748,241.12143359479992,True
239.79804554114315,239.79804554265593,239.7980455350704,239.7980455556261,8.572083504829542e-11,1,8,8,23,234.7585299987748,241.12143359479992,True
240.20597693295008,240.20597693295127,240.20597692814408,240.20597693952547,4.738178633853869e-11,1,8,8,23,234.7585299987748,241.12143359479992,True
240.3173133622474,240.3173133660956,240.3173133584579,240.3173133977911,1.6367194287570283e-10,1,8,8,23,234.7585299987748,241.12143359479992,True
240.37363792275758,240.37363792393512,240.3736379117749,240.3736379431089,1.3035537923954114e-10,1,8,8,23,234.7585299987748,241.12143359479992,True
240.644633452459,240.6446334521694,240.64463344528636,240.64463345580003,4.368962372661349e-11,1,8,8,23,234.7585299987748,241.12143359479992,True
240.99412897340122,240.99412897269855,240.99412896220596,240.99412897958024,7.20941888250393e-11,1,8,8,23,234.7585299987748,241.12143359479992,True
241.05439873605283,241.054398736971,241.05439872854407,241.05439875060088,9.150137822692757e-11,1,8,8,23,234.7585299987748,241.12143359479992,True
241.09656273315596,241.09656273275002,241.0965627091492,241.09656275633333,1.9570635867111763e-10,2,8,8,23,234.7585299987748,241.12143359479992,True
241.3003225211417,241.30032251733945,241.3003224860263,241.30032252910007,1.7850694235615729e-10,1,8,8,24,241.12143359479992,247.39177365464764,True
241.39141872598407,241.39141872658496,241.3914187218868,241.391418738693,6.962224101523003e-11,1,8,8,24,241.12143359479992,247.39177365464764,True
241.44920165792803,241.44920165647102,241.44920164697828,241.44920166327117,6.747956475999915e-11,1,8,8,24,241.12143359479992,247.39177365464764,True
241.66714648662227,241.6671464899314,241.65410561293717,241.68018737389215,0.00010792431380996244,3,8,16,24,241.12143359479992,247.39177365464764,True
242.06699161329323,242.06699161359188,242.06699161143592,242.06699161582415,1.8128149739376138e-11,1,8,8,24,241.12143359479992,247.39177365464764,True
242.68213772493124,242.68213772339482,242.68213771502437,242.68213772791813,5.313025671919095e-11,1,8,8,24,241.12143359479992,247.39177365464764,True
243.05986526674764,243.0598652656352,243.05986525650255,243.05986526831947,4.861733358824973e-11,1,8,8,24,241.12143359479992,247.39177365464764,True
243.13431622035006,243.13431622229433,243.13431621383967,243.13431623935892,1.0495949908828949e-10,1,8,8,24,241.12143359479992,247.39177365464764,True
243.2063928926334,243.2063928921553,243.20639288999337,243.2063928931984,1.317823462294131e-11,1,8,8,24,241.12143359479992,247.39177365464764,True
243.7590523796544,243.75905237975738,243.75905237692712,243.75905238414293,2.960225356385971e-11,3,8,8,24,241.12143359479992,247.39177365464764,True
243.8269803566865,243.82698035655218,243.82698034712968,243.8269803658237,7.666916051816245e-11,1,8,8,24,241.12143359479992,247.39177365464764,True
244.08119717988706,244.0811971792151,244.0811971748693,244.08119718242085,3.0938732756889e-11,1,8,8,24,241.12143359479992,247.39177365464764,True
244.18899680964898,244.18899680934044,244.1889968032136,244.1889968152337,4.922461498818646e-11,1,8,8,24,241.12143359479992,247.39177365464764,True
244.39835166214226,244.39835166195334,244.39835165767835,244.39835166588423,3.35758709877908e-11,1,8,8,24,241.12143359479992,247.39177365464764,True
244.6644575343907,244.6644575346849,244.66445753088013,244.66445754104953,4.156468587026719e-11,1,8,8,24,241.12143359479992,247.39177365464764,True
244.8169053858822,244.81690538576962,244.8169053818338,244.81690538813447,2.5736240089907008e-11,1,8,8,24,241.12143359479992,247.39177365464764,True
245.39397412845216,245.39397412862562,245.39397412564617,245.39397413044563,1.9558183536170747e-11,1,8,8,24,241.12143359479992,247.39177365464764,True
245.64410001547878,245.6441000180878,245.64410001436048,245.64410002503095,4.343876387677098e-11,1,8,8,24,241.12143359479992,247.39177365464764,True
245.82488786622775,245.8248878671435,245.82488786280032,245.8248878761269,5.4211638965318503e-11,1,8,8,24,241.12143359479992,247.39177365464764,True
246.26850928440135,246.26850928481764,246.26850927995832,246.2685092932581,5.400515249126649e-11,1,8,8,24,241.12143359479992,247.39177365464764,True
246.54861425213107,246.54861425159424,246.5486142481012,246.54861425432125,2.522854450430448e-11,2,8,8,24,241.12143359479992,247.39177365464764,True
246.61218946934343,246.6121894695759,246.61218946476657,246.61218947714156,5.017993166875813e-11,1,8,8,24,241.12143359479992,247.39177365464764,True
246.80536991965678,246.80536991818857,246.80536991203647,246.80536992269617,4.3190730549705044e-11,2,8,8,24,241.12143359479992,247.39177365464764,True
247.05239107476544,247.0523910750341,247.05239107201965,247.05239107929785,2.946015983721374e-11,1,8,8,24,241.12143359479992,247.39177365464764,True
247.12865061535047,247.12865061559182,247.12865060979,247.12865062169735,4.818284080517057e-11,1,8,8,24,241.12143359479992,247.39177365464764,True
247.30679783308744,247.30679783167207,247.3067978241803,247.3067978366756,5.052546885794349e-11,1,8,8,24,241.12143359479992,247.39177365464764,True
247.8526271216046,247.85262712161483,247.8526271165464,247.8526271281244,4.671328198767076e-11,1,8,8,25,247.39177365464764,253.5745794648681,True
247.9298820885503,247.92988208810038,247.92988208540413,247.9298820897178,1.7398776181200583e-11,1,8,8,25,247.39177365464764,253.5745794648681,True
248.11015628667013,248.11015628631043,248.11015628394284,248.11015628785327,1.5760859499735264e-11,1,8,8,25,247.39177365464764,253.5745794648681,True
248.79218387585286,248.79218387672896,248.79218387349448,248.79218388270172,3.7007759039099136e-11,1,8,8,25,247.39177365464764,253.5745794648681,True
248.84319143191644,248.8431914331731,248.84319142945407,248.8431914389968,3.834837109624593e-11,1,8,8,25,247.39177365464764,253.5745794648681,True
248.945269755362,248.94526975870684,248.94526974904784,248.94526978519227,1.4519025780503084e-10,1,8,8,25,247.39177365464764,253.5745794648681,True
249.20193452352737,249.2019345214227,249.20193450707075,249.20193452784184,8.335046388072071e-11,1,8,8,25,247.39177365464764,253.5745794648681,True
249.24041873287166,249.24041873471737,249.240418727764,249.24041874932703,8.65150181648041e-11,1,8,8,25,247.39177365464764,253.5745794648681,True
249.39594974256752,249.39594974211906,249.39594973746145,249.3959497466464,3.682882011907694e-11,1,8,8,25,247.39177365464764,253.5745794648681,True
249.55706327724513,249.5570632769277,249.55706327172965,249.55706328073217,3.6073992458631675e-11,1,8,8,25,247.39177365464764,253.5745794648681,True
249.8420006857911,249.84200068713398,249.84200068189887,249.84200069441036,5.007761806384008e-11,1,8,8,25,247.39177365464764,253.5745794648681,True
249.9201365247862,249.92013652460287,249.92013651861467,249.92013653033672,4.6903186948072366e-11,1,8,8,25,247.39177365464764,253.5745794648681,True
249.98169832328887,249.9816983233804,249.9816983195209,249.9816983288109,3.7162741400115796e-11,2,8,8,25,247.39177365464764,253.5745794648681,True
250.1728830052902,250.1728830029041,250.1728829872424,250.1728830086152,8.543217232863773e-11,1,8,8,25,247.39177365464764,253.5745794648681,True
250.28995172651565,250.28995172583268,250.28995172350045,250.28995172723484,1.4920236388714855e-11,1,8,8,25,247.39177365464764,253.5745794648681,True
250.4816991643809,250.48169916461325,250.48169915937189,250.48169917235296,5.1824447906427304e-11,1,8,8,25,247.39177365464764,253.5745794648681,True
251.49834778436343,251.49834778414856,251.49834778113728,251.4983477859033,1.8950454643787278e-11,1,8,8,25,247.39177365464764,253.5745794648681,True
251.53735114893084,251.53735114848058,251.53735114522715,251.5373511531525,3.1507707371324974e-11,1,8,8,25,247.39177365464764,253.5745794648681,True
252.26721867938153,252.26721867943178,252.26721867590192,252.26721868287927,2.7658604123968486e-11,1,8,8,25,247.39177365464764,253.5745794648681,True
252.46181109652161,252.46181109638428,252.46181109340512,252.461811099317,2.3416951918800797e-11,2,8,8,25,247.39177365464764,253.5745794648681,True
253.4779095057949,253.4779095047818,253.47790949239263,253.47790951206557,7.761204466256374e-11,1,8,8,25,247.39177365464764,253.5745794648681,True
253.8371823129698,253.83718231523557,253.83718230562977,253.8371823281701,8.879833768817611e-11,1,8,8,26,253.5745794648681,259.6744239226192,True
254.2042438547881,254.20424385084755,254.2042438334547,254.20424385991328,1.0408388434199927e-10,3,8,8,26,253.5745794648681,259.6744239226192,True
254.32135463916865,254.3213546345885,254.32135459090512,254.3213546511504,2.368863998519824e-10,4,8,8,26,253.5745794648681,259.6744239226192,True
254.3945444423553,254.39454444140273,254.3945444313291,254.39454444736256,6.302593363781286e-11,1,8,8,26,253.5745794648681,259.6744239226192,True
254.55941633518233,254.55941634076646,254.55941632258575,254.55941637224657,1.950854039385221e-10,2,8,8,26,253.5745794648681,259.6744239226192,True
254.61502212725048,254.61502213516786,254.61502212291688,254.61502216495808,1.6511670555116114e-10,1,8,8,26,253.5745794648681,259.6744239226192,True
254.659814162112,254.65981416440303,254.65981415583053,254.65981417608876,7.955015267128609e-11,1,8,8,26,253.5745794648681,259.6744239226192,True
254.74328131220707,254.74328130964915,254.74328129788543,254.74328131715677,7.565004258411416e-11,1,8,8,26,253.5745794648681,259.6744239226192,True
254.929600435223,254.9296004357679,254.92960042959336,254.9296004429664,5.245777478088745e-11,1,8,8,26,253.5745794648681,259.6744239226192,True
255.14992761179383,255.1499276128779,255.14992760438133,255.14992761997803,6.112757864763578e-11,1,8,8,26,253.5745794648681,259.6744239226192,True
255.22833902766018,255.22833902775005,255.22833902434263,255.22833903140256,2.7661208107606776e-11,1,8,8,26,253.5745794648681,259.6744239226192,True
255.41511064456415,255.41511064574536,255.41511064216704,255.41511065718555,5.880041472168642e-11,1,8,8,26,253.5745794648681,259.6744239226192,True
255.46579307123557,255.46579307151177,255.46579307061887,255.46579307314505,9.888519113354463e-12,1,8,8,26,253.5745794648681,259.6744239226192,True
255.83177275350727,255.83177275327694,255.83177274818,255.8317727554395,2.8376074505091745e-11,1,8,8,26,253.5745794648681,259.6744239226192,True
255.86993490493933,255.86993490518844,255.8699348999552,255.86993491084283,4.2551376434232286e-11,1,8,8,26,253.5745794648681,259.6744239226192,True
256.3780470805759,256.3780470802702,256.37804707358464,256.37804708356566,3.893087705670317e-11,1,8,8,26,253.5745794648681,259.6744239226192,True
256.40818478983783,256.40818478899075,256.4081847808477,256.408184793366,4.882170623945979e-11,2,8,8,26,253.5745794648681,259.6744239226192,True
256.5991320149483,256.5991320159719,256.5991320119732,256.599132021483,3.7060882528711996e-11,1,8,8,26,253.5745794648681,259.6744239226192,True
256.66521330621606,256.66521330694593,256.6652133034857,256.66521331179365,3.236881919673915e-11,1,8,8,26,253.5745794648681,259.6744239226192,True
256.8995101195595,256.8995101202258,256.8995101151306,256.89951012838486,5.1593079383549704e-11,1,8,8,26,253.5745794648681,259.6744239226192,True
256.9726067741853,256.972606774277,256.97260677168293,256.97260677736665,2.2117986348124254e-11,1,8,8,26,253.5745794648681,259.6744239226192,True
257.2601570188804,257.26015701860797,257.2601570142924,257.2601570233014,3.5019024604539e-11,1,8,8,26,253.5745794648681,259.6744239226192,True
257.59130174216716,257.59130174195957,257.5913017363704,257.5913017467732,4.038490557919269e-11,1,8,8,26,253.5745794648681,259.6744239226192,True
257.6407590932844,257.6407590933434,257.6407590903424,257.6407590973348,2.714020353578433e-11,2,8,8,26,253.5745794648681,259.6744239226192,True
258.111930655018,258.1119306551742,258.11193065082693,258.11193065919804,3.243206503749039e-11,1,8,8,26,253.5745794648681,259.6744239226192,True
258.3508108211902,258.35081081995946,258.3508108144392,258.3508108219162,2.894109726038443e-11,1,8,8,26,253.5745794648681,259.6744239226192,True
258.75936499981594,258.7593649970439,258.74650418898466,258.772225808936,9.940362912613161e-05,2,8,16,26,253.5745794648681,259.6744239226192,True
258.88688139672263,258.886881396848,258.88688139540193,258.88688139864894,1.2542195087866592e-11,1,8,8,26,253.5745794648681,259.6744239226192,True
258.92161307864546,258.9216130791357,258.92161307566676,258.92161308332106,2.956225754624828e-11,1,8,8,26,253.5745794648681,259.6744239226192,True
259.17357616179737,259.17357616154,259.173576158766,259.1735761649235,2.3758014811723406e-11,1,8,8,26,253.5745794648681,259.6744239226192,True
259.65347995960894,259.6534799594374,259.65347995533887,259.65347996254764,2.776303515828607e-11,1,8,8,26,253.5745794648681,259.6744239226192,True
259.69174375573675,259.69174375700595,259.6917437515418,259.69174376601734,5.5741154740111575e-11,1,8,8,27,259.6744239226192,265.69548030990927,True
259.7494089787892,259.74940898062295,259.74940897298893,259.7494089904062,6.705415944844262e-11,1,8,8,27,259.6744239226192,265.69548030990927,True
260.38751489604783,260.38751488996286,260.3875148268962,260.3875149137323,3.3348777513206075e-10,1,8,8,27,259.6744239226192,265.69548030990927,True
260.6204256919093,260.62042569352354,260.62042568698934,260.6204257037838,6.44402483084654e-11,1,8,8,27,259.6744239226192,265.69548030990927,True
260.68645638666044,260.686456386953,260.6864563798756,260.6864563936656,5.2898743698072024e-11,1,8,8,27,259.6744239226192,265.69548030990927,True
260.82134427781614,260.8213442774968,260.821344265966,260.8213442850864,7.330849725950231e-11,1,8,8,27,259.6744239226192,265.69548030990927,True
261.25312164771395,261.2531216492941,261.253121639141,261.25312166540493,1.0053060068642266e-10,1,8,8,27,259.6744239226192,265.69548030990927,True
261.32926089786577,261.3292608987658,261.32926089112846,261.329260911177,7.671762464137057e-11,2,8,8,27,259.6744239226192,265.69548030990927,True
261.4132716274969,261.4132716284565,261.4132716122367,261.41327165668747,1.700401722703211e-10,1,8,8,27,259.6744239226192,265.69548030990927,True
261.5361457093661,261.53614570829563,261.53614568718353,261.5361457175444,1.1608669134078446e-10,1,8,8,27,259.6744239226192,265.69548030990927,True
262.15816435109593,262.15816435165164,262.1581643456201,262.15816436271484,6.520776787554881e-11,1,8,8,27,259.6744239226192,265.69548030990927,True
262.2258627191076,262.2258627181214,262.22586271121713,262.2258627226464,4.358562781776447e-11,1,8,8,27,259.6744239226192,265.69548030990927,True
262.8994393256828,262.89943932749986,262.89943931855385,262.89943934435496,9.814062061243243e-11,1,8,8,27,259.6744239226192,265.69548030990927,True
263.1170400705436,263.1170400679656,263.11704004341175,263.1170400818571,1.461150680897508e-10,1,8,8,27,259.6744239226192,265.69548030990927,True
263.1533443093805,263.15334430641104,263.1533442909432,263.1533443241176,1.2606485305523672e-10,1,8,8,27,259.6744239226192,265.69548030990927,True
263.3731689352595,263.373168936763,263.3731689254922,263.3731689524392,1.023147645616973e-10,1,8,8,27,259.6744239226192,265.69548030990927,True
263.5935821271641,263.59358213122664,263.59358211666074,263.59358215633847,1.5052615934799947e-10,1,8,8,27,259.6744239226192,265.69548030990927,True
264.03436335986777,264.0343633594232,264.03436335378524,264.0343633631287,3.5387312189565194e-11,1,8,8,27,259.6744239226192,265.69548030990927,True
264.2077304763285,264.20773048424144,264.20773046043286,264.2077305311051,2.674873624266583e-10,1,8,8,27,259.6744239226192,265.69548030990927,True
264.2716061896762,264.27160618615756,264.27160616932565,264.27160620551183,1.3692798824670265e-10,1,8,8,27,259.6744239226192,265.69548030990927,True
264.4523618141616,264.45236180849076,264.4523617758631,264.45236183099826,2.0848806211815233e-10,1,8,8,27,259.6744239226192,265.69548030990927,True
264.69739095052927,264.6973909500111,264.69739093948795,264.69739095769194,6.877283957339152e-11,2,8,8,27,259.6744239226192,265.69548030990927,True
264.75298451058256,264.7529845167289,264.7529845036568,264.75298454738777,1.651764175920193e-10,2,8,8,27,259.6744239226192,265.69548030990927,True
264.90824855868135,264.9082485650814,264.90824849845865,264.9082486571782,5.991491742849295e-10,1,8,8,27,259.6744239226192,265.69548030990927,True
264.97264252852233,264.97264252986264,264.9726425053823,264.97264257208667,2.5174065954346707e-10,1,8,8,27,259.6744239226192,265.69548030990927,True
265.0618625993165,265.0618626012988,265.06186257766296,265.0618626457168,2.5674704722699183e-10,1,8,8,27,259.6744239226192,265.69548030990927,True
265.24728294079114,265.2472829416548,265.2472829233575,265.2472829567073,1.2573100128382846e-10,1,8,8,27,259.6744239226192,265.69548030990927,True
265.3354741112737,265.33547411355875,265.3354741042742,265.33547413224534,1.0541791195761536e-10,1,8,8,27,259.6744239226192,265.69548030990927,True
266.0621347015123,266.0621347014835,266.062134693757,266.06213471269854,7.119214684308613e-11,1,8,8,28,265.69548030990927,271.64157023217945,True
266.2165485842087,266.21654858607377,266.2165485675323,266.21654860628985,1.4558654782351022e-10,1,8,8,28,265.69548030990927,271.64157023217945,True
266.3144936290873,266.31449360995254,266.303627000528,266.3253602213697,8.160735281624232e-05,2,8,16,28,265.69548030990927,271.64157023217945,True
266.4096724900935,266.4096724900637,266.4096724711396,266.4096725101264,1.463417385305294e-10,1,8,8,28,265.69548030990927,271.64157023217945,True
266.5563995841204,266.5563995834004,266.5563995661661,266.5563995917147,9.584694161297239e-11,1,8,8,28,265.69548030990927,271.64157023217945,True
267.1455794057904,267.1455794013443,267.14557937105906,267.1455794211115,1.8736020041086301e-10,1,8,8,28,265.69548030990927,271.64157023217945,True
267.2921723067552,267.2921723073372,267.2921722959913,267.2921723243401,1.0605914523928293e-10,1,8,8,28,265.69548030990927,271.64157023217945,True
267.5331335542503,267.53313355485955,267.5331335338981,267.5331335870593,1.9870890445449283e-10,1,8,8,28,265.69548030990927,271.64157023217945,True
267.73757038466874,267.7375703883209,267.7375703682752,267.7375704244902,2.0996290487404049e-10,1,8,8,28,265.69548030990927,271.64157023217945,True
267.86357587922214,267.86357587789,267.8635758669127,267.86357589080865,8.920940456017326e-11,2,8,8,28,265.69548030990927,271.64157023217945,True
267.93453100108167,267.934531004507,267.93453098499594,267.93453102886974,1.6374819951696891e-10,2,8,8,28,265.69548030990927,271.64157023217945,True
268.21299908531813,268.2129990906179,268.21299907649814,268.2129991173599,1.523482385290955e-10,1,8,8,28,265.69548030990927,271.64157023217945,True
268.86978051916435,268.8697805192562,268.86978051564813,268.86978052406903,3.131961405486996e-11,1,8,8,28,265.69548030990927,271.64157023217945,True
268.9068652372841,268.906865236081,268.9068652288414,268.9068652432453,5.3564623398302884e-11,1,8,8,28,265.69548030990927,271.64157023217945,True
269.4817818977341,269.48178189923846,269.4817818938368,269.48178191207126,6.766490538779817e-11,2,8,8,28,265.69548030990927,271.64157023217945,True
269.631467609084,269.6314676113835,269.61979413330903,269.6431410979652,8.658842702304005e-05,2,8,16,28,265.69548030990927,271.64157023217945,True
270.2591823339264,270.25918233392986,270.25918232791764,270.259182338712,3.9940688692881297e-11,1,8,8,28,265.69548030990927,271.64157023217945,True
270.98085193667134,270.9808519401078,270.98085192900453,270.98085196237093,1.2313196490379976e-10,1,8,8,28,265.69548030990927,271.64157023217945,True
271.06737017480253,271.0673701793345,271.0673701600766,271.0673702109942,1.8784114848855247e-10,1,8,8,28,265.69548030990927,271.64157023217945,True
271.2015507906327,271.2015507888524,271.2015507690113,271.20155081281337,1.6151109946662294e-10,1,8,8,28,265.69548030990927,271.64157023217945,True
271.25582564471193,271.2558256475669,271.25582562737225,271.25582566508024,1.390126509039784e-10,1,8,8,28,265.69548030990927,271.64157023217945,True
271.3298164673139,271.3298164701079,271.32981644567286,271.3298165077566,2.2881288024475573e-10,2,8,8,28,265.69548030990927,271.64157023217945,True
271.4369854340977,271.4369854381631,271.43698539141747,271.43698549454643,3.7993705357121904e-10,1,8,8,28,265.69548030990927,271.64157023217945,True
271.6092210371237,271.6092210455538,271.6092210078908,271.6092211166805,4.005374452476717e-10,1,8,8,28,265.69548030990927,271.64157023217945,True
271.65877156308653,271.6587715580222,271.65877150510926,271.6587715733151,2.5107177458120723e-10,1,8,8,29,271.64157023217945,277.51620435316124,True
271.71661750224933,271.7166175054957,271.7166174718816,271.7166175536613,3.0097429436631984e-10,2,8,8,29,271.64157023217945,277.51620435316124,True
271.8871002559415,271.88710025483726,271.8871002313137,271.8871002740425,1.5715640798520603e-10,1,8,8,29,271.64157023217945,277.51620435316124,True
271.9642625361996,271.9642625352762,271.9642625136646,271.9642625637673,1.8422530376375856e-10,1,8,8,29,271.64157023217945,277.51620435316124,True
272.20631709650587,272.2063170954608,272.206317069527,272.206317122404,1.9425338597411008e-10,2,8,8,29,271.64157023217945,277.51620435316124,True
272.39621464053056,272.39621464762877,272.39621460243154,272.39621469604293,3.436589262543919e-10,2,8,8,29,271.64157023217945,277.51620435316124,True
272.77582745886235,272.77582746304654,272.7758274484978,272.7758274809629,1.1901749434050237e-10,1,8,8,29,271.64157023217945,277.51620435316124,True
273.0948444629287,273.09484445908174,273.0948444378904,273.094844473958,1.320698824815405e-10,1,8,8,29,271.64157023217945,277.51620435316124,True
273.15947345448006,273.15947346018805,273.1594734480957,273.15947348036167,1.1812137648566113e-10,1,8,8,29,271.64157023217945,277.51620435316124,True
273.2327270665698,273.2327270665425,273.2327270436682,273.2327271009977,2.0981925390481925e-10,2,8,8,29,271.64157023217945,277.51620435316124,True
273.7294810875759,273.7294810961006,273.7294810783287,273.7294811517278,2.6814453566488644e-10,1,8,8,29,271.64157023217945,277.51620435316124,True
273.7792072475897,273.77920725448564,273.779207238915,273.77920729676305,2.1129460497502126e-10,1,8,8,29,271.64157023217945,277.51620435316124,True
274.173773800193,274.1737738019187,274.1737737942457,274.17377381384614,7.148919899528232e-11,2,8,8,29,271.64157023217945,277.51620435316124,True
274.30121323431644,274.3012132391083,274.3012132148705,274.3012132644915,1.8089970205419288e-10,1,8,8,29,271.64157023217945,277.51620435316124,True
274.66017587790503,274.66017587641727,274.66017585729844,274.6601758929153,1.296760099607602e-10,2,8,8,29,271.64157023217945,277.51620435316124,True
274.68778191793984,274.68778191550075,274.6877819002582,274.68778192529567,9.114886534191256e-11,2,8,8,29,271.64157023217945,277.51620435316124,True
274.9908683331672,274.9908683387962,274.9908683086603,274.9908684021143,3.39843980197463e-10,1,8,8,29,271.64157023217945,277.51620435316124,True
275.27438101571846,275.2743810163265,275.2743810071146,275.27438102322407,5.852154381068968e-11,1,8,8,29,271.64157023217945,277.51620435316124,True
275.6934675369693,275.69346753834196,275.6934675305122,275.6934675473358,6.102286633782576e-11,1,8,8,29,271.64157023217945,277.51620435316124,True
275.7593643158558,275.7593643182946,275.75936431356934,275.7593643273831,5.0093481413810057e-11,1,8,8,29,271.64157023217945,277.51620435316124,True
275.8729795985681,275.8729795999756,275.87297957412375,275.8729796366448,2.2662985448752426e-10,1,8,8,29,271.64157023217945,277.51620435316124,True
276.23920329002874,276.2392032844173,276.2392032538387,276.23920329391893,1.450925043150225e-10,1,8,8,29,271.64157023217945,277.51620435316124,True
276.3355083258308,276.3355083201036,276.33550828268574,276.335508342067,2.1488823676344354e-10,1,8,8,29,271.64157023217945,277.51620435316124,True
276.6539647625525,276.65396476128774,276.6539647275612,276.6539648059563,2.833689603610696e-10,1,8,8,29,271.64157023217945,277.51620435316124,True
276.7269303988281,276.7269304012478,276.7269303901312,276.7269304278042,1.3613772897240237e-10,1,8,8,29,271.64157023217945,277.51620435316124,True
277.51355424376976,277.5135542418143,277.5135542094697,277.5135542690773,2.1479167313323974e-10,1,8,8,29,271.64157023217945,277.51620435316124,True
277.70590840282426,277.70590840489126,277.70590839155494,277.7059084285753,1.3330777429610884e-10,1,8,8,30,277.51620435316124,283.32261721224626,True
277.97622810068026,277.976228101047,277.97622808972886,277.9762281125975,8.226825421269484e-11,1,8,8,30,277.51620435316124,283.32261721224626,True
278.05691608413025,278.05691608545044,278.0569160448151,278.05691611318525,2.458853687232734e-10,1,8,8,30,277.51620435316124,283.32261721224626,True
278.414806423542,278.4148064264032,278.41480640411714,278.4148064576457,1.9226182232955733e-10,1,8,8,30,277.51620435316124,283.32261721224626,True
278.4712749282363,278.47127492797745,278.47127490342996,278.47127496639047,2.260933725063795e-10,1,8,8,30,277.51620435316124,283.32261721224626,True
279.063087314478,279.0630873219865,279.063087299832,279.0630873745008,2.6756972272146576e-10,1,8,8,30,277.51620435316124,283.32261721224626,True
279.5959157847467,279.5959158120071,279.59591574071334,279.59591602532987,1.0179566901381117e-09,3,8,8,30,277.51620435316124,283.32261721224626,True
279.68233975470616,279.68233976628414,279.6823397244664,279.6823398549536,4.66555204525549e-10,1,8,8,30,277.51620435316124,283.32261721224626,True
279.8665752895796,279.8665752922643,279.8665752512276,279.86657536267813,3.982274791653645e-10,2,8,8,30,277.51620435316124,283.32261721224626,True
279.93903196046745,279.93903194744263,279.9390317907854,279.93903202768166,8.462423187006852e-10,1,8,8,30,277.51620435316124,283.32261721224626,True
280.17458081141285,280.1745808070906,280.17458072427206,280.17458086542786,5.038137085801756e-10,1,8,8,30,277.51620435316124,283.32261721224626,True
280.2181450324013,280.2181450294929,280.2181449790603,280.21814506722285,3.146211357126463e-10,1,8,8,30,277.51620435316124,283.32261721224626,True
280.77345534506736,280.77345534169024,280.77345529649824,280.7734553703327,2.629681823082257e-10,2,8,8,30,277.51620435316124,283.32261721224626,True
280.85675941673566,280.8567593834472,280.85675920759127,280.856759453045,8.739463792973802e-10,1,8,8,30,277.51620435316124,283.32261721224626,True
280.9046422494049,280.9046422422982,280.904642207266,280.90464227721566,2.490155906899617e-10,1,8,8,30,277.51620435316124,283.32261721224626,True
281.10041053965745,281.1004105417307,281.1004104771546,281.1004106203708,5.094841296638266e-10,1,8,8,30,277.51620435316124,283.32261721224626,True
281.22260036911956,281.2226003951126,281.2226003370439,281.22260053143066,6.912202543541519e-10,1,8,8,30,277.51620435316124,283.32261721224626,True
281.414545801941,281.41454580030194,281.4145457638807,281.4145458312436,2.3937235285129503e-10,1,8,8,30,277.51620435316124,283.32261721224626,True
281.7295889633588,281.7295889604268,281.72958891927647,281.7295889872021,2.4110215775292745e-10,1,8,8,30,277.51620435316124,283.32261721224626,True
282.20487242500116,282.2048724261016,282.2048724060526,282.20487244485844,1.3750955061277148e-10,1,8,8,30,277.51620435316124,283.32261721224626,True
282.2619141611279,282.26191415010135,282.2619141049655,282.26191417570385,2.506124075017822e-10,1,8,8,30,277.51620435316124,283.32261721224626,True
282.5852743813882,282.58527438554717,282.5852743433188,282.5852744370951,3.318513096711353e-10,1,8,8,30,277.51620435316124,283.32261721224626,True
282.88822959007734,282.8882296087073,282.8882295657013,282.88822971587194,5.30847994158877e-10,1,8,8,30,277.51620435316124,283.32261721224626,True
282.97477935732434,282.9747793433729,282.97477924416773,282.9747793928251,5.253378555140421e-10,1,8,8,30,277.51620435316124,283.32261721224626,True
283.0182858478435,283.01828580186543,283.01828566405686,283.01828587680143,7.516990155414485e-10,2,8,8,30,277.51620435316124,283.32261721224626,True
283.08954412116066,283.0895441082032,283.0895439941137,283.08954418929204,6.894580278980535e-10,1,8,8,30,277.51620435316124,283.32261721224626,True
283.19131982794477,283.19131981300865,283.19131977666234,283.19131984444414,2.393498430438288e-10,2,8,8,30,277.51620435316124,283.32261721224626,True
283.50056965129556,283.5005696723107,283.4889391965447,283.5122001508324,8.204905660795675e-05,2,8,16,31,283.32261721224626,289.0637971468975,True
284.2419349567151,284.2419349501755,284.2419349167511,284.24193497152874,1.9271475667694906e-10,1,8,8,31,283.32261721224626,289.0637971468975,True
284.473346136426,284.473346129721,284.4733460605736,284.4733461532789,3.2588398105327333e-10,1,8,8,31,283.32261721224626,289.0637971468975,True
284.5217615594111,284.5217615620315,284.52176150229013,284.5217616141472,3.9314057193874675e-10,1,8,8,31,283.32261721224626,289.0637971468975,True
284.88418984723535,284.8841898312748,284.8841897406934,284.8841898818389,4.954487155828735e-10,1,8,8,31,283.32261721224626,289.0637971468975,True
284.9968428013822,284.9968428106418,284.9968427719523,284.9968428698123,3.433723592623756e-10,2,8,8,31,283.32261721224626,289.0637971468975,True
285.13178258993287,285.13178259211276,285.13178256777405,285.13178261946075,1.8127301389942676e-10,1,8,8,31,283.32261721224626,289.0637971468975,True
285.20061013401494,285.2006101443952,285.20061007890786,285.2006102181458,4.882105772288556e-10,1,8,8,31,283.32261721224626,289.0637971468975,True
285.29980088198494,285.29980088202876,285.2998008479158,285.29980092092046,2.5588761274376304e-10,2,8,8,31,283.32261721224626,289.0637971468975,True
285.5821912120787,285.58219120391897,285.58219112004645,285.58219128540367,5.790179721893051e-10,1,8,8,31,283.32261721224626,289.0637971468975,True
285.6492397754733,285.6492397801658,285.64923972346,285.64923986607965,4.992823591727386e-10,1,8,8,31,283.32261721224626,289.0637971468975,True
285.7044066096301,285.7044066004999,285.70440650343676,285.7044066650525,5.656746162721295e-10,1,8,8,31,283.32261721224626,289.0637971468975,True
285.81224152782903,285.8122415375207,285.81224151026805,285.812241578632,2.391917541365714e-10,1,8,8,31,283.32261721224626,289.0637971468975,True
286.1280131354141,286.12801313329135,286.1280131018766,286.12801314929004,1.6570707709725036e-10,1,8,8,31,283.32261721224626,289.0637971468975,True
286.7032066163341,286.70320662316817,286.7032066064987,286.70320664777546,1.4397025902181308e-10,1,8,8,31,283.32261721224626,289.0637971468975,True
286.7528985444796,286.7528985476325,286.7528985394404,286.7528985591673,6.879401511952292e-11,1,8,8,31,283.32261721224626,289.0637971468975,True
287.190708103058,287.19070810843715,287.1907080743763,287.1907081549597,2.8059191454787917e-10,1,8,8,31,283.32261721224626,289.0637971468975,True
287.5898064775411,287.589806490704,287.58980632333385,287.5898066140238,1.0107798035576722e-09,1,8,8,31,283.32261721224626,289.0637971468975,True
287.6500505170352,287.65005051765837,287.65005049531845,287.6500505491583,1.8717142359213066e-10,2,8,8,31,283.32261721224626,289.0637971468975,True
287.7491193916683,287.7491193921543,287.74911935053194,287.7491194368589,3.000077412505593e-10,1,8,8,31,283.32261721224626,289.0637971468975,True
288.0983975786786,288.0983975811929,288.09839757145835,288.0983975926331,7.349829828212373e-11,1,8,8,31,283.32261721224626,289.0637971468975,True
288.5288867543409,288.5288867506229,288.5288867166731,288.5288867710947,1.886173296858141e-10,1,8,8,31,283.32261721224626,289.0637971468975,True
288.80617336151465,288.806173357261,288.8061733042477,288.80617340026345,3.3245741409381797e-10,2,8,8,31,283.32261721224626,289.0637971468975,True
288.9658568646218,288.96585687838694,288.96585682488814,288.9658569837434,5.497370704956467e-10,1,8,8,31,283.32261721224626,289.0637971468975,True
289.1998400633482,289.19984009144287,289.1998400406436,289.1998402437184,7.021954754135399e-10,1,8,8,32,289.0637971468975,294.7425121396792,True
289.4695197152197,289.4695197214035,289.46951966344966,289.4695197828611,4.125181292514919e-10,1,8,8,32,289.0637971468975,294.7425121396792,True
289.6763491076988,289.6763490949621,289.67634905115926,289.6763491342118,2.867080978868448e-10,1,8,8,32,289.0637971468975,294.7425121396792,True
289.97827963642123,289.97827965569047,289.97827957075606,289.9782798016115,7.961128979202995e-10,1,8,8,32,289.0637971468975,294.7425121396792,True
290.0233694594522,290.0233694687747,290.02336942610805,290.0233695091912,2.864704901872978e-10,1,8,8,32,289.0637971468975,294.7425121396792,True
290.3151405247263,290.31514051533696,290.3151404343853,290.3151405823872,5.097973947268059e-10,1,8,8,32,289.0637971468975,294.7425121396792,True
290.3465063455273,290.3465063375785,290.34650628283543,290.3465063721983,3.077800308149861e-10,1,8,8,32,289.0637971468975,294.7425121396792,True
290.4103152882178,290.41031527661664,290.4103151699254,290.4103153345725,5.669463781056265e-10,1,8,8,32,289.0637971468975,294.7425121396792,True
290.50676412485797,290.5067640936793,290.5067639472245,290.50676416628505,7.54063518859628e-10,1,8,8,32,289.0637971468975,294.7425121396792,True
290.63029820688814,290.6302981926667,290.6302980802154,290.6302982754853,6.718841012704584e-10,2,8,8,32,289.0637971468975,294.7425121396792,True
290.810587901989,290.8105878874326,290.8105877866283,290.81058793632127,5.147439612852461e-10,2,8,8,32,289.0637971468975,294.7425121396792,True
291.06699237423675,291.06699235156054,291.0669922106222,291.0669924257897,7.392370939276566e-10,5,8,8,32,289.0637971468975,294.7425121396792,True
291.5385388343197,291.53853884271257,291.5385388258527,291.5385388745633,1.6708118160117017e-10,2,8,8,32,289.0637971468975,294.7425121396792,True
291.7312480444356,291.7312480599197,291.73124803335327,291.731248140974,3.689036952876354e-10,1,8,8,32,289.0637971468975,294.7425121396792,True
291.7901633987144,291.79016339890626,291.7901633676537,291.79016343123544,2.1790231267160684e-10,1,8,8,32,289.0637971468975,294.7425121396792,True
292.437876687542,292.43787668866094,292.4378766217368,292.43787674021814,4.0515050263287975e-10,1,8,8,32,289.0637971468975,294.7425121396792,True
292.51856687312284,292.5185668907878,292.51856685641894,292.51856695250086,3.2846434445759016e-10,2,8,8,32,289.0637971468975,294.7425121396792,True
292.6799386180762,292.6799385932392,292.6799383641357,292.6799386776205,1.0710840169555383e-09,1,8,8,32,289.0637971468975,294.7425121396792,True
292.75413297704637,292.7541329876772,292.75413295068347,292.754133078217,4.3563365681192644e-10,1,8,8,32,289.0637971468975,294.7425121396792,True
292.9291455594582,292.92914555049583,292.9291454662357,292.92914561724547,5.155163768694365e-10,1,8,8,32,289.0637971468975,294.7425121396792,True
293.5932259932802,293.59322598923757,293.5932259534651,293.593226005856,1.7844734164969771e-10,1,8,8,32,289.0637971468975,294.7425121396792,True
294.3894314940845,294.3894314951119,294.3894314725137,294.389431511519,1.324954897439785e-10,1,8,8,32,289.0637971468975,294.7425121396792,True
294.4721426433582,294.47214264228217,294.472142611068,294.4721426702315,2.009136839584385e-10,1,8,8,32,289.0637971468975,294.7425121396792,True
294.9011662637991,294.9011662661143,294.9011662606944,294.90116627659046,5.390292250160169e-11,1,8,8,33,294.7425121396792,300.36133225121387,True
295.0555507763412,295.0555507736456,295.05555075594776,295.05555078019046,8.216315503574999e-11,1,8,8,33,294.7425121396792,300.36133225121387,True
295.2227442304303,295.22274423114857,295.2227442286026,295.2227442363414,2.621334867244434e-11,1,8,8,33,294.7425121396792,300.36133225121387,True
295.31358522695746,295.3135852269128,295.31358522236275,295.31358523198566,3.258539116889245e-11,3,8,8,33,294.7425121396792,300.36133225121387,True
295.367546353233,295.3675463492425,295.3675463331147,295.36754635499886,7.409124021042923e-11,1,8,8,33,294.7425121396792,300.36133225121387,True
295.66389033399383,295.66389033218877,295.6638903246828,295.6638903366149,4.03568351989556e-11,1,8,8,33,294.7425121396792,300.36133225121387,True
295.71644861225445,295.7164486122148,295.7164486083787,295.7164486185214,3.4298683626729395e-11,1,8,8,33,294.7425121396792,300.36133225121387,True
295.96193186684224,295.96193186406526,295.96193184609893,295.96193186886927,7.693670798684742e-11,1,8,8,33,294.7425121396792,300.36133225121387,True
296.2707080516366,296.2707080521959,296.27070804602937,296.27070805913206,4.422540571316589e-11,1,8,8,33,294.7425121396792,300.36133225121387,True
296.3403993963771,296.3403993967161,296.3403993925826,296.3403993999016,2.4698100362246447e-11,1,8,8,33,294.7425121396792,300.36133225121387,True
296.7675755839026,296.76757558469893,296.76757558075934,296.7675755894675,2.934344959575394e-11,1,8,8,33,294.7425121396792,300.36133225121387,True
297.1094619952004,297.1094619943332,297.1094619900222,297.10946199831005,2.789486156943246e-11,1,8,8,33,294.7425121396792,300.36133225121387,True
297.1659871130137,297.16598711230256,297.16598710390286,297.16598711979594,5.348215994492175e-11,1,8,8,33,294.7425121396792,300.36133225121387,True
297.41230096412454,297.4123009635287,297.41230095986685,297.4123009675398,2.5799040680677364e-11,2,8,8,33,294.7425121396792,300.36133225121387,True
297.4408584304712,297.44085844132076,297.44085841195846,297.4408585117007,3.353346884038578e-10,1,8,8,33,294.7425121396792,300.36133225121387,True
297.52588767381326,297.52588767584393,297.5258876659179,297.52588769261206,8.972053254428347e-11,1,8,8,33,294.7425121396792,300.36133225121387,True
297.6275277290958,297.6275277286907,297.627527720504,297.6275277394647,6.370610588301958e-11,2,8,8,33,294.7425121396792,300.36133225121387,True
297.73053330924546,297.7305333070801,297.73053328137945,297.7305333190856,1.2664529898064147e-10,1,8,8,33,294.7425121396792,300.36133225121387,True
298.0548661186062,298.054866121027,298.05486611580244,298.0548661346202,6.313531023750107e-11,1,8,8,33,294.7425121396792,300.36133225121387,True
298.5363148507555,298.5363148506699,298.5363148467563,298.5363148542122,2.4974931046576746e-11,1,8,8,33,294.7425121396792,300.36133225121387,True
298.7335860949989,298.7335860956044,298.73358609322526,298.73358609844365,1.7468395334762527e-11,2,8,8,33,294.7425121396792,300.36133225121387,True
299.14544734886334,299.14544734867866,299.14544734463385,299.14544735145245,2.2793579265398348e-11,1,8,8,33,294.7425121396792,300.36133225121387,True
299.3282922657165,299.32829226578394,299.3282922628841,299.3282922722655,3.134163422300143e-11,1,8,8,33,294.7425121396792,300.36133225121387,True
299.6106603654606,299.6106603672785,299.59933790667964,299.6219828295865,7.558116550072533e-05,2,8,16,33,294.7425121396792,300.36133225121387,True
299.9764479058621,299.97644790683313,299.97644790260125,299.9764479123259,3.2418073084594574e-11,1,8,8,33,294.7425121396792,300.36133225121387,True
300.3218686119151,300.3218686115855,300.3218686048719,300.32186861598785,3.701348151329874e-11,1,8,8,33,294.7425121396792,300.36133225121387,True
300.5533424150446,300.55334241834623,300.5533424084346,300.5533424384336,9.981256696698798e-11,3,8,8,34,300.36133225121387,305.922649177456,True
300.5932541268392,300.59325412829764,300.59325412192726,300.5932541371006,5.047793746213155e-11,1,8,8,34,300.36133225121387,305.922649177456,True
300.63089715880056,300.6308971600363,300.63089715150926,300.6308971750379,7.826417097254398e-11,1,8,8,34,300.36133225121387,305.922649177456,True
300.6694302803676,300.66943027908735,300.66943027103406,300.669430282057,3.666139949236443e-11,1,8,8,34,300.36133225121387,305.922649177456,True
300.80778970093905,300.8077897014846,300.8077896922693,300.80778971100386,6.228085946048338e-11,1,8,8,34,300.36133225121387,305.922649177456,True
300.8423013142087,300.8423013117426,300.842301301358,300.84230131835915,5.6511758959940937e-11,1,8,8,34,300.36133225121387,305.922649177456,True
301.1130557937682,301.11305579394127,301.1130557915814,301.1130557977044,2.0334563485760283e-11,2,8,8,34,300.36133225121387,305.922649177456,True
301.2263648434434,301.2263648436415,301.22636484266496,301.22636484597245,1.0980085264296106e-11,1,8,8,34,300.36133225121387,305.922649177456,True
301.5933015936821,301.59330159372803,301.59330159293614,301.59330159492487,6.594058428205787e-12,1,8,8,34,300.36133225121387,305.922649177456,True
301.90547043507354,301.90547043464267,301.9054704325932,301.9054704371867,1.521508262676465e-11,1,8,8,34,300.36133225121387,305.922649177456,True
302.1829742710153,302.18297427098366,302.18297426925284,302.18297427305043,1.2567204146475033e-11,1,8,8,34,300.36133225121387,305.922649177456,True
302.3015581166541,302.3015581175333,302.3015581154743,302.30155812373545,2.7327572511852805e-11,1,8,8,34,300.36133225121387,305.922649177456,True
302.6071902698489,302.6071902702239,302.6071902684389,302.60719027194887,1.1599087994859514e-11,1,8,8,34,300.36133225121387,305.922649177456,True
302.8770523299853,302.8770523299272,302.8770523278242,302.8770523324867,1.5394116367584972e-11,1,8,8,34,300.36133225121387,305.922649177456,True
303.15726314349575,303.15726314393044,303.15726314253413,303.15726314625607,1.227724679315169e-11,1,8,8,34,300.36133225121387,305.922649177456,True
303.33842764555334,303.3384276454216,303.3384276442085,303.338427646346,7.0467165648379696e-12,1,8,8,34,300.36133225121387,305.922649177456,True
303.5502534298448,303.5502534296914,303.550253428212,303.5502534306202,7.933540678178255e-12,1,8,8,34,300.36133225121387,305.922649177456,True
303.81637507406884,303.8163750729308,303.8163750645168,303.81637507714066,4.155089830477201e-11,1,8,8,34,300.36133225121387,305.922649177456,True
304.020404537481,304.0204045359274,304.0204045191263,304.0204045436911,8.07997404359483e-11,1,8,8,34,300.36133225121387,305.922649177456,True
304.2035472719872,304.20354727179154,304.2035472701247,304.2035472736015,1.1429093784017891e-11,2,8,8,34,300.36133225121387,305.922649177456,True
304.25643959974514,304.256439599974,304.25643959707105,304.25643960505414,2.623803050911191e-11,1,8,8,34,300.36133225121387,305.922649177456,True
304.38536835588934,304.3853683548595,304.38536834872565,304.3853683587532,3.2943689261877564e-11,1,8,8,34,300.36133225121387,305.922649177456,True
304.64195926694055,304.64195926613814,304.6419592625792,304.6419592675148,1.6201315093701358e-11,1,8,8,34,300.36133225121387,305.922649177456,True
304.69213021883945,304.6921302179094,304.69213021251966,304.6921302199642,2.443304062096277e-11,1,8,8,34,300.36133225121387,305.922649177456,True
304.72394441975155,304.7239444196787,304.7239444145369,304.7239444233353,2.8873329656736204e-11,1,8,8,34,300.36133225121387,305.922649177456,True
304.7989129446654,304.79891294485736,304.7989129428433,304.79891294830765,1.7927747190100705e-11,2,8,8,34,300.36133225121387,305.922649177456,True
305.55309833017475,305.55309833023205,305.55309832837435,305.5530983334107,1.648265698692223e-11,1,8,8,34,300.36133225121387,305.922649177456,True
305.91095991428193,305.91095991430245,305.91095991247846,305.91095991716014,1.53040637122215e-11,1,8,8,34,300.36133225121387,305.922649177456,True
306.2031411769474,306.2031411764505,306.20314117441666,306.2031411779139,1.1421288784138844e-11,2,8,8,35,305.922649177456,311.4286933711676,True
306.3699486360008,306.3699486348861,306.3699486281874,306.3699486391576,3.580707394699826e-11,1,8,8,35,305.922649177456,311.4286933711676,True
306.56319991831094,306.5631999197557,306.5631998991236,306.56319994155893,1.3842273793288506e-10,1,8,8,35,305.922649177456,311.4286933711676,True
306.70739318279743,306.7073931826467,306.70739317916747,306.70739318562045,2.103952737803968e-11,1,8,8,35,305.922649177456,311.4286933711676,True
306.8577814584631,306.8577814587396,306.85778145239937,306.8577814659931,4.429987890624554e-11,1,8,8,35,305.922649177456,311.4286933711676,True
307.0013885570018,307.0013885561145,307.00138855110305,307.0013885598781,2.8583037678187472e-11,1,8,8,35,305.922649177456,311.4286933711676,True
307.36669466294063,307.36669466365777,307.36669466014274,307.36669466824446,2.6358490040239265e-11,1,8,8,35,305.922649177456,311.4286933711676,True
307.3985930829446,307.3985930840603,307.3985930779175,307.3985930934998,5.069091476893058e-11,1,8,8,35,305.922649177456,311.4286933711676,True
307.5702351056158,307.57023510589306,307.5702351024451,307.5702351091299,2.173417741718587e-11,2,8,8,35,305.922649177456,311.4286933711676,True
307.6767969036035,307.6767969039703,307.67679689599765,307.6767969153633,6.294151364700686e-11,1,8,8,35,305.922649177456,311.4286933711676,True
307.80789047768957,307.8078904755208,307.8078904563287,307.80789049649394,1.3048794377623344e-10,1,8,8,35,305.922649177456,311.4286933711676,True
308.08021287054953,308.0802128719071,308.08021286826835,308.0802128795109,3.649227621909432e-11,1,8,8,35,305.922649177456,311.4286933711676,True
308.12269959000633,308.12269959018033,308.1226995878346,308.12269959453965,2.1761068455800988e-11,2,8,8,35,305.922649177456,311.4286933711676,True
308.18733703460174,308.1873370362546,308.1873370310949,308.18733704290094,3.830798873982008e-11,1,8,8,35,305.922649177456,311.4286933711676,True
308.4567971267413,308.45679712728804,308.4567971215056,308.45679713239343,3.529779662318266e-11,2,8,8,35,305.922649177456,311.4286933711676,True
308.7835296156587,308.78352961612813,308.7835296107799,308.78352962135824,3.4258086529057185e-11,1,8,8,35,305.922649177456,311.4286933711676,True
309.41781840229487,309.41781840582235,309.4178183991913,309.4178184283664,9.42903426009314e-11,1,8,8,35,305.922649177456,311.4286933711676,True
309.46659818114244,309.4665981809953,309.4665981723889,309.46659818622464,4.470836295567171e-11,1,8,8,35,305.922649177456,311.4286933711676,True
309.7935342759701,309.7935342726551,309.79353424986556,309.7935342780576,9.100274505113559e-11,1,8,8,35,305.922649177456,311.4286933711676,True
310.0187017817919,310.01870178269564,310.01870177877726,310.01870178974013,3.5361991202164855e-11,2,8,8,35,305.922649177456,311.4286933711676,True
310.13549238657185,310.13549238586313,310.13549238055595,310.1354923893063,2.821464304281587e-11,1,8,8,35,305.922649177456,311.4286933711676,True
310.33798517934315,310.33798517908997,310.33798517362624,310.3379851824798,2.8528862994743733e-11,2,8,8,35,305.922649177456,311.4286933711676,True
310.54569428964066,310.54569428972457,310.54569428698386,310.5456942927953,1.8713651090693705e-11,1,8,8,35,305.922649177456,311.4286933711676,True
310.85151679696384,310.8515167972796,310.8515167905519,310.8515168034683,4.155172383907068e-11,1,8,8,35,305.922649177456,311.4286933711676,True
311.6267526241608,311.6267526237791,311.62675261965205,311.6267526269159,2.3309455638189963e-11,1,8,8,36,311.4286933711676,316.88154909025343,True
311.68196155966814,311.6819615588502,311.6819615490112,311.6819615651748,5.185926257151393e-11,1,8,8,36,311.4286933711676,316.88154909025343,True
312.07409538636523,312.07409538647573,312.0740953803542,312.074095391232,3.485641444674336e-11,1,8,8,36,311.4286933711676,316.88154909025343,True
312.4280043523595,312.4280043512431,312.4280043387832,312.42800436163515,7.314313556531865e-11,1,8,8,36,311.4286933711676,316.88154909025343,True
312.74004760421275,312.74004760728747,312.7400475972616,312.74004763157086,1.097053824789724e-10,1,8,8,36,311.4286933711676,316.88154909025343,True
312.867697364758,312.8676973639389,312.86769734678165,312.8676973734778,8.53273470937509e-11,1,8,8,36,311.4286933711676,316.88154909025343,True
312.9151260073666,312.915126005811,312.9151259982104,312.91512600981235,3.7077048051979524e-11,3,8,8,36,311.4286933711676,316.88154909025343,True
313.00587642966667,313.00587642626977,312.99342834833163,313.0183244659266,7.953881850056303e-05,2,8,16,36,311.4286933711676,316.88154909025343,True
313.18795977275687,313.18795977584057,313.18795976738664,313.18795979339114,8.30316079380426e-11,1,8,8,36,311.4286933711676,316.88154909025343,True
313.47833240607974,313.47833240643575,313.4783324024816,313.4783324127415,3.272920321195283e-11,1,8,8,36,311.4286933711676,316.88154909025343,True
313.6676018252135,313.6676018233673,313.66760181350634,313.66760182778904,4.5534523532337534e-11,1,8,8,36,311.4286933711676,316.88154909025343,True
313.8852422545406,313.88524225370577,313.8852422411248,313.88524226119773,6.394995135127345e-11,1,8,8,36,311.4286933711676,316.88154909025343,True
313.94531705991784,313.94531705929364,313.94531704712364,313.9453170739933,8.55870601079879e-11,1,8,8,36,311.4286933711676,316.88154909025343,True
313.9902363614683,313.9902363596209,313.97954637913034,314.0009263357122,6.809115095307916e-05,2,8,16,36,311.4286933711676,316.88154909025343,True
314.42727857394686,314.42727857508567,314.4272785691332,314.4272785880924,6.029760824922168e-11,1,8,8,36,311.4286933711676,316.88154909025343,True
314.52558158037937,314.52558158433465,314.52558157397965,314.52558161160783,1.1963473065329038e-10,1,8,8,36,311.4286933711676,316.88154909025343,True
314.6433392271776,314.6433392274629,314.64333922073905,314.64333923447646,4.3660246910841816e-11,2,8,8,36,311.4286933711676,316.88154909025343,True
314.7679534929304,314.7679534918992,314.7679534796408,314.76795349984474,6.418669049665383e-11,2,8,8,36,311.4286933711676,316.88154909025343,True
315.0414185444297,315.04141854525517,315.04141853973573,315.0414185525992,4.0831123784856105e-11,2,8,8,36,311.4286933711676,316.88154909025343,True
315.22876030531785,315.22876030615856,315.22876030222875,315.2287603144063,3.8630883840536005e-11,1,8,8,36,311.4286933711676,316.88154909025343,True
315.3551614363061,315.355161433987,315.3551614236909,315.3551614388728,4.8142262109978356e-11,1,8,8,36,311.4286933711676,316.88154909025343,True
315.5707383550292,315.5707383556242,315.57073834642796,315.5707383627053,5.15806390963765e-11,1,8,8,36,311.4286933711676,316.88154909025343,True
315.60032630317505,315.60032630152796,315.6003262956331,315.6003263069668,3.59114591512047e-11,1,8,8,36,311.4286933711676,316.88154909025343,True
315.7216810090155,315.7216810102972,315.72168100378053,315.72168101787247,4.463405312523594e-11,1,8,8,36,311.4286933711676,316.88154909025343,True
316.06082762822973,316.06082762783956,316.06082761902184,316.0608276324087,4.23553042490358e-11,1,8,8,36,311.4286933711676,316.88154909025343,True
316.3456996090512,316.34569960943975,316.3456995997255,316.34569962262555,7.238933052481307e-11,1,8,8,36,311.4286933711676,316.88154909025343,True
316.41297264701586,316.41297264628065,316.4129726413259,316.41297265156146,3.234875920213567e-11,1,8,8,36,311.4286933711676,316.88154909025343,True
316.9608670107243,316.9608670075376,316.96086699397796,316.96086701667633,7.161254060494697e-11,1,8,8,37,316.88154909025343,322.28316767315783,True
317.49900742244955,317.4990074231998,317.49900740866246,317.49900743418374,8.038221659406276e-11,1,8,8,37,316.88154909025343,322.28316767315783,True
317.74549873629957,317.74549873757235,317.74549872884705,317.7454987481754,6.082967061775323e-11,1,8,8,37,316.88154909025343,322.28316767315783,True
317.83582759957767,317.83582759786054,317.8358275715727,317.8358276138603,1.330486830239739e-10,2,8,8,37,316.88154909025343,322.28316767315783,True
317.87316799036194,317.873167987834,317.87316795352166,317.87316800224977,1.5329419476262103e-10,1,8,8,37,316.88154909025343,322.28316767315783,True
317.94803241804465,317.94803242315936,317.9480324062857,317.94803245136137,1.4177063448210646e-10,1,8,8,37,316.88154909025343,322.28316767315783,True
318.1335754702744,318.1335754708376,318.13357545490595,318.1335754842955,9.238108689560246e-11,1,8,8,37,316.88154909025343,322.28316767315783,True
318.2764915497499,318.2764915545839,318.27649153690544,318.27649158193316,1.4147359179270932e-10,1,8,8,37,316.88154909025343,322.28316767315783,True
318.5438982035191,318.54389820385194,318.54389819583827,318.5438982187538,7.193832607772055e-11,1,8,8,37,316.88154909025343,322.28316767315783,True
318.66133256926383,318.66133257211936,318.66133255915094,318.6613325880864,9.080317344050086e-11,1,8,8,37,316.88154909025343,322.28316767315783,True
318.74091101335756,318.74091101427996,318.74091100771017,318.74091102749065,6.205819804911315e-11,1,8,8,37,316.88154909025343,322.28316767315783,True
318.886901886944,318.8869018803382,318.88690184665035,318.8869019016825,1.7257579360138774e-10,1,8,8,37,316.88154909025343,322.28316767315783,True
318.92745066201496,318.9274506527038,318.9274505864632,318.9274506704332,2.632887437615868e-10,1,8,8,37,316.88154909025343,322.28316767315783,True
319.24282990706484,319.24282990797394,319.2428298918149,319.2428299301497,1.200803908014366e-10,1,8,8,37,316.88154909025343,322.28316767315783,True
319.4434238165192,319.4434238185715,319.44342380054485,319.4434238464699,1.4376582902905524e-10,1,8,8,37,316.88154909025343,322.28316767315783,True
319.609220813383,319.60922080767256,319.6092207709194,319.6092208185243,1.4894715880188076e-10,3,8,8,37,316.88154909025343,322.28316767315783,True
320.02193285717846,320.0219328559978,320.0219328428179,320.0219328664712,7.391162907075634e-11,1,8,8,37,316.88154909025343,322.28316767315783,True
320.1375515328565,320.13755153297257,320.13755152123844,320.137551543201,6.860361004227996e-11,1,8,8,37,316.88154909025343,322.28316767315783,True
320.21035803183514,320.2103580232304,320.21035795971534,320.2103580406412,2.527272157060857e-10,1,8,8,37,316.88154909025343,322.28316767315783,True
320.5514346455002,320.55143464279706,320.5514346266981,320.5514346501822,7.32616266836206e-11,1,8,8,37,316.88154909025343,322.28316767315783,True
320.62153673488115,320.62153673529065,320.6215367261129,320.62153674691257,6.487302535573287e-11,1,8,8,37,316.88154909025343,322.28316767315783,True
321.0462445908742,321.04624459104673,321.0462445702812,321.046244609651,1.2262971272747785e-10,1,8,8,37,316.88154909025343,322.28316767315783,True
321.27569224902896,321.2756922499811,321.27569224264613,321.275692260878,5.6748284786033155e-11,1,8,8,37,316.88154909025343,322.28316767315783,True
321.38422953886493,321.3842295357486,321.3842295231445,321.38422954385084,6.442865046034413e-11,2,8,8,37,316.88154909025343,322.28316767315783,True
321.4151692293596,321.41516922883125,321.4151692175572,321.41516923983727,6.931863948116621e-11,1,8,8,37,316.88154909025343,322.28316767315783,True
321.71539654489703,321.7153965473042,321.71539653152223,321.7153965758575,1.3780892176845333e-10,1,8,8,37,316.88154909025343,322.28316767315783,True
321.811130244659,321.81113024143275,321.81113021329367,321.81113025012974,1.1446487312638308e-10,1,8,8,37,316.88154909025343,322.28316767315783,True
322.36599801921585,322.36599801631536,322.36599799143886,322.3659980373655,1.4246738350442344e-10,1,8,8,38,322.28316767315783,327.6353792913197,True
322.4343212171717,322.4343212153212,322.4343212033044,322.43432122964134,8.168150369614685e-11,1,8,8,38,322.28316767315783,327.6353792913197,True
322.47695038908466,322.4769503882799,322.4769503730594,322.4769504015715,8.841590207297428e-11,1,8,8,38,322.28316767315783,327.6353792913197,True
322.6790837524277,322.6790837549188,322.67908374477105,322.6790837756277,9.5626446442993e-11,1,8,8,38,322.28316767315783,327.6353792913197,True
322.72914756653734,322.7291475659324,322.7291475499475,322.72914757751727,8.542686793678634e-11,1,8,8,38,322.28316767315783,327.6353792913197,True
323.08729989214305,323.0872998938723,323.0872998804919,323.08729991208446,9.778332058191148e-11,1,8,8,38,322.28316767315783,327.6353792913197,True
323.45169574382896,323.4516957409483,323.45169571215723,323.4516957551879,1.3303592473785347e-10,2,8,8,38,322.28316767315783,327.6353792913197,True
323.7060690933848,323.7060690918934,323.7060690814554,323.7060690970214,4.808683959630391e-11,1,8,8,38,322.28316767315783,327.6353792913197,True
323.79084186993924,323.7908418683304,323.79084182839046,323.79084188979715,1.8964926396770012e-10,1,8,8,38,322.28316767315783,327.6353792913197,True
323.88491521873084,323.88491522031876,323.8849152144074,323.8849152264741,3.72561993127196e-11,1,8,8,38,322.28316767315783,327.6353792913197,True
323.9474804704076,323.9474804663024,323.9474804450133,323.9474804758535,9.520131574380941e-11,1,8,8,38,322.28316767315783,327.6353792913197,True
324.2466903435305,324.24669034330515,324.2466903370185,324.24669034840446,3.511512842099382e-11,1,8,8,38,322.28316767315783,327.6353792913197,True
324.3690647768578,324.36906477784225,324.3690647631665,324.36906479646774,1.026647291879154e-10,1,8,8,38,322.28316767315783,327.6353792913197,True
324.5113412334583,324.511341235862,324.5113412225177,324.51134125612515,1.0356333791575851e-10,1,8,8,38,322.28316767315783,327.6353792913197,True
324.890472202277,324.89047220613696,324.89047219733726,324.8904722341712,1.1337349088120422e-10,3,8,8,38,322.28316767315783,327.6353792913197,True
325.6053389890092,325.6053389886198,325.59442516627206,325.6162527968473,6.703707820943857e-05,2,8,16,38,322.28316767315783,327.6353792913197,True
325.72710778654607,325.7271077822994,325.7271077581691,325.7271077985826,1.2407168391585441e-10,1,8,8,38,322.28316767315783,327.6353792913197,True
325.7532274510165,325.7532274462389,325.7532274285573,325.753227464437,1.1014374271142091e-10,1,8,8,38,322.28316767315783,327.6353792913197,True
325.79052434230334,325.7905243468866,325.79052433377814,325.7905243619561,8.649105098195762e-11,1,8,8,38,322.28316767315783,327.6353792913197,True
325.8222564860342,325.82225649890825,325.822256460518,325.8222566059092,4.462285643585087e-10,1,8,8,38,322.28316767315783,327.6353792913197,True
325.87230502434113,325.87230502621276,325.8723050142415,325.8723050419424,8.500548973371588e-11,1,8,8,38,322.28316767315783,327.6353792913197,True
326.04576680201404,326.04576680572563,326.0457667874462,326.04576684865816,1.877403589302504e-10,1,8,8,38,322.28316767315783,327.6353792913197,True
326.4300535944461,326.4300535985237,326.43005357544604,326.4300536328625,1.7589206855836113e-10,2,8,8,38,322.28316767315783,327.6353792913197,True
326.5145165187566,326.51451652326455,326.51451650811913,326.5145165440253,1.0996806233240247e-10,1,8,8,38,322.28316767315783,327.6353792913197,True
326.5793278186738,326.57932782060556,326.57932781548413,326.57932782999325,4.44275277032248e-11,1,8,8,38,322.28316767315783,327.6353792913197,True
326.7388257848388,326.73882579572097,326.7388257761516,326.7388258891278,3.4576907420673136e-10,1,8,8,38,322.28316767315783,327.6353792913197,True
327.0879594482062,327.08795945173387,327.08795942983573,327.0879594722133,1.295601484080518e-10,1,8,8,38,322.28316767315783,327.6353792913197,True
327.16873663803153,327.16873663866295,327.1687366198623,327.16873665750273,1.1504907773647171e-10,1,8,8,38,322.28316767315783,327.6353792913197,True
327.8390128551688,327.83901285580106,327.83901283818045,327.8390128795874,1.2630273264591822e-10,1,8,8,39,327.6353792913197,332.9399033879368,True
327.90591759886433,327.90591759219603,327.90591755850306,327.9059176212298,1.9129484814493903e-10,1,8,8,39,327.6353792913197,332.9399033879368,True
327.9916392493153,327.9916392408858,327.9916391845072,327.9916392618681,2.358623547399511e-10,1,8,8,39,327.6353792913197,332.9399033879368,True
328.22257510230855,328.2225751025189,328.22257507128273,328.22257514502184,2.24661883518094e-10,1,8,8,39,327.6353792913197,332.9399033879368,True
328.67904043814707,328.6790404322761,328.67904039797764,328.6790404533436,1.6844987938376622e-10,1,8,8,39,327.6353792913197,332.9399033879368,True
329.1174234407401,329.11742345036464,329.11742342387817,329.1174235034958,2.419125068135104e-10,1,8,8,39,327.6353792913197,332.9399033879368,True
329.20762976235795,329.20762976279445,329.1970879923352,329.21817153874923,6.404331038520184e-05,2,8,16,39,327.6353792913197,332.9399033879368,True
329.42616546863286,329.42616546294107,329.42616542223067,329.42616548243853,1.8276589247454407e-10,2,8,8,39,327.6353792913197,332.9399033879368,True
329.8320623123237,329.83206231280053,329.8320623009085,329.83206232873334,8.436066929726706e-11,2,8,8,39,327.6353792913197,332.9399033879368,True
330.2186187505199,330.21861875350805,330.21861873451854,330.2186187795781,1.3645369521495562e-10,2,8,8,39,327.6353792913197,332.9399033879368,True
331.0166637767459,331.0166637745126,331.0166636968437,331.0166638511873,4.662713342284672e-10,2,8,8,39,327.6353792913197,332.9399033879368,True
331.0471131834577,331.047113193403,331.04711312091206,331.0471132896324,5.096566482740946e-10,2,8,8,39,327.6353792913197,332.9399033879368,True
331.0788690042624,331.078869035083,331.07886897130805,331.0788691483635,5.347832280954616e-10,1,8,8,39,327.6353792913197,332.9399033879368,True
331.12877785321507,331.12877784086675,331.12877777586795,331.12877788145687,3.188757103966103e-10,1,8,8,39,327.6353792913197,332.9399033879368,True
331.234883950602,331.2348839479778,331.2348838349744,331.2348840033731,5.083965891819425e-10,1,8,8,39,327.6353792913197,332.9399033879368,True
331.2864030320042,331.28640302122176,331.2864029606114,331.286403051647,2.7479438928705815e-10,1,8,8,39,327.6353792913197,332.9399033879368,True
331.54191191824566,331.5419119239243,331.5419118881602,331.5419119652621,2.3255552007265574e-10,2,8,8,39,327.6353792913197,332.9399033879368,True
331.8018593849296,331.80185939666677,331.8018593690122,331.8018594460637,2.322213678438487e-10,1,8,8,39,327.6353792913197,332.9399033879368,True
331.9512193606493,331.9512193594019,331.95121934013446,331.9512193767157,1.102006530291309e-10,2,8,8,39,327.6353792913197,332.9399033879368,True
332.76909105351103,332.769091053574,332.76909102775784,332.7690910795001,1.554899027581255e-10,2,8,8,39,327.6353792913197,332.9399033879368,True
332.9334624974443,332.93346249675307,332.9334624535145,332.93346252899113,2.2670185854490792e-10,1,8,8,39,327.6353792913197,332.9399033879368,True
333.1531603327208,333.153160334802,333.15316025544286,333.1531604035617,4.4459680062443984e-10,1,8,8,40,332.9399033879368,338.198357979027,True
333.2107858894496,333.2107858865072,333.2107858621727,333.2107859046251,1.274039506089152e-10,1,8,8,40,332.9399033879368,338.198357979027,True
333.4085225269977,333.4085225266254,333.408522493734,333.40852255191504,1.745038121775347e-10,1,8,8,40,332.9399033879368,338.198357979027,True
333.44972035773264,333.4497203493803,333.4497202700796,333.44972038355894,3.4031925149324096e-10,1,8,8,40,332.9399033879368,338.198357979027,True
333.47508241221396,333.475082413476,333.47508236088333,333.47508246475496,3.1148242618950474e-10,1,8,8,40,332.9399033879368,338.198357979027,True
333.7016560455338,333.70165610469104,333.70165598236264,333.7016563871462,1.2130103941357395e-09,1,8,8,40,332.9399033879368,338.198357979027,True
333.7708252343529,333.77082523761254,333.7708251812548,333.7708253380528,4.697774988090595e-10,1,8,8,40,332.9399033879368,338.198357979027,True
333.8470994376346,333.8470994364023,333.84709941478064,333.8470994507341,1.0769439809429129e-10,1,8,8,40,332.9399033879368,338.198357979027,True
334.0457914193314,334.04579142137493,334.04579139668334,334.0457914554591,1.7595118858354502e-10,1,8,8,40,332.9399033879368,338.198357979027,True
334.22884098873743,334.22884098516806,334.2288409628798,334.2288410056247,1.2789107790585718e-10,1,8,8,40,332.9399033879368,338.198357979027,True
334.2592293570727,334.25922935933414,334.2592292947649,334.25922942484164,3.891492489395818e-10,1,8,8,40,332.9399033879368,338.198357979027,True
334.2863937539437,334.28639375573755,334.28639372877336,334.286393791181,1.8668917362150247e-10,1,8,8,40,332.9399033879368,338.198357979027,True
334.5000950339079,334.50009503645845,334.5000950156935,334.5000950698748,1.61977017863706e-10,1,8,8,40,332.9399033879368,338.198357979027,True
334.5630709593956,334.5630709653536,334.5630709421145,334.56307101476983,2.1716480872589008e-10,1,8,8,40,332.9399033879368,338.198357979027,True
334.70758236814305,334.70758235585924,334.707582298629,334.70758240129646,3.0673776803009714e-10,1,8,8,40,332.9399033879368,338.198357979027,True
334.75417989447453,334.7541798886389,334.754179860712,334.7541799111287,1.5060813263122824e-10,1,8,8,40,332.9399033879368,338.198357979027,True
334.8530864135727,334.85308642263385,334.8530863620186,334.8530865319811,5.075733550352402e-10,1,8,8,40,332.9399033879368,338.198357979027,True
334.9703968093651,334.9703968136956,334.97039680136646,334.97039683310885,9.476177171405265e-11,1,8,8,40,332.9399033879368,338.198357979027,True
335.01367155621347,335.0136715626305,335.0136715509523,335.01367159506316,1.3166875814827343e-10,1,8,8,40,332.9399033879368,338.198357979027,True
335.1784569702893,335.1784569832273,335.17845695417446,335.1784570489314,2.827059856887725e-10,2,8,8,40,332.9399033879368,338.198357979027,True
335.3329914531498,335.33299145331875,335.332991401343,335.3329915191419,3.512892964439046e-10,1,8,8,40,332.9399033879368,338.198357979027,True
336.15346886029954,336.15346885978886,336.1534688380388,336.15346887230095,1.0192411061780664e-10,1,8,8,40,332.9399033879368,338.198357979027,True
336.86479419926013,336.86479420135424,336.86479418864434,336.86479421214386,6.97595133390776e-11,1,8,8,40,332.9399033879368,338.198357979027,True
337.0770692837579,337.07706928689225,337.0770692514587,337.0770693244918,2.1666590026007318e-10,1,8,8,40,332.9399033879368,338.198357979027,True
337.1297814409859,337.1297814664651,337.1297813645877,337.1297817256971,1.0711287885254428e-09,1,8,8,40,332.9399033879368,338.198357979027,True
337.2392593839281,337.2392593762732,337.23925928343505,337.2392594371551,4.558190119690463e-10,2,8,8,40,332.9399033879368,338.198357979027,True
337.29520990513254,337.29520987639,337.2952096280499,337.29520995938555,9.823312565645228e-10,1,8,8,40,332.9399033879368,338.198357979027,True
337.35979270220247,337.3597926809977,337.35979257677235,337.35979274374085,4.949271027902627e-10,1,8,8,40,332.9399033879368,338.198357979027,True
337.4638557015773,337.4638556970615,337.4638556478088,337.4638557431471,2.825140888226725e-10,2,8,8,40,332.9399033879368,338.198357979027,True
337.5342025508935,337.5342025445755,337.53420250127607,337.53420256618733,1.9231017672454697e-10,1,8,8,40,332.9399033879368,338.198357979027,True
337.58052047927714,337.5805204811897,337.5805204727354,337.58052049867206,7.683110877145006e-11,1,8,8,40,332.9399033879368,338.198357979027,True
337.92317847118346,337.92317847352456,337.92317844114945,337.9231785215008,2.377799479595636e-10,1,8,8,40,332.9399033879368,338.198357979027,True
337.95761138586175,337.9576113856273,337.95761137391054,337.95761139647715,6.677349215934658e-11,1,8,8,40,332.9399033879368,338.198357979027,True
337.9831603941499,337.98316039343956,337.9831603215352,337.9831604579889,4.0372930663527183e-10,1,8,8,40,332.9399033879368,338.198357979027,True
338.3911974423893,338.3911974426596,338.3911974078914,338.3911974932933,2.52376226694049e-10,1,8,8,41,338.198357979027,343.41226796548835,True
338.6743529529711,338.67435295228233,338.67435292407396,338.67435299046764,1.960398863531066e-10,1,8,8,41,338.198357979027,343.41226796548835,True
338.77726048936756,338.7772604887604,338.777260457508,338.7772605305042,2.1546947497505934e-10,1,8,8,41,338.198357979027,343.41226796548835,True
339.1978460404415,339.1978460396968,339.19784599941084,339.1978460653583,1.944218148652168e-10,2,8,8,41,338.198357979027,343.41226796548835,True
339.24175221347,339.24175221896843,339.2417521859348,339.24175226454565,2.317252125842189e-10,1,8,8,41,338.198357979027,343.41226796548835,True
339.4052484570639,339.40524845348205,339.4052484136712,339.40524849835526,2.495072638051138e-10,1,8,8,41,338.198357979027,343.41226796548835,True
339.7830570879845,339.78305708711133,339.7830570441252,339.78305713546246,2.688105073971069e-10,1,8,8,41,338.198357979027,343.41226796548835,True
340.2121041459617,340.21210414732354,340.21210411703254,340.2121041834819,1.9531753104700555e-10,3,8,8,41,338.198357979027,343.41226796548835,True
340.7775502236045,340.77755022405853,340.77755020749765,340.7775502391858,9.298781457589851e-11,1,8,8,41,338.198357979027,343.41226796548835,True
340.96426776620063,340.9642677666084,340.96426774323686,340.96426779194286,1.4284781086558539e-10,1,8,8,41,338.198357979027,343.41226796548835,True
340.993671206033,340.99367120716374,340.99367118230845,340.9936712426325,1.7690667064622556e-10,1,8,8,41,338.198357979027,343.41226796548835,True
341.4350510123073,341.43505101150214,341.4350509279273,341.43505108677283,4.65229105595461e-10,1,8,8,41,338.198357979027,343.41226796548835,True
342.20610188482425,342.20610188095475,342.20610185081836,342.2061018994115,1.4199970362803542e-10,1,8,8,41,338.198357979027,343.41226796548835,True
342.38836010103034,342.3883601032758,342.388360086829,342.38836012342523,1.0688519843122131e-10,1,8,8,41,338.198357979027,343.41226796548835,True
342.5593575793156,342.55935757191753,342.5593575155735,342.5593575924475,2.2441079125394491e-10,1,8,8,41,338.198357979027,343.41226796548835,True
343.095107448982,343.09510745012585,343.09510742725337,343.09510747539207,1.403071651807695e-10,1,8,8,41,338.198357979027,343.41226796548835,True
343.26243413743214,343.26243413890296,343.2624340691943,343.2624342085299,4.0591570074739445e-10,1,8,8,41,338.198357979027,343.41226796548835,True
343.3652688971621,343.3652688875104,343.36526875515796,343.3652689550684,5.822093200740468e-10,1,8,8,41,338.198357979027,343.41226796548835,True
343.5647935233997,343.5647935283472,343.5647934914562,343.56479357007606,2.288355788816719e-10,1,8,8,42,343.41226796548835,348.58307258234794,True
343.63275844391063,343.6327584541001,343.6327583874849,343.63275853622264,4.3283923517636016e-10,1,8,8,42,343.41226796548835,348.58307258234794,True
343.91979201479484,343.91979199824374,343.91979190606526,343.91979205098454,4.2137523646268147e-10,2,8,8,42,343.41226796548835,348.58307258234794,True
344.0164479190833,344.01644788231965,344.01644770810793,344.0164479638956,7.435332110307564e-10,1,8,8,42,343.41226796548835,348.58307258234794,True
344.08407306107455,344.08407301356357,344.08407259456766,344.0840730989252,1.4657974543754867e-09,1,8,8,42,343.41226796548835,348.58307258234794,True
344.12225433090714,344.1222543530967,344.1128434544402,344.13166526579965,5.469512977597571e-05,2,8,16,42,343.41226796548835,348.58307258234794,True
344.25576129529054,344.2557612896636,344.2557611742601,344.25576136930835,5.665794625736314e-10,2,8,8,42,343.41226796548835,348.58307258234794,True
344.3029063056296,344.3029063423448,344.3029062598393,344.30290658166854,9.347270725916536e-10,1,8,8,42,343.41226796548835,348.58307258234794,True
344.71864722126713,344.71864722672876,344.7186471774777,344.7186472918143,3.3168096870960343e-10,1,8,8,42,343.41226796548835,348.58307258234794,True
344.77449088557063,344.77449089249563,344.7744908637923,344.77449093503316,2.066302338485818e-10,1,8,8,42,343.41226796548835,348.58307258234794,True
344.91427311856853,344.91427313155043,344.90428054198554,344.9242657290402,5.794247618099577e-05,2,8,16,42,343.41226796548835,348.58307258234794,True
345.0340234004362,345.0340233936729,345.03402328394753,345.03402348611127,5.859240514106524e-10,1,8,8,42,343.41226796548835,348.58307258234794,True
345.14610077358503,345.1461007670023,345.14610067081907,345.1461008116391,4.0800119201016507e-10,1,8,8,42,343.41226796548835,348.58307258234794,True
345.25655976838203,345.2565597656902,345.2565597207484,345.2565597944084,2.133486842058083e-10,1,8,8,42,343.41226796548835,348.58307258234794,True
345.37570019933344,345.3757002083506,345.37570015686254,345.37570027681767,3.473178106636392e-10,1,8,8,42,343.41226796548835,348.58307258234794,True
345.40256321266116,345.4025632179818,345.402563124085,345.4025632695336,4.21098649079486e-10,1,8,8,42,343.41226796548835,348.58307258234794,True
345.7405575120845,345.7405574745005,345.7297829003237,345.75133200966286,6.232739801840804e-05,2,8,16,42,343.41226796548835,348.58307258234794,True
345.961536446171,345.96153644489465,345.9615363600962,345.96153651290206,4.4168451462462525e-10,1,8,8,42,343.41226796548835,348.58307258234794,True
346.331906247944,346.33190627729687,346.3319062257312,346.33190647276894,7.132976842352173e-10,1,8,8,42,343.41226796548835,348.58307258234794,True
346.39613091855784,346.3961309473401,346.39613090172594,346.39613107140343,4.898365670619096e-10,1,8,8,42,343.41226796548835,348.58307258234794,True
346.529229106447,346.5292291187976,346.52922907629727,346.5292292499574,5.01141310694383e-10,2,8,8,42,343.41226796548835,348.58307258234794,True
346.5931887730288,346.59318878453337,346.59318873471574,346.59318884193516,3.0935235997243673e-10,2,8,8,42,343.41226796548835,348.58307258234794,True
346.8072752127462,346.8072751862237,346.8072750420201,346.8072752545516,6.128231237011569e-10,1,8,8,42,343.41226796548835,348.58307258234794,True
347.2898789171255,347.2898789148589,347.28987886789724,347.2898789576075,2.5831528383680583e-10,2,8,8,42,343.41226796548835,348.58307258234794,True
347.3898966491073,347.3898966444636,347.38989652020814,347.389896707618,5.394798604607136e-10,1,8,8,42,343.41226796548835,348.58307258234794,True
347.7723987134865,347.77239872199993,347.7723986785921,347.772398826245,4.245677376556554e-10,1,8,8,42,343.41226796548835,348.58307258234794,True
347.9602228626469,347.96022285974425,347.9500419706938,347.97040375139454,5.851755276285297e-05,2,8,16,42,343.41226796548835,348.58307258234794,True
348.3141014972881,348.31410148705595,348.31410137093,348.31410156517103,5.576604851665245e-10,1,8,8,42,343.41226796548835,348.58307258234794,True
348.4019463246331,348.40194632573406,348.401946284959,348.40194637636154,2.623478806299396e-10,1,8,8,42,343.41226796548835,348.58307258234794,True
348.76546692132274,348.765467006414,348.75462510802765,348.77630881004626,6.217273232357559e-05,2,8,16,43,348.58307258234794,353.71213209272986,True
349.0457945481997,349.0457945552058,349.0457945043599,349.0457946018648,2.7934712000648687e-10,1,8,8,43,348.58307258234794,353.71213209272986,True
349.09412079185574,349.0941207844752,349.09412067664806,349.09412084069373,4.699181775777644e-10,1,8,8,43,348.58307258234794,353.71213209272986,True
349.466225637418,349.46622563774577,349.4662255861619,349.46622571148663,3.586175794153301e-10,2,8,8,43,348.58307258234794,353.71213209272986,True
349.7640540093913,349.7640540098637,349.7640538431462,349.76405410470824,7.478242347431285e-10,2,8,8,43,348.58307258234794,353.71213209272986,True
349.96398255343496,349.9639825458025,349.9639824877964,349.9639825850881,2.780049452043638e-10,1,8,8,43,348.58307258234794,353.71213209272986,True
350.00187112827575,350.0018711234106,350.0018710511417,350.00187117920814,3.6590221684980476e-10,1,8,8,43,348.58307258234794,353.71213209272986,True
350.0584953855849,350.0584953752449,350.0584953102657,350.05849542305094,3.2218970755397115e-10,1,8,8,43,348.58307258234794,353.71213209272986,True
350.25290330396274,350.2529033063398,350.25290323000286,350.2529034112334,5.174275984085782e-10,2,8,8,43,348.58307258234794,353.71213209272986,True
350.7074209622196,350.7074209786613,350.69677500260485,350.7180668473184,6.071113253080314e-05,2,8,16,43,348.58307258234794,353.71213209272986,True
350.7931036844798,350.7931037010898,350.7931036703115,350.7931037506364,2.2898090856907542e-10,1,8,8,43,348.58307258234794,353.71213209272986,True
351.17623246778146,351.176232463097,351.1762322605974,351.176232577234,9.01645874943927e-10,1,8,8,43,348.58307258234794,353.71213209272986,True
351.2032736547843,351.20327364243053,351.2032734937704,351.2032737553729,7.448749148095889e-10,1,8,8,43,348.58307258234794,353.71213209272986,True
351.33373003145016,351.33373001337037,351.33372991145285,351.3337300596999,4.219551249506506e-10,1,8,8,43,348.58307258234794,353.71213209272986,True
351.46398085748405,351.46398084218987,351.4639807219135,351.46398092046496,5.649268718777925e-10,1,8,8,43,348.58307258234794,353.71213209272986,True
351.7982998752139,351.7982999142946,351.79829980327685,351.79830019537445,1.1145522997177095e-09,1,8,8,43,348.58307258234794,353.71213209272986,True
351.9118212492279,351.91182123141186,351.9118211422164,351.9118212738579,3.7407528176383303e-10,1,8,8,43,348.58307258234794,353.71213209272986,True
352.1194393648376,352.11943936375843,352.11943927265327,352.11943947330525,5.698406838958952e-10,1,8,8,43,348.58307258234794,353.71213209272986,True
352.23464905544574,352.2346490814819,352.2346489928197,352.23464923095446,6.760685257676208e-10,1,8,8,43,348.58307258234794,353.71213209272986,True
352.27612175402464,352.2761217714805,352.2761217311606,352.276121825624,2.6815163109576003e-10,2,8,8,43,348.58307258234794,353.71213209272986,True
352.50621290973686,352.5062128828198,352.50621272956,352.5062129558283,6.418845683664682e-10,1,8,8,43,348.58307258234794,353.71213209272986,True
352.6756887224185,352.6756887088262,352.6756885721253,352.6756887821446,5.955026942242936e-10,1,8,8,43,348.58307258234794,353.71213209272986,True
353.0964604003494,353.0964604062608,353.0964603043382,353.09646050887324,5.792610118339678e-10,1,8,8,43,348.58307258234794,353.71213209272986,True
353.14830800802054,353.1483080065288,353.1483079355268,353.14830812682527,5.41694381857909e-10,2,8,8,43,348.58307258234794,353.71213209272986,True
353.58170163662925,353.58170166712756,353.58170154938006,353.581701869995,9.067634357154779e-10,1,8,8,43,348.58307258234794,353.71213209272986,True
353.89003925314626,353.8900392531497,353.8900392487713,353.89003925967404,3.080826544530281e-11,1,8,8,44,353.71213209272986,358.8007338185368,True
353.9772638062441,353.9772638048081,353.97726379631706,353.97726380875366,3.513389800398876e-11,1,8,8,44,353.71213209272986,358.8007338185368,True
354.070394563533,354.07039456300333,354.0703945295825,354.0703945966101,1.8930585697054355e-10,1,8,8,44,353.71213209272986,358.8007338185368,True
354.12651885149864,354.1265188575148,354.12651882920943,354.12651892514305,2.7090209211379483e-10,1,8,8,44,353.71213209272986,358.8007338185368,True
354.1694587632519,354.16945876032537,354.1586434120002,354.1802741186767,6.107445501393703e-05,2,8,16,44,353.71213209272986,358.8007338185368,True
354.2355583935944,354.235558398288,354.23555838478967,354.2355584374432,1.4863992632126693e-10,1,8,8,44,353.71213209272986,358.8007338185368,True
354.36513052368184,354.36513051863443,354.3651305033833,354.3651305338959,8.610507953953681e-11,1,8,8,44,353.71213209272986,358.8007338185368,True
354.44056953817756,354.44056953683685,354.44056953111,354.440569541938,3.0549519729262514e-11,1,8,8,44,353.71213209272986,358.8007338185368,True
354.505381473419,354.5053814747688,354.50538146764853,354.5053814859074,5.1505128149671776e-11,2,8,8,44,353.71213209272986,358.8007338185368,True
354.6600577397064,354.6600577395188,354.66005773105934,354.6600577463572,4.313389985771872e-11,1,8,8,44,353.71213209272986,358.8007338185368,True
354.88493329744324,354.8849332965221,354.88493328578875,354.88493330195087,4.5541856635798184e-11,1,8,8,44,353.71213209272986,358.8007338185368,True
355.2201047134649,355.22010471248876,355.2201047082434,355.2201047143898,1.7302976698178048e-11,2,8,8,44,353.71213209272986,358.8007338185368,True
355.68404006001435,355.68404006157346,355.684040050434,355.6840400836786,9.346663206490773e-11,1,8,8,44,353.71213209272986,358.8007338185368,True
355.75730487407986,355.7573048749934,355.75730486946577,355.75730488578245,4.586462677440953e-11,1,8,8,44,353.71213209272986,358.8007338185368,True
355.9540346786059,355.95403467866663,355.9540346719763,355.95403468922507,4.845792633976777e-11,1,8,8,44,353.71213209272986,358.8007338185368,True
356.07588452584736,356.0758845257633,356.0758845196442,356.0758845324741,3.603136650066011e-11,1,8,8,44,353.71213209272986,358.8007338185368,True
356.14617587129885,356.14617587292645,356.146175865136,356.14617587946964,4.024649840721895e-11,1,8,8,44,353.71213209272986,358.8007338185368,True
356.2899969397455,356.28999694010975,356.2899969301967,356.28999694878854,5.218174523537781e-11,2,8,8,44,353.71213209272986,358.8007338185368,True
356.5241243543958,356.52412435340545,356.52412434517294,356.5241243573071,3.4034547514881615e-11,1,8,8,44,353.71213209272986,358.8007338185368,True
356.94146764035054,356.94146763987976,356.94146763257265,356.9414676465735,3.92245687184692e-11,1,8,8,44,353.71213209272986,358.8007338185368,True
357.0041783314689,357.0041783329407,357.00417832749963,357.00417834504344,4.91417546390666e-11,1,8,8,44,353.71213209272986,358.8007338185368,True
357.514935075505,357.51493507434395,357.5149350662708,357.51493507657847,2.8831367600150324e-11,1,8,8,44,353.71213209272986,358.8007338185368,True
357.6547044420829,357.65470444356856,357.6547044341463,357.6547044552931,5.912623190780508e-11,2,8,8,44,353.71213209272986,358.8007338185368,True
357.7495122630105,357.74951226249175,357.7495122555572,357.74951226653,3.0671813173983944e-11,1,8,8,44,353.71213209272986,358.8007338185368,True
357.7770092658757,357.7770092650344,357.7770092502915,357.7770092718107,6.014699804856512e-11,1,8,8,44,353.71213209272986,358.8007338185368,True
357.9907188445865,357.9907188396339,357.99071878973325,357.99071885447324,1.8084265740481146e-10,1,8,8,44,353.71213209272986,358.8007338185368,True
358.36421264884757,358.36421264722236,358.3642126385554,358.364212651914,3.7276605377199533e-11,1,8,8,44,353.71213209272986,358.8007338185368,True
358.7526743085626,358.7526743082812,358.75267429893074,358.75267431621285,4.817275486394605e-11,1,8,8,44,353.71213209272986,358.8007338185368,True
358.82003950425974,358.8200395029842,358.82003948746865,358.82003951627814,8.028953810293092e-11,1,8,8,45,358.8007338185368,363.850097586837,True
358.85440904198015,358.8544090448637,358.8544090386952,358.85440906239114,6.603212199575058e-11,1,8,8,45,358.8007338185368,363.850097586837,True
359.1407532014633,359.14075319845733,359.1407531719953,359.14075320674846,9.67675110301424e-11,1,8,8,45,358.8007338185368,363.850097586837,True
359.2635165912092,359.26351659229596,359.26351658974795,359.2635165958868,1.7087351149760564e-11,1,8,8,45,358.8007338185368,363.850097586837,True
359.4278082550676,359.42780825562284,359.4278082407668,359.42780827720946,1.0139075512575724e-10,1,8,8,45,358.8007338185368,363.850097586837,True
359.8780075494884,359.8780075523779,359.8780075356051,359.87800757409013,1.0693912971759955e-10,1,8,8,45,358.8007338185368,363.850097586837,True
359.97338237591873,359.9733823755604,359.97338236905705,359.9733823806347,3.2162489635979395e-11,1,8,8,45,358.8007338185368,363.850097586837,True
360.11260329093386,360.1126032850342,360.11260324419027,360.11260329571206,1.430713459058075e-10,1,8,8,45,358.8007338185368,363.850097586837,True
360.3340485952824,360.33404859531004,360.3340485831648,360.3340486148685,8.798413036115609e-11,1,8,8,45,358.8007338185368,363.850097586837,True
361.1717768274045,361.1717768279425,361.17177681345856,361.1717768397184,7.270734373256057e-11,2,8,8,45,358.8007338185368,363.850097586837,True
361.408376911715,361.408376912651,361.408376902514,361.408376922736,5.5953294688721144e-11,2,8,8,45,358.8007338185368,363.850097586837,True
361.5644810328812,361.5644810320739,361.56448102476463,361.56448103661165,3.276599821982491e-11,2,8,8,45,358.8007338185368,363.850097586837,True
361.9828419016445,361.982841905693,361.98284189992313,361.98284191778,4.933064879689803e-11,1,8,8,45,358.8007338185368,363.850097586837,True
362.1336570510315,362.1336570493294,362.1336570340115,362.1336570613073,7.537496529680887e-11,1,8,8,45,358.8007338185368,363.850097586837,True
362.79942759054165,362.7994275899275,362.7994275783984,362.7994275977609,5.33695993081112e-11,1,8,8,45,358.8007338185368,363.850097586837,True
363.06906730937897,363.06906730813785,363.0690672959389,363.06906731842975,6.194644397386504e-11,1,8,8,45,358.8007338185368,363.850097586837,True
363.09770170916977,363.0977017091655,363.0977017015907,363.09770171492573,3.672568362351027e-11,1,8,8,45,358.8007338185368,363.850097586837,True
363.2475477395953,363.24754773778926,363.2475477281085,363.247547744838,4.60554513460848e-11,1,8,8,45,358.8007338185368,363.850097586837,True
363.37202645069317,363.372026449592,363.3720264346576,363.37202645962464,6.870933597450777e-11,1,8,8,45,358.8007338185368,363.850097586837,True
363.7040901082046,363.7040901102889,363.7040901040816,363.7040901255842,5.912102321976283e-11,1,8,8,45,358.8007338185368,363.850097586837,True
364.23607269470904,364.23607269438884,364.23607267850474,364.2360727071997,7.878120234653172e-11,2,8,8,46,363.850097586837,368.86138066003474,True
364.4295724252979,364.42957243217063,364.4295724078208,364.4295724803709,1.990785425576399e-10,2,8,8,46,363.850097586837,368.86138066003474,True
364.54390729778254,364.5439073018182,364.5439072923499,364.5439073151499,6.25439310203128e-11,1,8,8,46,363.850097586837,368.86138066003474,True
364.6557231735685,364.6557231827187,364.64424090816095,364.66720545622314,6.297597049165338e-05,3,8,16,46,363.850097586837,368.86138066003474,True
364.6875054061194,364.68750541061735,364.6875053856341,364.68750544973466,1.7576846026563354e-10,1,8,8,46,363.850097586837,368.86138066003474,True
364.75768260535955,364.75768260744564,364.75768259731126,364.757682623184,7.093130062962928e-11,1,8,8,46,363.850097586837,368.86138066003474,True
364.7830451407275,364.78304514692815,364.78304511808045,364.7830451925392,2.0411787392612103e-10,1,8,8,46,363.850097586837,368.86138066003474,True
365.0339244805873,365.03392448447175,365.0339244650563,365.033924510263,1.2384235681553197e-10,1,8,8,46,363.850097586837,368.86138066003474,True
365.16571712422194,365.16571712708475,365.16571711629143,365.1657171458121,8.084182567773108e-11,2,8,8,46,363.850097586837,368.86138066003474,True
365.2791342321854,365.2791342306116,365.27913421481185,365.2791342432196,7.776991152006841e-11,2,8,8,46,363.850097586837,368.86138066003474,True
365.6485798169661,365.64857981530366,365.64857980404366,365.64857982324605,5.251596771364319e-11,1,8,8,46,363.850097586837,368.86138066003474,True
365.733478583586,365.73347858206495,365.73347857259273,365.73347858768653,4.126995318783031e-11,1,8,8,46,363.850097586837,368.86138066003474,True
366.00505738299273,366.0050573826467,366.00505736904495,366.00505739523055,7.154437484140162e-11,1,8,8,46,363.850097586837,368.86138066003474,True
366.0466666926279,366.0466666961139,366.0466666839682,366.0466667097204,7.035215532250201e-11,2,8,8,46,363.850097586837,368.86138066003474,True
366.14850597315655,366.14850597028516,366.14850595619293,366.1485059790281,6.236578287837643e-11,1,8,8,46,363.850097586837,368.86138066003474,True
366.1985634933857,366.1985634936994,366.1985634872066,366.1985635005785,3.651528756763679e-11,1,8,8,46,363.850097586837,368.86138066003474,True
366.3794935832083,366.3794935840964,366.3794935809816,366.37949358989226,2.4320849856076476e-11,1,8,8,46,363.850097586837,368.86138066003474,True
366.894998096795,366.894998095936,366.8949980745589,366.8949981086948,9.303995499655443e-11,1,8,8,46,363.850097586837,368.86138066003474,True
367.1732660332343,367.1732660298833,367.1624304492311,367.18410158591126,5.9021553813721814e-05,2,8,16,46,363.850097586837,368.86138066003474,True
367.2280757320607,367.2280757331019,367.22807572250264,367.2280757399813,4.759622243977074e-11,3,8,8,46,363.850097586837,368.86138066003474,True
367.60131281109784,367.6013128111209,367.6013128034528,367.60131282239047,5.151687045335483e-11,2,8,8,46,363.850097586837,368.86138066003474,True
368.00113476591923,368.00113477038985,368.00113476118497,368.00113479902234,1.0281861506055906e-10,1,8,8,46,363.850097586837,368.86138066003474,True
368.17986993904674,368.17986993628756,368.1798699054178,368.1798699554615,1.35922021650842e-10,1,8,8,46,363.850097586837,368.86138066003474,True
368.29597591831794,368.29597591767845,368.2959759012275,368.2959759315262,8.226720111627732e-11,1,8,8,46,363.850097586837,368.86138066003474,True
368.40032543580264,368.4003254381048,368.4003254294299,368.4003254523472,6.220753724337093e-11,1,8,8,46,363.850097586837,368.86138066003474,True
368.6303279586258,368.630327957897,368.6303279471322,368.6303279689961,5.931121210559209e-11,1,8,8,46,363.850097586837,368.86138066003474,True
368.76436653224135,368.76436653198544,368.7643665248736,368.76436653682634,3.241297420723368e-11,1,8,8,46,363.850097586837,368.86138066003474,True
368.9427684881038,368.94276848620973,368.9427684329448,368.942768511542,2.1303365031565038e-10,1,8,8,47,368.86138066003474,373.83568220868494,True
369.0645770754493,369.06457709780466,369.0645770679505,369.0645772179061,4.0631266155039856e-10,1,8,8,47,368.86138066003474,373.83568220868494,True
369.318972348775,369.31897236795817,369.31897228464993,369.31897258128913,8.032059615783617e-10,1,8,8,47,368.86138066003474,373.83568220868494,True
369.42444028545515,369.4244404511612,369.424440207947,369.4244417045903,4.0512840307188514e-09,1,8,8,47,368.86138066003474,373.83568220868494,True
369.5196945403544,369.51969455023084,369.5196944699272,369.5196946796544,5.675670541808672e-10,2,8,8,47,368.86138066003474,373.83568220868494,True
369.558349175427,369.5583491815373,369.55834910065846,369.55834925436966,4.1593214922401064e-10,1,8,8,47,368.86138066003474,373.83568220868494,True
369.6282491569797,369.6282491362218,369.6282489852632,369.62824917998137,5.267945697693179e-10,1,8,8,47,368.86138066003474,373.83568220868494,True
369.6562546806515,369.65625465153806,369.6562544824212,369.6562547386153,6.930603266400931e-10,1,8,8,47,368.86138066003474,373.83568220868494,True
369.73019810325707,369.7301980768327,369.73019794021826,369.73019820558,7.177172319851154e-10,1,8,8,47,368.86138066003474,373.83568220868494,True
370.2420070398158,370.2420070375889,370.24200701741984,370.2420070536106,9.774899394198937e-11,1,8,8,47,368.86138066003474,373.83568220868494,True
370.74868889343793,370.74868889195034,370.748688871724,370.7486889171207,1.2244598682208319e-10,1,8,8,47,368.86138066003474,373.83568220868494,True
370.8539866873875,370.8539866896227,370.85398667407344,370.85398670472733,8.26575815443205e-11,1,8,8,47,368.86138066003474,373.83568220868494,True
370.9753511666712,370.97535117186027,370.9753511233108,370.9753512577977,3.6252238171991954e-10,1,8,8,47,368.86138066003474,373.83568220868494,True
371.28259828009277,371.28259829121396,371.2825982687691,371.28259833343935,1.741806547000751e-10,2,8,8,47,368.86138066003474,373.83568220868494,True
371.59992820009165,371.5999281847601,371.5999281311616,371.5999282241013,2.501068081703265e-10,1,8,8,47,368.86138066003474,373.83568220868494,True
371.7499178714499,371.7499178973176,371.74991785481205,371.749918052573,5.319730182854344e-10,2,8,8,47,368.86138066003474,373.83568220868494,True
371.8067842889731,371.8067842818458,371.8067842262786,371.8067843325324,2.8577698479686246e-10,2,8,8,47,368.86138066003474,373.83568220868494,True
371.8590117992086,371.85901179198515,371.8590116897784,371.8590118269867,3.6897936861025467e-10,1,8,8,47,368.86138066003474,373.83568220868494,True
371.88906380026714,371.88906380166304,371.889063732959,371.88906386396326,3.522669926947337e-10,1,8,8,47,368.86138066003474,373.83568220868494,True
372.24404796802406,372.24404798713226,372.24404786031886,372.24404812254215,7.044391897015912e-10,1,8,8,47,368.86138066003474,373.83568220868494,True
372.29648278355,372.296482785297,372.29648276227266,372.2964828110906,1.3112647092588382e-10,1,8,8,47,368.86138066003474,373.83568220868494,True
372.4035977802222,372.40359779637214,372.4035977673884,372.4035978640056,2.5944206102613173e-10,1,8,8,47,368.86138066003474,373.83568220868494,True
372.5209744303498,372.5209744296869,372.52097440297695,372.520974451665,1.3069877954625674e-10,2,8,8,47,368.86138066003474,373.83568220868494,True
372.6553238793959,372.6553238726108,372.65532381130646,372.6553239022133,2.4394348285915757e-10,1,8,8,47,368.86138066003474,373.83568220868494,True
373.3049740964784,373.30497409715105,373.295218611408,373.31472951344415,5.2265314930116655e-05,2,8,16,47,368.86138066003474,373.83568220868494,True
373.3960751843711,373.396075166086,373.3960750381445,373.39607521871903,4.83600545210299e-10,1,8,8,47,368.86138066003474,373.83568220868494,True
373.786495358132,373.7864953442214,373.7864952379687,373.78649538395433,3.905588114920222e-10,1,8,8,47,368.86138066003474,373.83568220868494,True
373.8520218849699,373.85202188338224,373.8520218463561,373.8520219112328,1.7353577765171437e-10,2,8,8,48,373.83568220868494,378.7740473780248,True
374.01477254412214,374.01477253842324,374.0147725139764,374.0147725570808,1.1524775941053435e-10,1,8,8,48,373.83568220868494,378.7740473780248,True
374.2510574493531,374.2510574456926,374.251057417861,374.2510574718783,1.4433448758555699e-10,1,8,8,48,373.83568220868494,378.7740473780248,True
374.4765126354872,374.476512635178,374.4765126194668,374.4765126484359,7.735895463818292e-11,2,8,8,48,373.83568220868494,378.7740473780248,True
374.54720528233327,374.5472052772284,374.54720524959976,374.5472052924708,1.1446093224860928e-10,1,8,8,48,373.83568220868494,378.7740473780248,True
374.8351976382805,374.835197626779,374.8351975691628,374.83519766355886,2.518334931933828e-10,1,8,8,48,373.83568220868494,378.7740473780248,True
374.98386718770985,374.98386718833285,374.9838671696425,374.98386720287306,8.861860972423131e-11,1,8,8,48,373.83568220868494,378.7740473780248,True
375.22312802798103,375.22312802706085,375.22312800720846,375.22312804288015,9.506793941419289e-11,1,8,8,48,373.83568220868494,378.7740473780248,True
375.33954085103164,375.3395408570154,375.3395408378505,375.33954088653263,1.297015627170198e-10,1,8,8,48,373.83568220868494,378.7740473780248,True
375.82461094480556,375.82461094498825,375.82461092819943,375.82461095881354,8.145848451884e-11,1,8,8,48,373.83568220868494,378.7740473780248,True
375.9012859599717,375.901285958449,375.90128593879433,375.901285970406,8.409561124353546e-11,1,8,8,48,373.83568220868494,378.7740473780248,True
375.9349479538239,375.9349479510839,375.9349478927229,375.934947987084,2.5100379468330564e-10,1,8,8,48,373.83568220868494,378.7740473780248,True
376.0372711688338,376.03727116488153,376.0372711442011,376.03727118230495,1.0132997946327908e-10,1,8,8,48,373.83568220868494,378.7740473780248,True
376.0650826033077,376.0650826052798,376.0650825934198,376.065082628602,9.355351653179028e-11,1,8,8,48,373.83568220868494,378.7740473780248,True
376.34774516948124,376.3477451543279,376.34774501161417,376.3477451965134,4.912989437617884e-10,1,8,8,48,373.83568220868494,378.7740473780248,True
376.67565439458264,376.6756543764384,376.6756542921421,376.6756544242141,3.506252325044369e-10,1,8,8,48,373.83568220868494,378.7740473780248,True
376.76236702384665,376.7623670295643,376.76236698001776,376.7623671080884,3.399242551003121e-10,2,8,8,48,373.83568220868494,378.7740473780248,True
376.94256798700883,376.9425679837477,376.9425678603389,376.94256815657144,7.858824331727094e-10,2,8,8,48,373.83568220868494,378.7740473780248,True
376.97589321408685,376.9758932100835,376.97589315963626,376.9758932700216,2.9281796819849423e-10,1,8,8,48,373.83568220868494,378.7740473780248,True
377.04398165809727,377.04398163422206,377.0439815877139,377.0439816643076,2.0314252042206244e-10,2,8,8,48,373.83568220868494,378.7740473780248,True
377.11485854847496,377.11485854974137,377.1148585044033,377.1148585952809,2.4098127675383334e-10,1,8,8,48,373.83568220868494,378.7740473780248,True
377.1688311862806,377.16883118943133,377.1688311627146,377.1688312247479,1.6447100491980937e-10,2,8,8,48,373.83568220868494,378.7740473780248,True
377.55809232516674,377.55809232095413,377.5580922923056,377.55809235087816,1.5513516995072147e-10,1,8,8,48,373.83568220868494,378.7740473780248,True
377.73861967360045,377.73861967549203,377.7386196431445,377.7386197098252,1.7652599075799715e-10,1,8,8,48,373.83568220868494,378.7740473780248,True
377.96032125980884,377.9603212566621,377.96032122903057,377.9603212726561,1.1542350488235129e-10,1,8,8,48,373.83568220868494,378.7740473780248,True
377.9891105644724,377.989110561389,377.9891105211274,377.9891106038544,2.1886083615508706e-10,1,8,8,48,373.83568220868494,378.7740473780248,True
378.31709380340214,378.31709379766636,378.31709378063056,378.31709380650216,6.838601902274863e-11,1,8,8,48,373.83568220868494,378.7740473780248,True
378.42257486642995,378.4225748656657,378.4225748439485,378.4225748901621,1.2212164103399748e-10,1,8,8,48,373.83568220868494,378.7740473780248,True
379.4233394750575,379.4233394763182,379.4233394580732,379.423339500284,1.1124984044486716e-10,1,8,8,49,378.7740473780248,383.677470992656,True
379.46650171255396,379.46650171053545,379.46650169209806,379.46650173064626,1.0158523557739662e-10,2,8,8,49,378.7740473780248,383.677470992656,True
379.5004142408483,379.5004142438361,379.500414175606,379.5004143043401,3.3921988401371135e-10,1,8,8,49,378.7740473780248,383.677470992656,True
379.677604749515,379.6776047574241,379.6776047210772,379.6776048334629,2.9600295213102294e-10,1,8,8,49,378.7740473780248,383.677470992656,True
379.73144766783736,379.7314476654799,379.7314476438802,379.731447685952,1.1079357287086116e-10,2,8,8,49,378.7740473780248,383.677470992656,True
379.79697790340225,379.79697787993223,379.7877593216974,379.80619641555114,4.854460389732022e-05,2,8,16,49,378.7740473780248,383.677470992656,True
380.76576439316113,380.76576439584943,380.7657643868849,380.7657644080396,5.5558390629250976e-11,1,8,8,49,378.7740473780248,383.677470992656,True
380.8232762527432,380.8232762562369,380.8232762438081,380.8232762814636,9.887926308217354e-11,1,8,8,49,378.7740473780248,383.677470992656,True
381.3127142915365,381.3127142921024,381.3127142792207,381.31271430894714,7.795815693884386e-11,1,8,8,49,378.7740473780248,383.677470992656,True
381.55910996023425,381.55910995882,381.55910993772807,381.559109979956,1.1067211236171438e-10,1,8,8,49,378.7740473780248,383.677470992656,True
381.64032526334637,381.64032526763435,381.6403252531573,381.64032529996285,1.2264310166573207e-10,1,8,8,49,378.7740473780248,383.677470992656,True
381.9260731934311,381.92607319577326,381.9260731799004,381.9260732210628,1.0777574208541373e-10,1,8,8,49,378.7740473780248,383.677470992656,True
382.42731414669277,382.42731414223414,382.4273141065991,382.4273141967647,2.35771860679952e-10,1,8,8,49,378.7740473780248,383.677470992656,True
382.537138776785,382.537138777656,382.52711840908455,382.54715915615674,5.23890232887455e-05,3,8,16,49,378.7740473780248,383.677470992656,True
382.7080205988409,382.7080205890161,382.7080205358988,382.70802061407903,2.0428163821988254e-10,3,8,8,49,378.7740473780248,383.677470992656,True
382.74959777597144,382.7495977626276,382.74959767358706,382.7495977988991,3.27399575522071e-10,1,8,8,49,378.7740473780248,383.677470992656,True
382.8838778993062,382.8838779061432,382.8838778820424,382.8838779574616,1.9697675253578304e-10,1,8,8,49,378.7740473780248,383.677470992656,True
383.2004597317749,383.2004597386873,383.20045968988927,383.200459790853,2.6347501221404735e-10,2,8,8,49,378.7740473780248,383.677470992656,True
383.2453401978483,383.2453402113964,383.2453401661239,383.2453403254349,4.1568922203407676e-10,1,8,8,49,378.7740473780248,383.677470992656,True
383.33739367563345,383.3373936955519,383.3373936545331,383.3373938169264,4.236301868326663e-10,1,8,8,49,378.7740473780248,383.677470992656,True
383.62688543694753,383.6268854447312,383.62688539869407,383.6268855003237,2.6491784980356176e-10,1,8,8,49,378.7740473780248,383.677470992656,True
383.73734634803225,383.73734633736115,383.7373462430954,383.73734639471246,3.9510641413533616e-10,1,8,8,50,383.677470992656,388.5469009381698,True
383.99343083252893,383.9934308680697,383.9934307856747,383.99343115074663,9.507243690721298e-10,1,8,8,50,383.677470992656,388.5469009381698,True
384.165378213628,384.1653782103292,384.1653781800442,384.16537823012686,1.3036752616298701e-10,2,8,8,50,383.677470992656,388.5469009381698,True
384.3525573845303,384.35255737493316,384.35255731979373,384.35255739283485,1.9003677793244637e-10,1,8,8,50,383.677470992656,388.5469009381698,True
384.83320940828776,384.83320940668347,384.8332093827372,384.8332094277049,1.1684982141107176e-10,1,8,8,50,383.677470992656,388.5469009381698,True
385.00289920118377,385.00289919833466,385.0028991513716,385.00289923814904,2.2539427009524453e-10,1,8,8,50,383.677470992656,388.5469009381698,True
385.1810083798569,385.18100839033826,385.18100833815464,385.18100852607046,4.878636592998474e-10,1,8,8,50,383.677470992656,388.5469009381698,True
385.3861404371813,385.38614043849356,385.38614042972154,385.3861404546934,6.479704306806028e-11,1,8,8,50,383.677470992656,388.5469009381698,True
385.41133580254086,385.41133579778034,385.4113357798657,385.41133580775,7.234948523356354e-11,1,8,8,50,383.677470992656,388.5469009381698,True
386.0083907013069,386.0083907071819,386.008390688913,386.0083907543644,1.6955964359650906e-10,1,8,8,50,383.677470992656,388.5469009381698,True
386.10934918920583,386.1093491940577,386.1093491465037,386.1093492525955,2.7477142995928476e-10,1,8,8,50,383.677470992656,388.5469009381698,True
386.20003248439696,386.2000324831793,386.2000324372212,386.20003250916744,1.8629273550794056e-10,1,8,8,50,383.677470992656,388.5469009381698,True
386.23992017695394,386.23992015639453,386.2399200582655,386.23992019626667,3.57293868869772e-10,3,8,8,50,383.677470992656,388.5469009381698,True
386.3538696820843,386.353869664811,386.35386959688736,386.353869704248,2.7788157017322464e-10,1,8,8,50,383.677470992656,388.5469009381698,True
386.3834293355958,386.3834293457574,386.38342930033286,386.3834293995002,2.566552178816846e-10,2,8,8,50,383.677470992656,388.5469009381698,True
386.5778851261125,386.5778851334071,386.5778851093824,386.5778851599688,1.308568893256837e-10,1,8,8,50,383.677470992656,388.5469009381698,True
386.8072166492191,386.80721664810926,386.80721662073125,386.80721666828913,1.2294981534113128e-10,1,8,8,50,383.677470992656,388.5469009381698,True
386.90420725512683,386.9042072329273,386.9042070933822,386.9042072701436,4.5686097189785356e-10,1,8,8,50,383.677470992656,388.5469009381698,True
386.9434345834668,386.9434345831329,386.9434345623068,386.9434345945897,8.343057268335285e-11,1,8,8,50,383.677470992656,388.5469009381698,True
387.85305870594937,387.8530587081969,387.85305866148366,387.8530587497484,2.2757266836824084e-10,1,8,8,50,383.677470992656,388.5469009381698,True
388.1548854445563,388.15488545163805,388.1548853971514,388.15488550397293,2.7520332983298586e-10,1,8,8,50,383.677470992656,388.5469009381698,True
388.1929553985591,388.1929554063603,388.1929553873699,388.19295544848984,1.5744726673159523e-10,2,8,8,50,383.677470992656,388.5469009381698,True
388.51429820409453,388.51429821879634,388.5142981745213,388.51429834670233,4.4317814583778985e-10,2,8,8,50,383.677470992656,388.5469009381698,True
388.74097770652685,388.7409777104889,388.74097759190175,388.7409778478472,6.583958629971088e-10,1,8,8,51,388.5469009381698,393.3832412536655,True
388.7877136916062,388.7877137030253,388.7877136065033,388.78771378225446,4.5204914632138254e-10,1,8,8,51,388.5469009381698,393.3832412536655,True
388.81966773227833,388.8196677391502,388.8196677068432,388.8196677970568,2.3201920994967835e-10,1,8,8,51,388.5469009381698,393.3832412536655,True
389.2390459682798,389.23904596432504,389.23904592501776,389.23904600900926,2.157838364835101e-10,1,8,8,51,388.5469009381698,393.3832412536655,True
389.30344660742617,389.3034466259712,389.30344657454543,389.3034467162429,3.63976884308724e-10,1,8,8,51,388.5469009381698,393.3832412536655,True
389.385909842158,389.38590982625385,389.3748155353997,389.39700403895006,5.698332422800725e-05,2,8,16,51,388.5469009381698,393.3832412536655,True
389.7560562867337,389.75605628705046,389.75605626694335,389.756056309421,1.0898526179144362e-10,1,8,8,51,388.5469009381698,393.3832412536655,True
389.79698524869445,389.796985280714,389.7880194695712,389.80595116430254,4.600265114897242e-05,2,8,16,51,388.5469009381698,393.3832412536655,True
389.85014939366783,389.8501494023599,389.85014937615983,389.85014944745166,1.8286980865419492e-10,1,8,8,51,388.5469009381698,393.3832412536655,True
390.4121048247815,390.412104834601,390.4121048112472,390.4121048735714,1.5963696743450003e-10,1,8,8,51,388.5469009381698,393.3832412536655,True
390.8851922507564,390.88519229744753,390.8851922260629,390.88519266258993,1.1167653681336666e-09,1,8,8,51,388.5469009381698,393.3832412536655,True
390.93962245324064,390.9396224508698,390.93962242043096,390.93962248242786,1.5858433501598582e-10,2,8,8,51,388.5469009381698,393.3832412536655,True
390.992943127938,390.9929431300246,390.9929431013813,390.9929431630381,1.5769288670493627e-10,3,8,8,51,388.5469009381698,393.3832412536655,True
391.2882085851961,391.28820857489575,391.2882084772675,391.288208624333,3.7584946487064446e-10,1,8,8,51,388.5469009381698,393.3832412536655,True
391.34017232301255,391.3401723348892,391.3401723096538,391.34017240578095,2.4563582649962086e-10,2,8,8,51,388.5469009381698,393.3832412536655,True
391.37750895818283,391.37750897456345,391.3775089325906,391.37750905104247,3.0265369951832645e-10,1,8,8,51,388.5469009381698,393.3832412536655,True
391.4460424645067,391.44604246665114,391.44604239909097,391.446042513638,2.926253857570239e-10,1,8,8,51,388.5469009381698,393.3832412536655,True
392.033807742619,392.0338077539975,392.0338076942666,392.03380786658965,4.39561685157036e-10,1,8,8,51,388.5469009381698,393.3832412536655,True
392.13963170708143,392.1396317220297,392.1293742772826,392.14988921334253,5.231538564629861e-05,2,8,16,51,388.5469009381698,393.3832412536655,True
392.383889270973,392.3838892677762,392.3838891936709,392.3838893168564,3.139413898271547e-10,1,8,8,51,388.5469009381698,393.3832412536655,True
392.6184130488571,392.61841301953615,392.6076973500844,392.62912868137965,5.458565004338835e-05,2,8,16,51,388.5469009381698,393.3832412536655,True
392.81172812353583,392.8117281278172,392.8117280631343,392.8117281871204,3.156375367075514e-10,1,8,8,51,388.5469009381698,393.3832412536655,True
392.92340155933425,392.9234015623683,392.92340153299233,392.92340158970336,1.4433100780768187e-10,2,8,8,51,388.5469009381698,393.3832412536655,True
393.0588721271805,393.05887216976305,393.04802377724377,393.0697205730638,5.519986281604176e-05,2,8,16,51,388.5469009381698,393.3832412536655,True
393.17341205748863,393.17341200175247,393.1734116964224,393.1734120694625,9.487926719907635e-10,1,8,8,51,388.5469009381698,393.3832412536655,True
393.28932940443644,393.28932941599936,393.28932935901327,393.28932946107057,2.594967416350934e-10,1,8,8,51,388.5469009381698,393.3832412536655,True
393.3683127636084,393.3683127982846,393.3683127298167,393.3683129224539,4.897121205778075e-10,1,8,8,51,388.5469009381698,393.3832412536655,True
393.5039721902849,393.503972195821,393.50397217271137,393.5039722487255,1.931725000528127e-10,1,8,8,52,393.3832412536655,398.1873549649592,True
393.5333129734587,393.53331297252134,393.53331288504154,393.53331312023187,5.976376583739979e-10,1,8,8,52,393.3832412536655,398.1873549649592,True
393.6078743921487,393.6078744255207,393.6078743323855,393.6078745507596,5.548011762203382e-10,1,8,8,52,393.3832412536655,398.1873549649592,True
393.93990337439635,393.9399033654604,393.9399033244365,393.93990338494586,1.5360049619667948e-10,1,8,8,52,393.3832412536655,398.1873549649592,True
394.4182802515115,394.41828024780204,394.4182802022116,394.41828026840614,1.6782832460283588e-10,1,8,8,52,393.3832412536655,398.1873549649592,True
394.6724370663787,394.6724370688836,394.67243702221134,394.6724371299061,2.7287121027838585e-10,1,8,8,52,393.3832412536655,398.1873549649592,True
394.94465155332745,394.9446515704026,394.9446514984388,394.9446516966997,5.019965783725727e-10,1,8,8,52,393.3832412536655,398.1873549649592,True
395.0063711472285,395.0063711862383,395.00637109972047,395.0063713755112,6.981931425003717e-10,1,8,8,52,393.3832412536655,398.1873549649592,True
395.07184950901114,395.0718495219212,395.0718494902055,395.0718495913405,2.559913046489027e-10,1,8,8,52,393.3832412536655,398.1873549649592,True
395.15632131725886,395.1563213207447,395.1563212735237,395.1563213770905,2.620906484373316e-10,3,8,8,52,393.3832412536655,398.1873549649592,True
395.1961984531092,395.19619845180773,395.1961983745172,395.19619849366336,3.014860390327459e-10,1,8,8,52,393.3832412536655,398.1873549649592,True
395.3378848921776,395.3378848832317,395.3378847971368,395.3378849350549,3.4886134728685363e-10,1,8,8,52,393.3832412536655,398.1873549649592,True
395.5866122712416,395.5866122663522,395.58661224093674,395.58661229262736,1.3066827385212913e-10,1,8,8,52,393.3832412536655,398.1873549649592,True
396.0404688734127,396.0404688730809,396.0404688576809,396.0404688941064,9.197430537014857e-11,1,8,8,52,393.3832412536655,398.1873549649592,True
396.089966854282,396.08996684639055,396.08996681760834,396.0899668636554,1.1625397885091425e-10,1,8,8,52,393.3832412536655,398.1873549649592,True
396.2317959673982,396.2317959651748,396.2317959295216,396.2317960094448,2.0170822224202515e-10,1,8,8,52,393.3832412536655,398.1873549649592,True
396.3222718368675,396.32227184032206,396.32227179319887,396.3222718984375,2.65538079997187e-10,1,8,8,52,393.3832412536655,398.1873549649592,True
396.4157814296851,396.4157814392505,396.4157813372453,396.415781575828,6.018497599534934e-10,1,8,8,52,393.3832412536655,398.1873549649592,True
396.5279700575286,396.5279700475585,396.52796998266115,396.52797007142175,2.238444885346732e-10,4,8,8,52,393.3832412536655,398.1873549649592,True
396.61027572905914,396.61027570593274,396.6102754641457,396.6102757851536,8.093787195670984e-10,1,8,8,52,393.3832412536655,398.1873549649592,True
396.84379333105966,396.8437933262936,396.8437932711018,396.84379336399786,2.3408725200518467e-10,1,8,8,52,393.3832412536655,398.1873549649592,True
396.8787374091611,396.8787374342875,396.878737390253,396.8787375857147,4.924973419521964e-10,1,8,8,52,393.3832412536655,398.1873549649592,True
397.50798737658334,397.50798738228167,397.50798735684657,397.5079874425454,2.155902429601554e-10,1,8,8,52,393.3832412536655,398.1873549649592,True
397.9205562423701,397.9205562464599,397.920556178576,397.9205562901861,2.804832815562201e-10,1,8,8,52,393.3832412536655,398.1873549649592,True
397.9734323363913,397.9734323462849,397.96264386444034,397.98422080272496,5.421703192083075e-05,3,8,16,52,393.3832412536655,398.1873549649592,True
398.0409939197225,398.0409939206021,398.04099387424327,398.0409939796672,2.6485691030862625e-10,1,8,8,52,393.3832412536655,398.1873549649592,True
398.0875951904531,398.08759519867453,398.08759514363646,398.08759528498206,3.550615404543005e-10,1,8,8,52,393.3832412536655,398.1873549649592,True
398.16475018104586,398.1647501967019,398.1647501618685,398.16475026792574,2.663652599846551e-10,1,8,8,52,393.3832412536655,398.1873549649592,True
398.32519410668624,398.3251940985675,398.3251939765684,398.32519420784234,5.806158716714359e-10,1,8,8,53,398.1873549649592,402.96006668471176,True
398.3658208148836,398.36582081731353,398.3658207729377,398.3658208529639,2.0088623886362945e-10,1,8,8,53,398.1873549649592,402.96006668471176,True
399.4151656870952,399.41516568549787,399.4151656727464,399.41516569889086,6.545682445238964e-11,1,8,8,53,398.1873549649592,402.96006668471176,True
399.59564772826764,399.595647727469,399.5956477075596,399.59564774637533,9.713758436421616e-11,1,8,8,53,398.1873549649592,402.96006668471176,True
400.17363328274473,400.1736332865677,400.1736332610709,400.1736333128731,1.2944931676474869e-10,1,8,8,53,398.1873549649592,402.96006668471176,True
400.1977936887855,400.19779369087024,400.19779367957665,400.19779370733465,6.936071639957933e-11,2,8,8,53,398.1873549649592,402.96006668471176,True
400.6831046221969,400.6831046208154,400.6831045781386,400.6831046562396,1.9491957804302488e-10,1,8,8,53,398.1873549649592,402.96006668471176,True
401.2143438062345,401.2143438025721,401.21434376522006,401.2143438254712,1.5017191161837606e-10,1,8,8,53,398.1873549649592,402.96006668471176,True
401.3381337249432,401.3381337242022,401.3381336889178,401.33813376403054,1.8715570946441283e-10,1,8,8,53,398.1873549649592,402.96006668471176,True
401.3685901272922,401.3685901306114,401.3685901148388,401.36859015128255,9.079867686103084e-11,1,8,8,53,398.1873549649592,402.96006668471176,True
401.4808284454855,401.4808284452819,401.4808283999242,401.4808284805202,2.0074684556682106e-10,3,8,8,53,398.1873549649592,402.96006668471176,True
401.8424918707399,401.8424918693397,401.8424918239736,401.8424918900321,1.643889766735747e-10,2,8,8,53,398.1873549649592,402.96006668471176,True
402.13640574963745,402.13640574620877,402.13640569607867,402.13640578283406,2.157362302021919e-10,1,8,8,53,398.1873549649592,402.96006668471176,True
402.1751287830883,402.1751287821327,402.17512875909034,402.17512880001726,1.0176392718044578e-10,1,8,8,53,398.1873549649592,402.96006668471176,True
402.2985585259778,402.2985585182122,402.29855844900567,402.29855854493593,2.384553934759845e-10,1,8,8,53,398.1873549649592,402.96006668471176,True
402.6984248385513,402.69842484278035,402.6984248201943,402.69842487473136,1.3542902236534555e-10,2,8,8,53,398.1873549649592,402.96006668471176,True
402.73289995928906,402.7328999764771,402.7328999440264,402.73290005960223,2.8697879260786174e-10,1,8,8,53,398.1873549649592,402.96006668471176,True
403.0424168103109,403.0424168160697,403.0424168049749,403.0424168383189,8.273076741431396e-11,1,8,8,54,402.96006668471176,407.7021650026065,True
403.073600357359,403.07360035932203,403.0736003554724,403.0736003647464,2.3008214328397185e-11,1,8,8,54,402.96006668471176,407.7021650026065,True
403.1947727420595,403.19477273932927,403.19477271544343,403.194772749768,8.513145442127198e-11,1,8,8,54,402.96006668471176,407.7021650026065,True
403.2266604209076,403.22666041980904,403.22666040657293,403.22666043047303,5.927212167016176e-11,1,8,8,54,402.96006668471176,407.7021650026065,True
403.28113312985,403.2811331287652,403.28113311075504,403.2811331574357,1.1575217481038974e-10,1,8,8,54,402.96006668471176,407.7021650026065,True
403.3235326271008,403.3235326275571,403.3235326217931,403.3235326336461,2.938829188480445e-11,1,8,8,54,402.96006668471176,407.7021650026065,True
403.4468609958669,403.44686099359177,403.44686098009777,403.44686100363583,5.834241437470915e-11,2,8,8,54,402.96006668471176,407.7021650026065,True
403.86156982382306,403.8615698207367,403.86156980651407,403.861569830793,6.01168965668129e-11,1,8,8,54,402.96006668471176,407.7021650026065,True
403.9683697334783,403.96836973481385,403.9683697318087,403.9683697426382,2.680771048484022e-11,1,8,8,54,402.96006668471176,407.7021650026065,True
404.19348892510527,404.19348892523755,404.19348891262666,404.1934889449108,7.987304046988031e-11,1,8,8,54,402.96006668471176,407.7021650026065,True
404.276860047447,404.2768600455679,404.2768600391636,404.2768600496384,2.591001871674289e-11,1,8,8,54,402.96006668471176,407.7021650026065,True
404.6119250171221,404.61192501673315,404.61192500847034,404.6119250210061,3.0982121953677895e-11,1,8,8,54,402.96006668471176,407.7021650026065,True
404.964413718302,404.9644137214581,404.9644137137528,404.9644137400719,6.499121235988275e-11,1,8,8,54,402.96006668471176,407.7021650026065,True
405.3533445609387,405.3533445604255,405.35334454848584,405.35334457583855,6.747868856228369e-11,1,8,8,54,402.96006668471176,407.7021650026065,True
405.5936688038445,405.59366880331714,405.5936687946965,405.59366880729834,3.107012231747273e-11,2,8,8,54,402.96006668471176,407.7021650026065,True
405.76288752263804,405.7628875236004,405.76288751831214,405.7628875337877,3.813942678671597e-11,3,8,8,54,402.96006668471176,407.7021650026065,True
405.7857766217471,405.7857766176587,405.7857765932307,405.7857766330972,9.824520433495077e-11,1,8,8,54,402.96006668471176,407.7021650026065,True
405.9615177131393,405.9615177122791,405.9615176928348,405.9615177319865,9.64419011161323e-11,2,8,8,54,402.96006668471176,407.7021650026065,True
406.0026919658336,406.00269196207694,406.00269194415,406.0026919698696,6.334835009813438e-11,2,8,8,54,402.96006668471176,407.7021650026065,True
406.43857735379186,406.43857735223935,406.43857734171945,406.4385773577975,3.955836929314512e-11,1,8,8,54,402.96006668471176,407.7021650026065,True
406.52064242849343,406.5206424276713,406.5206424212321,406.52064243037194,2.2483122293690194e-11,1,8,8,54,402.96006668471176,407.7021650026065,True
407.11653567240444,407.1165356744623,407.11653566738454,407.11653568477544,4.271726008679007e-11,1,8,8,54,402.96006668471176,407.7021650026065,True
407.14621287357465,407.1462128729532,407.1462128656873,407.14621288280983,4.2055027452327045e-11,1,8,8,54,402.96006668471176,407.7021650026065,True
407.3007012994409,407.3007013000534,407.3007012953348,407.3007013053143,2.4501522896435077e-11,1,8,8,54,402.96006668471176,407.7021650026065,True
407.3292793138901,407.3292793163166,407.32927930811616,407.3292793341786,6.398367280271628e-11,1,8,8,54,402.96006668471176,407.7021650026065,True
407.5749501916806,407.5749501919082,407.57495018876006,407.5749501966336,1.9318048061992536e-11,1,8,8,54,402.96006668471176,407.7021650026065,True
407.59733965243726,407.5973396514644,407.59733964189263,407.5973396624468,5.0427665631142074e-11,1,8,8,54,402.96006668471176,407.7021650026065,True
407.6525842372422,407.65258423789874,407.65258422369567,407.65258425351186,7.314118279830449e-11,1,8,8,54,402.96006668471176,407.7021650026065,True
408.0441681932982,408.04416819166386,408.044168170774,408.0441682098336,9.572384661007813e-11,1,8,8,55,407.7021650026065,412.41440468604026,True
408.14586379502475,408.14586379891307,408.1458637628593,408.1458638656098,2.517494702455496e-10,1,8,8,55,407.7021650026065,412.41440468604026,True
408.173698776631,408.17369879204574,408.1736987712145,408.1736988330308,1.514460846000156e-10,1,8,8,55,407.7021650026065,412.41440468604026,True
408.37740878558407,408.3774087846251,408.377408752114,408.37740882384816,1.7565657689617133e-10,1,8,8,55,407.7021650026065,412.41440468604026,True
408.4354073347784,408.43540732830377,408.43540730214926,408.4354073433592,1.0089708962964223e-10,1,8,8,55,407.7021650026065,412.41440468604026,True
408.6102500469931,408.610250047485,408.6102500270538,408.6102500691836,1.0310519852195532e-10,1,8,8,55,407.7021650026065,412.41440468604026,True
408.7424918610373,408.7424918686453,408.7424918530304,408.7424919091688,1.373441495673103e-10,2,8,8,55,407.7021650026065,412.41440468604026,True
409.40539596754,409.4053959706922,409.4053959439997,409.4053960144247,1.7201780343609484e-10,1,8,8,55,407.7021650026065,412.41440468604026,True
409.55652320092304,409.55652320078775,409.5565231847844,409.556523215927,7.603975215483823e-11,1,8,8,55,407.7021650026065,412.41440468604026,True
409.68085272766496,409.6808527293686,409.6808527105831,409.6808527460376,8.654173282115589e-11,1,8,8,55,407.7021650026065,412.41440468604026,True
410.17090837848446,410.1709083796462,410.17090836317914,410.17090840150416,9.343672582549051e-11,2,8,8,55,407.7021650026065,412.41440468604026,True
410.35134075686267,410.35134075658743,410.3513407104051,410.35134081679854,2.5927398941016627e-10,1,8,8,55,407.7021650026065,412.41440468604026,True
410.573192110622,410.5731921156476,410.57319209540617,410.57319216261874,1.6370422922695809e-10,1,8,8,55,407.7021650026065,412.41440468604026,True
410.67813280848816,410.6781328068097,410.6781327697556,410.6781328261682,1.373645151337261e-10,1,8,8,55,407.7021650026065,412.41440468604026,True
410.71314499192624,410.71314499220523,410.71314496823607,410.7131450077044,9.609704211457887e-11,1,8,8,55,407.7021650026065,412.41440468604026,True
410.88957187588517,410.8895718807387,410.889571862498,410.8895719061085,1.0613678542530766e-10,2,8,8,55,407.7021650026065,412.41440468604026,True
411.2865464630087,411.28654646072505,411.28654642781686,411.28654648821737,1.4685748902387997e-10,2,8,8,55,407.7021650026065,412.41440468604026,True
411.3854656150821,411.3854656195807,411.38546558509415,411.3854656806087,2.3217778246782714e-10,1,8,8,55,407.7021650026065,412.41440468604026,True
411.4409263159299,411.44092631101705,411.4409262840935,411.4409263300784,1.1176550953419761e-10,1,8,8,55,407.7021650026065,412.41440468604026,True
411.49123775375887,411.4912377480184,411.4912376984107,411.49123778163965,2.022617556537235e-10,1,8,8,55,407.7021650026065,412.41440468604026,True
411.7228436558334,411.7228436595793,411.72284358104133,411.72284372657055,3.534640251597441e-10,1,8,8,55,407.7021650026065,412.41440468604026,True
411.802673371016,411.8026733676799,411.80267331018376,411.8026733925468,2.0000609444923848e-10,1,8,8,55,407.7021650026065,412.41440468604026,True
411.8642444810152,411.86424446295905,411.8642443087661,411.8642445232299,5.207147717465507e-10,1,8,8,55,407.7021650026065,412.41440468604026,True
411.9852497887136,411.9852497839537,411.9852497101432,411.9852498359981,3.0548402050258303e-10,1,8,8,55,407.7021650026065,412.41440468604026,True
412.1499877461792,412.1499877910377,412.14998766471615,412.1499879763428,7.561001069594171e-10,1,8,8,55,407.7021650026065,412.41440468604026,True
412.19322132018976,412.1932213481466,412.1932212241026,412.1932215355388,7.555586831926181e-10,2,8,8,55,407.7021650026065,412.41440468604026,True
412.3137460093777,412.31374600891036,412.31374596475297,412.31374604027855,1.8317501571214513e-10,2,8,8,55,407.7021650026065,412.41440468604026,True
412.4336307371982,412.4336307381968,412.4336307153036,412.43363078122553,1.5983647602319763e-10,1,8,8,56,412.41440468604026,417.0975087094637,True
412.4805597796602,412.4805597931392,412.48055975362354,412.4805598707399,2.839318579627283e-10,1,8,8,56,412.41440468604026,417.0975087094637,True
413.1222179680947,413.12221796172116,413.12221791188614,413.1222179799255,1.6469546425679357e-10,2,8,8,56,412.41440468604026,417.0975087094637,True
413.1656630916503,413.1656630924118,413.165663069998,413.1656631193833,1.1952899889994206e-10,2,8,8,56,412.41440468604026,417.0975087094637,True
413.32857832307684,413.3285783219258,413.3285782830898,413.32857834591744,1.5200403039218497e-10,1,8,8,56,412.41440468604026,417.0975087094637,True
413.411798875156,413.4117988827942,413.4117988574922,413.41179895201833,2.2864880778107436e-10,1,8,8,56,412.41440468604026,417.0975087094637,True
413.6824200724328,413.6824200758889,413.6824200656439,413.6824200981594,7.860018708952464e-11,2,8,8,56,412.41440468604026,417.0975087094637,True
413.8592990144943,413.85929901174893,413.8592989955655,413.8592990281685,7.877797529885994e-11,2,8,8,56,412.41440468604026,417.0975087094637,True
414.05214211084945,414.05214210824766,414.05214207013887,414.05214212887375,1.4185383349055826e-10,1,8,8,56,412.41440468604026,417.0975087094637,True
414.1108855234434,414.1108855216543,414.1108854921112,414.110885536027,1.0604841809670955e-10,1,8,8,56,412.41440468604026,417.0975087094637,True
414.28053400734547,414.2805340022702,414.2805339257122,414.2805340478778,2.948861750688196e-10,1,8,8,56,412.41440468604026,417.0975087094637,True
414.36940282683787,414.3694028338249,414.3694027840218,414.36940292469706,3.3949234520153985e-10,1,8,8,56,412.41440468604026,417.0975087094637,True
414.5219072756081,414.52190726916564,414.52190724742286,414.52190728078426,8.048163907348528e-11,1,8,8,56,412.41440468604026,417.0975087094637,True
414.5454212712042,414.54542127382996,414.545421260883,414.5454212851138,5.845139422920339e-11,1,8,8,56,412.41440468604026,417.0975087094637,True
414.65774230486494,414.65774230355623,414.6577422694583,414.65774233176126,1.5025149338581e-10,1,8,8,56,412.41440468604026,417.0975087094637,True
414.80687117144464,414.8068711757848,414.8068711634226,414.8068712057207,1.0197058054890972e-10,1,8,8,56,412.41440468604026,417.0975087094637,True
415.1788790253948,415.17887902718843,415.1788790186613,415.17887903563377,4.08799180092167e-11,3,8,8,56,412.41440468604026,417.0975087094637,True
415.42540783901654,415.42540784317123,415.4254078284089,415.42540788083915,1.2620861738680405e-10,1,8,8,56,412.41440468604026,417.0975087094637,True
415.5106044107806,415.51060440870685,415.51060437984063,415.5106044350485,1.328675191051119e-10,1,8,8,56,412.41440468604026,417.0975087094637,True
415.85198067709433,415.85198067597776,415.8519806499992,415.851980701384,1.2356512552220681e-10,3,8,8,56,412.41440468604026,417.0975087094637,True
415.98605985618275,415.9860598674712,415.9860598492237,415.98605992852447,1.9063325283361474e-10,1,8,8,56,412.41440468604026,417.0975087094637,True
416.0705810541538,416.0705810662215,416.0705810413001,416.07058111392104,1.745399418993787e-10,1,8,8,56,412.41440468604026,417.0975087094637,True
416.37298262927163,416.3729826259124,416.37298261193394,416.37298263553976,5.6693931360807525e-11,1,8,8,56,412.41440468604026,417.0975087094637,True
416.6711245377375,416.6711245390477,416.6711245071333,416.6711245683794,1.4698909661614236e-10,2,8,8,56,412.41440468604026,417.0975087094637,True
416.95519795160203,416.95519795307143,416.9551979334286,416.9551979717811,9.198226156546048e-11,2,8,8,56,412.41440468604026,417.0975087094637,True
417.0865531124249,417.08655311065604,417.086553088049,417.086553132678,1.0700167993041673e-10,2,8,8,56,412.41440468604026,417.0975087094637,True
417.16747785239045,417.16747784554923,417.1674777908614,417.16747790138606,2.6494068736944317e-10,1,8,8,57,417.0975087094637,421.75217012848464,True
417.308154929448,417.30815492767624,417.3081549174343,417.3081549326848,3.6544850184692977e-11,1,8,8,57,417.0975087094637,421.75217012848464,True
417.45133194842435,417.45133194867407,417.4513319392056,417.451331959154,4.77861741349076e-11,2,8,8,57,417.0975087094637,421.75217012848464,True
417.7144095075895,417.71440950994645,417.71440949271056,417.7144095318026,9.358550739133996e-11,2,8,8,57,417.0975087094637,421.75217012848464,True
417.87445462865037,417.8744546407852,417.8744546268708,417.87445471169434,2.0298816468424912e-10,1,8,8,57,417.0975087094637,421.75217012848464,True
418.1955233570709,418.19552336111786,418.1955233509035,418.1955233826285,7.586163030290332e-11,1,8,8,57,417.0975087094637,421.75217012848464,True
418.7232950928637,418.72329508047005,418.723294980894,418.723295105085,2.965944130449698e-10,1,8,8,57,417.0975087094637,421.75217012848464,True
418.84402027122223,418.84402027126083,418.8440202635418,418.8440202804468,4.036110002139229e-11,1,8,8,57,417.0975087094637,421.75217012848464,True
418.90634143965235,418.9063414402209,418.906341428558,418.9063414567132,6.721127062919046e-11,1,8,8,57,417.0975087094637,421.75217012848464,True
418.9367263872869,418.9367263869771,418.93672637679424,418.93672639757136,4.9594893300667054e-11,1,8,8,57,417.0975087094637,421.75217012848464,True
419.4131427773941,419.41314277665566,419.4131427463277,419.41314279623975,1.1900448736831767e-10,1,8,8,57,417.0975087094637,421.75217012848464,True
419.5577865046472,419.55778650279785,419.5577864858384,419.5577865104252,5.860176073768594e-11,1,8,8,57,417.0975087094637,421.75217012848464,True
419.6122263400113,419.6122263424664,419.6122263350303,419.6122263571264,5.2658420201154894e-11,1,8,8,57,417.0975087094637,421.75217012848464,True
419.670277014092,419.67027701638824,419.67027700686674,419.67027702787135,5.0050267454332696e-11,1,8,8,57,417.0975087094637,421.75217012848464,True
420.61582628035154,420.6158262843469,420.6158262650647,420.6158263310418,1.5685828284265757e-10,1,8,8,57,417.0975087094637,421.75217012848464,True
420.9986046537103,420.99860464996414,420.99860459926,420.99860467497143,1.798377810433647e-10,1,8,8,57,417.0975087094637,421.75217012848464,True
421.03431038110523,421.0343103804136,421.0343103644133,421.03431038792576,5.5844580415849064e-11,3,8,8,57,417.0975087094637,421.75217012848464,True
421.0768587393312,421.0768587420936,421.0768586879092,421.076858826018,3.279895676071688e-10,1,8,8,57,417.0975087094637,421.75217012848464,True
421.16908567660977,421.16908567254654,421.1690856397354,421.1690856886486,1.1613671363594375e-10,1,8,8,57,417.0975087094637,421.75217012848464,True
421.42568525205036,421.4256852486614,421.4156494324423,421.4357210661136,4.762793150422836e-05,2,8,16,57,417.0975087094637,421.75217012848464,True
421.64145432358976,421.6414543281521,421.6414543161425,421.6414543512268,8.320891173132555e-11,1,8,8,57,417.0975087094637,421.75217012848464,True
421.7398394264444,421.739839428705,421.739839416064,421.7398394493733,7.898062739250019e-11,1,8,8,57,417.0975087094637,421.75217012848464,True
422.3190518351298,422.3190518356845,422.31905182753445,422.3190518485608,4.978776993798173e-11,1,8,8,58,421.75217012848464,426.3790538130797,True
422.37078454174184,422.37078454309363,422.370784531277,422.3707845672342,8.513173393538413e-11,1,8,8,58,421.75217012848464,426.3790538130797,True
422.6223198779679,422.62231987655093,422.62231984869607,422.6223199034852,1.296409393673709e-10,1,8,8,58,421.75217012848464,426.3790538130797,True
422.68658485418246,422.6865848489158,422.68658481844193,422.68658487377246,1.3090202824136333e-10,1,8,8,58,421.75217012848464,426.3790538130797,True
422.7376325422267,422.7376325414797,422.73763253253446,422.73763254771154,3.590188802857999e-11,1,8,8,58,421.75217012848464,426.3790538130797,True
422.8485001838196,422.8485001831508,422.84850016641366,422.8485002044089,8.9855400161063e-11,1,8,8,58,421.75217012848464,426.3790538130797,True
423.45437750442784,423.4543775045426,423.4543774993932,423.4543775114832,2.8550820481150835e-11,1,8,8,58,421.75217012848464,426.3790538130797,True
423.6319972480146,423.6319972469727,423.63199723205696,423.63199725650713,5.771559655613729e-11,3,8,8,58,421.75217012848464,426.3790538130797,True
423.9607163530893,423.9607163604598,423.9607163260807,423.9607163988704,1.7168960118887493e-10,2,8,8,58,421.75217012848464,426.3790538130797,True
424.0465164426753,424.04651643586544,424.046516348134,424.046516492817,3.4119602445026806e-10,1,8,8,58,421.75217012848464,426.3790538130797,True
424.0727282803198,424.0727282753349,424.07272822838195,424.07272830805647,1.8787937985525537e-10,1,8,8,58,421.75217012848464,426.3790538130797,True
424.20271505620656,424.20271505599527,424.2027150429343,424.2027150662933,5.5065671066933057e-11,1,8,8,58,421.75217012848464,426.3790538130797,True
424.24598464102786,424.245984638384,424.2459846172069,424.24598465220265,8.248932406067566e-11,2,8,8,58,421.75217012848464,426.3790538130797,True
424.27785042153596,424.2778504292095,424.27785039397446,424.277850500048,2.500095499001555e-10,1,8,8,58,421.75217012848464,426.3790538130797,True
424.3636519905202,424.36365198907606,424.3636519559294,424.3636520092375,1.2561890967365358e-10,1,8,8,58,421.75217012848464,426.3790538130797,True
425.22315679476156,425.2231567945413,425.22315678650887,425.22315679860367,2.8443421792588893e-11,2,8,8,58,421.75217012848464,426.3790538130797,True
425.6527791888109,425.6527791925793,425.65277916984735,425.6527792229938,1.248586622322137e-10,1,8,8,58,421.75217012848464,426.3790538130797,True
425.7421358979162,425.742135902126,425.74213588219845,425.74213592817,1.0797979033137762e-10,1,8,8,58,421.75217012848464,426.3790538130797,True
425.80123495244027,425.8012349519919,425.8012349422482,425.8012349600756,4.1867900066974717e-11,3,8,8,58,421.75217012848464,426.3790538130797,True
426.29130741065467,426.29130741185907,426.2913073917414,426.2913074377519,1.0793215896027067e-10,1,8,8,58,421.75217012848464,426.3790538130797,True
426.373106843114,426.37310684415115,426.37310682929547,426.37310686055673,7.331903695248665e-11,2,8,8,58,421.75217012848464,426.3790538130797,True
426.40779284479913,426.40779284388304,426.4077928190069,426.40779285573046,8.612313772031291e-11,1,8,8,59,426.3790538130797,430.97879805271623,True
426.48718778358307,426.4871877809429,426.4871877555072,426.48718779820246,1.0010913260605332e-10,1,8,8,59,426.3790538130797,430.97879805271623,True
426.903580259862,426.90358026713625,426.9035802481388,426.9035803307502,1.9351300176824126e-10,1,8,8,59,426.3790538130797,430.97879805271623,True
427.10757009070335,427.10757008649614,427.1075700637938,427.10757009554715,7.434510946858534e-11,2,8,8,59,426.3790538130797,430.97879805271623,True
427.6965007738182,427.6965007723535,427.6965007586929,427.69650078116416,5.254025567190557e-11,1,8,8,59,426.3790538130797,430.97879805271623,True
427.8330652217329,427.8330652190152,427.83306520150165,427.8330652294393,6.530030786869205e-11,1,8,8,59,426.3790538130797,430.97879805271623,True
428.3492526630706,428.3492526751061,428.3492526349124,428.34925275490895,2.801372248369251e-10,1,8,8,59,426.3790538130797,430.97879805271623,True
428.3780858212524,428.3780858088687,428.3780857641215,428.37808583780014,1.7199437360742907e-10,1,8,8,59,426.3790538130797,430.97879805271623,True
428.45422011170626,428.45422012174595,428.4542200806389,428.4542201754908,2.213816088547227e-10,1,8,8,59,426.3790538130797,430.97879805271623,True
428.4989126688074,428.4989126687194,428.49891263017867,428.498912717758,2.043863705847125e-10,1,8,8,59,426.3790538130797,430.97879805271623,True
428.56157594663983,428.56157595062007,428.5615759369711,428.56157598767624,1.183146793309769e-10,1,8,8,59,426.3790538130797,430.97879805271623,True
428.5905415520615,428.59054154806677,428.5905414965197,428.590541590826,2.2003822364624784e-10,2,8,8,59,426.3790538130797,430.97879805271623,True
428.70706140275945,428.70706140217516,428.70706135154353,428.70706147409567,2.858645176642262e-10,1,8,8,59,426.3790538130797,430.97879805271623,True
428.80788346324425,428.80788346126496,428.8078834336953,428.8078834943244,1.413899698481543e-10,2,8,8,59,426.3790538130797,430.97879805271623,True
428.932336566564,428.9323365616697,428.93233652450056,428.93233658093993,1.315810700851341e-10,1,8,8,59,426.3790538130797,430.97879805271623,True
429.18762893059653,429.1876289640143,429.18762891817704,429.18762911576965,4.603874836432976e-10,1,8,8,59,426.3790538130797,430.97879805271623,True
429.3722250915374,429.3722250934492,429.37222507943613,429.3722251041784,5.762434159705598e-11,2,8,8,59,426.3790538130797,430.97879805271623,True
429.8507335812798,429.85073358332204,429.850733550162,429.8507336174939,1.566402796951309e-10,1,8,8,59,426.3790538130797,430.97879805271623,True
429.9325481826877,429.93254818186773,429.9325481639795,429.93254820190896,8.822186995664126e-11,1,8,8,59,426.3790538130797,430.97879805271623,True
430.04733679151803,430.0473367893528,430.0473367637674,430.0473368038432,9.318928541137324e-11,1,8,8,59,426.3790538130797,430.97879805271623,True
430.13928864241507,430.1392886401325,430.13928861508657,430.13928865617214,9.55168978657621e-11,1,8,8,59,426.3790538130797,430.97879805271623,True
430.20469095598753,430.20469095407356,430.20469092389146,430.20469098070726,1.3206688386634597e-10,2,8,8,59,426.3790538130797,430.97879805271623,True
430.3887534208774,430.38875342032725,430.3887533895464,430.38875345659534,1.557868676165284e-10,1,8,8,59,426.3790538130797,430.97879805271623,True
430.5214696865156,430.5214696866552,430.52146966845805,430.5214697055232,8.609361386578676e-11,1,8,8,59,426.3790538130797,430.97879805271623,True
430.7084821361527,430.7084821336755,430.7084821123629,430.7084821529648,9.42676811212362e-11,1,8,8,59,426.3790538130797,430.97879805271623,True
431.16075446811817,431.16075445078604,431.16075438811606,431.1607544709972,1.9222787427958802e-10,1,8,8,60,430.97879805271623,435.5520160448271,True
431.44271240267915,431.44271239867794,431.44271233525103,431.44271243578487,2.330178170620767e-10,2,8,8,60,430.97879805271623,435.5520160448271,True
431.4768788082564,431.4768787558923,431.476878539912,431.4768788321942,6.773994701861072e-10,1,8,8,60,430.97879805271623,435.5520160448271,True
431.5163025434107,431.5163025310261,431.5163024169891,431.5163025982122,4.1996807776711876e-10,1,8,8,60,430.97879805271623,435.5520160448271,True
431.59426473721385,431.5942647253264,431.59426463370073,431.5942647784449,3.353708817216352e-10,1,8,8,60,430.97879805271623,435.5520160448271,True
431.7845175688096,431.7845175876254,431.784517542629,431.7845177423577,4.625657549190194e-10,1,8,8,60,430.97879805271623,435.5520160448271,True
431.8642409723901,431.8642410005398,431.86424095303926,431.8642410763501,2.8553145812914466e-10,1,8,8,60,430.97879805271623,435.5520160448271,True
432.318253250765,432.31825323234375,432.3182530917591,432.3182532675957,4.0672950635532604e-10,3,8,8,60,430.97879805271623,435.5520160448271,True
432.44628262342405,432.44628262489016,432.44628260978294,432.44628264518,8.185312365484108e-11,1,8,8,60,430.97879805271623,435.5520160448271,True
432.60904266494316,432.60904268389993,432.60904263454887,432.6090428340149,4.6107681850763644e-10,1,8,8,60,430.97879805271623,435.5520160448271,True
432.70566420785235,432.70566420871967,432.7056641823575,432.70566424530887,1.454830918829862e-10,1,8,8,60,430.97879805271623,435.5520160448271,True
432.99240932294146,432.9924093182276,432.99240928184975,432.9924093356027,1.2414295194743864e-10,1,8,8,60,430.97879805271623,435.5520160448271,True
433.08207092151054,433.082070923274,433.08207090536206,433.0820709472376,9.669188891637831e-11,1,8,8,60,430.97879805271623,435.5520160448271,True
433.1735073713206,433.1735073603794,433.1735073339476,433.1735073777575,1.0113708315845083e-10,2,8,8,60,430.97879805271623,435.5520160448271,True
433.24526228170123,433.2452622706784,433.24526217994327,433.2452623083916,2.9647949052886366e-10,1,8,8,60,430.97879805271623,435.5520160448271,True
433.44912492759136,433.44912492449225,433.4491248938649,433.4491249404509,1.0747735871364059e-10,1,8,8,60,430.97879805271623,435.5520160448271,True
433.5417036487528,433.5417036492121,433.541703633286,433.5417036700917,8.489544488725922e-11,1,8,8,60,430.97879805271623,435.5520160448271,True
433.74045196629123,433.74045196924146,433.7404519493396,433.74045199941736,1.1545555502309922e-10,1,8,8,60,430.97879805271623,435.5520160448271,True
434.03882556445365,434.0388255577359,434.03882546848195,434.0388256062944,3.175117688196147e-10,1,8,8,60,430.97879805271623,435.5520160448271,True
434.48226145743297,434.4822614584431,434.48226141737393,434.4822614883757,1.634169137741399e-10,1,8,8,60,430.97879805271623,435.5520160448271,True
434.86620776119946,434.866207761449,434.8662077149628,434.8662077975008,1.8980092487036947e-10,1,8,8,60,430.97879805271623,435.5520160448271,True
434.91101929948434,434.911019301896,434.9110192410528,434.9110193666868,2.888727913274424e-10,2,8,8,60,430.97879805271623,435.5520160448271,True
434.9951116213784,434.99511163745734,434.995111571846,434.99511180448405,5.34806143645261e-10,1,8,8,60,430.97879805271623,435.5520160448271,True
435.0466965643534,435.04669659373866,435.0466965412236,435.04669675830655,4.989877454091534e-10,1,8,8,60,430.97879805271623,435.5520160448271,True
435.49128057499274,435.4912805751899,435.4912805487437,435.4912806031375,1.2490217598984418e-10,1,8,8,60,430.97879805271623,435.5520160448271,True
435.58458847300295,435.58458846844553,435.584588390192,435.5845884915048,2.3259046330965732e-10,1,8,8,61,435.5520160448271,440.0992972768864,True
435.66140761393586,435.66140761102355,435.661407580332,435.6614076382386,1.3291643535953494e-10,2,8,8,61,435.5520160448271,440.0992972768864,True
436.04713095461534,436.0471309546104,436.04713091781383,436.0471310172894,2.2813035114966876e-10,1,8,8,61,435.5520160448271,440.0992972768864,True
436.0730975526425,436.07309755092626,436.07309752528033,436.07309758470234,1.362661608892703e-10,1,8,8,61,435.5520160448271,440.0992972768864,True
436.4317188483448,436.4317188560132,436.4317188167247,436.4317189355164,2.721885524482435e-10,1,8,8,61,435.5520160448271,440.0992972768864,True
436.64691726884547,436.6469172379541,436.64691694184575,436.64691732910256,8.86887788043349e-10,1,8,8,61,435.5520160448271,440.0992972768864,True
436.74834676880107,436.74834677882427,436.7483467445237,436.74834684001655,2.186450198758279e-10,1,8,8,61,435.5520160448271,440.0992972768864,True
436.77256170285796,436.77256167718417,436.7725614660741,436.7725617322727,6.094674056035693e-10,1,8,8,61,435.5520160448271,440.0992972768864,True
436.80403070154284,436.8040306876287,436.8040305901727,436.80403072513866,3.0898511623557544e-10,1,8,8,61,435.5520160448271,440.0992972768864,True
436.8337583726218,436.8337583673226,436.8337582798578,436.8337584547943,4.0046464093600963e-10,1,8,8,61,435.5520160448271,440.0992972768864,True
436.89400550204357,436.89400550835774,436.8940054564656,436.8940056159755,3.6509978913019297e-10,1,8,8,61,435.5520160448271,440.0992972768864,True
437.0914790872187,437.09147909473955,437.0914790373281,437.09147914363933,2.4322421891220605e-10,1,8,8,61,435.5520160448271,440.0992972768864,True
437.1622102594567,437.16221026346386,437.1622102350068,437.16221029569994,1.3883436852223512e-10,1,8,8,61,435.5520160448271,440.0992972768864,True
437.2331583186167,437.23315829752056,437.2331581630514,437.23315835228794,4.3280458637337707e-10,1,8,8,61,435.5520160448271,440.0992972768864,True
437.43687468729473,437.4368746852273,437.43687465443895,437.4368747142204,1.3666298217493203e-10,1,8,8,61,435.5520160448271,440.0992972768864,True
437.5754392534278,437.57543927040854,437.57543923645784,437.57543935834127,2.78542670392153e-10,1,8,8,61,435.5520160448271,440.0992972768864,True
437.78044348447906,437.78044346583283,437.78044336219506,437.78044350832016,3.3378627415526707e-10,1,8,8,61,435.5520160448271,440.0992972768864,True
438.0529950532791,438.0529950194965,438.05299486722595,438.0529950666432,4.5523539765308357e-10,4,8,8,61,435.5520160448271,440.0992972768864,True
438.09597512487045,438.0959751073548,438.0959750522527,438.09597513933136,1.9876617378584046e-10,1,8,8,61,435.5520160448271,440.0992972768864,True
438.20552700755775,438.2055270385821,438.20552696604005,438.2055272296876,6.016527587527766e-10,1,8,8,61,435.5520160448271,440.0992972768864,True
438.29499611854817,438.2949961720602,438.29499606125273,438.2949963534792,6.667346154901698e-10,1,8,8,61,435.5520160448271,440.0992972768864,True
438.62272779992395,438.62272779666426,438.62272771047344,438.62272785099753,3.203757689428109e-10,1,8,8,61,435.5520160448271,440.0992972768864,True
438.75644170043256,438.756441690311,438.756441649813,438.7564417145777,1.476097298043484e-10,1,8,8,61,435.5520160448271,440.0992972768864,True
438.7893878453722,438.78938783767694,438.7893878038128,438.78938785337914,1.1296153861340505e-10,1,8,8,61,435.5520160448271,440.0992972768864,True
438.8211750045535,438.82117500211405,438.82117497667855,438.82117502194865,1.0316297699234261e-10,1,8,8,61,435.5520160448271,440.0992972768864,True
439.27421407687086,439.27421408590567,439.2742140578232,439.27421414130856,1.9005295137144241e-10,1,8,8,61,435.5520160448271,440.0992972768864,True
439.30129809978973,439.3012980915445,439.30129804411894,439.30129813750705,2.1258327734016102e-10,1,8,8,61,435.5520160448271,440.0992972768864,True
439.6441357550651,439.64413575069534,439.644135711657,439.6441357821536,1.6034932324506345e-10,1,8,8,61,435.5520160448271,440.0992972768864,True
439.7123739035961,439.71237390001016,439.7123738710301,439.7123739275426,1.2852158973358626e-10,1,8,8,61,435.5520160448271,440.0992972768864,True
439.74773060020505,439.7477306018131,439.7477305606636,439.74773066716045,2.4217709369732104e-10,1,8,8,61,435.5520160448271,440.0992972768864,True
439.9540830663301,439.95408306469875,439.9540829859077,439.9540831028272,2.657539217214236e-10,1,8,8,61,435.5520160448271,440.0992972768864,True
440.07042774828665,440.07042774936286,440.07042771818055,440.0704277672577,1.1152108122021461e-10,1,8,8,61,435.5520160448271,440.0992972768864,True
440.31023650399845,440.31023651311426,440.3102364841764,440.31023656903216,1.927180768321881e-10,1,8,8,62,440.0992972768864,444.6212088112882,True
440.54521597940777,440.54521600761257,440.5452159560176,440.54521611765176,3.6689570555097135e-10,1,8,8,62,440.0992972768864,444.6212088112882,True
440.6799183902138,440.6799184062597,440.67991834435645,440.67991852446505,4.087061663532915e-10,1,8,8,62,440.0992972768864,444.6212088112882,True
440.82970117918796,440.82970121428605,440.82970109667247,440.82970150894226,9.352132981087691e-10,1,8,8,62,440.0992972768864,444.6212088112882,True
440.9709592058166,440.97095920118875,440.97095912332344,440.9709592625528,3.157336514723139e-10,2,8,8,62,440.0992972768864,444.6212088112882,True
441.08609634891934,441.0860963463151,441.08609631335946,441.08609637290823,1.3500486228780297e-10,1,8,8,62,440.0992972768864,444.6212088112882,True
441.2208541814385,441.2208542040728,441.2208541321946,441.22085430886784,4.004191242117519e-10,1,8,8,62,440.0992972768864,444.6212088112882,True
441.2511032515795,441.2511032485205,441.2511032054104,441.2511032821533,1.7392110331959987e-10,1,8,8,62,440.0992972768864,444.6212088112882,True
441.44628153144293,441.4462815448002,441.44628150444447,441.44628164055285,3.083237732993657e-10,1,8,8,62,440.0992972768864,444.6212088112882,True
441.51351018625905,441.5135101741151,441.5135101115264,441.5135102221952,2.5065777306323653e-10,1,8,8,62,440.0992972768864,444.6212088112882,True
441.7711155339002,441.77111554496935,441.77111550665086,441.77111563203994,2.838326777524025e-10,1,8,8,62,440.0992972768864,444.6212088112882,True
441.84453373399606,441.844533735573,441.84453364438014,441.84453386382927,4.966659484622297e-10,1,8,8,62,440.0992972768864,444.6212088112882,True
441.8929626498014,441.89296264969937,441.89296255133434,441.8929627594151,4.70885054291081e-10,2,8,8,62,440.0992972768864,444.6212088112882,True
442.0220258825773,442.02202588619537,442.02202585210705,442.0220259465965,2.1376638583021546e-10,1,8,8,62,440.0992972768864,444.6212088112882,True
442.04652589643194,442.04652590865715,442.0465258723749,442.0465259804844,2.445658291977177e-10,1,8,8,62,440.0992972768864,444.6212088112882,True
442.39049672251736,442.3904967237472,442.3904966749659,442.3904967538265,1.7826011379631617e-10,2,8,8,62,440.0992972768864,444.6212088112882,True
442.8030901017416,442.803090121246,442.8030900804872,442.8030902237276,3.2348557747296777e-10,1,8,8,62,440.0992972768864,444.6212088112882,True
443.39337697355427,443.3933769730586,443.3933769263237,443.3933770140466,1.9784446180653658e-10,1,8,8,62,440.0992972768864,444.6212088112882,True
443.44790671762394,443.44790672357857,443.44790668244536,443.4479067603287,1.7563129073626193e-10,1,8,8,62,440.0992972768864,444.6212088112882,True
443.7264337052512,443.72643371850944,443.7264336921487,443.7264338184264,2.845846049518538e-10,1,8,8,62,440.0992972768864,444.6212088112882,True
443.94005112601167,443.9400511238914,443.94005109993617,443.9400511443344,1.0000952675850835e-10,1,8,8,62,440.0992972768864,444.6212088112882,True
444.17188531449,444.17188532108423,444.1718852836738,444.1718853908859,2.413752235136756e-10,1,8,8,62,440.0992972768864,444.6212088112882,True
444.19414713097,444.194147143612,444.19414708525375,444.19414727528977,4.2782197862922225e-10,1,8,8,62,440.0992972768864,444.6212088112882,True
444.45316716036365,444.4531671815216,444.4531670716781,444.4531673172465,5.52518058850259e-10,1,8,8,62,440.0992972768864,444.6212088112882,True
444.53510180556634,444.53510180858297,444.5351017815251,444.53510184297875,1.3824250830696826e-10,1,8,8,62,440.0992972768864,444.6212088112882,True
444.56816081202396,444.5681608205029,444.56816078138047,444.5681608872874,2.382242267695664e-10,2,8,8,62,440.0992972768864,444.6212088112882,True
444.6690037129821,444.669003739445,444.6690036099656,444.66900404514007,9.78648056951169e-10,1,8,8,63,444.6212088112882,449.1182964812976,True
444.78779784411404,444.78779784988285,444.78779778744496,444.7877979158419,2.886701227124763e-10,1,8,8,63,444.6212088112882,449.1182964812976,True
444.9056275618971,444.9056275767624,444.9056275367617,444.90562764709375,2.479897892771406e-10,1,8,8,63,444.6212088112882,449.1182964812976,True
445.17801910481444,445.17801911962005,445.17801906784626,445.17801923196447,3.686574767956963e-10,1,8,8,63,444.6212088112882,449.1182964812976,True
445.31847103860093,445.31847103396177,445.3184710113095,445.318471061353,1.1237693501208038e-10,2,8,8,63,444.6212088112882,449.1182964812976,True
445.34554710889154,445.34554713108867,445.34554708086154,445.3455472376422,3.5204278392154446e-10,1,8,8,63,444.6212088112882,449.1182964812976,True
445.73585848420544,445.7358584865435,445.7358584112628,445.73585855960425,3.3280119875157874e-10,1,8,8,63,444.6212088112882,449.1182964812976,True
445.7601674030042,445.76016739560004,445.7601673204599,445.76016746149946,3.164023170545255e-10,1,8,8,63,444.6212088112882,449.1182964812976,True
445.8130779953072,445.81307798937627,445.813077894286,445.8130780798748,4.162928957527147e-10,1,8,8,63,444.6212088112882,449.1182964812976,True
446.0519823906615,446.0519823776578,446.05198229158566,446.0519824460149,3.4621355940530297e-10,1,8,8,63,444.6212088112882,449.1182964812976,True
446.09664305438514,446.09664304104643,446.09664295496873,446.0966431208227,3.717893386303761e-10,1,8,8,63,444.6212088112882,449.1182964812976,True
446.18637742440217,446.18637745553985,446.1863772870836,446.1863777424157,1.0204975368469932e-09,1,8,8,63,444.6212088112882,449.1182964812976,True
446.21331932484134,446.21331931815484,446.2133192352889,446.2133193797659,3.2378456398585414e-10,1,8,8,63,444.6212088112882,449.1182964812976,True
446.3875394028553,446.38753941424295,446.3875393101964,446.38753953381246,5.009459751913676e-10,1,8,8,63,444.6212088112882,449.1182964812976,True
446.4864784214701,446.486478427281,446.4864783294178,446.48647852431975,4.3652369933235166e-10,2,8,8,63,444.6212088112882,449.1182964812976,True
446.57077210959915,446.5707721292247,446.57077196855784,446.57077236414494,8.858329578780421e-10,1,8,8,63,444.6212088112882,449.1182964812976,True
446.9730087801717,446.9730087793105,446.9730086649069,446.9730088744506,4.688061914697336e-10,1,8,8,63,444.6212088112882,449.1182964812976,True
447.01290998384786,447.0129099835675,447.0129099409074,447.0129100208719,1.7888641365805281e-10,1,8,8,63,444.6212088112882,449.1182964812976,True
447.2315116493214,447.2315116413703,447.2315115330599,447.231511716068,4.092020896928572e-10,1,8,8,63,444.6212088112882,449.1182964812976,True
447.28450803205845,447.28450802038327,447.28450792524336,447.284508067536,3.181256234689702e-10,1,8,8,63,444.6212088112882,449.1182964812976,True
447.3393898206555,447.3393898129958,447.33938968476457,447.3393899006701,4.826436495445293e-10,1,8,8,63,444.6212088112882,449.1182964812976,True
447.49364220544317,447.49364224159797,447.4936421357688,447.4936424597432,7.239754358076285e-10,1,8,8,63,444.6212088112882,449.1182964812976,True
447.56700940986116,447.56700943358896,447.56700935492006,447.5670095927401,5.313618137640115e-10,1,8,8,63,444.6212088112882,449.1182964812976,True
447.5944837532007,447.59448378358655,447.59448369190574,447.59448392615934,5.233612420643178e-10,1,8,8,63,444.6212088112882,449.1182964812976,True
447.67398363671595,447.6739836466024,447.6739835805812,447.6739837677584,4.1811049937674673e-10,1,8,8,63,444.6212088112882,449.1182964812976,True
447.73257680955635,447.73257679343817,447.73257659056026,447.73257688005265,6.465743301746267e-10,2,8,8,63,444.6212088112882,449.1182964812976,True
447.8351538949304,447.8351539249988,447.83515386801525,447.8351540351711,3.732531027428174e-10,1,8,8,63,444.6212088112882,449.1182964812976,True
447.9043186616655,447.9043186487718,447.90431858148975,447.9043186854981,2.3221105899723798e-10,1,8,8,63,444.6212088112882,449.1182964812976,True
447.9412007407316,447.9412007252446,447.94120058734313,447.9412007958915,4.655708948560309e-10,1,8,8,63,444.6212088112882,449.1182964812976,True
448.68609808783935,448.68609808049166,448.6860980254031,448.6860981243506,2.2052724647130504e-10,1,8,8,63,444.6212088112882,449.1182964812976,True
448.983063309209,448.9830633213037,448.9830632948304,448.9830633885672,2.0877577548304354e-10,1,8,8,63,444.6212088112882,449.1182964812976,True
