lambda_hankel,lambda_ssg,ssg_index,rel_err_ssg,lambda_fem,fem_index,rel_err_fem
5.272850187022286,5.270982591813135,1,0.00035431633032728893,5.272850187022797,1,9.702357389298993e-14
7.858546940175408,7.855560428457765,2,0.0003801780592030437,7.8585469401762555,2,1.0782174094577786e-13
10.008033675734957,10.003948858306705,3,0.0004083205028442498,10.008033675733403,3,1.5530645527742161e-13
11.166430925682967,11.161899171289969,4,0.00040600209009719813,11.166430925707095,4,2.1607848658272807e-12
13.357868459997782,13.352198563684425,5,0.0004246414016623533,13.357868460019738,5,1.643658237891845e-12
14.32930235703428,14.324819955080176,6,0.00031291157362948666,14.329302357016049,6,1.2722706094507426e-12
15.23004384129353,15.223484182235588,7,0.0004308907855401643,15.230043841380915,7,5.73774437339588e-12
16.695525010148494,16.68806678376682,8,0.00044691973482076364,16.695525010144635,8,2.3109468272683683e-13
17.37494565502135,17.367292733408895,9,0.000440651385908435,17.3749456550228,9,8.342513465828175e-14
18.178039479235622,18.1721185607446,10,0.0003258243374997549,18.17803947926554,10,1.6457991481041602e-12
20.06474280912076,20.05562700619071,11,0.000454525950608948,20.064742809128205,11,3.7112301620821985e-13
20.910264382747457,20.900628419154664,12,0.0004610370271910819,20.910264382756388,12,4.271357848478388e-13
20.93789987485181,20.930580148572147,13,0.00034971444784154704,20.93789987487903,13,1.3000774848306847e-12
22.082056861545382,22.071976111929715,14,0.0004567216620998003,22.08205686150896,14,1.649412500995337e-12
22.683693244628074,22.67600172605527,15,0.00033919200861445245,22.683693244579388,15,2.1463166394174553e-12
25.326312114686772,25.314238201627653,16,0.0004769613433732583,25.326312114447795,16,9.4359114441248e-12
25.491678799325058,25.482430390817996,17,0.0003629327487693157,25.49167879912631,17,7.796640735169952e-12
25.671410052023468,25.659161829749372,18,0.0004773430385358478,25.67141005211667,18,3.6305715369915033e-12
25.79137429161276,25.779119584059544,19,0.00047537339330998307,25.791374291559645,19,2.05947234960368e-12
27.49127064156896,27.47823268742301,20,0.00047448299511336495,27.491270641681297,20,4.086271892916828e-12
27.87587699564395,27.86600459212992,21,0.0003542812706210118,27.875876995652703,21,3.14030891509875e-13
28.501513127141166,28.49233159982363,22,0.00032224555878726014,28.5015131271558,22,5.13433359755085e-13
29.23515656716681,29.223843088368398,23,0.00038713179386446524,29.235156567075485,23,3.1238436372903406e-12
30.423024617589604,30.408067079779514,24,0.0004918937389491916,30.42302461753921,24,1.6564836720649955e-12
30.675946649233623,30.66437240799449,25,0.0003774491479927956,30.675946649232472,25,3.7523837327450915e-14
31.37030621459556,31.354925792428553,26,0.0004905265051119893,31.370306214671064,26,2.406920203419467e-12
32.038206342541784,32.02218447925708,27,0.0005003363619707039,32.03820634261971,27,2.432259190713433e-12
33.60597842758651,33.58940879133293,28,0.0004932994312735205,33.60597842738397,28,6.02690998168873e-12
33.73329794963219,33.721934816785854,29,0.0003369656251360142,33.73329794960232,29,8.855113026891806e-13
33.77630571269077,33.763797156297784,30,0.00037047244227546983,33.77630571295966,30,7.960926508032043e-12
34.55496910266065,34.54106603452419,31,0.0004025083685188259,34.55496910227146,31,1.12630017678023e-11
35.86044749887829,35.84233255061994,32,0.0005054065114975411,35.86044750090812,32,5.660375138664696e-11
36.175383316836104,36.157034485171295,33,0.0005074761225878386,36.175383319945034,33,8.594048540773109e-11
36.51181517906299,36.497462390574164,34,0.0003932544223276012,36.51181518243274,34,9.229201307864839e-11
37.386243409411406,37.37273420476843,35,0.00036147220508301334,37.38624339764504,35,3.1472451807448344e-10
37.6776030608698,37.658417731631005,36,0.0005094565941542482,37.67760307643317,36,4.1306695601493906e-10
39.14119931784438,39.12070459060113,37,0.0005238844100005635,39.141199319142395,37,3.3162304345242366e-11
39.24343068233482,39.22670082581609,38,0.000426491552094005,39.243430683539955,38,3.0709275470492104e-11
39.60513495229418,39.591195849246425,39,0.00035207582768731515,39.605134951827175,39,1.1791506673221945e-11
40.39949439541472,40.402091901067124,41,6.429136537691594e-05,40.39949439383138,40,3.919202279602736e-11
40.422876905336366,40.402091901067124,41,0.0005144536654225521,40.42287691461916,41,2.296420717503411e-10
40.499856948650645,40.48285129072657,42,0.0004200706566330494,40.499856945187325,42,8.551438346811434e-11
41.84186526920564,41.8199643783433,43,0.0005236946321666958,41.841865254103624,43,3.60930788402441e-10
42.60758860480206,42.58526750054019,44,0.0005241508524417962,42.607588615028284,44,2.4000943860052385e-10
43.01477547819589,42.99705839728869,45,0.0004120533256831799,43.014775488790114,45,2.4629275863780334e-10
43.32023837564324,43.303791391815004,46,0.0003798047076161399,43.3202383780478,46,5.550649921473199e-11
44.74519513684534,44.721413782377134,47,0.0005317666070202986,44.74519511341462,47,5.236477836763468e-10
45.356304923527006,45.33610399634886,48,0.0004455814548989874,45.35630491974169,48,8.345734855335048e-11
46.14296034314761,46.12582794251134,49,0.00037142749302227667,46.14296032982134,49,2.8880384875750913e-10
46.945911064254645,46.92012847099636,50,0.0005494996305097967,46.94591107205079,50,1.6606655985583426e-10
47.0909070991473,47.07022110571307,51,0.00043947092128114075,47.09090710771188,51,1.8187325599581168e-10
47.617444536464944,47.600172769687035,52,0.000362850926224132,47.617444685093254,52,3.121299570831427e-09
47.75326076790677,47.73359183073166,53,0.0004120565082312052,47.75326082494048,53,1.1943418194074786e-09
47.93357305396984,47.90779070001874,54,0.0005381662058378067,47.93357306503179,54,2.307766534231343e-10
47.99988661427987,47.98017805459437,55,0.000410764621654368,47.999886778012524,55,3.4111049325185203e-09
48.220829890483216,48.194909455712114,56,0.0005378251575494938,48.220829933343104,56,8.888251849315756e-10
48.4698286916621,48.44347508013048,57,0.0005440074538010939,48.469828606230855,57,1.7625654666833934e-09
49.740504249692194,49.71337824816363,58,0.0005456479218361474,49.74050409070673,58,3.196297820047794e-09
49.87922689569355,49.85925435795516,59,0.000400578347903096,49.87922659472999,59,6.03384568779054e-09
50.19504972255724,50.17328370753902,60,0.00043381683258160084,50.1950498254423,60,2.0497051745848464e-09
50.95762922898605,50.933627888124754,61,0.00047122778911440214,50.95762921705877,61,2.340626345286602e-10
52.08973422802252,52.06539554884157,62,0.00046746363730432503,52.08973426218009,62,6.557446711650365e-10
52.607302104587234,52.577909240978094,63,0.0005590344696747894,52.60730203433772,63,1.3353566930240031e-09
53.368911239257955,53.34789425419054,64,0.0003939609118828734,53.3689114272976,64,3.5233928797615108e-09
54.2462035161319,54.2252847034835,65,0.0003857759855533357,54.246203488725314,65,5.052258717281339e-10
54.34700089070189,54.32188257532797,66,0.00046239773334607676,54.34700099692951,66,1.9546178257568803e-09
54.69386648964725,54.67010422289292,67,0.0004346482797517999,54.693866499012,67,1.7122128868913068e-10
55.07749987298651,55.0465884828407,68,0.0005615496073012092,55.077499665118125,68,3.774107091401213e-09
55.412034190360956,55.38006258424277,69,0.0005773125674885109,55.412034174285424,69,2.901090396013158e-10
55.76480213352032,55.73327471337423,70,0.0005656839708097271,55.76480215964482,70,4.684765737107732e-10
55.838625485912445,55.81410276863314,71,0.00043936417612871017,55.83862543123561,71,9.791937306598274e-10
56.12632019105051,56.09455236931057,72,0.0005663263257863281,56.12631992452446,72,4.748682104322641e-09
57.08341810355236,57.05918770103799,73,0.00042465382860556913,57.083418147471775,73,7.693900489634853e-10
57.59151282262509,57.55861856754718,74,0.0005714913925411637,57.59151277828042,74,7.699862631072024e-10
57.87701197822858,57.84831380925366,75,0.0004960934396384955,57.877011848256835,75,2.2456540380312367e-09
58.05825867078134,58.03152135780786,76,0.0004607377567895404,58.0582584168314,76,4.374053733076093e-09
58.752995708092726,58.72873071065781,77,0.0004131708133531255,58.75299546675916,77,4.1075959539918865e-09
59.46226038550628,59.433027193095036,78,0.0004918678013197984,59.46226028506523,78,1.6891563805253678e-09
60.452994552451955,60.42441507611789,79,0.00047297894895736997,60.45299527094192,79,1.1885101163190775e-08
61.296918086888255,61.276011182789055,81,0.00034119231483317237,61.296918515821346,80,6.997628952604813e-09
61.50453711776569,61.47933150677127,82,0.0004099851181961891,61.50453723009404,82,1.826342397138254e-09
62.01077722771103,61.98210993730397,83,0.00046250910845180423,62.01077620522464,83,1.6488850112695733e-08
62.28573619147734,62.26192181637274,85,0.0003824869906013284,62.28573617866898,84,2.0563880164048106e-10
62.57137130100776,62.53455373956318,86,0.0005887554838547747,62.571367713554906,86,5.7333777144511796e-08
63.745027902818265,63.707259944718835,87,0.0005928360147996059,63.745026389826016,87,2.3735063494482066e-08
64.35266964289882,64.31893795241679,88,0.0005244441459369732,64.35267164046981,88,3.104099549366979e-08
64.50250342855863,64.4632552271644,89,0.0006088460977640945,64.50250328867826,89,2.168603748164252e-09
64.64981803919666,64.61926984871272,90,0.0004727411893613285,64.6498184820514,90,6.850053901475552e-09
64.9501032301641,64.94855220503081,92,2.3880826910494012e-05,64.95010130013635,91,2.971554641839017e-08
64.98749527470108,64.94855220503081,92,0.0005995987338921936,64.9874973876473,92,3.251311874904401e-08
65.41299758520071,65.37866457019643,93,0.0005251409650225549,65.41299396336875,93,5.536869275597321e-08
66.07349623275257,66.04429005832927,94,0.00044222103678476455,66.07349974637933,94,5.3177548711888625e-08
66.17460627877726,66.13474441960884,95,0.0006027370260254074,66.1746055219099,95,1.1437429195936061e-08
66.60566609798273,66.5728974505995,96,0.0004922220398706821,66.60567393738093,96,1.1769865433806574e-07
67.49040024814943,67.45528584134468,97,0.0005205582685890783,67.49043336424978,97,4.906784369817519e-07
67.95200372207135,67.91773016596787,98,0.0005046334148643185,67.95201171303981,98,1.1759723155179762e-07
69.41412668850943,69.38359184640177,99,0.0004400873649673907,69.4141421891937,99,2.2330729418388382e-07
69.95665753215276,69.96936454828233,102,0.00018160828259057912,69.95666382015385,100,8.988423325719155e-08
70.01204293862459,69.96936454828233,102,0.0006099582384060396,70.01202679011124,102,2.306534190418235e-07
70.71964690234967,70.67598599490913,103,0.0006177615611006061,70.719643997516,103,4.1075343427585e-08
70.83835831085565,70.7936038976409,104,0.0006321815919903807,70.83833692799132,104,3.018544090644706e-07
70.92504642294494,70.88808959711312,105,0.0005213404119346943,70.92503919250372,105,1.0194483231027691e-07
71.55732401701641,71.52312951245645,106,0.00047809016178476465,71.55729033367373,106,4.7071853226341956e-07
71.68223383856514,71.65009674407881,107,0.00044852827765352903,71.68220936925995,107,3.4135813340016635e-07
72.08377120005804,72.04358778114113,108,0.0005577653772461013,72.08376840862326,108,3.872487305710925e-08
72.42649215521057,72.38118530095205,109,0.0006259479458664923,72.42646649712617,109,3.5426392640201364e-07
73.4935006612447,73.45759878975275,110,0.0004887427860894442,73.49348385156208,110,2.2872344239428525e-07
73.58195749883153,73.54101357914652,111,0.0005567494611825155,73.58195274259569,111,6.463861941245818e-08
74.01235584461594,73.97717936371367,112,0.00047550448942258196,74.01235955055157,112,5.007184811341366e-08
74.18280913276209,74.14434820138251,114,0.0005187304536700722,74.17354035040158,113,0.00012496076520981868
74.50313790450608,74.45561188885242,115,0.000638313411816509,74.50314081164635,115,3.9020372014725364e-08
74.86345523003718,74.82207030384434,116,0.0005531112147094258,74.86346129346846,116,8.099319990272748e-08
75.4999032640096,75.45158139724438,117,0.0006404354404556693,75.49989400544496,117,1.2263016746688824e-07
75.83498374502673,75.79478388316645,118,0.0005303776830111867,75.83498684467672,118,4.0873614097102086e-08
76.07588757300991,76.03472552343123,119,0.000541358560780085,76.0759385905633,119,6.706135255663637e-07
76.18886095389553,76.14656012233834,120,0.0005555186142253,76.18884896297756,120,1.5738415965045716e-07
77.97969883496366,77.95715784859938,122,0.0002891458204268242,77.96593251480036,121,0.00017656840262489842
78.35380239970478,78.303152889063,123,0.0006468387130405115,78.35377491649315,123,3.507579775703629e-07
78.58887877456277,78.54703591100889,124,0.0005327109173322365,78.58890516243642,124,3.357709792703e-07
79.34629039790653,79.34446791418617,126,2.2969260091724403e-05,79.34621433220317,125,9.58655734164773e-07
79.39149525319186,79.34446791418617,126,0.0005926983977831482,79.39157642355444,126,1.0224052252610527e-06
79.53793585218094,79.57169649042766,128,0.00042427948297897545,79.53791333092992,127,2.8315114224772644e-07
79.61276971896572,79.57169649042766,128,0.0005161788720064368,79.61275968129908,128,1.260811292205559e-07
79.71651749300167,79.67800682998256,129,0.00048332864426798,79.71659085701016,129,9.203104108855447e-07
80.28428527811084,80.23942341666884,130,0.0005590999976288685,80.28427424440804,130,1.3743292704076458e-07
80.4275129404495,80.37967814891779,131,0.0005951105134197036,80.42752565823533,131,1.5812727940723015e-07
81.23806966339656,81.18280059715616,132,0.0006807977285072257,81.23801402904581,132,6.848314967938537e-07
81.8235903735357,81.76915886903646,133,0.0006656727946341404,81.82353087853782,133,7.271135482874543e-07
82.39892919588202,82.34997283475334,134,0.0005944915273610571,82.39888700770348,134,5.119993736810423e-07
82.58708260908534,82.54463943319516,135,0.0005141845210255557,82.58700455430116,135,9.451218700085815e-07
82.72517187982642,82.68136980104322,136,0.0005297696311587834,82.72515161207721,136,2.450010524245209e-07
83.20758909883874,83.15803803699754,137,0.0005958661725419046,83.20755715502823,137,3.839051596333555e-07
84.38881789652844,84.41227708495553,139,0.00027791204357023526,84.38877917389435,138,4.5885998667985397e-07
84.47065046734588,84.41227708495553,139,0.0006915271617610065,84.47061786401828,139,3.8597240580491725e-07
84.66036039368039,84.60246667077433,140,0.0006843030136621035,84.66033267333438,140,3.274301569126388e-07
84.84277778188331,84.79336573408781,141,0.0005827348327044317,84.84288735360936,141,1.291466255573916e-06
85.09182581802796,85.04738202316844,142,0.0005225768718831428,85.09169032437596,142,1.5923253079052927e-06
85.57053736526821,85.51957726601393,144,0.0005958881098741681,85.57063879974582,143,1.18538880901862e-06
85.740725441228,85.69134244624293,145,0.0005762891976636496,85.74065082404262,145,8.702661416624733e-07
86.09877994321457,86.05068217043254,146,0.0005589470248099382,86.09881322283196,146,3.8652817794040204e-07
86.51598506573602,86.45786945597524,147,0.0006721841531194422,86.51597993800547,147,5.926917258089304e-08
87.26188672251696,87.27789331074777,149,0.00018339796738468933,87.26192838165413,148,4.774033526427277e-07
87.33777633510448,87.27789331074777,149,0.0006861190398294552,87.33776514202535,149,1.2815852470918423e-07
87.88445845086714,87.87847108588255,151,6.813232991661636e-05,87.88444161846473,150,1.9152880872669282e-07
87.9342221703086,87.87847108588255,151,0.0006344111787239026,87.93432417884105,151,1.16005363552657e-06
88.28320666624765,88.3282705914676,153,0.0005101868848805754,88.2830934421524,152,1.2825116432806131e-06
88.37473554838404,88.3282705914676,153,0.0005260485301625093,88.37476303673829,153,3.1104303201797234e-07
89.03978713512267,88.97769074712419,154,0.0006978871611195072,89.03955661502026,154,2.588962829211522e-06
89.39874924319753,89.4307968698686,156,0.00035835112503476273,89.3985707262919,155,1.9968653210498134e-06
89.4791884444438,89.4307968698686,156,0.0005411063779921433,89.47910220280427,156,9.638187846469912e-07
90.38595556092892,90.3312227327867,157,0.0006059126234140429,90.38584966218332,157,1.1716296964376423e-06
91.34620716147832,91.28590205032532,158,0.0006606180121849866,91.34595124962038,158,2.8015676057150835e-06
91.81343465556962,91.81861398024128,160,5.64082210255651e-05,91.81326219236288,159,1.8784127981051284e-06
91.87745633464898,91.88422239015961,161,7.363674997318129e-05,91.87722886387867,160,2.475812267360356e-06
91.94958883301274,91.88422239015961,161,0.0007114000766701088,91.94964851757959,161,6.491005437423904e-07
92.18076781338104,92.12122039506099,162,0.000646402838180848,92.18052846545486,162,2.5965128446006726e-06
92.4829836024618,92.41492987713424,163,0.0007363931933729358,92.4830158488823,163,3.4867397226094546e-07
92.65387819184139,92.60041798706456,164,0.0005773214196969814,92.65394970667856,164,7.718487706172896e-07
93.81222150786402,93.7595344370564,165,0.0005619382724536896,93.8125994517663,165,4.028711542884154e-06
94.26985425486954,94.21044708387458,166,0.0006305794403254372,94.27014212545375,166,3.053677205865615e-06
94.9211162265907,94.86475718341583,167,0.0005940988502811211,94.92232954906174,167,1.2782266056989364e-05
95.11357684328513,95.04811122439796,168,0.0006887629648170184,95.1149707323917,168,1.465478142750093e-05
95.26564687403572,95.2659173010602,170,2.8386544961329475e-06,95.26747915206093,169,1.923298529060823e-05
95.33602454839243,95.37763085161723,171,0.00043622705715478267,95.33683244867548,170,8.4741674576279e-06
95.4479776965495,95.37763085161723,171,0.0007375612531382286,95.44794729246436,171,3.1854100585720993e-07
95.66336121094236,95.61568571333405,173,0.0004986158625818593,95.64720025812451,172,0.00016896420150540618
96.03075653761287,95.96621022599045,174,0.0006725941502787515,96.03135478487066,174,6.22970756920296e-06
96.31374768341621,96.3236293063525,176,0.0001025877347796252,96.3148014382915,175,1.0940736621479812e-05
96.39084531104788,96.3236293063525,176,0.0006978142868932489,96.39492921016497,176,4.2366327259679676e-05
96.97670734138673,97.01964968112134,178,0.0004426148710673448,96.9775007667908,177,8.181541056385196e-06
97.08541696225501,97.01964968112134,178,0.0006778758875117974,97.08612770721079,178,7.320767369830659e-06
97.23227307986073,97.17767327074549,179,0.0005618554887924276,97.23244901537372,179,1.809432085342981e-06
97.5846035487139,97.61895594041425,181,0.00035190287961408553,97.58425757209959,180,3.5454142186481865e-06
97.67511821634602,97.61895594041425,181,0.0005753214157099728,97.67493013312452,181,1.9256038498913274e-06
97.87223813192489,97.81117340732553,182,0.0006243123609719259,97.87271365466074,182,4.858583338480253e-06
99.01061518985881,98.94279469191454,183,0.0006854516102506093,99.01052707255828,183,8.899791076841525e-07
99.23652974301841,99.16255334789258,184,0.0007460113987413535,99.23643629965581,184,9.41623521417645e-07
100.14436675501705,100.0831715656128,185,0.0006114433470378818,100.14449957295102,185,1.3262628955166053e-06
100.35980837209584,100.30023309018026,186,0.0005939695260929303,100.36024303632391,186,4.33104001062726e-06
100.56997937105392,100.63808203454377,188,0.0006767086783954892,100.56986503591247,187,1.136872774027869e-06
100.69766212758101,100.63808203454377,188,0.0005920233358261917,100.69801754479546,188,3.529535368383188e-06
101.25450958780753,101.18780812094357,189,0.0006591848178412638,101.2544090833723,189,9.925931734536204e-07
101.70582182994588,101.72855066175327,191,0.00022342628160477806,101.70444020799877,190,1.3584676777909585e-05
101.79984514401478,101.72855066175327,191,0.0007008306104601922,101.79956970581814,191,2.705691167794704e-06
102.0291019252711,101.95871933167038,192,0.0006903048023952972,102.02925997235702,192,1.549036873941612e-06
102.43618597372605,102.36721364866284,193,0.0006737735902428277,102.43484916027153,193,1.3050377537406701e-05
102.8203584654844,102.73918397539558,194,0.0007901025387574343,102.81827644508255,194,2.0249516660296555e-05
103.14935614678713,103.08484542651641,195,0.0006258021729945185,103.14871084002982,195,6.256081651926958e-06
103.28590733904963,103.22057889400133,196,0.0006329013627736091,103.28632860673675,196,4.078639378501242e-06
104.35905733510558,104.40287104600186,199,0.00041966001947381864,104.36029787188696,197,1.1887056732093068e-05
104.48705305592587,104.46085250054367,200,0.00025081697837060253,104.4819480830439,199,4.8859855464302845e-05
104.54841001324749,104.46085250054367,200,0.0008381849334741828,104.54476166462129,200,3.489747901385892e-05
105.3838460168864,105.4029000495682,202,0.00018077332476475926,105.38285478091329,201,9.406045937586181e-06
105.48263806208539,105.4029000495682,202,0.0007565068179308541,105.48423041621376,202,1.50956604801861e-05
106.42812696670941,106.35385499659355,203,0.0006983477008730719,106.42845113187467,203,3.0458506330356185e-06
106.77940650187864,106.78096855972554,207,1.46286165780861e-05,106.7783648531448,204,9.755241478727021e-06
106.85692030566983,106.78096855972554,207,0.0007112854188226692,106.85751329085205,206,5.549307334235197e-06
107.28424776931925,107.20029743785932,208,0.000783116590778068,107.28465789200345,208,3.822752407095206e-06
107.53400797729347,107.56672718692238,211,0.00030417593325165397,107.53121285985424,209,2.5993545175363207e-05
107.63096453034372,107.56672718692238,211,0.0005971859988796746,107.63455500578647,211,3.335801818064958e-05
107.9261111482553,107.87421058779424,213,0.0004811211148453726,107.91896549333688,212,6.621315248670413e-05
108.56854227555222,108.49524122558763,214,0.0006756153462267883,108.57007792880884,214,1.414435068961972e-05
109.27155932357397,109.1946925860511,215,0.0007039420662527907,109.27555735393345,215,3.658668467399205e-05
109.5922730732084,109.51472476463684,216,0.0007081085099581593,109.58803127889968,216,3.870672973338256e-05
109.98912808736247,110.05040433489299,218,0.0005568016573936945,109.98333121515567,217,5.2706825141174964e-05
110.14056586615547,110.07229511023671,219,0.0006202355992521806,110.13899742651368,218,1.4240547657365893e-05
110.42889244893811,110.34188958613635,220,0.0007884844380324905,110.42750952050488,220,1.2523405075738845e-05
111.99190913284048,111.99604501023433,223,3.6928780774998396e-05,111.99051840199563,221,1.2418290982943262e-05
112.05651517236828,111.99604501023433,223,0.0005399312281824517,112.05362064874281,222,2.5831593916495676e-05
112.27353183084362,112.19702127300222,224,0.0006819303843658536,112.2726084094429,224,8.224814706008105e-06
112.87141225378016,112.8328344155893,226,0.00034190258882241443,112.86577304336781,225,4.9963866460984385e-05
113.11227826086886,113.03844375837232,227,0.0006531804582728051,113.11505780131691,227,2.4572682913073457e-05
113.67946101631418,113.58771167289927,228,0.0008077400456760328,113.67859598410159,228,7.6094554572820216e-06
114.23060830952852,114.14004755300036,229,0.0007934178973082285,114.22973497622534,229,7.645411270168792e-06
114.42673043535288,114.36595709700029,232,0.0005313936060627233,114.42735280184642,230,5.438966106491133e-06
114.63146944946601,114.54509173151686,233,0.0007540935769784815,114.62610972533501,233,4.675831836080062e-05
115.172612920532,115.2483342226476,235,0.0006570273021847821,115.16947599675458,234,2.7237458104845284e-05
115.324268114083,115.2483342226476,235,0.0006588719216427135,115.33996445969886,235,0.00013608765781568676
115.9231429903026,115.83085240634963,236,0.000796770308045319,115.92747661984302,236,3.738224678724832e-05
116.377969151559,116.31175014223192,237,0.0005693234711549707,116.39343923581136,237,0.0001329119953317522
116.89938392997315,116.81813576051356,238,0.0006955098960504213,116.90319403546097,238,3.259197081184728e-05
117.29290617549032,117.28117205727031,240,0.0001000511677550005,117.26778749797211,239,0.00021419929593744663
117.91607493938673,117.83230297920224,241,0.0007109422294774159,117.9229351086537,241,5.817502134466639e-05
118.1475183985456,118.16918038076545,243,0.00018331329835795133,118.1374015969923,242,8.563589021372576e-05
118.2571751450102,118.18679473056379,244,0.0005955015076502759,118.26881140234875,243,9.838821579905105e-05
118.37950370545748,118.18679473056379,244,0.0016305457418742833,118.2696895525607,244,0.0009285063088626058
118.86375288555598,118.80244683266638,247,0.000516033587893652,118.84675854989898,245,0.00014299368248960525
119.40867795113004,119.33681209627099,249,0.0006022102785943369,119.42844109471073,249,0.0001654810478939177
119.6391593105742,119.55557712748168,250,0.0006991073532554118,119.64371964686055,250,3.811596880978168e-05
119.80520552744379,119.90318350553542,251,0.0008171424246388864,119.64371964686055,250,0.0013497230030952154
119.99321456761692,120.01040061519979,252,0.00014320465138661768,119.9946568886279,251,1.2019876954376719e-05
120.08065029688042,120.10803413859472,253,0.00022799342201120518,120.1134738914851,252,0.00027327154515847994
120.195140694352,120.15631812557078,255,0.0003231005192806927,120.20494889680806,253,8.159566262514584e-05
120.57325099258651,120.51537598728967,256,0.0004802292223934965,120.61076024966447,256,0.00031099428442630606
120.92068539486775,120.83234819461741,257,0.0007310724451705349,120.93452426845502,257,0.0001144327781581639
121.7578205054986,121.6496329341017,258,0.0008893374257487712,121.75608263892467,258,1.4273345004755832e-05
122.29487482151518,122.19062182915422,259,0.00085319962203581,122.28754873655893,259,5.990867452932366e-05
123.04599369154963,122.93889151985343,260,0.0008711821814246796,123.04151799700419,260,3.6375482181086335e-05
123.53845214852564,123.6341203357398,262,0.0007738008484580387,123.52696908266404,261,9.295999041239933e-05
123.7305173567724,123.74191181798722,263,9.208247268379388e-05,123.72659891145328,262,3.167019342315989e-05
123.856510883,123.74191181798722,263,0.0009261135805089818,123.84944124938183,263,5.708248294747858e-05
124.39332268893659,124.29545459533946,266,0.0007873827238152115,124.39777473571954,266,3.578879760833815e-05
125.05595892349442,125.0384988546546,268,0.00013963754363450717,125.05907638485604,267,2.4927909686716153e-05
125.13465525341167,125.0384988546546,268,0.0007690143406858446,125.13813982236915,268,2.784577877244824e-05
125.35102212415535,125.28321043375433,269,0.000541267183098504,125.38332724128672,269,0.00025765082042530636
125.91538485996367,125.80549667310376,270,0.0008734768334124651,125.91413445549209,270,9.93061245255879e-06
126.52403879266295,126.5668150753678,272,0.00033797392056817837,126.52345140028852,271,4.642557311917982e-06
126.67151389544316,126.72497195480733,274,0.00042184313430536114,126.6723443111571,272,6.555619685298657e-06
126.83179378650341,126.90959568148035,275,0.000613049742686216,126.84090596996234,274,7.183946999781282e-05
127.00426241807588,126.99789776025166,276,5.0116245516415086e-05,127.02426264771772,275,0.00015745204282196959
127.08946853204068,126.99789776025166,276,0.0007210416345780099,127.09951331933075,276,7.903088711939593e-05
128.32908274766555,128.21010179353954,277,0.00092801544076156,128.32150899254552,277,5.902171178858839e-05
129.4790652892869,129.4929611368068,279,0.00010730967457933098,129.41572508038752,278,0.0004894320907295614
129.99032822557115,130.0261882001642,281,0.0002757904010678875,129.94177278444428,280,0.00037367076103703796
130.11099080487347,130.0261882001642,281,0.0006521963450833536,130.13631021155712,281,0.000194560662143327
130.46517947288,130.6767564285587,283,0.001619086373592,130.32534507825136,282,0.0010729639314953612
130.8437809551316,130.8296604605751,286,0.00010793037684867196,130.8807798231865,284,0.00028269137840466666
130.9456191190313,130.93266125795446,287,9.896584207750316e-05,130.95638765371666,286,8.222993072952791e-05
131.05053541880022,130.93266125795446,287,0.0009002655236154637,131.04605155372585,287,3.421594944078689e-05
131.200151196414,131.37081201829994,288,0.0012990771638236715,131.04605155372585,287,0.001175919769127685
131.37567774273725,131.3803955376742,289,3.5909428629967604e-05,131.4813715132896,288,0.0008038687863980201
131.50113819881494,131.48048986279093,291,0.0001570448668510281,131.49734161696568,289,2.887192853158171e-05
131.63070973210745,131.6924098765378,292,0.0004685170883287126,131.5926467047372,291,0.00028924889287808525
131.73400148567646,131.6924098765378,292,0.0003158238897568642,131.80863268775138,292,0.0005662087569918405
131.85678063260016,131.83425383559188,293,0.00017087210912859787,131.80863268775138,292,0.00036528673325091846
132.0587654771221,132.05475788216341,295,3.034797854288309e-05,132.10684407165527,294,0.0003639371969788944
133.24978885430806,133.15586637272924,297,0.0007053574441543716,133.28440137072275,297,0.0002596891763681331
133.39631198971932,133.51134571780761,298,0.0008616026411075952,133.28440137072275,297,0.000839637780908075
133.58776632039746,133.6039431585681,299,0.00012108054439248789,133.63515866107136,298,0.0003546397605894443
133.91788901676114,133.96720482228017,301,0.00036811849276433895,133.9491049226031,300,0.00023304303421819807
134.11960935338794,133.96720482228017,301,0.0011376256697298098,134.09503548662946,301,0.00018325709575532818
134.49897037636447,134.4977022926571,302,9.42829271992932e-06,134.62467135266266,302,0.000933714266747621
134.6628552396354,134.57160479835522,304,0.0006780809474399327,134.67414365902013,303,8.382024253525221e-05
134.78813412766695,134.8842899013041,305,0.0007128760043701774,134.69515974879934,304,0.0006902577571532814
135.19562109815877,135.30830372654577,307,0.0008327842806656886,135.1445811052268,306,0.0003776695485276992
135.35569279065254,135.36474574383988,308,6.687821956587811e-05,135.42637510805244,307,0.0005219243101168781
135.4511322133898,135.36474574383988,308,0.0006381755388023762,135.42637510805244,307,0.0001828085948368974
136.30873265118075,136.3854766155099,310,0.0005626989488441357,136.29199509470575,309,0.00012280659963457652
136.5325704748177,136.51161082766697,311,0.00015353746852487212,136.50514692233668,310,0.00020089757125881487
136.65150277787438,136.51161082766697,311,0.0010247622847554998,136.63526980710193,311,0.00011880512839303382
137.1160749359764,137.15024588550722,313,0.00024914975040835036,137.11710237689582,312,7.493163884043948e-06
137.26461780472647,137.35646857271104,314,0.0006687036215986097,137.26689408798822,313,1.6582900610333056e-05
137.48409031078404,137.35646857271104,314,0.0009291279791853799,137.47354103139935,314,7.673679826346475e-05
137.90407856544505,137.78562554529748,315,0.0008596906947207473,137.9071743026449,315,2.244797789173041e-05
138.7388176825917,138.76907900721483,318,0.0002180696509598705,138.7843659545467,317,0.00032819454584615557
138.85756959492676,138.76907900721483,318,0.0006376823161543797,138.89729069312287,318,0.00028597460755278503
140.00025880565556,139.89828157039108,321,0.0007289384409855973,140.03015936608963,320,0.00021352943229823202
140.09479459596065,139.89828157039108,321,0.0014046850566259124,140.0313215600477,321,0.00045327741826481946
140.71834432190465,140.52263580068524,322,0.0013927188321247066,140.65679621132514,322,0.0004375765141631511
141.66981032953277,141.70543809833129,326,0.00025142132353309706,141.64626403510857,325,0.0001662330777630456
141.7916090667549,141.70543809833129,326,0.0006080992344401537,141.85232948013447,326,0.0004280536921890182
141.94346964864093,141.96302320425804,327,0.0001377369625960568,141.85232948013447,326,0.0006425003300296152
142.09795960370218,142.14398649900795,328,0.00032380473095914837,142.09850654303827,327,3.849015372473888e-06
142.21285963661873,142.1655452071816,330,0.000332812211061295,142.2681455896728,328,0.00038860387773326287
142.30046003187772,142.1655452071816,330,0.0009489980466048226,142.3001845454313,329,1.9359528400634968e-06
142.6287198289892,142.93804525049268,331,0.0021640524113884026,142.30907254370192,330,0.0022461483275363747
144.12186218303805,144.2480332073984,334,0.0008746810722816078,144.09650460512327,333,0.00017597635684685195
144.35117703142177,144.42773146386708,335,0.0005300535546004779,144.3727136083006,334,0.0001491734576469014
144.55495114964398,144.51753732685216,337,0.00025888776880553574,144.56105435002368,335,4.2218842461680876e-05
144.69116411370024,144.73065379505584,340,0.0002728494642988582,144.6564077260256,337,0.00024026856619072795
144.81960369636724,144.7603423542634,341,0.00040937553158593094,144.86858667712804,340,0.0003381200982513003
145.00318136775473,144.9734635162887,343,0.00020498821470666523,145.09320244347288,342,0.0006204362037788276
145.0985838443779,145.05618201900643,344,0.0002923131215871173,145.09320244347288,342,3.7089269617117833e-05
145.3259466395385,145.4052334513725,345,0.0005452816927701933,145.21163943806687,344,0.0007871765783650197
145.7912302577294,145.86540659386355,346,0.0005085258929190455,146.01553555243333,346,0.0015361741739006794
146.3682679758042,146.36673596581034,348,1.0466927364043485e-05,146.4015919231767,347,0.00022762011624842974
146.9454180865898,146.90814565333716,351,0.00025371250237268356,146.93461549700217,349,7.351970501360246e-05
147.03428457191944,147.00864854766002,352,0.00017438446317745543,147.01201367706733,350,0.0001514903054184011
147.1469532210452,147.00864854766002,352,0.0009407927679870786,147.16261947806385,352,0.00010645541017277298
147.97738289396636,147.99035372859794,353,8.764648711740508e-05,148.12652902456102,353,0.001006883315074024
148.2033615166399,148.0131002310498,354,0.0012854354465454956,148.16835999638943,354,0.0002362280331058108
148.36069597485886,148.39728172085506,355,0.00024653919244306614,148.54089338264185,355,0.001213116493912616
148.51930684586966,148.49833527722166,356,0.0001412242676583388,148.54089338264185,355,0.00014532386523745595
148.95347773601233,148.8055663929901,357,0.0009939906591370472,148.95860252902844,357,3.44041426886342e-05
149.32637361490484,149.43912956157067,359,0.0007545275925832502,149.33914297565678,358,8.550578567353645e-05
149.57801304712285,149.43912956157067,359,0.0009293649257704179,149.58882882371663,359,7.230337103928522e-05
151.2686833789823,151.15027618850996,361,0.000783373960393336,151.29653377693458,361,0.00018407822874078305
151.78936216655615,151.76735889826665,363,0.00014498024113501643,151.85855592556726,362,0.0004556461016594204
151.94539088799027,151.76735889826665,363,0.0011730584956872068,151.92609673952552,363,0.00012699693389629717
152.2046498527751,152.24753891524227,364,0.00028170611343047606,152.4066986947225,364,0.0013257215311258397
152.41370122708338,152.51738756703935,365,0.000679832913544989,152.4066986947225,364,4.594635551353403e-05
152.55704347275798,152.56733531521684,366,6.745770605215964e-05,152.66774940967886,365,0.0007251429155728503
152.71867635183577,152.73980028529604,368,0.00013830012492367587,152.71940329772212,366,4.760009996496474e-06
152.89160194188923,152.73980028529604,368,0.0009938578963023998,152.89147736108896,368,8.148315552002385e-07
153.04215137583182,152.73980028529604,368,0.0019795173882055043,152.89147736108896,368,0.00098549649296023
153.2939447744965,153.36931937223716,369,0.0004914581224534822,153.54367245092394,369,0.0016264276634860664
153.50365743938886,153.46636055411176,370,0.00024302971115256356,153.54367245092394,369,0.0002606099678113742
153.81870228475705,153.86113556849995,373,0.00027578948761887526,153.78035804669295,372,0.00024934418511664524
153.9558501674576,153.8842027054758,374,0.0004655933534578219,154.0323394854909,373,0.0004965796032753686
154.0959085282522,154.13982171990477,375,0.00028489193228963753,154.03693873990986,374,0.00038282887744168023
154.26057088608377,154.21308509623458,377,0.0003079232207795962,154.28940448777183,375,0.00018687998559453045
154.5658927476394,154.81950039958872,378,0.001638085972986367,154.38692101162295,377,0.0011592415655661428
155.1666432791564,155.20712241167797,380,0.0002608071839267772,155.15884104422994,379,5.028546793691551e-05
155.3329741868557,155.20712241167797,380,0.0008108634012549201,155.37923984185713,380,0.00029775956587587234
155.7080824369507,155.60725742979662,381,0.0006479454031863486,155.770918580578,381,0.0004033881561455783
156.1449240145206,156.2896291756188,384,0.0009258782035730221,156.1705848408613,383,0.00016431280171516272
156.5678550091467,156.56716001774242,386,4.438934730686759e-06,156.5064150223388,385,0.00039257168339794927
156.73065958831614,156.6511574419468,387,0.0005075107497932965,156.73090866178728,386,1.5891790155836635e-06
156.87662152873918,156.8624468072419,388,9.036402138175381e-05,156.8169935308687,387,0.0003802393894175829
157.5446809745091,157.82168225904854,390,0.0017551535414808699,157.98919920420602,390,0.0028135988531871534
157.97261102862893,157.85559006389985,392,0.000741316570934922,157.98919920420602,390,0.00010499563046486039
158.15300457375295,158.3341896671172,393,0.0011443207164868144,158.032364321457,392,0.0007633895298215326
158.39323827395054,158.41292929474542,394,0.00012430185391145053,158.51008196820302,393,0.0007371373025718287
158.57574477202553,158.55251770035176,396,0.00014649449917704773,158.598981182489,394,0.00014651046488593783
158.74171983932575,158.68958904324603,398,0.00032850797833698073,158.7218046570665,396,0.00012547225192070154
159.00706130082744,158.68958904324603,398,0.0020005865507339423,158.85907303869584,398,0.0009315694678361697
159.67011164604529,159.9099888419957,400,0.0015000763722610951,159.55323005882445,399,0.0007325554435829293
159.9924964950236,159.96207418331892,401,0.0001901845288016127,160.10008183120135,400,0.0006719880149166924
160.56818806950776,160.51233774994944,403,0.0003479503217087416,160.64929891218955,402,0.0005048938478476037
160.7362914096713,160.77785641382695,404,0.000258524432921029,160.6965544215746,403,0.00024727965225974544
160.8771027373084,160.77785641382695,404,0.000617288510340638,160.96399227036758,404,0.000539807268902923
161.20933648638658,161.23532370350773,406,0.00016117570594482652,161.25785426162545,405,0.0003008707728441087
161.36874497571915,161.315497064961,409,0.00033008552635657,161.40919492395662,406,0.0002506049810639531
161.47409012843923,161.315497064961,409,0.0009831235458696885,161.4818316234641,409,4.794034689255333e-05
162.53778615568547,162.39964615018852,410,0.0008506176507872275,162.58620735243863,410,0.0002978186006160106
163.1986174676543,163.0883792895906,411,0.0006759413426259502,163.2690357490123,411,0.00043130212066820443
163.5013515373444,163.62566375760065,412,0.0007597354681501357,163.2690357490123,411,0.0014229016988207886
163.8547390096536,164.03661789238618,413,0.001108770011656148,163.81441773834229,412,0.0002461399421857842
164.0181736408284,164.03661789238618,413,0.00011243984297385039,164.21425612994628,413,0.0011940649596385846
164.2377415513301,164.1346220420554,415,0.0006282617767764759,164.21425612994628,413,0.00014301694589308964
164.36333743438365,164.1346220420554,415,0.0013934622048822685,164.32814143160937,415,0.00021418122585493244
165.5122447510495,165.53622784464977,418,0.00014488123785671902,165.4562843125709,416,0.00033821887582646197
165.75084732471782,165.68159703454398,420,0.0004179721309627547,165.74443996857931,418,3.865804572222591e-05
166.0576736956515,166.07198787181073,422,8.619259841879525e-05,166.10480681957998,421,0.00028375532792187337
166.38229644397498,166.54936739908635,423,0.0010031317303717767,166.25559178532106,422,0.0007621076517987398
166.6597052547616,166.71439074908778,424,0.00032801903951101125,166.7481646706688,423,0.0005304970887200987
166.85857521766206,166.8653286301497,426,4.047223316591269e-05,166.9124211949336,424,0.0003226001808974767
167.0667342884372,166.9470614362536,427,0.0007168311388895427,167.05216831864433,426,8.719413785210716e-05
167.2350724458746,167.21864909750275,428,9.821481312340215e-05,167.15394468427456,427,0.0004853475743769041
167.51065384503966,167.43442364020888,430,0.0004552839444449364,167.54871461893327,429,0.00022716243440114246
167.7265961043028,167.6444437263761,431,0.0004900393720224013,167.82088454947893,431,0.0005618397580804048
168.3530194076235,168.42369421120338,434,0.00041962506469704164,168.34826419031143,433,2.824631031948634e-05
168.8632988643036,168.94814787244314,436,0.0005022192264789079,168.8663813435881,435,1.8253954753901925e-05
169.21409630159457,169.44675868477515,438,0.0013730707213668683,169.1591184316446,437,0.0003250068365199091
169.6450679757841,169.55217025572932,439,0.0005479005070513147,169.64521009080505,438,8.377190307209962e-07
169.94989532993074,170.00245241048793,440,0.00030915483754486535,169.76146078470148,439,0.0011099960165177707
170.58772822070495,170.55494325620384,442,0.00019222523765761158,170.6839743720689,441,0.000563885108241846
170.7581114587149,170.9093237574574,443,0.0008847516063962505,170.75664892386337,442,8.565024324053173e-06
171.22609405401744,170.9298912928818,444,0.0017328903616285235,171.13829949806635,444,0.0005130035544853825
172.8019377400499,172.82620289696763,448,0.0001404020716244469,172.86122370518117,447,0.0003429685609097624
172.94125681068036,172.94949127847843,450,4.7611980452817725e-05,172.86122370518117,447,0.00046299050639420026
173.10823694375676,173.11455182036076,452,3.6478023006103606e-05,173.1563837224272,450,0.00027805373175042024
173.31086710004837,173.25028083902475,454,0.0003497036814613276,173.31404000775132,452,1.8307274487426718e-05
173.4561500963457,173.4233137578396,455,0.0001893421235853352,173.45752534409718,454,7.928440975624573e-06
173.67160516893023,173.66647334431576,456,2.954988672045841e-05,173.6276190616968,455,0.0002533358890200091
173.90338771059345,173.9205360215479,458,9.859854015350495e-05,173.88501692450257,456,0.00010564904564986281
174.31820638485163,174.38075826166016,459,0.000358708595100082,174.12831493673212,458,0.0010905259617800007
174.4647233684378,174.4588407043022,460,3.371949573815399e-05,174.59734437841044,459,0.0007595820569023339
174.6208780936045,174.4828081449183,461,0.0007913097579878415,174.59734437841044,459,0.00013478850596400295
174.84684677766222,174.4828081449183,461,0.0020863868286758185,174.70304048451518,461,0.0008231470542711205
175.5100629862141,175.34801974386016,464,0.0009241235948409933,175.50130674209095,462,4.9892757414224577e-05
175.67120286915411,175.34801974386016,464,0.0018430953812084195,175.5796428779702,464,0.0005214727042562046
175.96613328364208,176.10928932564542,465,0.0008128818334995913,176.3323907507452,465,0.0020770855856019925
176.21579963494526,176.16404442431963,466,0.0002937898638439983,176.3323907507452,465,0.000661200788485549
176.34074684663432,176.28960312341997,468,0.0002901119652447485,176.3323907507452,465,4.738832073648147e-05
176.4740857231766,176.28960312341997,468,0.0010464746444942901,176.50511836440415,467,0.00017581723133660077
177.83136396795075,177.76946590406732,472,0.00034819288885548026,177.8376106457227,471,3.512574055206477e-05
177.99293102334534,177.895911816521,473,0.0005453706374343562,177.995614456319,472,1.5075837580971493e-05
178.38825411049584,178.55512331552092,475,0.0009345528816342545,178.36470881896614,474,0.00013200644727090014
178.70069339457905,178.65481593037902,476,0.0002567938846826854,178.8045186284483,475,0.0005806633672664903
178.92683685370508,178.96051382064093,479,0.00018818099153199337,178.9003856636524,476,0.00014785429307242044
179.13922157666732,179.02898393725832,480,0.0006157530305128726,179.1057619492287,478,0.00018681491357102194
179.37206114517312,179.34608901193928,481,0.00014481572125114395,179.26252235905548,480,0.0006110523531418209
179.665291240757,179.71142090140557,482,0.00025668741817963005,179.56590401385353,481,0.0005534860721432181
179.9126291108811,179.8173856359869,483,0.000529667776880095,179.9417349945651,482,0.00016175171193539778
180.11707091534063,180.1669488569342,484,0.0002768429054830204,180.04753534830843,483,0.0003862067142306912
180.7404096930109,180.75727120423994,487,9.328261660910119e-05,180.81162323649963,486,0.0003938548983413091
180.88336253838227,180.90600409471818,488,0.00012515646702393577,180.81162323649963,486,0.00039676266712571897
181.0604248971113,181.1715632236464,489,0.0006134424440435161,180.983434160728,487,0.00042540211893051053
181.32153503773156,181.26743899124335,490,0.00029843223244757785,181.41008044271769,489,0.0004880952853889516
181.46379159827933,181.26743899124335,490,0.001083220506278911,181.49083804538716,490,0.00014902376009235123
181.97039062804566,181.80402399448883,493,0.0009150877406425112,182.01889835046788,493,0.0002664982749693175
182.1582857465833,181.80402399448883,493,0.0019485913694913478,182.01889835046788,493,0.0007657852969037688
182.97316771927782,183.01005729833128,496,0.00020157132125977036,183.05056570612913,494,0.00042282298638489244
183.20791527080553,183.01005729833128,496,0.0010811316896738505,183.23922868117526,496,0.0001708881367549142
183.55323183548217,183.4879443719156,498,0.00035581336850245605,183.65465269232203,497,0.0005522367952734467
183.98421630243266,184.16208226797676,500,0.000965812089837718,183.97956279902672,499,2.5293588783100406e-05
184.37168437490067,184.29779833621524,502,0.00040090570453066,184.40914059988935,500,0.0002031147960824579
184.55300609486238,184.29779833621524,502,0.0013847575009093107,184.54576962855143,502,3.92123120758721e-05
184.74608103689468,184.9030772410066,503,0.0008490729654395504,184.54576962855143,502,0.001085429423532356
186.1619546017992,186.13988336647157,507,0.00011857338109635653,186.19990469790667,506,0.00020381372465810998
186.67613834574138,186.6299579854919,509,0.0002474434477077342,186.6439567344094,508,0.00017242246625636203
186.82625166768594,186.6299579854919,509,0.001051780133869495,186.8654705000712,509,0.00020987736407544928
186.9743005419871,187.17973316416965,510,0.0010975153063305378,186.8654705000712,509,0.0005823978160580106
187.47499183309526,187.48235528323124,513,3.9275430079056535e-05,187.50817813970335,511,0.00017698591569356272
187.60791576559774,187.48235528323124,513,0.0006697189299590886,187.51472939308556,512,0.0004969549475595213
187.77147817302688,187.83322813749942,514,0.00032874888583258075,187.74259875687537,513,0.0001538245254019834
187.9885770694289,187.9726323567429,517,8.482464966361e-05,188.1028725439611,514,0.0006076221643317687
188.19231856752174,188.15387003737214,518,0.00020434620952498829,188.17826049680104,516,7.470613599881072e-05
188.3191929864958,188.27522363070756,519,0.0002335376633225672,188.41157371227573,518,0.0004903134343593636
188.48271729828974,188.52895120308443,520,0.00024523503949738936,188.53668846971408,519,0.00028626349525072127
188.76891047706562,188.63227357574476,521,0.0007243559054383624,188.7790170050396,520,5.353628880120016e-05
188.94944985024213,188.91170858486424,522,0.00019978256329694158,188.88646068998034,521,0.0003334763118102856
189.1521769013297,189.2294016723523,524,0.00040810133277445536,189.1616760543353,522,5.021711164606803e-05
189.57870885071603,189.2294016723523,524,0.0018459455839137306,189.49348934958152,524,0.0004497225811135308
189.9826134026299,190.0302348274215,525,0.00025059919983179787,190.29888739908122,525,0.0016619855258956286
190.32601292522207,190.33241381296284,528,3.3630045521607115e-05,190.31395474796878,526,6.335939615811639e-05
190.92960769937713,191.3404012421057,530,0.0021469252706792486,190.77510686810717,529,0.0008098584443554842
191.42770791380292,191.41547500320564,532,6.390763650155166e-05,191.62180970136959,530,0.0010129420438579578
191.91746105254128,191.94411526348728,534,0.00013886443410574453,192.0703921675042,533,0.0007962243073338445
192.3499836041305,192.343461396838,537,3.390917084022343e-05,192.24400939300696,535,0.0005512484444022051
192.56411939620398,192.60236882793157,539,0.00019859273777553745,192.5912723573762,536,0.00014098749564224556
192.82502832023576,192.68842920351068,540,0.0007089118806444189,192.86749705258788,539,0.0002201964198277542
192.98286215786686,192.68842920351068,540,0.0015280261278439945,192.96008981621648,540,0.00011801581182963807
193.46533969983847,193.33820313764795,543,0.0006575863441743032,193.5532399790821,541,0.0004541400560028156
193.6744103801193,193.6618626598667,544,6.479190110154223e-05,193.61023965836748,543,0.0003314428093527147
193.84447208041468,193.90655652531012,545,0.0003201771307167917,193.92928437260488,544,0.00043733617882719494
194.11506565500085,194.22056207853717,546,0.0005431784482925307,194.17385349228795,545,0.0003027587712237158
194.30595818060593,194.2905092282956,547,7.951470389204357e-05,194.17385349228795,545,0.0006803423115009005
195.06206723811061,195.05669401372495,551,2.7546987878745973e-05,194.82328021376773,549,0.0012256596033126898
196.13130352975784,196.0441074294955,553,0.00044477797065995014,195.97782180410744,552,0.0007831586464096094
196.6203287786565,196.69648227897193,556,0.00038716249234910276,196.55029997851386,554,0.0003562894594935369
196.7979162491116,196.69648227897193,556,0.0005156877691173871,196.79394847095276,555,2.0162094361544614e-05
197.15975801831277,197.16491164708958,559,2.6138671093945696e-05,197.34969315521298,557,0.0009624293499702674
197.36329593775258,197.16491164708958,559,0.0010061845640064661,197.34969315521298,557,6.892730524241857e-05
197.86576997886183,198.03830781226816,561,0.0008712346379463218,197.9274333458813,560,0.0003115453273811992
198.32206636603752,198.4857778199691,563,0.0008248019365904331,198.33014194301504,561,4.07178500373299e-05
198.55778913376415,198.5397285991342,564,9.096685463091485e-05,198.4514687346005,562,0.0005357501249125936
198.81385268411884,198.57592286231312,565,0.0011981806171471013,198.82299090746835,564,4.596160286997467e-05
199.14370474405388,199.06819998400994,566,0.00037929091663061213,199.3721832475415,566,0.001145989875648511
199.28533834832456,199.28992239390755,567,2.300189356251998e-05,199.3721832475415,566,0.0004355918554049984
199.7551005630607,199.9586395508888,568,0.0010179054442721225,199.57225582508414,567,0.0009161831499104117
200.6390993625074,200.75968917972767,571,0.000600667483163451,200.64820869920393,569,4.539954159362252e-05
200.92988150856087,200.75968917972767,571,0.0008477415437759163,200.8086968423378,570,0.0006034831564999644
201.28892015549704,201.29034234333068,573,7.065355531137486e-06,201.06678332389518,571,0.0011047912933685412
201.61081199497818,201.61663986927778,574,2.8905720794556933e-05,201.57475934221313,573,0.00017885499594641274
201.83293234859036,201.85476141437954,577,0.00010814243685025136,201.92362696968402,574,0.0004491530904765172
202.05027581677683,201.96598818716194,578,0.0004173357621818095,201.99379317479205,576,0.00027962563154556837
202.19396485861114,202.29097144450634,579,0.0004795398687469974,202.16450767664085,577,0.0001457089689422785
202.36252544617267,202.29097144450634,579,0.0003537182166627611,202.27597041194542,578,0.0004279056679395573
202.5488627735231,202.5932100645917,581,0.00021889821013473652,202.58751075235284,579,0.00019077177406551812
202.8749150162163,202.9965360083337,582,0.0005991284112965981,202.89913054218997,581,0.00011934760838526066
203.3373860250188,203.30481082483033,586,0.00016022837854303454,203.3102039569992,582,0.00013369750996528217
203.50316725680432,203.50605904909588,590,1.4209858443901381e-05,203.52702929960233,585,0.00011724262315492759
203.71738510473665,203.56102305244258,592,0.0007681335549870373,203.7565946207336,587,0.0001924331139806393
203.91719365409944,203.56102305244258,592,0.0017496994086392348,203.87657110952344,592,0.00019925067581293178
205.11063907972002,205.23200840368844,595,0.0005913761937645298,205.23008308804484,593,0.0005820004871000197
205.61884172599594,205.48971482246463,599,0.000628386212141379,205.64927097201863,596,0.00014796670991764482
206.39002523549135,206.46023025642864,602,0.00034004137673438535,206.54755598666728,600,0.0007626851376837157
206.57871008097155,206.58820889785147,603,4.59794725488079e-05,206.54755598666728,600,0.00015083254873410887
206.70019375114595,206.72915355253872,605,0.00014008571551284886,206.61795483661564,601,0.0003980240468227393
206.91722389116063,206.72915355253872,605,0.00090974270145268,206.9011899404998,603,7.749569089212059e-05
207.738530904921,207.87365904088847,607,0.0006500493453136247,207.81053774665958,606,0.0003465023598869066
207.85535526530816,207.87365904088847,607,8.80524048345477e-05,207.81053774665958,606,0.00021566528403493308
208.06099267513713,207.93698446623847,609,0.0005963739890572125,208.19559926370488,607,0.0006465390673183898
208.26648438603752,208.27418435647098,610,3.697035452211914e-05,208.2513953134018,609,7.245604579515026e-05
208.4092136585491,208.4051307385878,612,1.959126412507246e-05,208.2513953134018,609,0.0007578261116081136
208.6526854118336,208.54136783173573,614,0.0005337913587854338,208.639466185976,611,6.335918174662914e-05
208.82137666449393,208.7890226294566,615,0.00015496042191228895,208.81906189452062,613,1.1085051107448195e-05
209.03091806065646,208.98072063486705,616,0.00024020122830905347,209.11998537757103,615,0.00042591489643494657
209.63119509125676,209.32182107525114,618,0.0014779826317983355,209.6714512114977,618,0.00019199619217751018
210.8622043361239,211.00439817422216,621,0.0006738903991036452,210.89814634834275,620,0.00017042355677927024
211.31584123957288,211.5648354453561,622,0.001176916784205052,211.34371514381576,621,0.00013188896686098917
211.63064635238948,211.5648354453561,622,0.00031106732314396693,211.89167802103825,622,0.001231910904131176
212.06451391241825,212.02871761573596,626,0.00016882758658743021,212.0759607248782,623,5.397505884601827e-05
212.33721958472057,212.32612584206066,628,5.224859925227231e-05,212.36224434556243,625,0.00011783997159654208
212.60105199291516,212.60999975883954,630,4.208534845268256e-05,212.64403257329016,628,0.00020212455461306053
212.81530162202415,212.88196726496165,631,0.00031315777373721416,212.91144856475574,629,0.0004515818354518911
213.00916886311725,212.88196726496165,631,0.0005975217149195531,212.96806017513208,630,0.00019302748004262706
213.24664829406038,213.32142207898357,632,0.00035052168785706787,213.2243158342605,631,0.00010473692792731487
214.3232713793765,214.4579781321027,634,0.0006281265630660076,213.91303772916993,633,0.001917758985433908
215.231963088697,215.25320378214025,639,9.86777110399919e-05,215.26497647204005,636,0.00015336160988238876
215.4406327360603,215.49325895601845,640,0.00024421283623021956,215.3376870528305,638,0.0004780662625235822
215.8173397305854,215.7268304320703,641,0.0004195551305964583,215.84474122345387,640,0.00012695001376063336
216.21179420694233,216.232012905236,644,9.350464818787882e-05,216.2943955975795,642,0.00038189334683847917
216.39357632032096,216.31242939815024,645,0.00037513758407916513,216.2943955975795,642,0.0004585450421285687
216.61438643119953,216.65034034739506,647,0.00016595365665187756,216.57810015983796,644,0.0001675435851307018
216.76500682184147,216.82611205796422,648,0.00028181677724508166,216.6637111797761,645,0.00046752472536260026
216.94002453854802,216.90399537907854,649,0.0001661064813790599,216.99272039554734,647,0.00024284619734368993
217.3663506728345,217.42068367866307,653,0.0002498980543583842,217.27227858376702,649,0.0004329686680724555
217.57693150499244,217.70497668802687,654,0.0005881591913166061,217.57535254268223,651,7.2570826234079934e-06
217.87098789526652,218.03696502783748,655,0.0007612339153123309,217.79064395414798,653,0.0003689044655906214
218.0535198556251,218.03696502783748,655,7.592670254560695e-05,218.0684599543667,654,6.851104806589902e-05
219.3923278733165,219.47567985862855,660,0.000379777774766384,219.44780539904116,658,0.0002528051060878693
219.61413026929753,219.61795196478988,663,1.740156238667213e-05,219.63302470305632,659,8.602728931286026e-05
219.8616454710056,219.78673216245835,669,0.00034084545418273476,219.8546168343345,660,3.1969474975323285e-05
220.1481925446244,220.12119194422718,671,0.00012266243044909133,220.1534280525356,668,2.378117823326008e-05
220.36909636499496,220.54667421970737,672,0.000805171310520459,220.32821547191742,670,0.00018554542816942465
220.60334510739585,220.54667421970737,672,0.00025695643740257875,220.48999193765746,671,0.000514096665985814
221.80669495598397,221.6799008165762,675,0.0005719694881705882,221.96782480293268,673,0.0007259153307095981
222.1311464669591,222.10194178279585,676,0.0001314922504901908,222.06400479649807,675,0.00030235278573206934
222.6624221099553,222.50843840303423,678,0.0006920353584170121,222.4838112904859,676,0.0008028036666280437
222.87604217588915,222.95740127819556,679,0.0003649087307260626,222.87442751815087,677,7.244697187861328e-06
223.03451654831835,222.95740127819556,679,0.0003458744570967094,222.88579332732746,678,0.0006672620034264589
223.42856260298169,223.31683993529367,683,0.0005002876976066176,223.35037283209113,679,0.00035007674220155136
223.6496187067973,223.8267495041339,684,0.0007913745686295481,223.64828885177178,682,5.946189136276305e-06
224.182194826434,224.16716532152572,685,6.704596940737172e-05,224.20210987583758,684,8.882632467021842e-05
224.4852858432393,224.45600145751058,686,0.000130468267894627,224.55551249181934,685,0.0003127362486040277
224.75179742087875,224.63445103642965,687,0.0005223881907146206,224.82911678971857,686,0.00034390282692850716
225.00866267076935,224.94699222183743,689,0.0002741554724639415,225.02538530837407,687,7.431444937556144e-05
225.26235070691973,225.1954627576402,692,0.0002970217448453604,225.2911916359437,688,0.00012801623008225018
225.4664982795745,225.49726659031865,693,0.0001364464909459418,225.54015609059135,690,0.00032658402075093134
225.61710749991101,225.49726659031865,693,0.0005314517173731211,225.6032037074117,692,6.162941071241361e-05
226.10337493866496,226.15409603457164,694,0.00022427670688275947,225.9130786371911,693,0.0008423430047601366
226.40008939871234,226.18148634744483,695,0.0009664940079653739,226.54581644237177,694,0.0006432563882569156
227.07105638686465,227.11333696802564,697,0.0001861651179337524,227.19595424859318,696,0.0005497362932434385
227.56740672765375,227.45320685030606,700,0.0005020807529121608,227.5499068346827,698,7.690573560093492e-05
227.76705414946466,227.77145000607976,702,1.9299418847214788e-05,227.8094217406918,699,0.00018597822207441094
228.00972132485168,227.93335243736607,704,0.00033504920043063804,228.15998600350272,701,0.0006585934776868991
228.25397384271753,227.93335243736607,704,0.00140664541596458,228.24426634075442,703,4.253119746987918e-05
228.7472534616312,228.7790968317292,706,0.00013918828485195666,229.08104994087174,705,0.001457110831850515
229.0274185525446,229.059546465714,708,0.00014026009247430807,229.08104994087174,705,0.0002341153418887785
229.56154990024316,229.70198150504166,711,0.0006113643594990546,229.52927756188535,709,0.00014060227392608947
229.95628398625337,229.88031459347138,713,0.00033047367677537914,230.13463542738873,711,0.0007749873929412724
230.57778059901648,230.3136631484865,715,0.0011467728267588087,230.5537783917481,714,0.00010410676171005013
230.88721266534492,230.88188187099558,716,2.308883792064837e-05,230.7186408585675,715,0.0007306380019841723
231.0732236802853,231.08268792895143,718,4.0956112943562135e-05,231.3010530938481,716,0.0009849908183096861
231.36639779606332,231.30330334104735,722,0.00027277801096917706,231.4002280264958,717,0.00014619791311786315
231.7313343211801,231.7284590871804,723,1.2407772489528237e-05,231.72134645344795,722,4.3102924633473115e-05
232.08754923982988,232.21189915005516,724,0.0005355018872005441,232.16121360530244,723,0.00031729833045148316
233.17549670422352,232.95833555749175,727,0.0009321887805048115,233.12346408447232,726,0.0002231976946445338
234.0443252380954,233.94446687122502,733,0.0004268464572208075,234.09345461645987,729,0.00020987079047104904
234.318462365905,234.2717098509185,736,0.00019956534664911657,234.30584961931646,732,5.3830267613987e-05
234.6893507374811,234.37354163744703,737,0.0013474605445123113,234.6939708138312,735,1.9685534886503198e-05
234.92088458173922,235.01020629891633,738,0.0003800759064204353,234.8179521493666,737,0.00043834992780769546
235.45240389390068,235.44826265255432,741,1.7588753043684757e-05,235.44138728739736,738,4.679129115846857e-05
236.57222649788656,236.4610265557917,747,0.00047026752659647857,236.5389050414839,742,0.00014087093367079134
236.77930526639113,236.78294416225003,748,1.5368065769150924e-05,236.79995366636925,743,8.719765210429898e-05
236.9557007486021,236.79708540764136,749,0.0006698365424882549,236.9213283814634,747,0.0001450792437030348
237.1603744233853,237.31880720634553,750,0.000667594721317126,237.21318364167504,748,0.00022262345405525149
237.4394502547991,237.3844078055322,751,0.00023187053343458078,237.25328233543928,749,0.0007846800580681514
237.96848590608548,237.8079796928348,752,0.0006749404013186961,237.86569884197615,751,0.0004321222631498761
238.36608886591853,238.40406355976256,754,0.00015928710810130735,238.2551366214137,752,0.0004656866839397149
238.97876806002563,238.9594509737027,756,8.083834409652296e-05,238.92115097493124,755,0.00024115522991280882
239.2134148950009,239.23655330464584,758,9.671770189509596e-05,239.41951530409813,756,0.0008608337914118641
239.54614912114297,239.74383237790954,761,0.0008245603434542479,239.59106002963188,757,0.0001874481814277512
239.77573928309212,239.74383237790954,761,0.00013308749120305053,239.76057305472742,759,6.325572287168241e-05
239.97969534618932,239.88630530420238,763,0.00038930960176533256,239.7980455344198,760,0.0007575116442867094
240.45758280242853,240.52290689271734,765,0.0002715919707304576,240.37363792171578,763,0.0003492266516351039
241.04994436714435,240.9770568536067,771,0.00030246661026288524,241.05439873467344,766,1.8478681793296524e-05
241.69556585255964,241.57402248588176,775,0.0005031309468922177,241.68018736138438,774,6.363157585714624e-05
241.92563749322207,242.18809059558424,776,0.0010836746832462044,242.06699161588423,775,0.000583946294034453
242.3914348225858,242.5659596143969,777,0.0007194941618705271,242.6821377275289,776,0.0011978751615805993
242.57938749771864,242.5659596143969,777,5.535765753405664e-05,242.6821377275289,776,0.0004233942834540935
242.92086527065192,242.71565256396872,779,0.0008454860842941059,243.05986526353777,777,0.000571875544879227
243.11321403747587,243.24660515584594,780,0.0005483781296129834,243.13431621757422,778,8.679227361500593e-05
243.36422887862912,243.34344935540582,783,8.539175095257266e-05,243.2063928925672,779,0.0006489795937709307
243.70076071587584,243.70818017283938,785,3.0444021034790404e-05,243.7379805969704,780,0.0001527044779947614
244.1248414115974,244.17410707763457,787,0.00020176449758249057,244.0811971809954,784,0.00017881029389432555
244.58047622377904,244.31537085609511,788,0.0010850949195500275,244.6644575370488,787,0.0003432509736607041
246.02860891902372,246.04020310702163,793,4.71231443133595e-05,245.8248878670137,791,0.0008287242751443195
246.3021778119637,246.32067648468302,796,7.509995905872731e-05,246.26850928364155,792,0.00013671471200312805
246.7788917905806,246.79773568375106,800,7.635359019102294e-05,246.80120542128802,796,9.041135220284134e-05
246.9348042086198,246.79773568375106,800,0.0005553880974190901,247.05239107482305,798,0.00047595923152851205
247.1925054994571,247.35554831377357,801,0.0006591435503587227,247.12865061652857,799,0.00025838721155649515
247.5538821109023,247.6053433866719,803,0.00020783588538817214,247.30679783302017,800,0.000999100227115282
247.82578835075915,247.6053433866719,803,0.0008903077820214593,247.85262712185136,801,0.0001082851991679985
248.09697958324406,248.2773206823527,804,0.0007263696040097045,248.11015628612074,803,5.3108276879572804e-05
248.38340458205988,248.43658697765386,806,0.00021406829099114184,248.11015628612074,803,0.0011013184628525662
248.7243441894385,248.73006960393826,808,2.301858600717975e-05,248.79218387585775,804,0.00027267611611578714
248.9885443846298,249.0501634533785,810,0.0002474162951523091,248.94526975455074,806,0.00017383190338069484
249.3497864955521,249.28748356212628,811,0.0002499240336320352,249.3959497423779,809,0.00018510022666154188
249.58584415622238,249.65274598528498,815,0.0002679795441406627,249.55706327277747,810,0.00011532786556896862
249.8040024863741,249.768782854263,816,0.00014100894318578558,249.84200068580694,811,0.00015208891751004733
250.0169629580407,249.9682070297464,817,0.00019504851786409866,249.9920102062538,814,9.98141971269286e-05
250.37971516952683,249.9682070297464,817,0.00164624191480266,250.2899517264149,816,0.0003586378218253534
250.96025902470012,250.94181555603654,818,7.349699221195881e-05,250.48169916435944,817,0.0019105581842394914
251.4598160551192,251.73326952322702,820,0.0010862825904010523,251.4983477829767,818,0.0001532086719343098
252.04849651612162,251.95686026878565,822,0.0003636981634007223,252.26721867822087,820,0.0008670257009423223
253.9151737013815,253.8273706313612,832,0.00034591647780892035,253.83718230819093,824,0.0003072496806077318
254.56436637695077,254.6280517735279,839,0.0002501114709614048,254.56534898574904,834,3.859947169488494e-06
254.7499389144897,254.68745316278017,840,0.0002453428739168379,254.74328130130203,837,2.6134597755225937e-05
255.06896449181517,254.89737788504482,842,0.0006731595601102279,255.1499276120056,839,0.00031731586580557126
255.26549228822174,255.280748515244,843,5.976254422237456e-05,255.22833902177385,840,0.00014556873500132033
255.5298603131478,255.34228015817894,844,0.0007346223855001774,255.4657930714325,842,0.00025078598956447567
255.730069992832,255.82212490052848,845,0.0003598395085345833,255.83177275539126,843,0.0003975376532159566
255.88996052072213,255.88080568215832,847,3.5777746358879756e-05,255.86993490447895,844,7.826482720859785e-05
256.19825556789107,256.0888437688444,849,0.0004272415675608798,256.3780470831418,845,0.0007012750011018212
256.4509533458674,256.4168532842308,851,0.00013298681892330312,256.41175818405617,847,0.0001528602357739256
256.8090346485161,256.7067338337115,852,0.0003985123930207278,256.89951011896926,850,0.00035218233935618674
257.07259400930997,257.0588422734419,854,5.349645142124969e-05,256.97260677351966,851,0.00038909686540414577
257.62477054987875,257.58059236193037,856,0.00017151209857573486,257.63690782333447,854,4.710999506345556e-05
259.0683203699832,259.07971063052435,863,4.396430933712812e-05,259.17357616386926,862,0.0004061208532288563
259.7506061869213,259.81577663017913,866,0.00025083327926850513,259.74940897592495,865,4.609099982395094e-06
259.93693131977653,260.04921471152034,867,0.0004317774690008603,259.74940897592495,865,0.0007219355939668906
260.30590538766353,260.2342871168173,869,0.0002752068977523577,260.3875148940317,866,0.0003134155890745896
260.5289491563103,260.68258446160496,870,0.0005893577647772279,260.6204256888601,867,0.0003509952541440465
260.73659334535944,260.73941616002526,871,1.0826190789991212e-05,260.68645638021155,868,0.00019232669715207802
261.02605680103636,260.97863332999464,874,0.0001817139987155972,260.82134427619735,869,0.0007848764272230322
261.2837805869353,261.57191515913644,875,0.0011015501110884249,261.2531216429949,870,0.00011735340710013855
261.80906915290745,261.6359834372148,876,0.0006615516467526955,261.5361457113165,874,0.0010435400462473203
262.37201393025487,262.3248903798327,877,0.00017963812108688708,262.2258627208116,876,0.0005573485693852085
262.630454376467,262.5674540810953,879,0.00023993946847744493,262.89943932942526,877,0.0010231476858389118
262.95306672768515,263.02336129950925,881,0.00026725600143192967,262.89943932942526,877,0.0002039844527499876
263.52047263973185,263.43199659548577,882,0.00033585914159827215,263.5935821306158,881,0.00027735686997008797
263.7705371525283,263.85229759428637,885,0.00030987200984624995,263.5935821306158,881,0.0006713176416593936
264.22037377734205,264.1478400377172,889,0.00027459524035675,264.2077304682964,883,4.7853668108928286e-05
264.47304078443915,264.466366291707,892,2.523758625996008e-05,264.45236183461196,885,7.819536828382938e-05
264.66489458408716,264.60394683662764,893,0.00023033574588799636,264.6947341312601,886,0.0001127319259706733
264.89784856854334,264.7273034248999,894,0.0006442295201024439,264.9082485518714,890,3.9258812758412075e-05
265.1813572516028,265.41264870932423,895,0.0008714409763295079,265.24728293823495,893,0.0002485442486041267
267.1387731248188,267.130150737976,904,3.227784965101634e-05,267.14557939412003,901,2.547775380257904e-05
267.39580188395684,267.3432774835903,908,0.00019646800495939882,267.29217230135487,902,0.0003877015241775672
267.72633914205176,267.5605486269699,909,0.0006196373715507065,267.73757037970665,904,4.1948679966613924e-05
267.94850385209884,268.2423300203101,910,0.0010953758423921853,267.94328001151166,908,1.949606867152327e-05
268.17010202937826,268.2423300203101,910,0.0002692639559399629,268.2129990838779,909,0.00015993652301027393
268.38020673103705,268.25334669435426,911,0.0004729112916802815,268.2129990838779,909,0.0006234136590332404
268.68619253140616,268.84317025444057,912,0.000583900728762548,268.8697805114069,910,0.0006828137385001526
269.1128927257781,269.018876433212,915,0.0003494784225280693,268.9068652291266,911,0.000766166741321313
269.54612783283255,269.6430486240466,916,0.0003594410896503684,269.48665131786294,913,0.0002207030095136844
269.82102398333836,269.6430486240466,916,0.0006600405988580867,269.64314107540724,915,0.0006596975069407564
270.0682309565187,270.3372465948763,917,0.0009951112610123857,270.25918232728264,916,0.0007065490582766869
270.58201420313065,270.53949578728873,919,0.00015716158455235556,270.25918232728264,916,0.0011945269465703557
271.7062667367348,271.74478460420016,932,0.0001417428029813885,271.7066725235329,926,1.4934738052516083e-06
272.1853495251023,272.1525532079402,934,0.0001205071081478315,272.2036660901121,930,6.728992769602881e-05
272.44336893775665,272.4583280389321,935,5.490418033148245e-05,272.39782750348894,933,0.0001671872154234461
272.6389448511438,272.57398500646457,938,0.00023832004612497304,272.7758274535594,934,0.0005018135356546613
272.8733881721332,273.09979396716733,939,0.0008290222110578751,272.7758274535594,934,0.00035765895931689666
273.20539151781156,273.1073258426409,940,0.0003590737629176266,273.22759600726926,937,8.126737482659598e-05
273.5954206215997,273.646356089445,943,0.00018613610856435997,273.7294810877606,939,0.0004897553074229504
273.88378184683523,273.99073841413747,944,0.00039036563031765283,273.7792072447012,940,0.0003819669257811197
274.1593609643781,274.0257061814118,947,0.0004877454193213767,274.16754740434834,941,2.9859259594177395e-05
274.42880699759024,274.34598106192186,948,0.0003019032221568691,274.3012132338182,943,0.0004651593125229003
274.6206645448986,274.60641192645494,949,5.190198707916717e-05,274.6558402612332,944,0.0001280719765549126
274.83912327481437,275.0361489893361,950,0.000716362977178516,274.68850763848087,947,0.0005483142983605422
275.05404861518474,275.0361489893361,950,6.508099358732062e-05,274.9908683284738,948,0.00022975412636411268
275.3512454264183,275.2410969617765,952,0.000400189019218588,275.2743810130819,949,0.0002792283577335746
275.5926765555553,275.5759648701152,953,6.064275397884111e-05,275.6934675336954,950,0.00036559073757458816
275.8090937899779,275.68139225238974,954,0.0004632214620827716,275.75936431423975,951,0.00018033648961234225
276.06420635032686,276.0406429176845,956,8.536218577552135e-05,276.2392032930199,953,0.0006334978547828149
276.283081872543,276.0406429176845,956,0.0008782726786025012,276.2392032930199,953,0.00015884269502671394
276.4996154228294,276.824692192522,957,0.00117430554015218,276.65396476038745,955,0.0005579147860460166
277.4012445853754,277.38898769067794,960,4.418666652749206e-05,277.5135542487555,957,0.00040469974046529965
279.4526349374885,279.4710597970234,971,6.592761178302613e-05,279.5752649337172,964,0.00043862963434126436
279.76135778035865,279.521483080626,972,0.0008581619455111729,279.6823396891992,967,0.00028252799675259737
280.1001879030123,280.1178890753806,974,6.319186691989576e-05,280.1745808731132,971,0.0002655236241242311
280.4530200932609,280.4249836960307,977,9.997824323863831e-05,280.21814507977166,972,0.0008381863116763983
280.7466360161732,280.6658473252562,979,0.00028784653240475686,280.7710741793723,973,8.70394618480771e-05
281.0014869648833,281.02431439959116,980,8.12293938216922e-05,280.90464229233237,976,0.0003447599575452138
281.2182886311905,281.02431439959116,980,0.0006902400314141976,281.22260032182544,978,1.5331949245954687e-05
281.4624919418558,281.52255081685826,981,0.00021333592931797976,281.4145458022086,979,0.0001703754847160372
281.94909066481455,281.8693615428607,983,0.00028285841894072974,281.7295889952299,980,0.000779121818079113
282.14027743649905,282.21184073852703,984,0.00025358008310603377,282.2048724419675,981,0.00022889401203280408
282.3767179484555,282.37676915989357,988,1.813585381509876e-07,282.26191421900387,982,0.0004067276655771637
282.66409623380525,282.754663289567,991,0.0003203026068893433,282.5852743458348,983,0.00027893133551598436
285.0820036368029,285.1094025211212,1006,9.609954661622294e-05,285.13178256595467,999,0.00017458218338136408
285.2946172384409,285.41461855081184,1007,0.0004204455713595341,285.29945865454755,1001,1.696959443773024e-05
285.51782438113105,285.41461855081184,1007,0.0003615996645274778,285.58219125094354,1003,0.00022538824823263814
285.8901798964407,285.9993937241078,1008,0.00038186733980433146,285.81224151450556,1006,0.00027269084599792966
286.100867737639,286.005097275199,1009,0.00033485578876900763,286.12801312383556,1007,9.48714734365715e-05
286.39948378178605,286.4134153980591,1010,4.86416331221529e-05,286.12801312383556,1007,0.0009487734353119625
286.60683346408723,286.4134153980591,1010,0.0006753107767641272,286.7032066081951,1008,0.0003361425400434199
286.8421219590891,286.8211792005145,1011,7.301677872253248e-05,286.75289852908287,1009,0.00031115092633390666
287.2924608332156,287.3544335411316,1015,0.00021566644075146835,287.1907081360245,1010,0.0003543035840244124
287.6381795233607,287.79622189384304,1016,0.0005491467867171813,287.64170438236494,1012,1.2254339167586885e-05
287.95132161329406,288.05803544299965,1017,0.00037045947890842275,288.0983975735784,1015,0.0005105059990719445
288.29266396659506,288.2176849477215,1019,0.0002601471831512863,288.0983975735784,1015,0.0006743057047620738
288.621679128726,288.6884222267088,1021,0.00023119423171872247,288.52888676407485,1016,0.00032160511098844135
288.89644720620487,288.88999166251745,1022,2.234602746281482e-05,288.9658568178439,1019,0.00024020004440460097
289.05394965256545,288.88999166251745,1022,0.0005675447221430254,288.9658568178439,1019,0.0003048555136984679
289.34183194479397,289.26360256958526,1024,0.00027044320306384985,289.46951966577586,1021,0.0004411093821875467
289.7351899943974,289.7411301383921,1028,2.050155596444946e-05,289.67634912233103,1022,0.00020312625536959695
290.0577247352743,290.08451388544495,1031,9.23494667531142e-05,290.02336944808843,1024,0.00011845696176566161
290.383947938088,290.350411704263,1037,0.00011550262191166985,290.4103153161272,1027,9.079353125075657e-05
290.64828925012887,290.76248824320646,1038,0.0003927569672676363,290.6403317507299,1030,2.7379198719723175e-05
291.12583120040455,291.0240657805607,1041,0.0003496804278742267,291.0915364390773,1037,0.00011781435402343797
291.4749164322573,291.6444974665509,1042,0.0005814648853884892,291.53517336381344,1038,0.00020668837609151685
292.2073167377658,292.1733136584344,1047,0.00011637982574667964,292.4378766487105,1042,0.0007884064594741514
292.73201073968625,292.8283005532801,1048,0.00032882687025778706,292.7541329819099,1046,7.55659433337944e-05
293.08216845404604,292.8283005532801,1048,0.0008669513851164213,292.9291456222275,1047,0.0005223885506288142
293.5503236823727,293.6389399696809,1049,0.00030178656590074284,293.5932259955856,1048,0.00014612841651032136
294.15556597590773,294.09454136217926,1051,0.00020749998774484348,294.38943149489256,1049,0.0007944086776392501
294.58225249569205,294.5711774743871,1057,3.759709758393329e-05,294.47214266536076,1050,0.00037392273963385265
294.9213269271499,294.92562460893237,1059,1.4572086736016273e-05,294.90116626426635,1051,6.836413412307206e-05
295.21979019096676,295.1723440140023,1060,0.0001607405907994062,295.22274423429946,1053,1.0006150916165372e-05
295.4434375512528,295.45482611958903,1061,3.854588698304668e-05,295.3675463543817,1057,0.0002569381701131701
296.36929191800965,296.37123825356707,1065,6.5672214648408855e-06,296.3403993974638,1062,9.749774450129883e-05
296.88329826207814,296.9141406729491,1072,0.00010387653077432538,296.76757558420434,1063,0.00038994380584198967
297.1664463029144,297.248384114102,1073,0.0002756543536202245,297.1659871156726,1065,1.545221397168474e-06
297.38782589788605,297.248384114102,1073,0.00046910863518945234,297.40725098776034,1066,6.531478237256832e-05
297.6074991017895,297.6656472718811,1074,0.0001953472650423166,297.62583574654906,1070,6.160972119100874e-05
297.99710326774914,297.908985768961,1076,0.00029578664289268286,298.05486611703986,1073,0.00019379938345996645
298.2512303734331,298.30551943718467,1077,0.00018199148260484782,298.05486611703986,1073,0.0006588191595439877
298.68184631114747,298.8103142160587,1079,0.0004299312935307733,298.7292076134921,1075,0.00015854259020407738
298.9733567855643,298.8384196870204,1080,0.0004515386565262368,299.14544734794544,1077,0.0005752738806717161
299.16978388951145,299.1091418527152,1081,0.0002027421710370646,299.14544734794544,1077,8.135354150219931e-05
299.42693283018366,299.4882096334012,1082,0.00020460506038800697,299.3282922623533,1078,0.0003295397407470288
299.6289372425073,299.6994769196672,1083,0.00023536803562325742,299.6219828211955,1080,2.3210651122101806e-05
299.91436380918435,299.96789658336434,1089,0.0001784616780319602,299.9764479057469,1081,0.0002069632366007096
300.18987178391296,300.26143682814313,1091,0.00023834244246000259,300.32186861114263,1082,0.0004395178674137124
300.5726767245294,300.755061644879,1094,0.0006064234442210146,300.5609932866737,1085,3.8872102889828686e-05
300.8408576818448,300.755061644879,1094,0.0002852688047761205,300.8423013147337,1090,4.798636636437881e-06
301.1200622297439,301.0900555536299,1095,9.966013676148796e-05,301.11758312459665,1092,8.233013567391059e-06
301.6100077041557,301.4949177014506,1097,0.0003817311534884295,301.5933015937345,1094,5.5392843053546096e-05
301.8421568458964,301.75553249723555,1098,0.0002870679716920909,301.90547043549935,1095,0.00020971329042705235
302.11422531924404,302.00517663165135,1099,0.0003610821801432035,302.1829742724696,1096,0.00022750769923780175
302.4831038378546,302.4465947009397,1101,0.00012071267309523416,302.60719027147894,1098,0.00041005778320399934
304.5940785484533,304.6879292647758,1114,0.000308022429864413,304.6419592668182,1109,0.00015717046489642096
304.91735514120853,305.0698200176935,1115,0.0004997704344405455,304.8081140787777,1113,0.00035839289502183856
305.359085118171,305.36879215935414,1117,3.178792801491257e-05,305.5530983311265,1114,0.0006349574395257664
305.61382262310957,305.661223900045,1119,0.00015507782220662876,305.5530983311265,1114,0.00019873564468747668
305.91714202090867,305.9826367078217,1121,0.00021404707017928337,305.9109599132767,1115,2.020884650131547e-05
306.22522338306226,306.127866005045,1122,0.0003180284738131145,306.20408529191286,1117,6.903268821264943e-05
306.58720884527474,306.50669397014224,1124,0.00026268553580220005,306.56319991713957,1119,7.83164063451309e-05
306.80099693591,306.7784962916828,1127,7.334491986622126e-05,306.85778145656064,1121,0.0001850515909392905
307.0582584815138,307.190650690255,1129,0.0004309773375058646,307.00138855845785,1122,0.0001852432111886915
307.3768602005648,307.2777729725484,1132,0.00032246793205330053,307.3666946606935,1123,3.307300383514576e-05
307.55852281657775,307.5579733147116,1134,1.7866610974967185e-06,307.56458004486865,1125,1.969416728680404e-05
307.88522067787756,307.9171748087874,1135,0.00010377508474384341,307.80789048075013,1128,0.00025122876806908803
309.3616684076467,309.2371648923181,1141,0.0004026149811971151,309.417818399236,1136,0.00018146980636030193
309.6966914974362,309.7820653014061,1144,0.0002755931137809272,309.79353427562563,1138,0.0003126042588845415
310.0033610831716,310.0672746670233,1145,0.00020612811822952968,310.0179676619775,1139,4.7115265337716194e-05
310.22492106795846,310.0672746670233,1145,0.000508426441018189,310.13549238585864,1141,0.0002883535883360234
310.4450522265736,310.73734644660647,1146,0.0009406472166135674,310.5456942902504,1144,0.0003240813365867478
311.0502851604567,311.1384271670561,1148,0.0002832887194355782,310.8515167987893,1145,0.0006394318538779384
311.3212556403798,311.481632749405,1149,0.0005148846421844489,311.6267526284638,1146,0.0009803297871805582
311.6800100741748,311.85064806393984,1150,0.0005471785639197019,311.68196156365053,1147,6.2611562951967715e-06
311.9117958847273,311.9404392813061,1151,9.182328730695926e-05,312.07409538735465,1148,0.0005200672052765858
312.12697085874777,312.0836006661568,1156,0.0001389697904611652,312.07409538735465,1148,0.00016943242702503603
312.702325004368,312.77555541216384,1159,0.00023413085367028497,312.74004760586496,1150,0.00012061967050829042
313.00348773154303,313.00818311797104,1161,1.5000842410058001e-05,312.99342842074003,1155,3.2139047946652e-05
313.21962219033134,313.07811709287466,1163,0.00045198016000171293,313.1879597641198,1157,0.00010109720129530689
313.60432916739364,313.62846335684173,1165,7.695152789953115e-05,313.6676018303324,1159,0.0002017188341082437
313.878251399363,313.7959478491937,1169,0.00026228366151145004,313.8852422467211,1160,2.227198484393551e-05
314.09893567990997,314.09086242422677,1171,2.5703567499191507e-05,314.00092632715035,1163,0.0003121307758739046
314.5319975779877,314.6309219177899,1174,0.0003144139145614115,314.5255815698873,1165,2.0399002422426547e-05
314.85349778039546,314.75285043409303,1176,0.000319766274280329,314.7715008281679,1169,0.00026049674767825674
315.29974446476973,315.2966647110237,1177,9.767796779088398e-06,315.3551614379055,1173,0.00017572876525342432
316.96743397801146,316.97143597030697,1185,1.2625719043935545e-05,316.9608670178534,1180,2.0718520301429254e-05
317.5637994430729,317.5696904485982,1189,1.8550276372204057e-05,317.4990074255905,1181,0.00020406998436874445
317.8330634454792,317.77395424376095,1191,0.00018601021552851075,317.8309016974307,1183,6.801566609584064e-06
318.0584159624035,317.9044678873473,1193,0.00048425892243430494,318.133575466264,1187,0.000236251403990758
318.33210269707223,318.2609708869337,1194,0.0002235015180789951,318.27649157322503,1188,0.00017472582901840113
318.52186286734207,318.4262005747498,1195,0.00030042217763352974,318.5438982008007,1189,6.917518616144279e-05
318.7173619538132,318.70307698394413,1198,4.4822189996662255e-05,318.7409110163771,1191,7.388151865654002e-05
318.98660261680993,318.9895056385044,1199,9.100680878682653e-06,318.9274506726929,1193,0.00018547147319016366
319.2909212333833,319.20990553919853,1201,0.00025380068969953136,319.2428299039431,1194,0.0001506418466928551
319.6637244496761,319.61762714165013,1203,0.00014422642592726022,319.6236930791402,1198,0.00012524531629767556
320.29456629300125,320.2514572771307,1205,0.00013460989760063095,320.21035803825345,1201,0.0002629779225872116
320.629883632494,320.81023598565446,1209,0.0005621776768011948,320.6215367371237,1203,2.603348313799259e-05
321.4665706647669,321.47108745841194,1212,1.4050388421437305e-05,321.4151692268418,1208,0.00015992225273235607
321.7174247745565,321.6801989451852,1215,0.00011572309857222362,321.7153965467581,1209,6.3044163262804444e-06
322.2060431042669,322.06252958644245,1216,0.00044560762162774813,322.36599802512814,1211,0.000496190422814954
322.57458441433016,322.48754055917937,1218,0.00026991385465579746,322.47695037777817,1213,0.00030276283758456956
322.92542169525944,322.8997580332058,1222,7.947872804234344e-05,323.08729988925654,1216,0.0005010354602380955
323.21214034363743,323.20675309741387,1223,1.6668111578533197e-05,323.08729988925654,1216,0.0003863985196065538
323.4170269514256,323.3466237512241,1224,0.00021773290651602297,323.44217438510896,1217,7.774939595045495e-05
323.5990358458886,323.52442528904703,1225,0.00023061800287532932,323.7060690887699,1219,0.00033064947834496306
323.9520983917773,323.9421753122865,1228,3.0632255529098715e-05,323.94748045812076,1222,1.4255192384984413e-05
324.38960769923887,324.5866651986171,1229,0.000607102880389855,324.36906477744685,1224,6.333193890147581e-05
324.71504262707106,324.7182640868334,1231,9.92078401077072e-06,324.88869603416543,1226,0.0005345012283102523
324.9401647882788,324.999270055461,1236,0.00018186276902130765,324.90838566096795,1228,9.78095017345295e-05
325.43576800566547,325.37122707767594,1237,0.00019836089555060223,325.59442521725396,1229,0.0004872847914475993
325.6571695686167,325.6752314661279,1240,5.545984393678677e-05,325.6162527759336,1230,0.00012565955272282454
325.98463397168837,326.05055916509446,1242,0.00020219316162162026,326.0457668031419,1236,0.00018749770025511858
326.31237897680603,326.1300708161924,1243,0.0005590044492289854,326.4283509630497,1237,0.0003552754713293641
326.6537147909371,326.7687367477364,1244,0.0003519980459088183,326.5793278173058,1240,0.00022777612449774911
327.37921334661786,327.2161862268364,1247,0.0004982244969644,327.1687366364796,1243,0.0006433276978176832
329.53138894898245,329.3706432968344,1257,0.0004880387958656449,329.4298297877523,1253,0.00030828768996300017
330.05711978425984,330.0523773009239,1262,1.4368881008220624e-05,330.2125759349239,1256,0.0004707759849058611
330.57622065250524,330.4879860104395,1267,0.00026698290346613554,330.2246616789472,1257,0.0010646054470027334
330.92330374626295,330.8580330942335,1270,0.00019727691487193193,331.0118725800539,1258,0.0002675699608614795
331.2374092359222,330.8580330942335,1270,0.0011466432842530642,331.23488393437975,1264,7.623899730767835e-06
331.5109232687572,331.6216596057528,1271,0.0003339237163436887,331.536869653424,1266,7.826093277017636e-05
331.7087739217728,331.62294335789466,1272,0.00025881973969903746,331.8018593690079,1268,0.00028054528510523585
331.95012494999463,331.82012973924714,1273,0.00039176408872375736,331.9492122287138,1269,2.749581102177094e-06
332.59705741219926,332.65554080043546,1279,0.0001758076480418003,332.7623626468102,1271,0.0004967666213692712
332.9217779469763,332.97906987901297,1282,0.00017205865839399197,332.93346249809565,1273,3.509575466422654e-05
333.1975999088173,333.178909343227,1284,5.609768525609298e-05,333.21078587342976,1275,3.9572442344172176e-05
333.91723842828003,333.8878347089259,1292,8.806466213356715e-05,333.847099423483,1281,0.0002100931981082914
334.16281566174507,334.2061314759118,1295,0.0001296080774323724,334.2288409834188,1283,0.00019754525515954587
334.3731004653468,334.2061314759118,1295,0.0004995988215346503,334.28639373536004,1285,0.0002593785796002229
334.93102122990734,335.0270434689951,1296,0.0002866104123819219,334.9703968009428,1291,0.00011754940559378152
335.1541270339468,335.0270434689951,1296,0.00037932330368269156,335.17576710472974,1293,6.456335125262505e-05
335.5425964692541,335.7096023339684,1297,0.0004974712178419811,335.33299145588666,1295,0.0006250652894527267
335.8739731250289,335.942015147549,1298,0.00020254097270393093,336.1534688615033,1296,0.0008314527808415085
336.2682039360429,336.34179805049064,1304,0.00021880751923883735,336.1534688615033,1296,0.00034131753846883056
336.72937253755316,336.7634341279729,1308,0.00010114396923155778,336.86479419743233,1297,0.0004020059745388588
336.9764241278233,336.851764541428,1310,0.0003700725349175507,337.07706927438863,1298,0.000298582003166207
337.2176086564415,337.2140267827763,1311,1.0621959292100056e-05,337.23798445442384,1300,6.041964108911716e-05
337.5398951427696,337.52500844623216,1312,4.4105462306175355e-05,337.5342025266321,1306,1.6865301634228434e-05
337.73914796179065,337.8447470553044,1313,0.00031256692440592525,337.58052046541883,1307,0.00046989528943531145
338.00689162612605,338.0402392444072,1314,9.86498481828083e-05,337.9831603999597,1310,7.021422646706173e-05
338.222239924528,338.2783190809057,1317,0.00016577815725832864,338.39119743966523,1311,0.0004992964250121583
338.59288049222573,338.6088142874444,1318,4.7056646331472004e-05,338.6743529532964,1312,0.00024056283081442574
338.8867527303666,339.05233956960285,1319,0.0004883813497540022,338.7772605288707,1313,0.0003231982020426586
339.24863595836484,339.05233956960285,1319,0.0005789560072382173,339.241752215589,1316,2.0291555302116277e-05
339.4636097047229,339.58264541206415,1320,0.00035053530841309987,339.4052484627394,1317,0.0001719515011857924
342.5482906487619,342.55071159581746,1332,7.067412133743452e-06,342.5593575760285,1328,3.230659744608226e-05
343.07139274919217,343.0597123246813,1341,3.404778844977388e-05,343.0951074429661,1329,6.911988326109663e-05
343.4787181265174,343.49228827407546,1343,3.9506411122851065e-05,343.5647935088133,1332,0.00025053609660300884
344.08517620259477,344.0764930269063,1349,2.5236178188423537e-05,344.08407310074193,1337,3.205907913416479e-06
344.42033141278614,344.5960732160096,1352,0.0005099936327866451,344.3029062575806,1342,0.0003410518850447214
344.73174719996325,344.853228931412,1354,0.0003522708249685568,344.7186472622426,1343,3.800182503816756e-05
345.06259919152393,345.103055618319,1355,0.00011722998720650248,345.0340233605668,1347,8.28203279167334e-05
345.376675197615,345.35462125519905,1360,6.385883106408537e-05,345.3757002750784,1350,2.8227884470073836e-06
347.5284427566637,347.50743835994444,1371,6.0443013301796185e-05,347.38989665490385,1364,0.0003988201818589116
348.10795815793637,348.21245419083107,1374,0.0003000927498056526,347.97040368864384,1367,0.0003953050829449428
348.5803802388441,348.50454021650523,1377,0.00021761559344894417,348.7546253266372,1370,0.0004996208656155191
348.9993187263735,348.770088158705,1380,0.0006572540921690824,349.0457945548942,1372,0.000133151091477819
349.33073486354937,349.51550365746516,1381,0.0005286426266712109,349.4643068407187,1374,0.0003822192268413583
349.68015191789493,349.5834896279798,1383,0.0002765070227372075,349.7554769567495,1376,0.00021536485864339597
349.9549083413143,349.92090356880874,1385,9.717845421281498e-05,349.9639825318639,1378,2.5928926982568166e-05
350.2363782136357,350.1376524020227,1387,0.00028196285356838,350.24716003808066,1381,3.07834742865282e-05
350.8247726509541,351.0086511893569,1390,0.0005238575681246787,350.7931036740687,1385,9.027821970772316e-05
351.21859076365786,351.21733482562786,1392,3.5759568377300126e-06,351.20327367052334,1387,4.361318439441012e-05
351.65971723862884,351.771443824628,1396,0.0003176113012029455,351.79829987226543,1390,0.00039392638818011935
351.98630189999227,351.8766048088228,1400,0.00031174874848270505,351.91182127435223,1391,0.0002116457053654067
352.29276630774643,352.2875251674444,1401,1.4877450740066866e-05,352.28502766269366,1395,2.1966999574497788e-05
354.41181548257794,354.32420445079936,1417,0.00024726233962586724,354.4405695348304,1410,8.112517224026943e-05
354.8011587942946,354.7957306052306,1421,1.5299476842036607e-05,354.8849332979594,1414,0.0002360610321949609
355.2125013251575,355.3450368085166,1424,0.0003729768805819152,355.21982268461664,1415,2.0610785185901338e-05
355.69628666712066,355.7199515275918,1426,6.652666056398961e-05,355.6840400586029,1417,3.4431144326203233e-05
356.09813809448184,356.17418607466755,1427,0.0002135134525716678,356.075884526828,1420,6.2496699779014e-05
356.4638183571177,356.4000689987779,1431,0.00017887021884954808,356.5241243514326,1424,0.0001691498280083932
356.8315463707896,356.719514101051,1432,0.00031406263271283687,356.94146763727804,1425,0.0003079531980860091
357.09368788067,357.0688005137396,1433,6.96990801062312e-05,357.0041783284505,1426,0.00025072410255422886
357.4482008315174,357.45546306213475,1435,2.031646279831715e-05,357.51493507497423,1427,0.0001866614144185071
359.0646146674203,358.7657600183866,1441,0.0008330077235308418,359.1407532036089,1437,0.000212001939377274
359.40876026437206,359.3953452375671,1442,3.732665707206192e-05,359.4278082579362,1439,5.299532514317817e-05
359.7607158677982,359.766405218439,1443,1.581401308816741e-05,359.87800754403935,1440,0.0003259206558400562
360.0480777847529,360.17854753494044,1445,0.0003622363160729369,360.1126032902019,1442,0.00017918146951667043
360.3450151644287,360.1937777950882,1447,0.0004198777954085881,360.3340485970539,1443,3.043444664053246e-05
360.6208030602826,360.60319988702645,1448,4.8815909735823335e-05,360.3340485970539,1443,0.0007958017410377136
361.1317999395285,361.39239941428684,1452,0.0007210983827571019,361.1636082372892,1444,8.807171330461061e-05
361.4908273955715,361.39239941428684,1452,0.00027235764073672126,361.56102795644955,1448,0.00019415964512222082
361.78449974187765,361.72831394872105,1454,0.00015532594765187762,361.98284190033917,1450,0.0005479324860268426
362.1316189645329,362.2910402354596,1457,0.00044003647129419257,362.1336570546676,1451,5.628005282028335e-06
362.5086320200111,362.2910402354596,1457,0.000600599408724147,362.799427596737,1452,0.0008015326227283064
363.14745752078136,363.2170777531711,1462,0.0001916766491829541,363.0977017082203,1454,0.0001370314720444811
363.52835856382745,363.4673840730354,1467,0.00016775780569015835,363.37202645601917,1456,0.0004302260395028067
363.78937351469267,363.73588296512844,1470,0.0001470587645304128,363.7040901093647,1457,0.00023448569220743787
364.24679414826,364.27221993326293,1474,6.979885813855293e-05,364.24031017874967,1459,1.7801350726791838e-05
364.56529491553476,364.6121602470546,1475,0.0001285347463125481,364.54390731327203,1462,5.866948214925208e-05
364.8885167666841,364.90963870923326,1480,5.788266548358818e-05,364.7830451379249,1468,0.0002891352275414934
365.25706465807406,364.90963870923326,1480,0.0009520876183751047,365.27166655417767,1472,3.9975441406013414e-05
365.5522496093421,365.63707966436436,1481,0.00023200616059003038,365.64857982118923,1474,0.0002634502556915545
365.9224148892202,365.7459657250819,1484,0.00048243639212400583,366.0050573809567,1476,0.00022579603770475523
366.83207477173283,366.78688059916476,1491,0.00012321643700627204,366.8949981002404,1482,0.00017150227948971438
367.13994122082437,367.1248102282477,1494,4.1214846164270076e-05,367.1624304785398,1483,6.125152207467929e-05
367.70838034668117,367.8468270337062,1497,0.00037637048045632154,367.60722911703715,1489,0.0002751611547111694
368.09611465680143,368.09770224236377,1500,4.312946135393732e-06,368.179869927622,1491,0.000227484655358914
368.6145781254039,368.7538799041225,1505,0.00037776356076534614,368.63032795930974,1494,4.272527980271822e-05
368.9268811180067,368.7538799041225,1505,0.00046915089796246756,368.9427684934571,1496,4.3061896877065514e-05
369.347198873521,369.3231707519394,1506,6.505988111349409e-05,369.31897227639644,1498,7.642877632463799e-05
370.12953310347416,370.1328826864943,1509,9.049676958867842e-06,370.24200705342474,1506,0.0003037849509452177
370.6058355162294,370.5964310322928,1514,2.5376617660299076e-05,370.7486889011659,1507,0.00038531055999124856
370.9352753838124,370.90463706566413,1517,8.260430063813049e-05,370.9753511914432,1509,0.0001080282220965155
371.37077918785315,371.14075570737714,1520,0.0006197742418172117,371.2911816442152,1511,0.00021438037737778564
371.62811659474465,371.7365565305265,1521,0.0002917117885686198,371.59992822448436,1512,7.585676992721796e-05
371.87947325706676,371.90215143039586,1523,6.0978871033345174e-05,371.88906377051217,1518,2.578864069883224e-05
372.1740425670617,371.90215143039586,1523,0.0007310824517150322,372.2440479938954,1519,0.00018806325369327744
372.38639403047716,372.4545881773066,1524,0.00018309385625554865,372.40359775312504,1521,4.619644587666574e-05
372.79008058695456,372.77964396696086,1528,2.799675401434364e-05,372.65532389357674,1524,0.0003616121513302407
373.151113140117,373.01321295298374,1533,0.0003696924997416549,373.29521872756413,1525,0.0003860365207418134
373.49431597436035,373.4226152606883,1535,0.0001920095643430416,373.39607519137013,1527,0.000263100738109975
373.8338525485466,373.81175182173035,1539,5.912261106968526e-05,373.84973132521014,1529,4.247368750879923e-05
374.2827368642053,374.3647607092594,1540,0.00021910140500055566,374.2510574491871,1532,8.464749634669004e-05
374.6058693306507,374.50917810668705,1541,0.00025818118651317894,374.54720527916623,1535,0.00015662658980660513
374.9941006412999,375.1104523855473,1546,0.000310179957683065,374.9838671869477,1537,2.7290385661048928e-05
375.44153784624143,375.38827042134176,1550,0.00014189954534243846,375.339540849441,1539,0.0002717459412072742
375.7736715500197,375.80796728926236,1554,9.125868057044677e-05,375.8246109526689,1540,0.00013554035889258757
376.07057788915165,376.17593985568294,1556,0.0002800869363726775,376.06508260233426,1544,1.4612595190614071e-05
376.40615872937417,376.41563624943194,1557,2.517833784006568e-05,376.3477451721645,1545,0.0001552116571947783
376.80677573590356,376.8553281842402,1560,0.00012883577517815923,376.7694977210731,1548,9.894116974952185e-05
377.1486828719454,376.99215981133716,1561,0.00041518916649777493,377.16581577860075,1555,4.5425396307328676e-05
379.5002380795678,379.23055273311377,1573,0.0007111382363852377,379.50041422507377,1566,4.6415102427406666e-07
379.8764909581081,379.81508166650417,1574,0.00016168207785346162,379.80619637205257,1571,0.00018508014541886275
380.14221241565576,380.03029934451956,1576,0.0002944846011731941,379.80619637205257,1571,0.0008847039537871002
380.3878734372004,380.03029934451956,1576,0.0009409094308996183,380.7657643893089,1572,0.0009924499192162596
380.711095561593,380.85209992565274,1577,0.00037023391517924367,380.7657643893089,1572,0.0001435760061138034
381.09043328804603,381.08285183564533,1581,1.9894498963101667e-05,381.3127142967608,1574,0.0005829362630216287
381.3901698205719,381.2760954995167,1584,0.000299190855135357,381.3127142967608,1574,0.00020312861571877012
381.7938696380878,381.7075896606525,1586,0.00022603684016871584,381.92607319821064,1577,0.0003461496069534421
382.1651443553304,382.1039246671048,1589,0.0001602173761469248,381.92607319821064,1577,0.0006259618651269952
382.5146221431729,382.5407757199049,1592,6.836807575027024e-05,382.5271184682696,1579,3.266781489035672e-05
382.8129888622232,382.6812799361877,1594,0.00034417394563297473,382.7495977660294,1585,0.0001656202816771126
383.7694310587362,383.7837723681258,1599,3.736820163380808e-05,383.73734637952674,1592,8.361104154223891e-05
385.1547328555181,385.2728158161581,1610,0.0003064918047483713,385.1810083378631,1599,6.821593426525302e-05
385.498031754217,385.27533121267095,1611,0.0005780295895018062,385.4113357997274,1601,0.0002249439661905404
385.9197717395641,385.8855633182825,1612,8.864913470059898e-05,386.00839069068144,1602,0.00022957778445893505
386.3407289278537,386.28622477506724,1614,0.00014109784219775315,386.3538697015101,1608,3.401227394604638e-05
386.64638434172997,386.6911908580704,1618,0.00011587157245812469,386.57788510695883,1611,0.00017719387841388332
387.1037480474572,387.1395307461986,1621,9.242842928602535e-05,386.9434346103052,1614,0.00041430716433647747
387.6014999260896,387.66289004857276,1624,0.00015835955429072566,387.85305869828187,1615,0.000648592982704686
388.08420540213547,388.1971455178526,1625,0.0002909349463826944,388.15488548088314,1616,0.0001820924620338237
388.3180076143798,388.3006693091911,1626,4.465175200320644e-05,388.19671244798207,1618,0.0003124579948985748
388.6340774771824,388.6371902582209,1630,8.0094780338492e-06,388.74097767664927,1621,0.0002749908180654116
389.23162797653396,389.2404818939252,1633,2.2746650986000134e-05,389.23904598883814,1624,1.9057729127201474e-05
389.54653544036717,389.56106505229957,1637,3.729739246516422e-05,389.39700395382897,1627,0.0003840077992893964
389.9213342429116,389.8945137462754,1641,6.87891101070291e-05,389.850149405701,1631,0.00018259538265945723
390.424399617198,390.41173021958286,1643,3.245137539284884e-05,390.41210484145444,1632,3.149178929415701e-05
391.1201994815292,391.01303654174876,1650,0.0002740648770389408,390.99668085497296,1638,0.0003159070974365852
391.46307138266206,391.5912070682201,1653,0.00032721798458494735,391.446042438982,1643,4.35026589462659e-05
391.8031522142385,391.8402895078975,1654,9.477660836174628e-05,392.0338077055804,1644,0.0005883561233961993
392.4052952905106,392.51005473449595,1656,0.00026689620487867585,392.3838893140698,1647,5.4553657843148056e-05
392.71866579456366,392.6575973917744,1657,0.00015552584031203464,392.6291285563083,1649,0.00022804532762155441
393.1156409992538,393.18813883513064,1659,0.00018438459535333212,393.0697205502496,1654,0.00011682520073008107
393.52820686839175,393.63821767267916,1666,0.0002794718585452228,393.53331295720545,1659,1.2974984951933927e-05
394.235679820153,394.4731668089662,1669,0.0006020358513465422,394.41828023035936,1662,0.0004629613264874909
394.6544891814958,394.74657854666884,1670,0.00023328730425496686,394.6724370994831,1663,4.547547865053324e-05
394.9801459397884,394.94887930784853,1675,7.916627588521884e-05,395.006371129634,1665,6.639181482214031e-05
395.7630916775982,395.7076197653357,1679,0.00014018408919032758,395.58661226244817,1672,0.000446120798023729
396.1138516398272,396.1158202375009,1680,4.969752716517709e-06,396.08996684687145,1674,6.0301433903749815e-05
396.62255190597,396.59129338410014,1689,7.881797304003009e-05,396.61027579312764,1682,3.0952583913284354e-05
397.0375921767259,396.8161373349169,1690,0.0005580792235324596,396.8787373916284,1684,0.0004002602561717737
397.50508818056034,397.7690918136615,1691,0.0006637107772687755,397.5079873516072,1685,7.2933655149392075e-06
397.86292080958196,397.7690918136615,1691,0.00023588810154320507,397.92055628349556,1686,0.00014484165998333165
398.2325242895037,398.37712733498574,1692,0.0003629802906842983,398.16475017757887,1692,0.00017021625318318923
398.63635676899474,398.38156828057015,1693,0.000639558927197037,398.3658208377341,1694,0.0006791143143047519
398.9388281312113,399.0001221143616,1694,0.00015361895837392864,399.41516568145653,1695,0.0011925875409175021
399.17453288312083,399.0001221143616,1694,0.0004371195874201782,399.41516568145653,1695,0.0006024628482124451
399.44786912375025,399.4844965678541,1696,9.168677237417459e-05,399.41516568145653,1695,8.187831886134472e-05
400.313171520619,400.3534187716375,1708,0.00010052930518740138,400.20407269850193,1699,0.00027260797567957957
400.63996290531804,400.7891478400401,1711,0.0003722279795399328,400.68310461631637,1700,0.00010767040212398915
400.87683371321566,400.872209928763,1713,1.153431028170994e-05,400.68310461631637,1700,0.0004834970445903868
401.2866002056234,401.2912696795586,1714,1.1636121411001975e-05,401.33813368538904,1702,0.00012840414463585729
401.5528265819546,401.6332408563418,1720,0.00020021817471015484,401.4868386890031,1706,0.00016435879484115972
401.95416370975505,401.99411875202907,1722,9.939210652647036e-05,401.8512098864326,1708,0.0002561988636329322
402.2660115382312,402.29043366962355,1724,6.070771101751832e-05,402.29855855211906,1711,8.090263610432326e-05
402.6269569770539,402.7745721429782,1726,0.0003664957426157074,402.6959255528003,1712,0.00017126713078042627
403.06824352643395,403.0525129573815,1727,3.9028584481496804e-05,403.0736003520288,1716,1.3289944045371382e-05
403.5517783362809,403.8546175282413,1728,0.000749871807369454,403.45059407070744,1722,0.0002507971658996545
403.82293449241587,403.8546175282413,1728,7.84515874037822e-05,403.8615698235375,1723,9.566478716579165e-05
404.3565028763112,404.153818994624,1735,0.0005015018346020318,404.27686004415347,1726,0.00019700071913349846
404.93202545148426,405.1744052397818,1738,0.0005982110053424332,404.96441372016886,1728,7.99780612500422e-05
405.23689736076665,405.2612441269674,1739,6.0076719779182775e-05,405.3533445580123,1729,0.0002872733105794533
405.6610287273101,405.6624696146049,1742,3.5519364070331205e-06,405.5998879140374,1731,0.00015074169173746085
405.9936616944177,406.11768254337414,1743,0.00030538155388786393,405.99505139883274,1738,3.4229589997327895e-06
406.3323229729589,406.2221776731416,1745,0.0002711454614522072,406.43857735307796,1740,0.0002614278910507511
406.78958699532285,407.00492958337713,1748,0.0005290908595989622,406.520642423631,1741,0.0006615766670259192
407.5462924580413,407.6080096080033,1754,0.00015141299608248087,407.57495019537777,1746,7.031280338186098e-05
408.86525659264885,408.8201790299996,1762,0.00011026256765549255,408.74742423601,1756,0.0002882766952210446
409.2043381314507,409.109745243386,1767,0.0002312164136017718,409.40539595218365,1757,0.0004910971441041738
409.66270050720493,409.73222936503294,1773,0.00016969340668112427,409.68085275613186,1759,4.430826777674549e-05
410.04305514696523,410.10945115960567,1776,0.0001618982748451685,410.16568186929317,1760,0.000298968752746637
410.4069017245296,410.46788412897683,1778,0.00014856802884022238,410.35134073573875,1762,0.00013539857988818167
410.92402593108,411.0484789502075,1779,0.0003027696865472694,410.89061415309646,1767,8.131550547193052e-05
411.28500517076156,411.32158397605326,1783,8.89299436662348e-05,411.2780433714325,1768,1.692723314866807e-05
411.6826375117845,411.6706816360502,1787,2.904232987105363e-05,411.72284364225396,1773,9.765338768622298e-05
412.0283321654323,412.0611408706427,1791,7.9620963872236e-05,411.9852498143906,1776,0.00010457255705413104
412.48987506833026,412.65155864874,1794,0.0003918162358071798,412.48055976602495,1783,2.258361536018698e-05
412.8729247164424,412.85728456003517,1796,3.788271877995561e-05,413.1180533178097,1784,0.0005933621138041193
413.19981233334283,413.38704642523487,1797,0.00045292684788056207,413.1698473548617,1787,7.252460137875457e-05
413.9106746470467,413.9748736005429,1803,0.0001550793480237879,413.8633824759298,1793,0.0001142700058022203
414.2651905379953,414.3071615103985,1806,0.00010130399930858642,414.2805339834413,1796,3.703636590994572e-05
414.6634472549418,414.63648848891387,1808,6.501783315348025e-05,414.6577423005093,1800,1.3758224797210278e-05
415.07620751185,415.0710784600145,1810,1.235704461630356e-05,415.1748688562068,1802,0.00023763804545445571
415.619377618157,415.65672427215486,1816,8.98497529740891e-05,415.5106044133319,1806,0.00026178201872524814
416.3291701748266,416.12561669821855,1819,0.0004891635324523707,416.3729826243343,1812,0.00010522404511361775
416.8163047801732,417.3225396059845,1820,0.0012130541194570197,416.9486615163476,1815,0.00031744132645267155
417.1129895901681,417.3225396059845,1820,0.0005021296381791953,417.09270258796244,1818,4.863907251269384e-05
417.35708127526175,417.33926087312057,1821,4.270003762382836e-05,417.308154930933,1820,0.00011724272279527932
417.7524768279629,417.33926087312057,1821,0.0009901200140571978,417.7211296041257,1824,7.504342398697719e-05
418.2017989088864,418.4466883420231,1822,0.0005852344873536521,418.1955233573811,1826,1.5006261795783223e-05
418.6954057813913,418.754004412125,1824,0.00013993569044433476,418.7232950998168,1827,6.660560506643964e-05
420.22348514250615,420.2274441620202,1839,9.42113507594709e-06,420.61582627494437,1835,0.0009327778650481798
420.5314166653727,420.5122768313846,1840,4.5515517721212134e-05,420.61582627494437,1835,0.0002006810117422324
420.9506982334216,420.761154321871,1842,0.00045047863759204435,420.99860466619305,1836,0.0001137923789782017
421.387575606743,421.33335764129447,1843,0.00012868187259617412,421.4156494557995,1842,6.661795567574403e-05
421.6788637280471,421.6988919745577,1847,4.749418813226097e-05,421.6414543258875,1844,8.872325473643477e-05
422.13542838251317,422.1609291878593,1850,6.0405413156572466e-05,422.31905183387255,1846,0.00043479793431534016
422.4610476743686,422.352860933995,1853,0.0002561524980188236,422.3707845423569,1847,0.00021370590797260993
422.88190331993803,423.0600327739679,1856,0.0004210500643653491,422.8485001824016,1851,7.899552090646142e-05
423.3870347404895,423.4009613380666,1860,3.289222002020217e-05,423.4543775013779,1852,0.0001590319157538069
423.75154616762836,423.69347144393896,1867,0.0001370677803731168,423.63425973901275,1855,0.00027685775151393673
424.06856129661196,424.08984612467214,1868,5.018943097712721e-05,424.07272827401005,1859,9.826091423151464e-06
424.6757033820825,424.7142162342625,1872,9.067945151799903e-05,424.3636519932893,1864,0.0007353395780421693
425.0735277287772,425.00452261842906,1877,0.00016236323774393527,425.2196341410338,1865,0.00034360222465204017
425.55969702678567,425.47214821184775,1878,0.00020576861565642688,425.6527791997671,1867,0.00021868099429876963
425.79563594824594,425.7827588913293,1879,3.0243255856968307e-05,425.8012349480009,1870,1.3149327187014075e-05
426.205076209268,426.17292526333176,1880,7.544108044019273e-05,426.29130741717745,1872,0.00020228235108035164
426.59597498366355,426.5839243421849,1885,2.8249169251360326e-05,426.4871877887164,1876,0.00025507728734167756
427.08007307585956,427.1157520749539,1888,8.35347301545286e-05,427.104286102189,1878,5.669113403290743e-05
427.45092329859676,427.12992666343905,1889,0.000751519889194382,427.69650077523823,1880,0.0005741863124817267
427.8788833862245,427.89122707489946,1891,2.884772552905197e-05,427.8330652187946,1881,0.0001070935632487133
428.3172403740508,428.28060913198055,1896,8.553093763572334e-05,428.3492526739618,1882,7.473410940060353e-05
428.7100812399523,428.540935481221,1898,0.0003947015202673891,428.70706139786347,1889,7.044068924261427e-06
429.07664842009774,429.2071267170695,1900,0.00030399844003006017,429.18762892737897,1893,0.0002585827265305566
429.48994151313593,429.41404859144166,1903,0.00017673600093713528,429.3797484543525,1895,0.0002566331066615818
430.61842802952737,430.7211493946103,1910,0.0002384869311091213,430.7084821454421,1904,0.00020908368339098892
431.0570278076031,430.9641913891096,1913,0.000215415620017684,431.1607544591836,1905,0.00024057535503336851
431.54584905598927,431.45166829821017,1915,0.00021828808346153827,431.5163025807583,1909,6.847128382928945e-05
432.93207873072487,432.7672700423409,1929,0.00038082521436486294,432.99240933405173,1919,0.0001393340899893608
433.6898150594773,433.7379352780596,1932,0.00011094307107679332,433.7404519509895,1926,0.00011674468287290733
434.3240722926851,434.34757819791946,1934,5.411773062455877e-05,434.48226144829215,1928,0.00036408656841301057
434.63664599359856,434.5434266563151,1937,0.00021452248858248155,434.48226144829215,1928,0.0003553299156375041
435.1871256542063,435.0998186046038,1942,0.0002006598161371028,435.046696530624,1933,0.0003227909203820577
435.48053271296857,435.28985833468664,1943,0.00043804002007168314,435.49128055969686,1934,2.467982071760399e-05
436.28440071871216,436.2696328119587,1951,3.385041186182264e-05,436.4317188293574,1940,0.00033755133802006035
436.7849067532926,436.852787160195,1953,0.00015538508371133782,436.7725617235362,1943,2.8264206221335394e-05
437.26320541057265,437.3860450172091,1959,0.0002808493961703771,437.2331583109681,1949,6.872099938760939e-05
437.56906022445264,437.5704027238827,1960,3.0680764094076687e-06,437.5754392304496,1951,1.457807140222612e-05
437.97513944558057,437.96529108578125,1962,2.248662165649088e-05,438.0377891836751,1953,0.00014302359212270006
438.43653555881554,438.4239226568965,1965,2.876873561693481e-05,438.29499607537576,1959,0.0003229320085950294
438.7335219473672,438.6548526740851,1968,0.00017934207909143284,438.7564416970453,1961,5.223797875074772e-05
439.06952473149994,439.02340676438166,1971,0.0001050467159784685,439.27421408428137,1964,0.0004659717010890977
439.4539570725673,439.62062839207874,1973,0.00037912533841068604,439.3012981130513,1965,0.0003475040027691634
439.7430068572801,439.62062839207874,1973,0.0002783728908466787,439.7477306224639,1968,1.0741988769650703e-05
440.0428082705969,440.22646687023484,1974,0.0004171911810384228,440.07042773635976,1970,6.276146730638431e-05
440.50145589353895,440.35056979534113,1975,0.00034264994426586596,440.5452159705936,1972,9.933163604606989e-05
440.8109655336099,440.9285340608974,1976,0.0002666385098844148,440.8297011739749,1974,4.250085762175734e-05
441.20699195793577,441.19256210998117,1978,3.2706462424462276e-05,441.22085414740707,1978,3.141780208481648e-05
441.8240669827916,441.7687968167612,1985,0.0001251110681166861,441.8445336838269,1983,4.63210461487283e-05
442.17262287979116,442.18783624432956,1986,3.440475583319946e-05,442.04652590149675,1987,0.0002852572543970446
442.6231448239389,442.5006861521788,1990,0.00027674233191584216,442.80309010631174,1990,0.00040637765723278683
442.9261891813567,442.88544272651234,1993,9.200224462897974e-05,442.80309010631174,1990,0.0002779995844549753
443.2832464051496,443.25992932840245,1994,5.260361969215321e-05,443.3933769726314,1991,0.000248381173922229
443.6811921981425,443.6796956800639,1998,3.3729694939746934e-06,443.7264336891629,1993,0.00010195807052607385
443.97270961025777,443.752487862109,2000,0.0004962715797037271,443.9400511162573,1994,7.3565099428107e-05
444.4434169274697,443.752487862109,2000,0.00155701451655952,444.4531671257162,1997,2.1937515508305738e-05
444.77420725672357,443.752487862109,2000,0.002302453332795917,444.5718859591346,2000,0.00045509242482233366
445.1733346216715,443.752487862109,2000,0.003201890239326401,444.5718859591346,2000,0.0013528715637051495
445.48160592186946,443.752487862109,2000,0.0038965822323407105,444.5718859591346,2000,0.0020462831579469037
445.794219678279,443.752487862109,2000,0.0046010599873063576,444.5718859591346,2000,0.0027494624778336644
446.4658420099386,443.752487862109,2000,0.006114566615506597,444.5718859591346,2000,0.004260179535910037
446.8910530742039,443.752487862109,2000,0.00707278335996666,444.5718859591346,2000,0.005216630174591156
447.36168230923545,443.752487862109,2000,0.008133350337965847,444.5718859591346,2000,0.00627524240333384
447.7977164641399,443.752487862109,2000,0.009115957009097243,444.5718859591346,2000,0.0072560380151925315
448.15738974465285,443.752487862109,2000,0.009926483801286632,444.5718859591346,2000,0.008065070911496726
448.4683898119842,443.752487862109,2000,0.010627325094210244,444.5718859591346,2000,0.008764620471767248
448.8997840719852,443.752487862109,2000,0.011599475722772049,444.5718859591346,2000,0.009734979312768425
