cluster_id,lambda_center,lambda_mean,lambda_min,lambda_max,lambda_std,n_obs,n_seeds,seeds
0,5.272850187022286,5.2728501870230176,5.2728501870204525,5.272850187032276,3.6142816325627717e-12,8,8,"11,22,33,44,55,66,77,88"
1,7.858546940175408,7.858546940175184,7.858546940173667,7.858546940177163,1.2234083061599556e-12,8,8,"11,22,33,44,55,66,77,88"
2,10.008033675734957,10.008033675733731,10.008033675724434,10.008033675739028,4.0892567825199406e-12,8,8,"11,22,33,44,55,66,77,88"
3,11.166430925682967,11.166430925682327,11.166430925582048,11.16643092591886,9.998720694113822e-11,8,8,"11,22,33,44,55,66,77,88"
4,13.357868459997782,13.357868460000837,13.357868459968913,13.357868460033188,2.129378744735241e-11,8,8,"11,22,33,44,55,66,77,88"
5,14.32930235703428,14.329302357037053,14.329302357013077,14.32930235705983,1.5654874599472396e-11,8,8,"11,22,33,44,55,66,77,88"
6,15.23004384129353,15.23004384130721,15.230043841241923,15.230043841386063,4.97181399259818e-11,8,8,"11,22,33,44,55,66,77,88"
7,16.695525010148494,16.695525010147065,16.69552501013068,16.695525010163152,1.0492219148565341e-11,8,8,"11,22,33,44,55,66,77,88"
8,17.37494565502135,17.374945655023936,17.374945655006982,17.374945655046062,1.2252780525486164e-11,8,8,"11,22,33,44,55,66,77,88"
9,18.178039479235622,18.178039479229746,18.178039479158414,18.17803947928543,4.3962028415257357e-11,8,8,"11,22,33,44,55,66,77,88"
10,20.06474280912076,20.064742809121114,20.06474280910598,20.064742809136263,9.148853735824557e-12,8,8,"11,22,33,44,55,66,77,88"
11,20.910264382747457,20.91026438273966,20.910264382671585,20.910264382827307,5.0138520502697704e-11,8,8,"11,22,33,44,55,66,77,88"
12,20.93789987485181,20.937899874878035,20.93789987476761,20.937899875117253,9.969930333597534e-11,8,8,"11,22,33,44,55,66,77,88"
13,22.082056861545382,22.082056861574415,22.0820568613632,22.082056862035202,1.9080012687282804e-10,8,8,"11,22,33,44,55,66,77,88"
14,22.683693244628074,22.683693244661544,22.683693244362374,22.683693245152455,2.2956594703292136e-10,8,8,"11,22,33,44,55,66,77,88"
15,24.749766761171017,24.749766761171017,24.749766761171017,24.749766761171017,0.0,1,1,77
16,25.326312114686772,25.326312114346898,25.326312112712543,25.326312115590127,8.995929500459345e-10,8,8,"11,22,33,44,55,66,77,88"
17,25.491678799325058,25.49167879945258,25.491678798301635,25.491678801289723,8.504662292359128e-10,8,8,"11,22,33,44,55,66,77,88"
18,25.671410052023468,25.6714100521487,25.671410051729083,25.671410053005488,3.8088877893088354e-10,8,8,"11,22,33,44,55,66,77,88"
19,25.79137429161276,25.791374291514487,25.791374291120434,25.791374291808765,2.496040275285974e-10,8,8,"11,22,33,44,55,66,77,88"
20,27.49127064156896,27.49127064147027,27.491270640245176,27.491270642615945,6.584940711530183e-10,8,8,"11,22,33,44,55,66,77,88"
21,27.87587699564395,27.875876995691804,27.875876995429024,27.875876996041555,2.1041449370449668e-10,8,8,"11,22,33,44,55,66,77,88"
22,28.501513127141166,28.50151312707334,28.501513126608955,28.501513127267117,2.033389918079887e-10,8,8,"11,22,33,44,55,66,77,88"
23,29.23515656716681,29.235156567180105,29.235156566658787,29.235156567600598,2.599273090501e-10,8,8,"11,22,33,44,55,66,77,88"
24,30.423024617589604,30.423024617650977,30.423024617314383,30.42302461811559,2.76496756011894e-10,8,8,"11,22,33,44,55,66,77,88"
25,30.675946649233623,30.675946649217135,30.675946648761084,30.67594664954882,2.377748674738939e-10,8,8,"11,22,33,44,55,66,77,88"
26,31.37030621459556,31.370306214455958,31.37030621257918,31.370306215412057,7.63768167466085e-10,8,8,"11,22,33,44,55,66,77,88"
27,32.038206342541784,32.03820634275958,32.0382063420426,32.0382063447162,7.960327203293277e-10,8,8,"11,22,33,44,55,66,77,88"
28,33.60597842758651,33.60597842783145,33.605978427091145,33.60597842897917,6.290612672300783e-10,8,8,"11,22,33,44,55,66,77,88"
29,33.73329794963219,33.733297950253885,33.73329794935174,33.733297954814816,1.7351364969593155e-09,8,8,"11,22,33,44,55,66,77,88"
30,33.77630571269077,33.77630571291014,33.77630571172773,33.77630571426542,8.825191902510338e-10,8,8,"11,22,33,44,55,66,77,88"
31,34.55496910266065,34.554969102816024,34.55496910065054,34.55496910638985,1.5349890043962286e-09,8,8,"11,22,33,44,55,66,77,88"
32,35.86044749887829,35.86044749836048,35.86044748912474,35.86044750401888,4.399179448445436e-09,8,8,"11,22,33,44,55,66,77,88"
33,36.175383316836104,36.175383316851836,36.175383312007796,36.17538332218166,3.2224850739790037e-09,8,8,"11,22,33,44,55,66,77,88"
34,36.51181517906299,36.511815171096586,36.511815125146995,36.511815186520494,1.8491064671350542e-08,8,8,"11,22,33,44,55,66,77,88"
35,37.386243409411406,37.38821742240581,37.38624337520946,37.40400951207087,0.005583346845666149,9,8,"11,22,33,44,55,66,77,88"
36,37.584810161657856,37.584810161657856,37.584810161657856,37.584810161657856,0.0,1,1,55
37,37.6776030608698,37.677603049948864,37.6776029478585,37.67760308372192,4.087998836089659e-08,8,8,"11,22,33,44,55,66,77,88"
38,39.14119931784438,39.14119928003369,39.141199008274725,39.1411993715563,1.0592251719152431e-07,8,8,"11,22,33,44,55,66,77,88"
39,39.24343068233482,39.243430652441006,39.24343042765727,39.24343072081413,8.647518785808947e-08,8,8,"11,22,33,44,55,66,77,88"
40,39.60513495229418,39.60513494914012,39.60513491861414,39.605134967877916,1.439589497088952e-08,8,8,"11,22,33,44,55,66,77,88"
41,40.39949439541472,40.39949440023079,40.399494314981666,40.39949448517487,4.5344441866975985e-08,8,8,"11,22,33,44,55,66,77,88"
42,40.422876905336366,40.422876896169655,40.42287673952387,40.42287696857798,6.62514387142478e-08,8,8,"11,22,33,44,55,66,77,88"
43,40.499856948650645,40.49985695070616,40.49985691167825,40.49985698802496,2.4095005079542114e-08,8,8,"11,22,33,44,55,66,77,88"
44,41.84186526920564,41.84186528434553,41.84186522474363,41.84186541858014,5.6440331625845034e-08,8,8,"11,22,33,44,55,66,77,88"
45,42.60758860480206,42.607588604568036,42.60758852060732,42.607588680548844,4.0345073852006905e-08,8,8,"11,22,33,44,55,66,77,88"
46,42.84574676413209,42.84574676413209,42.84574676413209,42.84574676413209,0.0,1,1,77
47,42.95730181633647,42.95730181633647,42.95730181633647,42.95730181633647,0.0,1,1,22
48,43.01477547819589,43.014775460199346,43.01477531015669,43.01477550094913,5.7409009410470076e-08,8,8,"11,22,33,44,55,66,77,88"
49,43.32023837564324,43.32023835176044,43.320238167662666,43.32023841313591,7.112153858842964e-08,8,8,"11,22,33,44,55,66,77,88"
50,44.427862072833506,44.427862072833506,44.427862072833506,44.427862072833506,0.0,1,1,55
51,44.68792930252326,44.68792930252326,44.68792930252326,44.68792930252326,0.0,1,1,11
52,44.74519513684534,44.74519520710096,44.74519510977652,44.74519545574347,1.3092649355694675e-07,8,8,"11,22,33,44,55,66,77,88"
53,45.356304923527006,45.3563049389068,45.35630485037808,45.356305093234255,6.488756117651341e-08,8,8,"11,22,33,44,55,66,77,88"
54,46.14296034314761,46.14296027249745,46.14295972221916,46.142960494222336,2.211646499472688e-07,8,8,"11,22,33,44,55,66,77,88"
55,46.945911064254645,46.94591107113661,46.94591085346053,46.945911272538694,1.0742753829813023e-07,8,8,"11,22,33,44,55,66,77,88"
56,47.0909070991473,47.09090710270709,47.090906870049935,47.09090735872621,1.3128160793553966e-07,8,8,"11,22,33,44,55,66,77,88"
57,47.617444536464944,47.61744451043978,47.61744409209072,47.61744474018229,1.8737588932349783e-07,8,8,"11,22,33,44,55,66,77,88"
58,47.75326076790677,47.753260802874266,47.75326071434145,47.753261074112544,1.1184154191380272e-07,8,8,"11,22,33,44,55,66,77,88"
59,47.93357305396984,47.933573087908485,47.93357275534987,47.93357352422561,2.6943056493229886e-07,8,8,"11,22,33,44,55,66,77,88"
60,47.99988661427987,47.99988653442996,47.99988556289122,47.999887090291764,4.1104829705624583e-07,8,8,"11,22,33,44,55,66,77,88"
61,48.220829890483216,48.22082953817494,48.22082674047675,48.22083038178741,1.0784329926699221e-06,8,8,"11,22,33,44,55,66,77,88"
62,48.4698286916621,48.46982861027343,48.46982743292588,48.46982954573636,5.42453098458088e-07,8,8,"11,22,33,44,55,66,77,88"
63,49.058087776318445,49.058087776318445,49.058087776318445,49.058087776318445,0.0,1,1,88
64,49.740504249692194,49.74050416081539,49.74050306678734,49.74050488432408,5.504045683583499e-07,8,8,"11,22,33,44,55,66,77,88"
65,49.84600328271827,49.84600328271827,49.84600328271827,49.84600328271827,0.0,1,1,33
66,49.87922689569355,49.87922805210246,49.87922545060397,49.87923502709879,2.8946273816577434e-06,8,8,"11,22,33,44,55,66,77,88"
67,50.19504972255724,50.195050097058754,50.19504847877414,50.19505272972063,1.1895401174958638e-06,8,8,"11,22,33,44,55,66,77,88"
68,50.30698046114418,50.30698046114418,50.30698046114418,50.30698046114418,0.0,1,1,33
69,50.914624079678845,50.914624079678845,50.914624079678845,50.914624079678845,0.0,1,1,66
70,50.95762922898605,50.95762931539384,50.95762837531706,50.95763094755267,7.373940770458889e-07,8,8,"11,22,33,44,55,66,77,88"
71,51.202293193059546,51.202293193059546,51.202293193059546,51.202293193059546,0.0,1,1,55
72,52.08973422802252,52.08973421677503,52.0897323839292,52.08973536622881,8.354876441885888e-07,8,8,"11,22,33,44,55,66,77,88"
73,52.55423395997411,52.55423395997411,52.55423395997411,52.55423395997411,0.0,1,1,55
74,52.607302104587234,52.60730179986687,52.60729974917379,52.607302264411544,7.823185926536819e-07,8,8,"11,22,33,44,55,66,77,88"
75,53.368911239257955,53.36891123239921,53.368910497122215,53.36891173388318,3.36419077143069e-07,8,8,"11,22,33,44,55,66,77,88"
76,53.991862377922644,53.991862377922644,53.991862377922644,53.991862377922644,0.0,1,1,22
77,54.2462035161319,54.24620346713687,54.24620244256178,54.24620477863732,6.886599660552909e-07,8,8,"11,22,33,44,55,66,77,88"
78,54.34700089070189,54.34700053032287,54.34699761841566,54.34700217344894,1.2907839910805362e-06,8,8,"11,22,33,44,55,66,77,88"
79,54.69386648964725,54.69386650233564,54.69386604956949,54.69386719956606,3.67776392822923e-07,8,8,"11,22,33,44,55,66,77,88"
80,55.07749987298651,55.077500384819814,55.077499269988266,55.0775027205826,1.1071347083291547e-06,8,8,"11,22,33,44,55,66,77,88"
81,55.412034190360956,55.412034142226474,55.41203358621928,55.412034699404614,3.5721137695736663e-07,8,8,"11,22,33,44,55,66,77,88"
82,55.76480213352032,55.76480288571396,55.76480194024393,55.764806873229276,1.6117827697776682e-06,8,8,"11,22,33,44,55,66,77,88"
83,55.838625485912445,55.83862551540865,55.8386246314864,55.83862678065512,6.863187128641523e-07,8,8,"11,22,33,44,55,66,77,88"
84,56.12632019105051,56.12632105557858,56.126319195997354,56.12632644880878,2.194070936665111e-06,8,8,"11,22,33,44,55,66,77,88"
85,57.08341810355236,57.08341838416314,57.083413964937876,57.08342369918313,3.160881927829069e-06,8,8,"11,22,33,44,55,66,77,88"
86,57.59151282262509,57.59151570160998,57.59151164140965,57.591536277385444,7.824567873648138e-06,8,8,"11,22,33,44,55,66,77,88"
87,57.66218070278467,57.66218070278467,57.66218070278467,57.66218070278467,0.0,1,1,66
88,57.87701197822858,57.8770121023602,57.87700744424893,57.87701677474715,2.56643747590376e-06,8,8,"11,22,33,44,55,66,77,88"
89,58.05825867078134,58.058256302153055,58.058238985150666,58.05825997601076,6.606104327612633e-06,8,8,"11,22,33,44,55,66,77,88"
90,58.19709412496425,58.19709412496425,58.19709412496425,58.19709412496425,0.0,1,1,77
91,58.752995708092726,58.75299576456156,58.75299493909182,58.7529967338788,4.940031598458299e-07,8,8,"11,22,33,44,55,66,77,88"
92,59.321068458660335,59.321068458660335,59.321068458660335,59.321068458660335,0.0,1,1,88
93,59.46226038550628,59.462260412894594,59.4622578041911,59.46226168890661,1.1716347681569015e-06,8,8,"11,22,33,44,55,66,77,88"
94,60.17032907630244,60.17032907630244,60.17032907630244,60.17032907630244,0.0,1,1,22
95,60.452994552451955,60.45299518459632,60.45299109851402,60.45300391338961,3.730626735059044e-06,8,8,"11,22,33,44,55,66,77,88"
96,61.296918086888255,61.29691384756751,61.29689444025087,61.29692783257207,1.1549115237280951e-05,8,8,"11,22,33,44,55,66,77,88"
97,61.50453711776569,61.504536171307905,61.50451139842332,61.50454964351155,1.0666013699031626e-05,8,8,"11,22,33,44,55,66,77,88"
98,61.57369510281208,61.57369510281208,61.57369510281208,61.57369510281208,0.0,1,1,33
99,61.87427916071704,61.87427916071704,61.87427916071704,61.87427916071704,0.0,1,1,44
100,62.01077722771103,62.01077630858473,62.010765576364605,62.01078747586075,5.948589165326058e-06,8,8,"11,22,33,44,55,66,77,88"
101,62.28573619147734,62.285735524372285,62.28571170252164,62.285751333888726,1.0573301674275874e-05,8,8,"11,22,33,44,55,66,77,88"
102,62.57137130100776,62.574187913740275,62.571362138898365,62.596715303687375,0.007964638205166895,9,8,"11,22,33,44,55,66,77,88"
103,62.74447290734065,62.74447290734065,62.74447290734065,62.74447290734065,0.0,1,1,11
104,62.96022074025845,62.96022074025845,62.96022074025845,62.96022074025845,0.0,1,1,88
105,63.745027902818265,63.74503888044883,63.745001532749626,63.74509995109412,3.064624898651529e-05,8,8,"11,22,33,44,55,66,77,88"
106,64.35266964289882,64.35267581135719,64.35262939609495,64.35276381207905,3.7646521729004365e-05,8,8,"11,22,33,44,55,66,77,88"
107,64.50250342855863,64.50250383491948,64.50247432564694,64.5025261113532,1.4920969278922995e-05,8,8,"11,22,33,44,55,66,77,88"
108,64.64981803919666,64.64982477287961,64.64980618430937,64.64987384150564,1.9572995318842643e-05,8,8,"11,22,33,44,55,66,77,88"
109,64.9501032301641,64.95010055177431,64.95006715792834,64.9501313503475,1.8056884560625303e-05,8,8,"11,22,33,44,55,66,77,88"
110,64.98749527470108,64.98750046167393,64.98748564133675,64.98753064312118,1.3123199151078105e-05,8,8,"11,22,33,44,55,66,77,88"
111,65.41299758520071,65.41496775472264,65.41297741831951,65.43073090405912,0.005573129148253542,9,8,"11,22,33,44,55,66,77,88"
112,66.07349623275257,66.07349712170347,66.07348869633702,66.07350838241098,6.218719201154432e-06,8,8,"11,22,33,44,55,66,77,88"
113,66.17460627877726,66.17460652597049,66.17454161971531,66.17469717750083,4.0090620176544665e-05,8,8,"11,22,33,44,55,66,77,88"
114,66.60566609798273,66.60567078660966,66.60565441811431,66.60569846714415,1.4071249661098764e-05,8,8,"11,22,33,44,55,66,77,88"
115,67.49040024814943,67.48746393686841,67.46411226135541,67.490487029738,0.008256467471603414,9,8,"11,22,33,44,55,66,77,88"
116,67.95200372207135,67.952020178118,67.95177015920072,67.95234584862095,0.00014648756762180163,8,8,"11,22,33,44,55,66,77,88"
117,68.34206790460391,68.34206790460391,68.34206790460391,68.34206790460391,0.0,1,1,88
118,68.69463686126329,68.69463686126329,68.69463686126329,68.69463686126329,0.0,1,1,55
119,69.41412668850943,69.41412980345808,69.41406147194198,69.41426637260079,6.278773851177786e-05,8,8,"11,22,33,44,55,66,77,88"
120,69.95665753215276,69.95665820900649,69.95660129191396,69.95669764521688,2.8115582852706496e-05,8,8,"11,22,33,44,55,66,77,88"
121,70.01204293862459,70.012032183809,70.01195516411408,70.01208580592134,3.743102688765119e-05,8,8,"11,22,33,44,55,66,77,88"
122,70.71964690234967,70.71964846220185,70.71963647192285,70.71967523717237,1.0928895945398461e-05,8,8,"11,22,33,44,55,66,77,88"
123,70.83835831085565,70.83838790174283,70.83833574157867,70.83854556202556,6.807553277647536e-05,8,8,"11,22,33,44,55,66,77,88"
124,70.92504642294494,70.92243800304391,70.89953585338017,70.92712107746468,0.008123112717257923,9,8,"11,22,33,44,55,66,77,88"
125,71.01024238465658,71.01024238465658,71.01024238465658,71.01024238465658,0.0,1,1,44
126,71.55732401701641,71.55457942313737,71.53268460591806,71.55737823176727,0.007741198247994684,9,8,"11,22,33,44,55,66,77,88"
127,71.68223383856514,71.68224616458697,71.68219458538752,71.68234660478689,4.4556742765917584e-05,8,8,"11,22,33,44,55,66,77,88"
128,72.08377120005804,72.0837732891055,72.08373279227948,72.08380898529384,2.1574223429811836e-05,8,8,"11,22,33,44,55,66,77,88"
129,72.42649215521057,72.42649571867571,72.42644014119807,72.42655189607223,4.190457846325962e-05,8,8,"11,22,33,44,55,66,77,88"
130,73.10306297231503,73.10306297231503,73.10306297231503,73.10306297231503,0.0,1,1,22
131,73.4935006612447,73.49350026872293,73.4932503820167,73.49373656564768,0.00012214059547481778,8,8,"11,22,33,44,55,66,77,88"
132,73.58195749883153,73.58196034081064,73.58191652041651,73.58199737546875,2.3568948745310032e-05,8,8,"11,22,33,44,55,66,77,88"
133,73.6552199885707,73.6552199885707,73.6552199885707,73.6552199885707,0.0,1,1,11
134,74.01235584461594,74.01232605468071,74.01211731019276,74.01239250009519,8.168649570836371e-05,8,8,"11,22,33,44,55,66,77,88"
135,74.1222719863855,74.1222719863855,74.1222719863855,74.1222719863855,0.0,1,1,44
136,74.18280913276209,74.18288726956382,74.17350084807373,74.19230253627214,0.009354818831504366,16,8,"11,22,33,44,55,66,77,88"
137,74.50313790450608,74.49909243202488,74.46670240170613,74.50316925322497,0.011451612611832666,9,8,"11,22,33,44,55,66,77,88"
138,74.86345523003718,74.86345988347139,74.86342438897606,74.86351012246988,2.3268774784807354e-05,8,8,"11,22,33,44,55,66,77,88"
139,75.4999032640096,75.49989556299766,75.49963195826453,75.50019739423627,0.0001531490095502652,8,8,"11,22,33,44,55,66,77,88"
140,75.55112470892863,75.55112470892863,75.55112470892863,75.55112470892863,0.0,1,1,33
141,75.83498374502673,75.83494919788629,75.83472380757348,75.8350576507006,0.00010039886895811626,8,8,"11,22,33,44,55,66,77,88"
142,76.07588757300991,76.0758857449645,76.07578695357486,76.07598293460808,6.514733895096448e-05,8,8,"11,22,33,44,55,66,77,88"
143,76.18886095389553,76.18888001610208,76.18880002176633,76.18904333414187,7.396616164852051e-05,8,8,"11,22,33,44,55,66,77,88"
144,77.97969883496366,77.97995393469776,77.9654708071642,77.99426906529888,0.014109986152750567,16,8,"11,22,33,44,55,66,77,88"
145,78.35380239970478,78.35382942358194,78.35374052251791,78.35408148477313,9.834965156711145e-05,8,8,"11,22,33,44,55,66,77,88"
146,78.58887877456277,78.58885528418834,78.58871487933465,78.58896752677941,8.794408910976173e-05,8,8,"11,22,33,44,55,66,77,88"
147,78.62969361324858,78.62969361324858,78.62969361324858,78.62969361324858,0.0,1,1,55
148,79.34629039790653,79.34619646937932,79.3457147868944,79.34651522431616,0.0002463331702691086,8,8,"11,22,33,44,55,66,77,88"
149,79.39149525319186,79.39131411704936,79.39045847948964,79.3917528453915,0.0004391114521801117,8,8,"11,22,33,44,55,66,77,88"
150,79.53793585218094,79.53796821382734,79.53778120433611,79.53815104528795,0.0001225615947335962,8,8,"11,22,33,44,55,66,77,88"
151,79.61276971896572,79.61280844137417,79.61247545682534,79.61305550005832,0.00018003425086946393,8,8,"11,22,33,44,55,66,77,88"
152,79.71651749300167,79.71650094684819,79.71593268273082,79.71675317476715,0.00023226608644756432,8,8,"11,22,33,44,55,66,77,88"
153,80.28428527811084,80.28430058904448,80.28410409680447,80.28452955478781,0.00011392958181597585,8,8,"11,22,33,44,55,66,77,88"
154,80.4275129404495,80.4278335396807,80.42718050227833,80.43032964116662,0.0009554000417800943,8,8,"11,22,33,44,55,66,77,88"
155,81.23806966339656,81.23804580934132,81.23738684091964,81.23875888377657,0.0003484620158713154,8,8,"11,22,33,44,55,66,77,88"
156,81.8235903735357,81.82367485647404,81.82335037584767,81.82421664861906,0.0003113673489504031,8,8,"11,22,33,44,55,66,77,88"
157,82.39892919588202,82.3989867193311,82.39885740585339,82.39938854784793,0.00016496351278145221,8,8,"11,22,33,44,55,66,77,88"
158,82.58708260908534,82.58707993912039,82.58700920245929,82.5872098843733,5.910652492866236e-05,8,8,"11,22,33,44,55,66,77,88"
159,82.72517187982642,82.72554141793668,82.72479443288745,82.72834786325905,0.0010858732887272535,8,8,"11,22,33,44,55,66,77,88"
160,83.20758909883874,83.20776861390729,83.20749858301588,83.20887843121156,0.0004273090884672649,8,8,"11,22,33,44,55,66,77,88"
161,83.93963752304026,83.93963752304026,83.93963752304026,83.93963752304026,0.0,1,1,11
162,84.38881789652844,84.38927340965614,84.38875361823793,84.39071294744716,0.00075361756097208,8,8,"11,22,33,44,55,66,77,88"
163,84.47065046734588,84.47066150609861,84.4703323781842,84.47092780631206,0.000181095871662237,8,8,"11,22,33,44,55,66,77,88"
164,84.66036039368039,84.66051586469385,84.66026948008471,84.66164616849579,0.0004309207919515073,8,8,"11,22,33,44,55,66,77,88"
165,84.84277778188331,84.84317626121583,84.8425116763575,84.8449513391437,0.0008471026212854854,8,8,"11,22,33,44,55,66,77,88"
166,85.09182581802796,85.09183664926891,85.09168698827341,85.09205113453294,0.00010326861048808492,8,8,"11,22,33,44,55,66,77,88"
167,85.57053736526821,85.57068882253265,85.57001658477097,85.57234234997438,0.0006772281652626849,8,8,"11,22,33,44,55,66,77,88"
168,85.740725441228,85.7411063011418,85.73979591073757,85.7430745867187,0.0010380433369127455,8,8,"11,22,33,44,55,66,77,88"
169,85.8129685722873,85.8129685722873,85.8129685722873,85.8129685722873,0.0,1,1,33
170,85.9626232251853,85.9626232251853,85.9626232251853,85.9626232251853,0.0,1,1,88
171,86.09877994321457,86.09876482336406,86.09767159719232,86.10020083165804,0.0006591744845483083,8,8,"11,22,33,44,55,66,77,88"
172,86.41368308891342,86.41368308891342,86.41368308891342,86.41368308891342,0.0,1,1,22
173,86.51598506573602,86.51594225491651,86.51571248053378,86.5160983498653,0.00011640780780838687,8,8,"11,22,33,44,55,66,77,88"
174,86.85089200407478,86.85089200407478,86.85089200407478,86.85089200407478,0.0,1,1,33
175,86.96339070241854,86.96339070241854,86.96339070241854,86.96339070241854,0.0,1,1,44
176,87.1654888957911,87.1654888957911,87.1654888957911,87.1654888957911,0.0,1,1,66
177,87.26188672251696,87.26209527450132,87.26172898698852,87.26326377817273,0.00047900081215194833,8,8,"11,22,33,44,55,66,77,88"
178,87.33777633510448,87.33781888319413,87.33754176813568,87.33854784264355,0.00029376973118337506,8,8,"11,22,33,44,55,66,77,88"
179,87.50857383811348,87.50857383811348,87.50857383811348,87.50857383811348,0.0,1,1,22
180,87.88445845086714,87.88426699744859,87.88275004860654,87.88495545490858,0.0006290892354597959,8,8,"11,22,33,44,55,66,77,88"
181,87.9342221703086,87.93392935360744,87.93085070277735,87.93536664736496,0.0012369000244036707,8,8,"11,22,33,44,55,66,77,88"
182,88.17520189602536,88.17520189602536,88.17520189602536,88.17520189602536,0.0,1,1,66
183,88.28320666624765,88.28274499899202,88.27944086626906,88.28358906852188,0.0012745422090062084,8,8,"11,22,33,44,55,66,77,88"
184,88.37473554838404,88.37518361302187,88.37409270395119,88.37805636050723,0.001155727632836862,8,8,"11,22,33,44,55,66,77,88"
185,89.03978713512267,89.03957336115631,89.03797909993298,89.04045189094643,0.0007574913361460474,8,8,"11,22,33,44,55,66,77,88"
186,89.39874924319753,89.3986350663214,89.39790743910265,89.39934675599795,0.0004143341300064103,8,8,"11,22,33,44,55,66,77,88"
187,89.4791884444438,89.47925983782915,89.47866978540682,89.48049029487095,0.0005257087995386797,8,8,"11,22,33,44,55,66,77,88"
188,90.38595556092892,90.38627098919362,90.38554480094712,90.38765013705282,0.0006654505085618958,8,8,"11,22,33,44,55,66,77,88"
189,91.34620716147832,91.34690608039057,91.3456471850958,91.35046188827002,0.001522112970653267,8,8,"11,22,33,44,55,66,77,88"
190,91.81343465556962,91.81338171399794,91.81249601478919,91.81396685719358,0.0004463846473425288,8,8,"11,22,33,44,55,66,77,88"
191,91.87745633464898,91.87737853065784,91.87643083565067,91.87867090848232,0.0006751940135973814,8,8,"11,22,33,44,55,66,77,88"
192,91.94958883301274,91.94951661206892,91.94859257706167,91.95100260687317,0.0007350731501446049,8,8,"11,22,33,44,55,66,77,88"
193,92.18076781338104,92.18072623705979,92.17929506502202,92.18156309859157,0.0007500170194984194,8,8,"11,22,33,44,55,66,77,88"
194,92.4829836024618,92.48335165182527,92.48209696648718,92.48569398070222,0.0011893362922779024,8,8,"11,22,33,44,55,66,77,88"
195,92.55293614845627,92.55293614845627,92.55293614845627,92.55293614845627,0.0,1,1,77
196,92.65387819184139,92.65412239644252,92.65128542621147,92.65760963494304,0.0016273867022428994,8,8,"11,22,33,44,55,66,77,88"
197,93.81222150786402,93.81209245075179,93.81042727828844,93.81345653699742,0.0010159213575833734,8,8,"11,22,33,44,55,66,77,88"
198,94.26985425486954,94.26929820919405,94.26361167765012,94.27172841703117,0.0023813646410082456,8,8,"11,22,33,44,55,66,77,88"
199,94.9211162265907,94.91999848459619,94.91436796226458,94.92281778893823,0.002749556373617556,8,8,"11,22,33,44,55,66,77,88"
200,95.11357684328513,95.11315285713471,95.1094612044576,95.11488726654468,0.0016172484002835235,8,8,"11,22,33,44,55,66,77,88"
201,95.26564687403572,95.26542464401268,95.254637063003,95.27083680293521,0.004535884959380838,8,8,"11,22,33,44,55,66,77,88"
202,95.33602454839243,95.33572502666149,95.33150964792819,95.33841288076499,0.001993587928050824,8,8,"11,22,33,44,55,66,77,88"
203,95.4479776965495,95.44785038782146,95.44364523899372,95.45269911257188,0.002466754765489551,8,8,"11,22,33,44,55,66,77,88"
204,95.66336121094236,95.66428285309001,95.6442109546989,95.68768924098697,0.018421051094469672,16,8,"11,22,33,44,55,66,77,88"
205,96.03075653761287,96.03151794834297,96.02532723972905,96.04474059026231,0.005500228498323391,8,8,"11,22,33,44,55,66,77,88"
206,96.13506792771412,96.13506792771412,96.13506792771412,96.13506792771412,0.0,1,1,77
207,96.31374768341621,96.31218985804483,96.30349293888935,96.31634031068069,0.0038768093741339193,7,7,"11,22,33,44,55,66,88"
208,96.39084531104788,96.38853811608321,96.38008199253335,96.39429970688687,0.005031443288497351,8,8,"11,22,33,44,55,66,77,88"
209,96.97670734138673,96.97710575193587,96.97560095578189,96.98079386964287,0.0015168578984992463,8,8,"11,22,33,44,55,66,77,88"
210,97.08541696225501,97.08533125458425,97.08140338125102,97.0880412843164,0.0018938769327356522,8,8,"11,22,33,44,55,66,77,88"
211,97.23227307986073,97.232052971803,97.22659885620538,97.23563864737602,0.0025340882577342865,8,8,"11,22,33,44,55,66,77,88"
212,97.5846035487139,97.585052559633,97.58392146185517,97.58689449208936,0.000981628771703681,8,8,"11,22,33,44,55,66,77,88"
213,97.67511821634602,97.67445080110548,97.66776927147825,97.68122658491563,0.0036303275278659996,8,8,"11,22,33,44,55,66,77,88"
214,97.87223813192489,97.87161565242164,97.86599742913205,97.87370978154524,0.002306151311322286,8,8,"11,22,33,44,55,66,77,88"
215,99.01061518985881,99.01080821005763,99.00868702463592,99.01320348210115,0.0011989196252773354,8,8,"11,22,33,44,55,66,77,88"
216,99.23652974301841,99.23623871907418,99.23407427039683,99.23738994662088,0.0009882271263599947,8,8,"11,22,33,44,55,66,77,88"
217,100.14436675501705,100.14419236522322,100.14129134183128,100.14677769457887,0.0015225419721073296,8,8,"11,22,33,44,55,66,77,88"
218,100.35980837209584,100.36131699455218,100.35753990979214,100.36656498253947,0.003082722975828023,8,8,"11,22,33,44,55,66,77,88"
219,100.56997937105392,100.56954184651349,100.56661506281353,100.57029633275096,0.001129815961247178,8,8,"11,22,33,44,55,66,77,88"
220,100.69766212758101,100.69759988915023,100.69311143181798,100.70171392388193,0.002183027406515421,8,8,"11,22,33,44,55,66,77,88"
221,100.80857366562557,100.80857366562557,100.80857366562557,100.80857366562557,0.0,1,1,55
222,101.25450958780753,101.25499599323287,101.25276024352897,101.25975889190937,0.0019689968466476567,8,8,"11,22,33,44,55,66,77,88"
223,101.70582182994588,101.7048797077688,101.69737054561526,101.70704903740952,0.00294657175709951,8,8,"11,22,33,44,55,66,77,88"
224,101.79984514401478,101.79978162009797,101.7981487339539,101.8009334662151,0.001025930046740088,8,8,"11,22,33,44,55,66,77,88"
225,102.0291019252711,102.02944801447867,102.02298364649175,102.03372244630287,0.0033518391967140783,8,8,"11,22,33,44,55,66,77,88"
226,102.43618597372605,102.43462574721968,102.42983937143845,102.43808554155837,0.003002793994570372,8,8,"11,22,33,44,55,66,77,88"
227,102.8203584654844,102.82200883596214,102.81443926813068,102.83539326730062,0.0066995621757167155,8,8,"11,22,33,44,55,66,77,88"
228,103.14935614678713,103.14814952846486,103.14062775761383,103.15319376677667,0.003859808382824711,8,8,"11,22,33,44,55,66,77,88"
229,103.28590733904963,103.28534770477634,103.26856114542002,103.29469968105067,0.0073434206626197835,8,8,"11,22,33,44,55,66,77,88"
230,104.35905733510558,104.35855360829106,104.33109133871213,104.37062467237885,0.010569909650019138,9,8,"11,22,33,44,55,66,77,88"
231,104.48705305592587,104.49108004419156,104.44838254460223,104.53698005526522,0.021942861034532735,10,8,"11,22,33,44,55,66,77,88"
232,104.54841001324749,104.54871970211809,104.54543116395408,104.5540369863765,0.002970114123629037,6,6,"11,22,44,66,77,88"
233,105.3838460168864,105.38264489581753,105.34429509271689,105.40993475837215,0.017603475261159043,8,8,"11,22,33,44,55,66,77,88"
234,105.48263806208539,105.4887183904081,105.47488113219998,105.52233895324792,0.015701830593061926,7,7,"11,22,33,55,66,77,88"
235,105.59359672908204,105.59359672908204,105.59359672908204,105.59359672908204,0.0,1,1,44
236,106.3514550395706,106.3514550395706,106.3514550395706,106.3514550395706,0.0,1,1,77
237,106.42812696670941,106.42759824151624,106.41899674411121,106.43550533131219,0.007748109196309191,6,6,"11,33,44,55,66,88"
238,106.62220678418089,106.62220678418089,106.62220678418089,106.62220678418089,0.0,1,1,22
239,106.77940650187864,106.77913674534825,106.68606963554208,106.82952729278779,0.03493055826043526,15,8,"11,22,33,44,55,66,77,88"
240,106.85692030566983,106.86420272947548,106.83514349543853,106.90880791161152,0.025043605454893796,11,8,"11,22,33,44,55,66,77,88"
241,107.02655247457906,107.02655247457906,107.02655247457906,107.02655247457906,0.0,1,1,44
242,107.28424776931925,107.28336760495965,107.26531359624366,107.3068460841503,0.01190054248171303,7,7,"11,22,33,55,66,77,88"
243,107.36357098477464,107.36357098477464,107.36357098477464,107.36357098477464,0.0,1,1,44
244,107.53400797729347,107.54025634649214,107.5142772975309,107.58654760920291,0.018918568456940267,9,8,"11,22,33,44,55,66,77,88"
245,107.63096453034372,107.6366400041446,107.61437282496289,107.66844281207207,0.019378428735727673,8,8,"11,22,33,44,55,66,77,88"
246,107.69707470410566,107.69707470410566,107.69707470410566,107.69707470410566,0.0,1,1,44
247,107.9261111482553,107.93302321356306,107.88077675130012,107.96631973830947,0.025611132228588098,15,8,"11,22,33,44,55,66,77,88"
248,108.05860105082459,108.05860105082459,108.05860105082459,108.05860105082459,0.0,1,1,44
249,108.56854227555222,108.56962006092758,108.55933164995236,108.5847427090111,0.007935609316350184,8,8,"11,22,33,44,55,66,77,88"
250,109.27155932357397,109.26722274115363,109.19898815196765,109.31476724097547,0.033206051568929536,8,8,"11,22,33,44,55,66,77,88"
251,109.5922730732084,109.58842137484226,109.56139865507132,109.61352637215208,0.015141800066974085,8,8,"11,22,33,44,55,66,77,88"
252,109.86777533384449,109.86777533384449,109.86777533384449,109.86777533384449,0.0,1,1,44
253,109.98912808736247,109.98539788678885,109.97430861441435,109.99192918868712,0.0060369350148129705,7,7,"11,22,33,55,66,77,88"
254,110.14056586615547,110.13079198001454,110.05976619442976,110.15272506091205,0.02658309148625424,10,8,"11,22,33,44,55,66,77,88"
255,110.3369306566056,110.3369306566056,110.3369306566056,110.3369306566056,0.0,1,1,44
256,110.42889244893811,110.43272901903285,110.41974290731332,110.45717771144717,0.011572254424024864,7,7,"11,22,33,55,66,77,88"
257,111.76227535415504,111.76227535415504,111.76227535415504,111.76227535415504,0.0,1,1,66
258,111.99190913284048,111.99062853455342,111.93406046982489,112.04170398685491,0.025612120035543067,9,8,"11,22,33,44,55,66,77,88"
259,112.05651517236828,112.06506172568507,112.04902883861999,112.08353762657791,0.013763483287686288,13,8,"11,22,33,44,55,66,77,88"
260,112.27353183084362,112.27423073943021,112.26538497712718,112.28672916330558,0.00614392742573691,8,8,"11,22,33,44,55,66,77,88"
261,112.64918881851403,112.64918881851403,112.64918881851403,112.64918881851403,0.0,1,1,33
262,112.87141225378016,112.87446704773707,112.8337142830936,112.9153321271096,0.02631239592584856,15,8,"11,22,33,44,55,66,77,88"
263,113.11227826086886,113.11198542484775,113.09531110973603,113.12701210978742,0.010103917513039712,8,8,"11,22,33,44,55,66,77,88"
264,113.59481921148534,113.59481921148534,113.59481921148534,113.59481921148534,0.0,1,1,77
265,113.67946101631418,113.67891142371907,113.66746057132909,113.69148677049725,0.00672680592532784,7,7,"11,22,33,44,55,66,88"
266,113.8492042405613,113.8492042405613,113.8492042405613,113.8492042405613,0.0,1,1,33
267,114.14244985117253,114.14409767382425,114.10780110678672,114.18204206351348,0.03033113255984771,3,3,"11,33,77"
268,114.23060830952852,114.2306493790024,114.22559708154708,114.23683069657835,0.004169739973819849,5,5,"22,55,66,77,88"
269,114.42673043535288,114.42162941249957,114.33811342153254,114.46387243084061,0.03404587628053129,16,8,"11,22,33,44,55,66,77,88"
270,114.49903745073354,114.50130482600296,114.49755445804178,114.50732256923357,0.004298041571311081,3,3,"44,66,77"
271,114.63146944946601,114.63095372338428,114.60176013785443,114.66050389042633,0.016069279793719752,7,7,"11,22,33,44,55,66,88"
272,115.03303426748099,115.03303426748099,115.03303426748099,115.03303426748099,0.0,1,1,66
273,115.172612920532,115.16568806830864,115.11664236826769,115.19373462019232,0.025411883135912534,7,7,"11,22,33,44,55,77,88"
274,115.324268114083,115.32150556799422,115.27024129635686,115.35868661839433,0.028631458152694224,7,7,"11,22,33,44,55,77,88"
275,115.38847861160065,115.38847861160065,115.38847861160065,115.38847861160065,0.0,1,1,66
276,115.9231429903026,115.91923816233748,115.88576993435615,115.93879732155716,0.019926675339319674,6,6,"11,22,33,55,77,88"
277,115.9851566942528,115.9851566942528,115.9851566942528,115.9851566942528,0.0,1,1,66
278,116.05337604726168,116.05337604726168,116.05337604726168,116.05337604726168,0.0,1,1,44
279,116.19018024323918,116.19018024323918,116.17251564370108,116.20784484277729,0.01766459953810795,2,2,"33,66"
280,116.377969151559,116.38987642280378,116.35654688589989,116.42929641208178,0.027003806904816255,7,7,"11,33,44,55,66,77,88"
281,116.44339219318704,116.44339219318704,116.44339219318704,116.44339219318704,0.0,1,1,22
282,116.89938392997315,116.89327353901268,116.85957039419532,116.91475590190907,0.020729643162824152,4,4,"11,55,77,88"
283,116.98607524841688,116.98607524841688,116.98029263206635,116.99185786476741,0.005782616350529679,2,2,"22,44"
284,117.07856610651336,117.07856610651336,117.07856610651336,117.07856610651336,0.0,1,1,66
285,117.29290617549032,117.28992030584008,117.25665682949739,117.33157354583486,0.021946493379918202,10,7,"11,22,33,55,66,77,88"
286,117.38687801705586,117.38562539283305,117.37648017010679,117.3935179913365,0.007011829939302458,3,3,"11,44,55"
287,117.46809647180035,117.46809647180035,117.46809647180035,117.46809647180035,0.0,1,1,22
288,117.69409996822245,117.69409996822245,117.69409996822245,117.69409996822245,0.0,1,1,44
289,117.75846560064141,117.75846560064141,117.75846560064141,117.75846560064141,0.0,1,1,66
290,117.91607493938673,117.89927815318458,117.83625196091023,117.92801145902459,0.03434904667017696,5,5,"11,22,33,77,88"
291,118.0441778877706,118.05060041256051,118.02279955252007,118.09124632218078,0.026237331748220523,4,2,"33,55"
292,118.1475183985456,118.14943497108216,118.12037267428173,118.17869658422867,0.018537329115238088,8,8,"11,22,33,44,55,66,77,88"
293,118.2571751450102,118.2533189102058,118.2318605456295,118.27688197264425,0.017443499831901407,7,7,"11,33,44,55,66,77,88"
294,118.37950370545748,118.37664759882553,118.34724534723463,118.40861668227734,0.023642393407875755,6,5,"11,22,33,66,88"
295,118.49524362146715,118.49524362146715,118.49524362146715,118.49524362146715,0.0,1,1,44
296,118.65326725762725,118.65326725762725,118.62578878157959,118.68074573367491,0.02747847604766207,2,2,"44,55"
297,118.7263075877216,118.7263075877216,118.71580007533856,118.73681510010465,0.01050751238304315,2,2,"44,66"
298,118.86375288555598,118.8639491806698,118.84301462351408,118.88926286294512,0.0157057440960304,9,7,"11,22,33,55,66,77,88"
299,118.95361073119577,118.95623603093223,118.93326907295824,118.98182828864267,0.019910943490143943,3,3,"33,44,77"
300,119.03966969846932,119.03966969846932,119.02524994261671,119.05408945432194,0.014419755852614458,2,2,"11,55"
301,119.16520546239676,119.16520546239676,119.16520546239676,119.16520546239676,0.0,1,1,88
302,119.29985573347253,119.30418653892484,119.26116064646735,119.35681412314668,0.030768726576176818,5,3,"11,44,66"
303,119.40867795113004,119.40536669060242,119.37175169788526,119.44319593989596,0.025993200318910406,9,7,"11,22,33,55,66,77,88"
304,119.47625157420796,119.47625157420796,119.47625157420796,119.47625157420796,0.0,1,1,77
305,119.6391593105742,119.64518818265746,119.60308011045603,119.68470688172098,0.028010091906801534,5,5,"11,22,44,55,88"
306,119.80520552744379,119.800005946028,119.75774740507936,119.83186532414507,0.026747224067424667,4,4,"33,44,66,77"
307,119.99321456761692,119.98771690270819,119.94408744439986,120.02695084451432,0.031022723783502657,6,5,"11,44,55,66,88"
308,120.08065029688042,120.08162105599233,120.05721824690613,120.12115091107734,0.02174208480072258,6,6,"22,33,44,55,77,88"
309,120.195140694352,120.20244589547843,120.14870210089259,120.25320773900779,0.0351589476119721,17,8,"11,22,33,44,55,66,77,88"
310,120.31582713930362,120.31582713930362,120.31582713930362,120.31582713930362,0.0,1,1,88
311,120.40447058535341,120.41139977130085,120.38259303275731,120.44713569579179,0.026801107580544787,3,3,"22,66,77"
312,120.57325099258651,120.57051994710218,120.5465802849669,120.60374189040073,0.020211242326684635,5,5,"11,33,44,55,88"
313,120.65720346496151,120.65720346496151,120.654475471616,120.65993145830703,0.002727993345516211,2,2,"33,77"
314,120.78469165870509,120.78469165870509,120.7766538139854,120.79272950342477,0.00803784471968072,2,2,"11,66"
315,120.92068539486775,120.92163832946152,120.89608168680519,120.95480122951162,0.019898705886759047,7,7,"11,22,33,44,55,77,88"
316,121.07969859637808,121.07969859637808,121.07969859637808,121.07969859637808,0.0,1,1,77
317,121.7578205054986,121.76248480602865,121.72321576529842,121.80898921212764,0.02298499530445918,8,8,"11,22,33,44,55,66,77,88"
318,122.13758007435436,122.13758007435436,122.13758007435436,122.13758007435436,0.0,1,1,55
319,122.29487482151518,122.2912811190449,122.25352521335972,122.33644569432607,0.02658206080486388,8,8,"11,22,33,44,55,66,77,88"
320,122.70707743086626,122.70707743086626,122.70707743086626,122.70707743086626,0.0,1,1,55
321,123.04599369154963,123.04826708443478,123.02750962997422,123.067780820866,0.014980002826309818,6,6,"11,22,33,44,66,77"
322,123.17148839994138,123.17148839994138,123.15118411953446,123.1917926803483,0.02030428040691845,2,2,"66,88"
323,123.28803733679243,123.28803733679243,123.28803733679243,123.28803733679243,0.0,1,1,55
324,123.53845214852564,123.54511221995693,123.52880798532362,123.58759984946468,0.01940043165860255,6,6,"11,22,33,44,77,88"
325,123.62295429883962,123.62295429883962,123.61936548484965,123.62654311282958,0.0035888139899640237,2,2,"22,66"
326,123.7305173567724,123.72850320881427,123.70940879495947,123.74426929894486,0.012025808777753036,7,7,"11,33,44,55,66,77,88"
327,123.856510883,123.86208817361816,123.84474130720201,123.90382082908698,0.01844344571272242,7,7,"11,22,44,55,66,77,88"
328,124.20082627304002,124.20082627304002,124.18634719645917,124.21530534962088,0.014479076580855121,2,2,"22,33"
329,124.39332268893659,124.3959145019523,124.34890045212174,124.453957161695,0.029875234655319074,15,8,"11,22,33,44,55,66,77,88"
330,124.47733197272379,124.47733197272379,124.47733197272379,124.47733197272379,0.0,1,1,44
331,125.05595892349442,125.05934886162281,125.0241585498031,125.10697289766594,0.026797714976729916,7,6,"11,22,44,55,77,88"
332,125.13465525341167,125.1396526240082,125.1291172486927,125.16662767955444,0.013758386421443817,5,5,"11,33,44,66,88"
333,125.35102212415535,125.33886921282414,125.24631453557569,125.3984899823713,0.04835036638061893,9,8,"11,22,33,44,55,66,77,88"
334,125.91538485996367,125.91160616753284,125.83449958072791,125.9588444353829,0.037317470281414016,9,8,"11,22,33,44,55,66,77,88"
335,126.0519596900331,126.0519596900331,126.0519596900331,126.0519596900331,0.0,1,1,55
336,126.24279490538441,126.24279490538441,126.24279490538441,126.24279490538441,0.0,1,1,88
337,126.52403879266295,126.52710325197646,126.48410284574379,126.57290905645334,0.025664548796139948,10,8,"11,22,33,44,55,66,77,88"
338,126.67151389544316,126.66499076581518,126.60842611125352,126.71803202068256,0.036680117664605764,12,8,"11,22,33,44,55,66,77,88"
339,126.83179378650341,126.82692048654798,126.792283173584,126.84920491854211,0.019730571159305144,6,6,"11,44,55,66,77,88"
340,126.90406797631653,126.90406797631653,126.90406797631653,126.90406797631653,0.0,1,1,55
341,127.00426241807588,127.00944879800674,126.98258006063517,127.0425185813379,0.02319297509367341,6,5,"11,22,33,44,88"
342,127.08946853204068,127.0904713487255,127.07007529574969,127.11348318278246,0.012891043809411416,6,6,"33,44,55,66,77,88"
343,127.15310668979177,127.15310668979177,127.15310668979177,127.15310668979177,0.0,1,1,22
344,127.23485333923205,127.23485333923205,127.23485333923205,127.23485333923205,0.0,1,1,11
345,127.37999937664199,127.37999937664199,127.37999937664199,127.37999937664199,0.0,1,1,77
346,128.32908274766555,128.33128888392082,128.29199346689393,128.38605643859174,0.0256812848298952,8,8,"11,22,33,44,55,66,77,88"
347,129.32767360385327,129.32767360385327,129.30987550757573,129.34547170013082,0.017798096277545028,2,2,"55,77"
348,129.4790652892869,129.46993922188824,129.4111211415588,129.50631130038175,0.029454416749718302,7,7,"11,22,33,44,66,77,88"
349,129.60030534762524,129.60222633606148,129.59561057399193,129.61076308656726,0.006333367022655127,3,3,"44,55,66"
350,129.73187220781625,129.7318265015866,129.6961457230998,129.76741586761415,0.032327048953569644,4,3,"22,77,88"
351,129.85756478398955,129.85756478398955,129.85756478398955,129.85756478398955,0.0,1,1,55
352,129.99032822557115,129.99654008601297,129.98725972740854,130.0224205966727,0.013046365730006476,5,4,"11,22,33,77"
353,130.11099080487347,130.11531675991745,130.06106110588638,130.1733390235613,0.030414202745118194,8,7,"11,22,33,44,55,66,77"
354,130.20978182910426,130.20978182910426,130.1866347220855,130.232928936123,0.023147107018743895,2,2,"33,66"
355,130.35375257004023,130.35219641805017,130.31048512895032,130.3907954031699,0.028465926245061068,4,3,"22,44,88"
356,130.46517947288,130.4639049826885,130.42249351588424,130.49812086646298,0.02580583182958782,5,5,"11,33,66,77,88"
357,130.62287987042103,130.61651933280532,130.59691837009,130.62975975790494,0.014141699979686605,3,3,"44,55,66"
358,130.70376330195253,130.70376330195253,130.70376330195253,130.70376330195253,0.0,1,1,22
359,130.8437809551316,130.84081248889402,130.7835046241765,130.8997527382983,0.035932641506469035,9,7,"11,33,44,55,66,77,88"
360,130.9456191190313,130.94466293120584,130.92654945563692,130.96086403112386,0.014435750747108277,4,4,"22,55,77,88"
361,131.05053541880022,131.04930349412487,131.02364577251356,131.07531919811797,0.017565852455303538,6,6,"11,22,44,55,66,88"
362,131.200151196414,131.20322714105967,131.1504831376511,131.25090719935008,0.03356598641461429,7,6,"11,33,44,66,77,88"
363,131.29254968333663,131.29204808500143,131.27055143121132,131.31254154212104,0.01791146295855797,4,3,"22,44,55"
364,131.37567774273725,131.37774039234523,131.36655249986154,131.39305358404482,0.009624097170115458,4,4,"11,33,44,77"
365,131.50113819881494,131.49678402498492,131.45644356182663,131.55624028093916,0.028334172921128793,10,7,"11,33,44,55,66,77,88"
366,131.63070973210745,131.6221502566369,131.5688447095182,131.6548291673709,0.02941290892520174,7,5,"11,22,55,66,88"
367,131.73400148567646,131.73595956063792,131.7112920795644,131.76963631343722,0.01885883912287638,5,5,"33,44,66,77,88"
368,131.85678063260016,131.8713742430041,131.82580678493318,131.9206558016216,0.03613250824551285,7,5,"22,33,44,55,66"
369,131.95566490645962,131.97362360636785,131.94852672828418,132.01667918435973,0.030584042615692853,3,3,"11,77,88"
370,132.0587654771221,132.06596521383977,132.03582104988664,132.11397538115904,0.028671469080261754,5,5,"22,33,44,55,77"
371,132.2440256131101,132.22808711367136,132.17968813187406,132.26054759602994,0.03488160985546014,3,3,"11,44,55"
372,132.37050878437964,132.37050878437964,132.37050878437964,132.37050878437964,0.0,1,1,88
373,132.55789115154863,132.57282621999164,132.55173720546017,132.60885030296618,0.02559646692717618,3,3,"11,77,88"
374,132.78558672434158,132.78558672434158,132.78558672434158,132.78558672434158,0.0,1,1,22
375,133.02065597581372,133.02065597581372,133.02065597581372,133.02065597581372,0.0,1,1,22
376,133.13108704477,133.12824380114026,133.0989367044202,133.15470765423058,0.022856986334474624,3,3,"33,66,88"
377,133.24978885430806,133.25219576853038,133.21921438165603,133.2931737050494,0.024605722963663805,6,5,"11,33,44,55,66"
378,133.39631198971932,133.39054056625164,133.32711166722484,133.44890117941316,0.04103282028174202,6,5,"11,22,44,77,88"
379,133.58776632039746,133.57792724828334,133.53486094133822,133.62934459227506,0.03352043220151023,5,5,"22,44,55,66,77"
380,133.68209080023107,133.6868338339611,133.66575014410435,133.71266055754785,0.019442547828291305,3,3,"11,66,88"
381,133.7636946906856,133.7636946906856,133.76363088778444,133.7637584935868,6.380290118102039e-05,2,2,"33,55"
382,133.91788901676114,133.91878602661043,133.86485126852386,133.95469786028477,0.028671444501812356,6,6,"11,22,33,66,77,88"
383,134.11960935338794,134.1139503191866,134.06560095964207,134.1494779705775,0.02639252002915621,7,7,"11,33,44,55,66,77,88"
384,134.29571214606466,134.28739947192972,134.26079954133402,134.30568672839047,0.01924474480501782,3,3,"22,44,55"
385,134.49897037636447,134.4898753625184,134.45839563838726,134.52088491031384,0.02277107041561897,5,5,"22,33,44,77,88"
386,134.6628552396354,134.65564983842907,134.5979017966161,134.7163728212899,0.036666067918495866,9,8,"11,22,33,44,55,66,77,88"
387,134.78813412766695,134.79379859399359,134.76950964723216,134.82941647340826,0.02243107914356485,4,4,"22,44,66,77"
388,134.95395782307313,134.94978292315912,134.9053022958683,134.99008865053602,0.03473954352443538,3,3,"11,33,55"
389,135.0435347174565,135.06276782986504,135.04219698150322,135.10257179063535,0.028150948523087294,3,3,"11,33,44"
390,135.19562109815877,135.19088859497506,135.13459682198973,135.22494317312317,0.03060112987993011,6,5,"22,33,66,77,88"
391,135.35569279065254,135.3596008753804,135.31458961004301,135.41980796796065,0.03624445525316556,8,7,"11,33,44,55,66,77,88"
392,135.4511322133898,135.45296846716295,135.4378730450232,135.47173639684902,0.014107439503436627,4,4,"22,44,55,66"
393,135.56294153772683,135.56294153772683,135.54079703006727,135.5850860453864,0.02214450765956144,2,2,"11,33"
394,135.65244136534363,135.65244136534363,135.65244136534363,135.65244136534363,0.0,1,1,11
395,135.8518721213478,135.8518721213478,135.8518721213478,135.8518721213478,0.0,1,1,77
396,136.1869177560862,136.1869177560862,136.1617069607761,136.2121285513963,0.02521079531010173,2,2,"55,77"
397,136.30873265118075,136.31095602632985,136.28529401684128,136.34646925266486,0.020828353506485976,6,6,"11,22,33,44,66,88"
398,136.41494851499476,136.41494851499476,136.41494851499476,136.41494851499476,0.0,1,1,55
399,136.5325704748177,136.53732032265148,136.51013046738993,136.5764029667573,0.019684233270336055,8,8,"11,22,33,44,55,66,77,88"
400,136.65150277787438,136.65738023829687,136.64070696897025,136.68580842846853,0.017067788543662473,4,4,"44,66,77,88"
401,136.83147236709505,136.83147236709505,136.83147236709505,136.83147236709505,0.0,1,1,11
402,136.93354467263674,136.93354467263674,136.93354467263674,136.93354467263674,0.0,1,1,33
403,137.1160749359764,137.11778039781336,137.06072927570256,137.16550562310974,0.03513835168036154,7,6,"22,33,44,55,77,88"
404,137.26461780472647,137.25621823444894,137.1884016124869,137.32689296358933,0.04196478600285506,9,8,"11,22,33,44,55,66,77,88"
405,137.48409031078404,137.4954193411455,137.47059882742226,137.53286614772873,0.02211685802501334,7,6,"22,33,44,55,66,77"
406,137.68850045074242,137.68850045074242,137.68850045074242,137.68850045074242,0.0,1,1,22
407,137.7832196284787,137.7832196284787,137.7832196284787,137.7832196284787,0.0,1,1,55
408,137.90407856544505,137.90129271793626,137.85225656569608,137.93755255418043,0.030911039631526954,6,6,"11,22,33,66,77,88"
409,138.19099744889922,138.19099744889922,138.1585024511945,138.22349244660396,0.03249499770473108,2,2,"44,55"
410,138.4364782840152,138.4364782840152,138.4364782840152,138.4364782840152,0.0,1,1,22
411,138.58653586843417,138.57662980935604,138.52903436404614,138.61431919558777,0.035515002722940586,3,3,"55,66,88"
412,138.7388176825917,138.7373283318958,138.67554027269966,138.78019002883437,0.028925636243778547,9,7,"11,22,33,44,55,77,88"
413,138.85756959492676,138.87101955810812,138.851064165596,138.91787487698298,0.027536252509317675,4,4,"33,55,66,88"
414,139.02178631467453,139.02178631467453,139.00640100113276,139.0371716282163,0.015385313541770529,2,2,"11,77"
415,139.20901051756,139.22168582116316,139.1974080796753,139.27131416985742,0.029044197670927113,4,3,"33,44,66"
416,139.34311534765072,139.34311534765072,139.30866086010556,139.37756983519589,0.03445448754516178,2,2,"22,88"
417,139.46272356010232,139.45460393917404,139.43470432116024,139.46638393625952,0.014150281180339203,3,3,"11,44,77"
418,139.53747253245206,139.53747253245206,139.53567839351618,139.5392666713879,0.001794138935863998,2,2,"55,66"
419,139.72400814775176,139.72400814775176,139.69803467092706,139.74998162457646,0.025973476824702857,2,1,22
420,139.83304679031647,139.83304679031647,139.83304679031647,139.83304679031647,0.0,1,1,88
421,140.00025880565556,139.99839237523594,139.94700918182775,140.02578962196748,0.02425309951178774,7,7,"11,22,33,44,55,66,88"
422,140.09479459596065,140.09157508197333,140.0735006320533,140.10321050391875,0.011894216140619786,4,4,"11,55,66,77"
423,140.28741198250054,140.28741198250054,140.28741198250054,140.28741198250054,0.0,1,1,33
424,140.44330828223508,140.44330828223508,140.41710699275714,140.469509571713,0.02620128947792466,2,2,"66,88"
425,140.62102813375648,140.62102813375648,140.61637905768274,140.62567720983023,0.004649076073746983,2,2,"22,77"
426,140.71834432190465,140.7327842934347,140.71121395116649,140.78232659003513,0.026578081699904558,5,5,"11,44,55,77,88"
427,140.80732029741228,140.80732029741228,140.80732029741228,140.80732029741228,0.0,1,1,33
428,140.9423938912849,140.9423938912849,140.9423938912849,140.9423938912849,0.0,1,1,11
429,141.0872383109054,141.0872383109054,141.0872383109054,141.0872383109054,0.0,1,1,66
430,141.21355284331509,141.21355284331509,141.21355284331509,141.21355284331509,0.0,1,1,22
431,141.2914268589928,141.2914268589928,141.2901978144477,141.29265590353785,0.0012290445450702236,2,2,"44,88"
432,141.41395513435293,141.41395513435293,141.40552665318117,141.42238361552467,0.008428481171748103,2,2,"33,66"
433,141.5011954324444,141.50977872846678,141.49480815783375,141.53333259512212,0.016857991083398905,3,3,"33,44,55"
434,141.66981032953277,141.66695684387622,141.58802838422216,141.71810986432186,0.0435431893716158,10,8,"11,22,33,44,55,66,77,88"
435,141.7916090667549,141.7910561138959,141.74436532540892,141.82267729642064,0.026609777675033038,6,4,"11,22,33,44"
436,141.94346964864093,141.94312194087615,141.88442438947743,142.0011240767454,0.04148116157739436,4,4,"11,55,66,88"
437,142.09795960370218,142.10631742146973,142.0808236808722,142.1485267976024,0.026912170906149058,4,4,"22,44,77,88"
438,142.21285963661873,142.21341207012512,142.17034157842406,142.26350099486788,0.029669452919233136,7,6,"11,22,33,55,66,77"
439,142.30046003187772,142.31424320372034,142.28792746802148,142.35332289744343,0.025558224389615854,8,7,"11,22,33,44,55,66,88"
440,142.41827093464323,142.41255301714654,142.378851988744,142.44053612805237,0.02550495632784386,3,3,"11,33,66"
441,142.6287198289892,142.6188361412408,142.52911029828118,142.67828850726582,0.05249029478241079,5,5,"11,33,55,66,77"
442,142.78747502940143,142.78747502940143,142.77287183860966,142.80207822019318,0.014603190791760312,2,2,"55,88"
443,142.90799514268582,142.90799514268582,142.90799514268582,142.90799514268582,0.0,1,1,44
444,143.14888121970498,143.14888121970498,143.14888121970498,143.14888121970498,0.0,1,1,77
445,143.22061713204747,143.22061713204747,143.22061713204747,143.22061713204747,0.0,1,1,22
446,143.35756023012584,143.35756023012584,143.32584067797356,143.3892797822781,0.03171955215226774,2,2,"22,88"
447,143.45723843467442,143.45723843467442,143.45723843467442,143.45723843467442,0.0,1,1,11
448,143.63675149980452,143.63675149980452,143.61881355263517,143.6546894469739,0.017937947169357926,2,2,"11,66"
449,143.75426479243342,143.75426479243342,143.75426479243342,143.75426479243342,0.0,1,1,55
450,143.96897368946077,143.96897368946077,143.94285011549707,143.9950972634245,0.026123573963715785,2,2,"77,88"
451,144.12186218303805,144.12894822420273,144.09055520554378,144.17137771160017,0.030637500604911227,6,6,"11,22,33,44,66,88"
452,144.19977239145524,144.21102054109642,144.19539743302522,144.2378917988087,0.019084608695619124,3,3,"22,44,77"
453,144.35117703142177,144.34890949699633,144.28523692527455,144.40925288036547,0.039575671940786525,5,5,"22,33,44,55,66"
454,144.55495114964398,144.53709244451431,144.42578797960263,144.58921246361987,0.0497562415879903,11,7,"11,22,33,44,55,77,88"
455,144.69116411370024,144.70028209350585,144.6565602782328,144.7493336608077,0.033187862674904915,7,6,"11,22,33,66,77,88"
456,144.81960369636724,144.81881702747225,144.78515677702683,144.86354095195261,0.0279698561633294,10,8,"11,22,33,44,55,66,77,88"
457,144.90035929786404,144.91076101347844,144.89380437404716,144.93811936852407,0.019529489661602017,3,3,"33,55,66"
458,145.00318136775473,145.00084176686929,144.97324549291153,145.0242339791107,0.017842601959133363,6,6,"11,22,55,66,77,88"
459,145.0985838443779,145.1074838953314,145.07770840920426,145.14629780644705,0.02481214039058333,5,5,"33,44,66,77,88"
460,145.3259466395385,145.31551102667632,145.25311790336352,145.35082285609863,0.03372439428543926,5,5,"11,22,33,66,77"
461,145.42061823275716,145.4304581146154,145.39905191675842,145.47170419433067,0.03046534441346952,3,3,"55,77,88"
462,145.52463508458968,145.52463508458968,145.5152924965461,145.53397767263326,0.009342588043580236,2,2,"22,88"
463,145.64091509968773,145.64091509968773,145.6155116557911,145.6663185435844,0.025403443896649947,2,2,"44,66"
464,145.7912302577294,145.78899286451096,145.73255410236487,145.8486018723738,0.031248497668837687,8,6,"11,22,33,44,55,77"
465,146.0587346494631,146.07355033690285,146.0406416537598,146.1212747074857,0.034545147117220676,3,3,"11,66,88"
466,146.3682679758042,146.36003345941748,146.28525729209827,146.41671896077509,0.0462286208031721,7,7,"11,22,33,44,55,77,88"
467,146.5009044690254,146.50809771460806,146.49464421125413,146.52874446354465,0.014821468395065132,3,3,"22,44,77"
468,146.63911983586172,146.63911983586172,146.60887843585192,146.66936123587155,0.0302414000098139,2,2,"11,66"
469,146.8180332224575,146.82120844127064,146.79612720839853,146.84946489295587,0.021890464581149974,3,3,"55,77,88"
470,146.9454180865898,146.94564531284985,146.90125200623675,147.00734870628972,0.03445988881489555,11,8,"11,22,33,44,55,66,77,88"
471,147.03428457191944,147.0461892329481,147.02106499366903,147.09512279428452,0.02900779656008195,4,4,"33,44,66,88"
472,147.1469532210452,147.1535603219981,147.12461776347078,147.20377287123208,0.026563350969197853,5,4,"11,22,55,77"
473,147.30419833959715,147.30419833959715,147.2715824582389,147.3368142209554,0.03261588135825377,2,2,"22,66"
474,147.82042869950433,147.82042869950433,147.82042869950433,147.82042869950433,0.0,1,1,33
475,147.97738289396636,147.98525386018142,147.95343826813718,148.03281138465576,0.029448831383170455,4,4,"22,55,77,88"
476,148.0832375482533,148.10001716279353,148.07794216679102,148.1556513878765,0.03220764850951176,4,3,"11,44,77"
477,148.2033615166399,148.195472884754,148.15767747985626,148.22910448727123,0.023989218285464332,5,5,"33,44,55,66,88"
478,148.36069597485886,148.35970854066272,148.3372026412487,148.3802395716845,0.018586057781009944,4,4,"22,33,44,88"
479,148.51930684586966,148.52930029756513,148.46651454536476,148.5805815564859,0.03221239796238389,9,8,"11,22,33,44,55,66,77,88"
480,148.61523227692257,148.61292432399867,148.6011948490785,148.62234584599491,0.008787724493626336,3,3,"55,77,88"
481,148.74226009012006,148.74226009012006,148.70681048322874,148.77770969701135,0.03544960689130505,2,2,"22,66"
482,148.95347773601233,148.94530043714377,148.90005803402408,148.9709887720786,0.024627616249544657,5,5,"11,33,44,55,77"
483,149.11569715909525,149.11569715909525,149.11569715909525,149.11569715909525,0.0,1,1,88
484,149.32637361490484,149.32811636636063,149.2501894086964,149.38498636494134,0.03482397351551367,9,8,"11,22,33,44,55,66,77,88"
485,149.57801304712285,149.5572260568875,149.4791434754348,149.6089061315206,0.042887717682310984,7,7,"22,33,44,55,66,77,88"
486,149.78840286288508,149.78840286288508,149.78840286288508,149.78840286288508,0.0,1,1,11
487,149.98295502827511,149.98295502827511,149.97757064038603,149.98833941616417,0.0053843878890660335,2,2,"44,55"
488,150.24525789823605,150.24525789823605,150.24315791576194,150.24735788071015,0.0020999824741068096,2,2,"11,22"
489,150.52623131340457,150.52623131340457,150.52623131340457,150.52623131340457,0.0,1,1,55
490,150.87026054764576,150.87026054764576,150.87026054764576,150.87026054764576,0.0,1,1,77
491,151.12476465384742,151.12476465384742,151.12476465384742,151.12476465384742,0.0,1,1,44
492,151.2686833789823,151.25908676457172,151.22477917340538,151.28967619583108,0.02392256087716643,9,8,"11,22,33,44,55,66,77,88"
493,151.47524357278664,151.46969575011266,151.45441343330515,151.4794302442462,0.010940565486040521,3,3,"11,22,88"
494,151.63772587166687,151.62804187356824,151.59308276589815,151.65331698313966,0.025526131656996128,3,3,"11,66,77"
495,151.78936216655615,151.79097612477867,151.72885165330842,151.85632851269398,0.04541886549124421,4,4,"44,55,66,88"
496,151.94539088799027,151.93932523050498,151.89466268593384,151.97823220973197,0.03009033873754885,7,6,"11,22,33,44,66,77"
497,152.0843199057265,152.0843199057265,152.07710755578222,152.09153225567078,0.007212349944282437,2,2,"22,55"
498,152.2046498527751,152.20800219130496,152.1656052685579,152.24891827613524,0.028750866232405387,5,5,"11,22,44,55,88"
499,152.41370122708338,152.41087919641444,152.34606560330283,152.47004872818815,0.04392696427798838,4,4,"33,44,77,88"
500,152.55704347275798,152.55625054581103,152.50913911246852,152.60177612525956,0.03301042270030848,4,4,"11,22,33,66"
501,152.71867635183577,152.71962105019026,152.6656183413487,152.78245020813029,0.038452768362295976,8,6,"11,22,33,55,77,88"
502,152.89160194188923,152.87972103215247,152.8036130345131,152.93219579773455,0.04386396306091146,6,6,"11,22,44,55,66,88"
503,153.04215137583182,153.0263618495871,152.98143785050786,153.06208055477947,0.03523710357220181,5,4,"33,44,55,77"
504,153.2939447744965,153.29283879839502,153.18488412730548,153.35911660968875,0.0547302639631556,7,6,"11,22,44,55,66,88"
505,153.50365743938886,153.50235213285174,153.46769812609318,153.54410421883142,0.026725459060036844,6,4,"11,44,66,77"
506,153.58896480115314,153.60466299971824,153.586829904132,153.63819429386956,0.023726219138606706,3,3,"22,55,77"
507,153.81870228475705,153.80470761770877,153.7461954847932,153.8514367771496,0.03873272099397169,9,8,"11,22,33,44,55,66,77,88"
508,153.9558501674576,153.96103201917575,153.93560195311977,153.99682578866796,0.024487758719823133,4,4,"11,33,55,88"
509,154.0959085282522,154.0985346820308,154.03334403713046,154.16053363813194,0.034770265043224766,8,7,"11,22,33,44,66,77,88"
510,154.26057088608377,154.25488049383398,154.20248139574866,154.28036415947693,0.024762602549327377,6,6,"22,33,44,55,77,88"
511,154.41110891101584,154.40427600101825,154.37238879647657,154.42933029556232,0.02374307020037138,3,3,"33,55,88"
512,154.5658927476394,154.564279225223,154.52869243172404,154.59663897388913,0.031851472825925056,4,4,"22,44,66,77"
513,154.81195377436256,154.79445674008534,154.7474053948716,154.82401105102184,0.03363248722020482,3,3,"11,44,88"
514,155.00562155251865,155.01233275199726,154.99537068963315,155.03600601383994,0.017254710316874092,3,3,"11,55,66"
515,155.1666432791564,155.1717242257234,155.13996324539355,155.21103180220976,0.022209947186612754,7,6,"11,22,33,55,77,88"
516,155.3329741868557,155.32243109805523,155.27256153293177,155.36054096435748,0.029336636020910717,5,4,"22,33,66,77"
517,155.4769675555923,155.4769675555923,155.44595361519458,155.50798149598998,0.031013940397699002,2,2,"33,44"
518,155.61725614875849,155.62678534755318,155.59204284635243,155.67105704754866,0.03295365654897129,3,3,"11,55,66"
519,155.7080824369507,155.7125132423706,155.70528114488616,155.7286069506948,0.009441509921794796,4,4,"11,22,77,88"
520,155.92712601411424,155.92712601411424,155.92712601411424,155.92712601411424,0.0,1,1,44
521,156.1449240145206,156.12828691466925,156.01096936520025,156.19365303608157,0.05906142532435229,8,6,"11,22,44,55,66,88"
522,156.25953429779491,156.25953429779491,156.25953429779491,156.25953429779491,0.0,1,1,33
523,156.38743744052897,156.38389974247224,156.34455217437932,156.41970961250843,0.030784699740707015,3,3,"22,55,77"
524,156.5678550091467,156.567806151288,156.49073872106464,156.62698487590984,0.045736211295046,6,5,"11,22,33,66,77"
525,156.73065958831614,156.72557784757834,156.67700249970085,156.75053176855334,0.021987677593697106,7,6,"11,44,55,66,77,88"
526,156.87662152873918,156.87447883293495,156.8171500431531,156.93643858657998,0.034671035319670564,7,7,"11,22,33,44,55,77,88"
527,157.06444025953732,157.05128316840617,156.99336702643268,157.0960422192485,0.04293701270633604,3,3,"33,55,66"
528,157.20463984668498,157.20463984668498,157.19555688669902,157.21372280667094,0.009082959985960315,2,2,"77,88"
529,157.39814195937748,157.39814195937748,157.37775796789884,157.41852595085612,0.020383991478638563,2,2,"44,55"
530,157.5446809745091,157.54493870075243,157.50291937584734,157.5874734781442,0.0316521696895068,4,4,"22,66,77,88"
531,157.65619052772962,157.65619052772962,157.65619052772962,157.65619052772962,0.0,1,1,55
532,157.75306392135292,157.75739722824073,157.73550344733928,157.78362431603,0.019882784216926463,3,3,"11,77,88"
533,157.97261102862893,157.95800928174728,157.88995436612123,157.99111148646688,0.037765140303745524,7,5,"11,22,44,66,88"
534,158.15300457375295,158.15032943364307,158.09762586176913,158.19189388477827,0.030046365307768223,6,5,"11,33,55,66,77"
535,158.2497393985641,158.25964568422356,158.24087821371091,158.2883194403957,0.0205956042076071,3,2,"11,33"
536,158.39323827395054,158.39860903059292,158.34577767673238,158.44738496711318,0.03300281458689918,7,6,"22,44,55,66,77,88"
537,158.57574477202553,158.57532736202032,158.48669322625415,158.63949444475912,0.04522246283461243,9,7,"11,22,33,44,55,66,77"
538,158.74171983932575,158.7425168728551,158.69152451196504,158.78946698479285,0.035246354787942635,7,6,"22,33,44,55,66,88"
539,158.8546155364719,158.84829361816114,158.83338490284928,158.8568804151622,0.010582525314808503,3,3,"22,33,88"
540,159.00706130082744,158.99458772324758,158.9389560450462,159.0356926715096,0.0345183885945526,7,7,"11,22,44,55,66,77,88"
541,159.09456896119855,159.09456896119855,159.09456896119855,159.09456896119855,0.0,1,1,33
542,159.20154575815485,159.20786904446004,159.1997522559625,159.22230911926277,0.010236893498841534,3,3,"44,55,77"
543,159.51827451151127,159.51827451151127,159.51827451151127,159.51827451151127,0.0,1,1,44
544,159.67011164604529,159.676264034845,159.65949555945463,159.70533728783477,0.017378357538948844,4,4,"11,33,44,88"
545,159.75259760447784,159.75259760447784,159.75259760447784,159.75259760447784,0.0,1,1,66
546,159.9924964950236,159.98830819923356,159.90803839511403,160.064556749303,0.051337020022399225,7,5,"11,22,33,44,55"
547,160.17427485473868,160.16197180827987,160.1092324718241,160.19010505181802,0.031143439004824233,4,3,"66,77,88"
548,160.37846946343564,160.37846946343564,160.37846946343564,160.37846946343564,0.0,1,1,55
549,160.56818806950776,160.56375025259473,160.48343151125977,160.62064757895178,0.03995385363841559,7,6,"11,22,44,55,77,88"
550,160.7362914096713,160.74610700048228,160.68385610141326,160.81594550789265,0.04064515238363177,8,5,"11,22,55,66,77"
551,160.8771027373084,160.88524393642,160.8367637164974,160.92714337399497,0.033701215610043016,5,4,"22,33,55,88"
552,161.04464944391722,161.04464944391722,161.04018662870345,161.049112259131,0.004462815213770455,2,2,"66,88"
553,161.20933648638658,161.2105225037994,161.14309761290588,161.26986925122884,0.03879756862454293,9,7,"11,22,33,44,55,77,88"
554,161.36874497571915,161.37016118608074,161.30925859861168,161.4425580390431,0.0396069490081155,13,8,"11,22,33,44,55,66,77,88"
555,161.47409012843923,161.47662591499443,161.45582931024302,161.50294206224038,0.018101139167828646,6,5,"11,22,44,55,66"
556,161.66396957442316,161.66396957442316,161.6568631870091,161.67107596183723,0.007106387414069104,2,2,"11,88"
557,161.7884138765496,161.7884138765496,161.7884138765496,161.7884138765496,0.0,1,1,44
558,161.96914229903533,161.96914229903533,161.94281238996598,161.99547220810467,0.026329909069346513,2,2,"77,88"
559,162.1446308673137,162.1446308673137,162.1446308673137,162.1446308673137,0.0,1,1,88
560,162.2728439175861,162.2728439175861,162.2728439175861,162.2728439175861,0.0,1,1,22
561,162.53778615568547,162.5367862135854,162.4956279514405,162.58663709601285,0.031188782130754,7,6,"11,33,44,55,66,77"
562,162.6685040050836,162.6685040050836,162.6685040050836,162.6685040050836,0.0,1,1,11
563,162.8725352728797,162.87813249912242,162.86222266231806,162.89963956216945,0.015779793087602394,3,3,"22,77,88"
564,163.03861929813633,163.03861929813633,163.00666222084925,163.0705763754234,0.03195707728707475,2,2,"11,33"
565,163.1986174676543,163.1878403209488,163.13551221214578,163.21861413634082,0.03141083405825106,4,4,"11,22,55,66"
566,163.28479738600504,163.30229384066737,163.28422208365436,163.3378620523427,0.02515162028623955,3,3,"33,44,55"
567,163.5013515373444,163.48650628938813,163.4182676185776,163.53864553377855,0.0428503105679741,6,5,"33,44,66,77,88"
568,163.8547390096536,163.84781039854056,163.8117733389608,163.87832672846412,0.022716919649564342,5,5,"11,22,44,77,88"
569,164.0181736408284,163.99922879948355,163.9407707671756,164.01979714910186,0.03376808961233572,4,4,"22,33,55,88"
570,164.2377415513301,164.23545765057446,164.17654899024274,164.3057905686003,0.039022833787788126,9,7,"11,22,33,44,55,66,77"
571,164.36333743438365,164.3623818968412,164.34133843744382,164.38151428115378,0.01611299502370023,4,4,"11,22,44,55"
572,164.4471565032252,164.4471565032252,164.4471565032252,164.4471565032252,0.0,1,1,11
573,164.62821006619095,164.62821006619095,164.62821006619095,164.62821006619095,0.0,1,1,88
574,164.7919521415727,164.7919521415727,164.7781016511123,164.80580263203308,0.01385049046038489,2,2,"33,88"
575,165.07352047191455,165.06247025811987,165.0366925408299,165.07719776161514,0.01828931648798171,3,3,"33,44,66"
576,165.30938462572877,165.30938462572877,165.2938742013436,165.32489505011392,0.015510424385155375,2,2,"44,88"
577,165.5122447510495,165.50027931350687,165.41838298182574,165.55117427063038,0.04650855684532927,6,5,"11,22,55,66,77"
578,165.75084732471782,165.74006622970992,165.59831332274496,165.81922506937377,0.06490470489151,10,7,"22,33,44,55,66,77,88"
579,165.91488134962566,165.91531219322061,165.8959599018454,165.93509532819076,0.01597987522814511,3,3,"33,55,66"
580,166.0576736956515,166.0646060420464,166.00175767668736,166.13563514072632,0.04307518750042069,5,5,"11,33,44,66,77"
581,166.21937193317854,166.21937193317854,166.2110701692444,166.22767369711266,0.008301763934127848,2,2,"11,55"
582,166.38229644397498,166.38976399015345,166.3354676893946,166.4511495822337,0.04191740910791267,6,5,"11,22,44,77,88"
583,166.51167141657317,166.51167141657317,166.51167141657317,166.51167141657317,0.0,1,1,66
584,166.6597052547616,166.66642086639084,166.63382211587202,166.7300754438932,0.031072609438489565,6,6,"33,44,55,66,77,88"
585,166.85857521766206,166.84833041769934,166.75744883097485,166.93735310120712,0.057029082391254836,10,6,"11,22,33,44,55,66"
586,167.0667342884372,167.07464891738684,166.97169675885863,167.13915531413812,0.05503389782610041,8,5,"22,44,55,77,88"
587,167.2350724458746,167.2379339457497,167.16145030639666,167.2934515911134,0.04238356568850091,7,6,"11,33,44,55,66,77"
588,167.33464584841954,167.33464584841954,167.3335154866993,167.33577621013978,0.001130361720242945,2,2,"11,22"
589,167.51065384503966,167.51103010952778,167.43278367162543,167.5656015077427,0.03994957443496385,7,7,"11,22,33,55,66,77,88"
590,167.7265961043028,167.70531164774638,167.63750329442706,167.74209586496306,0.03761831798016382,5,4,"22,33,66,77"
591,167.86200156878934,167.86200156878934,167.85625547710396,167.86774766047472,0.005746091685381316,2,2,"11,88"
592,167.98777505215867,167.99878267900928,167.96801013061634,168.0405628542528,0.03062515647230069,3,3,"44,66,77"
593,168.14386030998253,168.14386030998253,168.1413096650245,168.14641095494056,0.002550644958034809,2,2,"11,33"
594,168.3530194076235,168.34780321950512,168.28809875345007,168.38343757351765,0.03339797758988285,5,4,"11,44,55,88"
595,168.54155964951798,168.54155964951798,168.54155964951798,168.54155964951798,0.0,1,1,22
596,168.68330112766284,168.67626900602343,168.65925076000673,168.6862551304007,0.01209399454708453,3,3,"44,66,88"
597,168.8632988643036,168.85263364211266,168.7840804065621,168.91931302933392,0.047390282090259306,8,6,"11,22,33,44,66,77"
598,169.21409630159457,169.20472625005587,169.1344468458169,169.27031948989463,0.044949461535998034,6,5,"33,55,66,77,88"
599,169.3111365882474,169.3111365882474,169.3111365882474,169.3111365882474,0.0,1,1,33
600,169.4498854571248,169.4498854571248,169.4418218337678,169.4579490804818,0.00806362335700328,2,2,"44,88"
601,169.6450679757841,169.65265664998932,169.58848454848794,169.71133856886274,0.04295180698897953,6,5,"11,22,55,66,77"
602,169.78159676411863,169.78159676411863,169.74241209734038,169.8207814308969,0.039184666778254496,2,2,"11,44"
603,169.94989532993074,169.951303204558,169.9355834853426,169.96983867302794,0.015516924511683135,4,4,"33,55,66,88"
604,170.09277381798097,170.1024698567061,170.0619164666644,170.15271928547293,0.03769878734665913,3,3,"11,55,77"
605,170.37566407454796,170.37427973154027,170.3422464879161,170.40492863215673,0.025608593685491038,3,3,"22,44,55"
606,170.58772822070495,170.59231641581033,170.52982024948471,170.65579602982126,0.044018144067178015,5,4,"11,66,77,88"
607,170.7581114587149,170.74595449267215,170.69305190494367,170.78048518920554,0.02921761483699153,7,5,"22,33,44,66,77"
608,171.037076168564,171.01605295287436,170.96829201124746,171.04279067881168,0.033852568249794886,3,2,"55,88"
609,171.22609405401744,171.214884882279,171.17278569731877,171.23456572376233,0.024629472006914028,4,4,"11,22,44,66"
610,171.49518697471137,171.50823605346602,171.46636772388524,171.56315346180145,0.04057567915434831,3,3,"11,33,55"
611,171.6482102583851,171.6482102583851,171.62947400813437,171.66694650863582,0.01873625025072556,2,1,77
612,171.8531871005648,171.8531871005648,171.84661056252543,171.8597636386042,0.00657653803938274,2,2,"22,44"
613,172.04403828898677,172.04403828898677,172.04403828898677,172.04403828898677,0.0,1,1,33
614,172.26398133776001,172.26398133776001,172.26398133776001,172.26398133776001,0.0,1,1,66
615,172.40004875608906,172.40004875608906,172.40004875608906,172.40004875608906,0.0,1,1,88
616,172.56803994253366,172.5658556276141,172.508884500874,172.61845812451503,0.04362457348493553,4,3,"22,33,55"
617,172.8019377400499,172.78902711987857,172.69836021785017,172.8706611028813,0.056768135775422376,10,5,"11,33,44,66,77"
618,172.94125681068036,172.9469086591626,172.90965160367023,172.99546941161947,0.032972490454010614,4,4,"22,66,77,88"
619,173.10823694375676,173.11080191075843,173.03715688537073,173.1709296705037,0.0452067489725638,8,7,"11,33,44,55,66,77,88"
620,173.31086710004837,173.3115195115581,173.23750979455139,173.38595306066702,0.053325753853088284,11,7,"11,22,33,44,55,66,88"
621,173.4561500963457,173.4645981691615,173.4024347636282,173.5335651668646,0.04168574042440265,7,6,"11,22,33,44,55,77"
622,173.67160516893023,173.64980535552294,173.56627865078667,173.7014977652205,0.045368958025463375,7,6,"11,22,33,66,77,88"
623,173.90338771059345,173.89607381456938,173.79426192652636,173.97058821945757,0.054864796879718195,8,7,"22,33,44,55,66,77,88"
624,173.9963282947723,174.016514925072,173.99299876329178,174.06021771715194,0.03093242065812218,3,3,"11,77,88"
625,174.18663986235947,174.1727133288106,174.1170869395973,174.214413184475,0.04093540226596728,3,3,"11,22,88"
626,174.31820638485163,174.32010686927157,174.27676586267893,174.36496977988946,0.028380658446703257,7,6,"22,33,44,55,66,88"
627,174.4647233684378,174.4763668132517,174.43795903160787,174.52342964683623,0.0348378455955213,6,5,"44,55,66,77,88"
628,174.6208780936045,174.6147228837879,174.56766747684628,174.6505850391814,0.02633670403416037,6,6,"11,22,33,44,55,77"
629,174.84684677766222,174.83953165113266,174.80384303410904,174.879121293178,0.026467461383474184,5,5,"11,22,44,66,77"
630,174.9661637996947,174.9661637996947,174.9661637996947,174.9661637996947,0.0,1,1,33
631,175.11464019969281,175.11671050174496,175.1069808679439,175.1285104375982,0.008910488400958318,3,3,"22,33,88"
632,175.2406442991031,175.2412693562501,175.22338467214644,175.25977909750077,0.014864534336147197,3,3,"11,22,55"
633,175.5100629862141,175.48547398637277,175.3908481531144,175.5514260475914,0.05621031407798959,9,6,"11,33,44,66,77,88"
634,175.67120286915411,175.6675460043761,175.61481836747504,175.7129599117211,0.03931715688005547,4,4,"22,44,55,66"
635,175.96613328364208,175.95722672187978,175.8707243478553,176.01732923968484,0.051261132469428705,7,5,"11,44,55,66,77"
636,176.07648166650574,176.07275138499082,176.06269258999896,176.07907989846774,0.0071913012196771105,3,3,"11,22,33"
637,176.21579963494526,176.2283424962482,176.206131523274,176.2756391918282,0.027614288458623636,4,4,"33,44,77,88"
638,176.34074684663432,176.34307724204314,176.3049555146422,176.39964362733275,0.03228882722632626,5,5,"22,33,55,66,88"
639,176.4740857231766,176.47063911332071,176.43266491574957,176.50172009118018,0.0247212003255431,4,4,"44,55,77,88"
640,176.66082218410904,176.66082218410904,176.63796135358257,176.6836830146355,0.02286083052646859,2,2,"22,88"
641,176.9174151513804,176.9174151513804,176.9174151513804,176.9174151513804,0.0,1,1,77
642,177.06587506290015,177.06587506290015,177.04299821721895,177.08875190858134,0.0228768456811963,2,2,"22,33"
643,177.36252545611563,177.36317937016975,177.33369108764248,177.39332156675118,0.024348432014896684,3,3,"11,55,66"
644,177.68229671723128,177.65856630747786,177.60064612693634,177.69275607826597,0.04117774515265593,3,3,"11,33,44"
645,177.83136396795075,177.8358342673001,177.77305376381844,177.88935315995383,0.04279457251183813,8,7,"11,33,44,55,66,77,88"
646,177.99293102334534,178.0019378809709,177.93634910183914,178.0750170806386,0.04808273406398391,6,5,"22,44,55,77,88"
647,178.09738545398534,178.1108697874453,178.09536231768442,178.1398615906661,0.020516932204382558,3,3,"11,33,66"
648,178.38825411049584,178.38049357634438,178.29378539913148,178.4435729314739,0.049064260729672377,6,6,"22,33,55,66,77,88"
649,178.5716229721285,178.5716229721285,178.54964904280052,178.59359690145646,0.021973929327970154,2,2,"44,66"
650,178.70069339457905,178.69343147666046,178.6634474918801,178.70472522287452,0.015171436043340598,5,4,"11,33,44,77"
651,178.92683685370508,178.92365473186484,178.81057054688233,179.00784797041666,0.058253991374962594,9,7,"11,22,33,44,55,66,77"
652,179.13922157666732,179.1334754423867,179.06499282630693,179.18636037060855,0.04651365440666172,6,5,"33,44,66,77,88"
653,179.2374271571561,179.26360860731245,179.23330379701514,179.3200948677661,0.039977274709026546,3,3,"22,55,66"
654,179.37206114517312,179.3792242857441,179.3466688900266,179.4163784325283,0.029730894883776015,5,5,"11,22,33,77,88"
655,179.5026396497849,179.50634883019723,179.47047477785475,179.54593206295203,0.0309167590265829,3,3,"33,66,77"
656,179.665291240757,179.66940341431595,179.6153434441802,179.7282531507072,0.035758344836874185,6,6,"11,22,33,44,66,88"
657,179.9126291108811,179.90027018105806,179.8229414927589,179.95288100971118,0.04949065282757089,4,4,"11,44,55,88"
658,180.11707091534063,180.1143850247958,180.04664750020567,180.17675076829636,0.04735404682839548,4,4,"22,33,55,77"
659,180.28623372795653,180.28623372795653,180.28380287005746,180.2886645858556,0.0024308578990712704,2,2,"55,88"
660,180.55486833593397,180.57400579850332,180.54491092557805,180.62223813399788,0.03434682077180093,3,2,"11,22"
661,180.7404096930109,180.74128018149713,180.73132146314884,180.75297987681796,0.00895745814041385,4,4,"33,66,77,88"
662,180.88336253838227,180.88179720332792,180.84738684675227,180.91307688979487,0.03105657014351893,4,4,"22,44,66,77"
663,181.0604248971113,181.05743738147854,181.01213181670812,181.0988944349508,0.03544238509477527,6,6,"11,44,55,66,77,88"
664,181.32153503773156,181.31731623761453,181.21438086955845,181.4001241349767,0.0619496378824174,7,5,"33,44,55,66,88"
665,181.46379159827933,181.46623899621747,181.44894839003786,181.48842439827342,0.014818305591646574,4,4,"11,22,33,88"
666,181.64274336621736,181.63408903945543,181.5661994198731,181.6846700055139,0.04918131426175252,4,3,"22,44,77"
667,181.97039062804566,181.9660672615045,181.8938285109095,182.00972969578993,0.036239903120275356,6,6,"11,33,55,66,77,88"
668,182.1582857465833,182.16818041807045,182.14949558432232,182.2066545947929,0.022998306674863325,4,4,"44,55,66,88"
669,182.24950015759106,182.24950015759106,182.24950015759106,182.24950015759106,0.0,1,1,33
670,182.6402045863628,182.6402045863628,182.63389107735418,182.64651809537145,0.00631350900863481,2,2,"77,88"
671,182.7563973041643,182.7563973041643,182.7563973041643,182.7563973041643,0.0,1,1,22
672,182.97316771927782,182.9702200273752,182.89033565231392,183.04420901863125,0.05449680884058006,4,4,"11,22,33,55"
673,183.20791527080553,183.20009541651413,183.1041749599607,183.24531403235164,0.046198314092415406,7,6,"22,33,44,55,77,88"
674,183.39958039678078,183.3968205634119,183.34321466992094,183.44766662353396,0.04268696259642008,3,3,"11,22,44"
675,183.55323183548217,183.553742067823,183.51858794018784,183.58808098885766,0.028566792515123392,6,5,"11,44,55,66,88"
676,183.69193081798755,183.68427633293786,183.66304517773568,183.69785300309036,0.015206128863331007,3,3,"11,77,88"
677,183.82031755917995,183.8215417965483,183.82000397460104,183.82430385586383,0.0019572621301241918,3,3,"22,44,77"
678,183.98421630243266,183.9810590709858,183.92345639222322,184.05060701407234,0.04434464599075586,6,6,"11,22,33,44,66,77"
679,184.16812899195378,184.1620436560329,184.11627270085273,184.20172927529217,0.035151861152084435,3,3,"11,44,55"
680,184.37168437490067,184.35132304495886,184.28557409857592,184.41665398341507,0.05031547897627078,5,5,"11,33,55,66,88"
681,184.55300609486238,184.54386012544146,184.46655664037905,184.6280238306045,0.05912449814688674,6,5,"33,44,66,77,88"
682,184.74608103689468,184.73853678970306,184.65230600114637,184.80669261778968,0.052004746556638226,6,6,"11,33,44,55,77,88"
683,184.9327730211494,184.9327730211494,184.92899775075261,184.93654829154616,0.003775270396772612,2,2,"55,88"
684,185.0284444112409,185.0284444112409,185.0284444112409,185.0284444112409,0.0,1,1,22
685,185.2500132951124,185.2500132951124,185.21224097357594,185.28778561664888,0.03777232153646537,2,2,"11,22"
686,185.36520893103187,185.36520893103187,185.36520893103187,185.36520893103187,0.0,1,1,66
687,185.60772322833674,185.60483308042458,185.58091330245816,185.62586271047894,0.018463965564854672,3,3,"44,55,66"
688,185.76748164226314,185.7642009505357,185.70757453097326,185.81754667837066,0.04495583391475672,3,3,"22,33,77"
689,185.94206549151033,185.94368486473158,185.92294210866868,185.96604699401576,0.017634711271021754,3,3,"11,44,55"
690,186.1619546017992,186.1635891598108,186.07226687200063,186.22266224512214,0.05156620213545415,5,4,"33,66,77,88"
691,186.45171206429222,186.46026630229608,186.42979652330513,186.49929031929082,0.029008368459175825,3,3,"22,33,55"
692,186.67613834574138,186.66667614189663,186.6409669461989,186.68616583931498,0.019691513009322408,5,5,"11,22,44,55,77"
693,186.82625166768594,186.84228300343608,186.8121941596142,186.9051810470662,0.0360722848511729,7,5,"11,44,55,77,88"
694,186.9743005419871,186.97177786184062,186.92194319345288,187.0165671699354,0.04204995192318704,4,4,"22,33,66,88"
695,187.06809520239898,187.06809520239898,187.06809520239898,187.06809520239898,0.0,1,1,44
696,187.20247197300205,187.1982495268362,187.1657183288981,187.22655827860848,0.025016616596549048,3,2,"33,66"
697,187.33890333962594,187.33890333962594,187.30792557498842,187.36988110426347,0.03097776463752666,2,2,"22,55"
698,187.47499183309526,187.47896248701218,187.43664709994744,187.54651696434826,0.04129928738403411,5,4,"22,44,77,88"
699,187.60791576559774,187.60594047001885,187.5865011660518,187.6264527200741,0.014465081465598599,7,7,"22,33,44,55,66,77,88"
700,187.77147817302688,187.78285699367748,187.7193893052745,187.83743304638392,0.0402357241885668,7,7,"22,33,44,55,66,77,88"
701,187.9885770694289,187.9878688074448,187.87978502653533,188.04549961113742,0.052956062841269684,9,7,"11,22,33,55,66,77,88"
702,188.19231856752174,188.18786303327968,188.1012043166997,188.26271184204086,0.046289372486418595,11,6,"11,22,44,55,66,88"
703,188.3191929864958,188.32669761676635,188.29999683220598,188.37436907421773,0.027725789890826896,5,5,"11,33,44,55,77"
704,188.48271729828974,188.49561195257837,188.4469321892209,188.54284950979792,0.039891801169955804,5,4,"33,66,77,88"
705,188.59454010582542,188.59454010582542,188.5877909473951,188.60128926425574,0.006749158430324087,2,2,"22,55"
706,188.76891047706562,188.76871583743994,188.73664572289192,188.79318943232477,0.019215401054249393,5,5,"11,44,66,77,88"
707,188.94944985024213,188.94878614212828,188.88938324450265,189.00686162352622,0.04766981287052376,4,4,"22,55,77,88"
708,189.1521769013297,189.1461489123126,189.0474217708537,189.2211677360126,0.05217003163913393,7,6,"11,33,44,66,77,88"
709,189.30940163519347,189.30940163519347,189.30940163519347,189.30940163519347,0.0,1,1,33
710,189.4058052766723,189.4058052766723,189.4058052766723,189.4058052766723,0.0,1,1,55
711,189.57870885071603,189.57839055883582,189.53301078049054,189.6231337534207,0.03824310181449021,4,4,"22,33,44,77"
712,189.79793777929893,189.79793777929893,189.79793777929893,189.79793777929893,0.0,1,1,66
713,189.9826134026299,189.98961716746905,189.9401472265705,190.05309463804588,0.04342152439505234,4,4,"11,33,44,55"
714,190.11047985807286,190.11047985807286,190.08059116038243,190.1403685557633,0.029888697690438448,2,2,"22,44"
715,190.32601292522207,190.31564136379836,190.22625393763457,190.39429015617606,0.05765996443914124,6,5,"11,22,33,55,88"
716,190.51552425450996,190.51524268105254,190.47448542641547,190.5557183622322,0.03316380484866136,3,2,"77,88"
717,190.6546213004567,190.65229347097033,190.61180121042952,190.69045790202478,0.03215361955535793,3,2,"55,66"
718,190.75584091429727,190.7845886588199,190.7533955684279,190.84452949373463,0.0423963260736003,3,3,"22,33,77"
719,190.92960769937713,190.93333441713767,190.87252629766311,190.97030202235135,0.03534200254798555,5,4,"44,66,77,88"
720,191.1118062080103,191.1118062080103,191.10674407132836,191.11686834469225,0.005062136681942775,2,2,"11,22"
721,191.23078827312446,191.23078827312446,191.23078827312446,191.23078827312446,0.0,1,1,11
722,191.42770791380292,191.43053664568365,191.37352951371878,191.49813512597575,0.046673433669932714,5,4,"44,55,66,88"
723,191.7075043829405,191.724581371733,191.673622464873,191.7899570586368,0.046128240407050304,5,3,"33,55,77"
724,191.91746105254128,191.92338842788558,191.82794476693635,192.00429014865273,0.05704441144691039,7,5,"11,22,44,55,66"
725,192.0448186442946,192.0487595037658,192.0408549248114,192.06060494219145,0.00853086852385138,3,3,"11,22,88"
726,192.3499836041305,192.33890034968636,192.24180540390927,192.4024773739407,0.052438208950919385,7,5,"33,44,66,77,88"
727,192.56411939620398,192.56235463927257,192.45809909894143,192.6350644424635,0.05361158202212422,8,6,"11,22,44,55,66,88"
728,192.6761425632917,192.68350647494117,192.67149722643893,192.70287963509287,0.013829540588092453,3,3,"11,33,55"
729,192.82502832023576,192.81926037825292,192.7742181346207,192.8527667379194,0.03356996215318633,4,4,"44,66,77,88"
730,192.98286215786686,192.9889340667662,192.92505269440107,193.0602110231784,0.048523294308736344,5,4,"33,66,77,88"
731,193.08467923936465,193.08467923936465,193.08062587895114,193.08873259977815,0.004053360413507789,2,2,"22,55"
732,193.2870204963017,193.2870204963017,193.2870204963017,193.2870204963017,0.0,1,1,33
733,193.46533969983847,193.46807960213187,193.39276171420545,193.54498292822944,0.04780994010350952,7,6,"11,22,33,44,55,77"
734,193.6744103801193,193.673939423263,193.65586661398265,193.69107031883078,0.012469568131285958,4,4,"11,33,44,66"
735,193.84447208041468,193.8550955149632,193.84131044922606,193.89012744979743,0.02027207273033735,4,4,"22,44,66,88"
736,194.11506565500085,194.08938571271784,193.96226613826104,194.16481543122921,0.061521748382506854,8,6,"11,22,33,66,77,88"
737,194.30595818060593,194.3074994711178,194.2484957190572,194.39822247832,0.05024251332767379,8,6,"22,44,55,66,77,88"
738,194.54804808867976,194.55578276783322,194.54211686816484,194.57718334665515,0.01532499972013772,3,3,"11,55,77"
739,194.6569693932538,194.6569693932538,194.6569693932538,194.6569693932538,0.0,1,1,88
740,194.81800465001334,194.81800465001334,194.81800465001334,194.81800465001334,0.0,1,1,55
741,195.06206723811061,195.05186245692076,194.96780044905563,195.10611023633072,0.0407400060874117,9,7,"11,22,33,44,55,66,77"
742,195.1712212216829,195.1712212216829,195.1712212216829,195.1712212216829,0.0,1,1,22
743,195.27996981535978,195.27996981535978,195.27051244587142,195.28942718484814,0.00945736948835929,2,2,"33,44"
744,195.411687056246,195.411687056246,195.39292906963823,195.43044504285376,0.018757986607766952,2,2,"33,55"
745,195.5646220935689,195.5646220935689,195.52131877732626,195.60792540981151,0.0433033162426284,2,2,"66,88"
746,195.71643638245934,195.71643638245934,195.71643638245934,195.71643638245934,0.0,1,1,11
747,195.87404360170632,195.88078983995,195.83696905962614,195.93135685851757,0.03882780741275397,3,3,"55,77,88"
748,195.9928580256178,195.9928580256178,195.98554193070504,196.00017412053057,0.007316094912766857,2,2,"22,77"
749,196.13130352975784,196.13091224880287,196.1188591272885,196.1421828084073,0.011146566255979038,4,4,"11,33,44,77"
750,196.40361740391407,196.40361740391407,196.39681482492261,196.41041998290552,0.006802578991454311,2,2,"33,66"
751,196.6203287786565,196.60189754373857,196.52408501070607,196.64284760693516,0.04805862275745862,4,4,"22,33,44,88"
752,196.7979162491116,196.79132897596168,196.7200100359766,196.8726187805824,0.05086281489305819,8,5,"11,55,66,77,88"
753,196.90415048209013,196.90415048209013,196.90415048209013,196.90415048209013,0.0,1,1,44
754,197.15975801831277,197.14833418687698,197.0029955572146,197.24022862063373,0.07052284136281858,8,8,"11,22,33,44,55,66,77,88"
755,197.36329593775258,197.36063701026055,197.26770787684177,197.4412377231448,0.05653473448145322,7,6,"11,22,33,44,66,77"
756,197.55673655929013,197.55673655929013,197.55673655929013,197.55673655929013,0.0,1,1,11
757,197.86576997886183,197.85245740992255,197.74568552357914,197.91669815980913,0.055262582107815296,6,6,"33,44,55,66,77,88"
758,197.99756200007562,197.99756200007562,197.99756200007562,197.99756200007562,0.0,1,1,55
759,198.32206636603752,198.31508220327234,198.2114196308632,198.39839142953684,0.056194342673352986,6,5,"11,22,33,44,88"
760,198.55778913376415,198.56551777927257,198.45465279686965,198.65300845051337,0.06262724206466773,8,7,"11,22,33,55,66,77,88"
761,198.81385268411884,198.81429817422887,198.71688514919293,198.88700153261954,0.05232561589931387,6,6,"22,33,44,55,66,77"
762,198.94182191886728,198.9414523879235,198.91540117527944,198.9671340696238,0.02112148202107417,3,3,"55,66,77"
763,199.14370474405388,199.1393693044811,199.08423400884652,199.1788084829751,0.03563711374489218,5,5,"11,22,44,55,88"
764,199.28533834832456,199.30847086147165,199.2646888559479,199.37325054332126,0.04438843383465232,5,5,"11,33,55,66,88"
765,199.46552820621395,199.46552820621395,199.42925233835962,199.50180407406827,0.03627586785432868,2,2,"22,33"
766,199.58051368926644,199.58051368926644,199.57322993057238,199.5877974479605,0.007283758694057951,2,2,"11,88"
767,199.7551005630607,199.74537671136085,199.69991285946935,199.80681018811094,0.03911187450842933,5,5,"22,44,66,77,88"
768,199.94123710787673,199.94123710787673,199.9031113416425,199.97936287411096,0.038125766234230696,2,2,"44,55"
769,200.0819461696594,200.08496919819066,200.04331209226905,200.13267236117485,0.03221484444632776,4,3,"66,77,88"
770,200.28302425664475,200.2905172952812,200.2439751309343,200.34455249826453,0.041400973626035405,3,3,"11,33,66"
771,200.47711502647428,200.47264773057864,200.4553745278002,200.48545363746155,0.012679530984206778,3,3,"22,77,88"
772,200.6390993625074,200.6637032346959,200.61241869227575,200.7295521719161,0.04958096091675374,5,5,"11,22,33,55,88"
773,200.92988150856087,200.90175518812273,200.76093282130068,200.99772986696763,0.0755078739005799,7,5,"11,44,55,66,77"
774,201.06778559675217,201.08596253222944,201.06751806998443,201.12258392995176,0.025895468985831897,3,3,"44,55,66"
775,201.28892015549704,201.29730208482934,201.2292301420615,201.36372240943842,0.04805982301585316,6,6,"11,22,33,44,55,88"
776,201.61081199497818,201.60942187823613,201.5149684272521,201.69050337715368,0.056123873177506285,7,6,"11,22,33,55,66,77"
777,201.83293234859036,201.84047356396306,201.74036861750466,201.92376939428038,0.06176236313453228,7,6,"22,33,44,66,77,88"
778,202.05027581677683,202.03448374275987,201.9367054111683,202.0954000040398,0.0479860857141386,9,8,"11,22,33,44,55,66,77,88"
779,202.19396485861114,202.19990768847896,202.1684454198562,202.24571715197993,0.02599095729675692,5,5,"22,44,66,77,88"
780,202.36252544617267,202.36360210672183,202.31116344288887,202.418194091653,0.03791006315730998,4,4,"33,44,55,88"
781,202.5488627735231,202.5557019644359,202.53617787659505,202.5889044341024,0.02062323084462846,4,4,"11,22,66,77"
782,202.68663178551037,202.67931448843976,202.6518921669039,202.69941951290497,0.020080990709141867,3,3,"44,55,88"
783,202.8749150162163,202.86924326001687,202.79405102832976,202.95621126397475,0.06003453945681235,8,7,"11,22,33,44,55,77,88"
784,203.022296156712,203.022296156712,202.97987765275712,203.06471466066688,0.04241850395487745,2,2,"55,66"
785,203.1301061413759,203.1301061413759,203.1301061413759,203.1301061413759,0.0,1,1,22
786,203.3373860250188,203.34341314162728,203.23638525239045,203.4327674036478,0.06496967150471568,8,6,"11,33,44,55,66,88"
787,203.50316725680432,203.51343038009645,203.4500686532017,203.59999480475454,0.05030701013516547,6,5,"22,44,66,77,88"
788,203.71738510473665,203.69851715872412,203.60563163540155,203.80713113780126,0.06250850683362404,11,8,"11,22,33,44,55,66,77,88"
789,203.91719365409944,203.92058897496176,203.88005157993996,203.9856344797513,0.038476653955150014,6,5,"11,33,55,66,88"
790,204.0728916660441,204.07873072380292,204.02863596995087,204.13466453541383,0.043482449487633,3,3,"22,44,77"
791,204.2102601492232,204.2289520879107,204.18709388273345,204.28950223177554,0.04384753065875619,3,3,"44,77,88"
792,204.50781274881564,204.49073883780207,204.446039024995,204.51836473959565,0.03189975001048802,3,3,"22,33,55"
793,204.76294820700713,204.7697696099506,204.70953744284117,204.83682318000353,0.05218756796294063,3,3,"33,77,88"
794,204.9964800517665,204.98770848484443,204.9069440764265,205.05092975941818,0.05449735997583553,4,3,"11,44,77"
795,205.11063907972002,205.13065183627583,205.10159598452515,205.19973320113803,0.04025305917996264,4,4,"22,44,55,88"
796,205.2859360804094,205.2823245244092,205.22020678351362,205.33721915330437,0.04525138980611761,4,3,"11,33,66"
797,205.43211046878616,205.444978661992,205.42455798267702,205.4782675345129,0.023739865021945545,3,3,"11,44,77"
798,205.61884172599594,205.60514670710194,205.54103055323867,205.66551482727857,0.045393385928342,7,6,"22,33,44,55,77,88"
799,205.8554057071749,205.86523849844926,205.82363220871736,205.9166775794556,0.03861668976093994,3,3,"33,44,88"
800,206.21092238147156,206.21092238147156,206.19235286575923,206.2294918971839,0.01856951571232912,2,2,"22,66"
801,206.39002523549135,206.39311413498226,206.3440517402263,206.44835432872003,0.042665793387108256,4,4,"11,33,55,88"
802,206.57871008097155,206.55546847382234,206.4945635315725,206.59357805349737,0.043096667417867406,6,5,"11,22,66,77,88"
803,206.70019375114595,206.72289649434438,206.68264447301368,206.77190439143135,0.03981294687748368,5,5,"33,44,55,66,88"
804,206.91722389116063,206.8945179700193,206.81902266632767,206.95960526935124,0.05491734236683056,5,5,"11,44,55,77,88"
805,207.15357404406825,207.15357404406825,207.13288851289923,207.17425957523727,0.020685531169021942,2,2,"22,66"
806,207.320125158304,207.33496290124006,207.29049056905603,207.39427297636018,0.04364871879020069,3,3,"33,44,77"
807,207.5210222608322,207.5210222608322,207.51119656741014,207.53084795425428,0.009825693422072845,2,2,"33,44"
808,207.738530904921,207.7261376808031,207.65598154950766,207.78375707743385,0.047132809617779485,7,4,"22,55,77,88"
809,207.85535526530816,207.85503064987,207.84788447137777,207.86152759748592,0.0053521418273040355,4,4,"33,55,66,77"
810,208.06099267513713,208.05209394149307,207.97139965117253,208.12654084362782,0.05181707895060647,5,5,"11,22,33,44,66"
811,208.26648438603752,208.2807958574711,208.24068279377394,208.3538646615384,0.041362160184753756,5,5,"11,22,33,44,77"
812,208.4092136585491,208.41861281560318,208.3957749660496,208.4668363280702,0.023329221896260924,6,5,"11,22,55,77,88"
813,208.6526854118336,208.64971970978564,208.5972627565272,208.71685852199533,0.04118073025929079,8,7,"11,22,33,44,55,66,88"
814,208.82137666449393,208.8330767798381,208.7631508536894,208.91972762066746,0.05446570233157793,8,7,"11,33,44,55,66,77,88"
815,209.03091806065646,209.0422578163232,208.9760412375581,209.11186221309248,0.04928908329092447,8,7,"11,22,33,55,66,77,88"
816,209.2388034306406,209.24345807153318,209.2165688505657,209.27500193339336,0.024081189804016093,3,3,"44,77,88"
817,209.42583243589814,209.42583243589814,209.42583243589814,209.42583243589814,0.0,1,1,77
818,209.63119509125676,209.63789706101244,209.54916981215996,209.71937771214795,0.055258997463096426,7,5,"22,33,44,55,88"
819,209.91533475208058,209.91533475208058,209.91533475208058,209.91533475208058,0.0,1,1,11
820,210.23968989214762,210.23968989214762,210.23968989214762,210.23968989214762,0.0,1,1,66
821,210.37838424118394,210.37838424118394,210.37838424118394,210.37838424118394,0.0,1,1,88
822,210.4897647088162,210.4897647088162,210.4897647088162,210.4897647088162,0.0,1,1,77
823,210.6599759546998,210.6557775840579,210.62835480873684,210.679001988737,0.02088865637178161,3,3,"33,55,66"
824,210.8622043361239,210.8597674720371,210.8157525007279,210.8989087151727,0.029759287158293096,4,4,"11,44,66,77"
825,210.9867855697789,210.9867855697789,210.96831614702478,211.00525499253303,0.01846942275412289,2,2,"22,33"
826,211.13726386130213,211.13726386130213,211.13726386130213,211.13726386130213,0.0,1,1,55
827,211.31584123957288,211.32086624058385,211.26590467555258,211.39505471254904,0.04075463472182995,7,7,"11,22,33,44,66,77,88"
828,211.63064635238948,211.6230294639452,211.5279483522824,211.70287679871933,0.06323297568417499,4,4,"22,55,66,88"
829,212.06451391241825,212.05509834103762,211.92658346366585,212.1572574306004,0.07404363885386515,11,7,"11,22,33,44,55,66,77"
830,212.33721958472057,212.31770467708964,212.1876465630266,212.411596384196,0.0687003963941631,15,8,"11,22,33,44,55,66,77,88"
831,212.60105199291516,212.58286946373354,212.44784710849268,212.66994662789295,0.06397277541718424,12,8,"11,22,33,44,55,66,77,88"
832,212.81530162202415,212.7952667461413,212.7110526347795,212.8431138258615,0.04629975255928982,7,6,"11,33,44,66,77,88"
833,213.00916886311725,213.01732967870086,212.94458976553886,213.10475485037642,0.05914621685430413,8,7,"11,22,33,44,55,77,88"
834,213.24664829406038,213.2446687897249,213.20853430749776,213.30190235751672,0.03263832632994091,5,5,"11,22,55,66,77"
835,213.45312531005686,213.45312531005686,213.45312531005686,213.45312531005686,0.0,1,1,44
836,213.617369319991,213.617369319991,213.58302415189507,213.65171448808695,0.034345168095939016,2,2,"33,88"
837,213.80808253424811,213.80808253424811,213.7960831265966,213.82008194189962,0.011999407651501315,2,2,"11,22"
838,214.10172633864846,214.10172633864846,214.10172633864846,214.10172633864846,0.0,1,1,44
839,214.3232713793765,214.32581323733461,214.2730283788432,214.38368181174218,0.048135851120793646,4,4,"33,55,66,77"
840,214.50486909979142,214.50486909979142,214.4536954444182,214.55604275516464,0.05117365537321916,2,1,44
841,214.626921763869,214.626921763869,214.626921763869,214.626921763869,0.0,1,1,11
842,214.74291702779254,214.74291702779254,214.74291702779254,214.74291702779254,0.0,1,1,55
843,214.88004793107706,214.87256897129407,214.85709745274153,214.88056153006363,0.010942024819354444,3,3,"22,66,77"
844,215.231963088697,215.20914647399562,215.14139261330774,215.2765174704407,0.04681662468839587,9,7,"11,33,44,55,66,77,88"
845,215.4406327360603,215.4329706234178,215.35761962648297,215.48952310420225,0.04078649104195163,7,7,"11,22,44,55,66,77,88"
846,215.6051270967984,215.61926590294536,215.57820134085335,215.6744692711843,0.04055291179021121,3,3,"33,77,88"
847,215.8173397305854,215.81558889493851,215.74488794466913,215.88278817391415,0.0494807768194446,4,4,"33,44,55,77"
848,216.01401334039474,216.02224832322588,215.97943234607925,216.0815342660348,0.03915381061860876,4,3,"22,33,66"
849,216.21179420694233,216.22253257260013,216.1936670572532,216.25851257636123,0.02389069478680001,5,5,"11,22,44,55,66"
850,216.39357632032096,216.40025047242457,216.3239039239292,216.45839110466886,0.04746587185898913,6,5,"22,55,66,77,88"
851,216.61438643119953,216.61742537703174,216.51548416277018,216.6937090093109,0.0552482230605561,8,5,"33,44,55,66,88"
852,216.76500682184147,216.7636902523061,216.73579321395312,216.78895415158826,0.024823754920327908,4,4,"22,44,77,88"
853,216.94002453854802,216.93664085771522,216.87390191282805,217.01242848288967,0.04346745839095269,7,6,"11,22,33,55,66,77"
854,217.13080183732592,217.1291118168273,217.07075414451714,217.18577946863894,0.04697409516102577,3,2,"55,66"
855,217.3663506728345,217.36291748500992,217.30693173659898,217.4166660229203,0.04822914900077117,6,5,"22,33,44,77,88"
856,217.57693150499244,217.5589565144015,217.516765008552,217.58844381639364,0.030928817715766246,5,4,"11,55,77,88"
857,217.87098789526652,217.87286554893274,217.86199091694226,217.88749548825552,0.009251068388672812,4,4,"55,66,77,88"
858,218.0535198556251,218.04818109226943,217.98007556675577,218.11576970766305,0.048131458466620994,7,5,"11,22,33,55,66"
859,218.216255322094,218.216255322094,218.216255322094,218.216255322094,0.0,1,1,33
860,218.3439544816237,218.3439544816237,218.3396484184695,218.34826054477793,0.004306063154217554,2,2,"11,44"
861,218.51994130843826,218.51994130843826,218.5132941351465,218.52658848173002,0.006647173291753461,2,2,"22,77"
862,218.68056498165322,218.6879505911245,218.62965645705333,218.76101594413814,0.047895933513849555,4,3,"11,44,88"
863,218.95525735785037,218.9385050882989,218.86213047990077,218.99812742714556,0.05677012897830151,3,3,"22,33,55"
864,219.10685499979397,219.10685499979397,219.07342639503338,219.14028360455455,0.03342860476058718,2,2,"44,77"
865,219.21924523331086,219.21924523331086,219.21924523331086,219.21924523331086,0.0,1,1,33
866,219.3923278733165,219.41883007211473,219.35600210786635,219.4956612524494,0.05090256371537178,5,5,"22,33,44,66,88"
867,219.61413026929753,219.62730155764356,219.59660065373157,219.68434503824767,0.03381850691430389,4,4,"11,55,77,88"
868,219.8616454710056,219.85358229035464,219.75073997876035,219.95938154127572,0.06857158119793286,14,7,"11,22,33,44,55,66,88"
869,220.1481925446244,220.1344891701787,219.99083151574246,220.22754314343365,0.06843753682770044,13,8,"11,22,33,44,55,66,77,88"
870,220.36909636499496,220.3973714584169,220.29789100019497,220.47601569958317,0.0688196943761646,5,5,"11,22,33,55,66"
871,220.60334510739585,220.598740949547,220.5075843163856,220.68882125669467,0.06433105205305567,8,6,"22,33,44,55,77,88"
872,220.8335272037757,220.8335272037757,220.8335272037757,220.8335272037757,0.0,1,1,11
873,221.01473783841948,221.01473783841948,221.01473783841948,221.01473783841948,0.0,1,1,55
874,221.18926090486036,221.20038517911567,221.18723130642917,221.22466332605745,0.0171872264903017,3,3,"11,44,88"
875,221.31052090289717,221.31052090289717,221.31052090289717,221.31052090289717,0.0,1,1,77
876,221.53326658215497,221.53326658215497,221.49649623954718,221.57003692476275,0.036770342607781004,2,2,"22,77"
877,221.80669495598397,221.79602069890993,221.69925709849167,221.8714357851801,0.0636813440956545,4,4,"11,33,44,66"
878,222.1311464669591,222.12420407999304,222.0790341413583,222.15548924469562,0.02896161472462826,4,4,"11,55,66,88"
879,222.3769274155461,222.3918346137333,222.33854094569887,222.4600354799549,0.050707651505910833,3,3,"22,44,77"
880,222.5123421341745,222.5123421341745,222.5074594050502,222.5172248632988,0.004882729124290108,2,2,"33,88"
881,222.6624221099553,222.67032407384409,222.63266460883676,222.72378746662906,0.03627386291044778,4,4,"22,33,77,88"
882,222.87604217588915,222.87561364976614,222.8187565851763,222.92284781208338,0.03816386683756876,5,4,"11,22,44,55"
883,223.03451654831835,223.040773329463,223.017828396102,223.07623182511327,0.021601475946756613,4,4,"33,66,77,88"
884,223.42856260298169,223.40022159542787,223.27247990638347,223.45990523345296,0.057558396836219806,9,7,"11,22,33,55,66,77,88"
885,223.6496187067973,223.6590447430089,223.57064902642713,223.7306726256906,0.05262497015834653,8,6,"11,22,33,55,77,88"
886,223.83833096965833,223.85404884002065,223.81212626283548,223.92740715793042,0.044678033364416524,4,3,"22,33,44"
887,224.182194826434,224.1915024255769,224.14501174080715,224.25660830863256,0.04128331483043619,4,4,"44,55,77,88"
888,224.30738700996272,224.30738700996272,224.30738700996272,224.30738700996272,0.0,1,1,44
889,224.4852858432393,224.50468971263246,224.45266897345192,224.59176593373775,0.04739521913549593,5,4,"11,33,55,66"
890,224.75179742087875,224.74828468028159,224.62319008414323,224.83805275195863,0.07069528718523077,8,7,"11,22,33,44,66,77,88"
891,225.00866267076935,225.00500343895789,224.90189941696764,225.0757502746514,0.05917960895741376,5,4,"11,22,44,55"
892,225.26235070691973,225.24742965242092,225.1682165576894,225.35347743003456,0.050074793674812525,9,6,"11,22,33,55,66,77"
893,225.4664982795745,225.47809884645423,225.41187584656006,225.54647925060664,0.048112877705334914,6,5,"22,44,66,77,88"
894,225.61710749991101,225.63846332496416,225.59129704298232,225.71121488292437,0.04901510664727711,6,5,"11,22,33,44,77"
895,225.78175026426896,225.79816288230188,225.75692024978298,225.87223075088656,0.04633502801264453,4,3,"22,33,55"
896,226.10337493866496,226.10581117825296,226.00470691778992,226.17574473985536,0.059952300849773724,5,4,"44,55,77,88"
897,226.25861526585896,226.25861526585896,226.2190357793218,226.2981947523961,0.03957948653714993,2,2,"33,66"
898,226.40008939871234,226.39987273963698,226.37402080401608,226.42529135710726,0.018719994060205514,4,4,"11,22,44,55"
899,226.5917265775026,226.5917265775026,226.54247175900855,226.64098139599668,0.0492548184940631,2,2,"11,66"
900,226.73167653524897,226.73167653524897,226.71475250691606,226.74860056358187,0.016924028332908847,2,2,"22,55"
901,227.07105638686465,227.06677827430894,226.98119266217128,227.15265715149104,0.05120429381914666,8,7,"11,22,33,44,66,77,88"
902,227.2752951469111,227.26525281669373,227.1943943345633,227.32606896860682,0.05422292633053343,3,1,77
903,227.56740672765375,227.55140763103086,227.41343859573124,227.64829318079535,0.07561128421880342,8,6,"11,22,44,55,66,88"
904,227.76705414946466,227.7552605707429,227.6912000807812,227.79573390326124,0.04149168268488271,4,4,"33,55,66,88"
905,228.00972132485168,228.01076948238506,227.91442880483567,228.10895439788646,0.07080638120723277,7,5,"11,22,44,77,88"
906,228.25397384271753,228.24081115502423,228.16677393424055,228.31180789099614,0.04855164769617851,5,5,"11,22,33,55,77"
907,228.4151492504228,228.4151492504228,228.36926455451356,228.461033946332,0.04588469590922273,2,2,"11,66"
908,228.58236346304327,228.58236346304327,228.56586790216653,228.59885902392,0.016495560876734316,2,2,"33,77"
909,228.7472534616312,228.7697644495855,228.6989590581419,228.84173401621462,0.05223503668835425,6,6,"11,33,44,55,77,88"
910,229.0274185525446,229.0260735542068,228.94501948581467,229.10443762592325,0.056479530360327615,4,4,"22,55,66,88"
911,229.1739527596118,229.1739527596118,229.17182900624834,229.17607651297527,0.0021237533634632655,2,2,"66,77"
912,229.33191162421375,229.33191162421375,229.33074142904002,229.33308181938747,0.0011701951737279614,2,2,"11,44"
913,229.56154990024316,229.56608039235783,229.4721640167897,229.628371468046,0.04536047670546533,9,8,"11,22,33,44,55,66,77,88"
914,229.73092436299225,229.7164162936227,229.68481420333,229.73351031454575,0.02237097627892871,3,3,"22,55,66"
915,229.95628398625337,229.95988500705835,229.8818506926723,230.04156088115548,0.05382681777220398,6,5,"11,33,44,66,88"
916,230.0987922377802,230.0987922377802,230.09029705277914,230.10728742278127,0.00849518500106683,2,2,"55,77"
917,230.336016627657,230.32532549545155,230.3019102692977,230.33804958939993,0.016577853605306888,3,3,"11,66,88"
918,230.57778059901648,230.56812589750308,230.467300683826,230.64189516867316,0.05890867220787228,5,5,"22,33,55,66,77"
919,230.88721266534492,230.88839503350908,230.84415525533103,230.93499954801536,0.04156625447966983,4,4,"22,44,77,88"
920,231.0732236802853,231.07302240129638,231.037421375919,231.10822086869598,0.02703509897611736,4,4,"11,22,33,66"
921,231.36639779606332,231.35891235581715,231.20810471488159,231.4737108803268,0.07507240369146848,8,7,"22,33,44,55,66,77,88"
922,231.5069441799346,231.5069441799346,231.4893030839861,231.5245852758831,0.01764109594850538,2,2,"11,33"
923,231.7313343211801,231.74510046317513,231.67609085654237,231.80293153653264,0.04947186595683699,5,4,"44,55,66,88"
924,231.90959251768015,231.9108780696296,231.88339856178965,231.93964312941904,0.022979734982739038,3,3,"44,55,77"
925,232.08754923982988,232.09467427362623,232.04258994800847,232.1785168626572,0.04369587228182054,6,5,"11,22,44,55,77"
926,232.23639701437676,232.23639701437676,232.21162554680575,232.26116848194778,0.024771467571014227,2,2,"22,66"
927,232.45622481999743,232.46762383858163,232.42069709923186,232.5373486150998,0.044521423471924455,4,3,"11,22,33"
928,232.59874996473383,232.59874996473383,232.57469814890572,232.62280178056193,0.024051815828102008,2,2,"44,55"
929,232.7453577698323,232.7453577698323,232.7453577698323,232.7453577698323,0.0,1,1,11
930,232.87829869511825,232.87829869511825,232.86580896080102,232.89078842943547,0.012489734317227885,2,2,"77,88"
931,233.17549670422352,233.16969429296327,233.04594764740943,233.24638327478146,0.06514683862159056,7,6,"11,22,55,66,77,88"
932,233.41199164417392,233.41199164417392,233.3845351009241,233.43944818742375,0.02745654324982638,2,2,"33,77"
933,233.6098618400855,233.6026664893208,233.548081540861,233.65005608701597,0.04194068685137555,3,3,"11,44,77"
934,233.74347959363507,233.76186756106327,233.73856122082293,233.80356186873178,0.02955062398379548,3,3,"55,66,88"
935,234.0443252380954,234.03095985516123,233.9178593716988,234.12987912954276,0.0692955096024515,8,6,"11,22,33,44,77,88"
936,234.318462365905,234.31640310842548,234.25597374668598,234.3743040280794,0.044618281820145336,6,4,"22,33,55,66"
937,234.52940934643368,234.52940934643368,234.50930653249213,234.54951216037523,0.020102813941548447,2,2,"11,22"
938,234.6893507374811,234.69832153355537,234.66351816312505,234.73402512087546,0.02688157625538871,5,5,"33,55,66,77,88"
939,234.92088458173922,234.92504603642456,234.84498950607838,235.00150205280528,0.05568577894874107,6,4,"22,33,44,66"
940,235.0791443202731,235.08800931201722,235.0538512415858,235.13989736593686,0.031692197999487894,4,3,"33,55,88"
941,235.25941629912683,235.28980013378646,235.25663083028485,235.3533532719477,0.04495324042286316,3,3,"11,33,66"
942,235.45240389390068,235.46131052696245,235.38272896331273,235.54816841680417,0.05557075222567208,5,5,"11,22,33,44,66"
943,235.6357866862043,235.6349107180623,235.583771425603,235.68517404237957,0.041402078550263136,3,2,"55,77"
944,235.90956225143924,235.90956225143924,235.8795151858618,235.93960931701668,0.03004706557743475,2,2,"11,88"
945,236.08920690013406,236.10905487544505,236.0832524675301,236.15470525867107,0.032371097534881904,3,3,"22,44,66"
946,236.37938781714143,236.3816020328151,236.3239656695518,236.44145261175203,0.047989390912139065,3,3,"33,77,88"
947,236.57222649788656,236.57406813093698,236.5185607982374,236.63789088732364,0.04335651598457153,7,5,"11,33,44,55,88"
948,236.77930526639113,236.78816589202535,236.7251282752115,236.86866732803946,0.04880952884701815,8,8,"11,22,33,44,55,66,77,88"
949,236.9557007486021,236.96110388917037,236.9110628853855,237.0490541630765,0.039697013428639155,7,6,"11,22,33,66,77,88"
950,237.1603744233853,237.1748819428326,237.11503120558626,237.23645934378754,0.05214760590142704,5,4,"44,55,66,77"
951,237.4394502547991,237.43436154210104,237.37051898016574,237.50223222657849,0.051349431437257086,5,4,"11,22,33,55"
952,237.70239657911816,237.7042891527426,237.64768407553123,237.76278680357848,0.047009544259101796,3,3,"44,66,77"
953,237.96848590608548,237.9743243102996,237.86151647407308,238.0831650974186,0.07382486308605664,6,5,"11,22,33,44,55"
954,238.1613035058473,238.1613035058473,238.1613035058473,238.1613035058473,0.0,1,1,77
955,238.36608886591853,238.35451960865726,238.31572419882514,238.38502092802065,0.027615459867460366,5,4,"11,22,66,88"
956,238.52618182451516,238.53515048589225,238.4956944232174,238.58357520994417,0.03643337146172109,3,3,"22,33,44"
957,238.7403708087603,238.75455535053985,238.71665746304416,238.80663777981516,0.03807899920494128,3,3,"33,44,88"
958,238.97876806002563,238.95116472434958,238.8683142670235,239.01712063016402,0.05353743524909911,7,6,"11,22,55,66,77,88"
959,239.2134148950009,239.20933482082262,239.11104432194657,239.32131478764677,0.065489579271381,6,5,"22,33,55,66,77"
960,239.54614912114297,239.5303569113113,239.36967485986366,239.6209531256659,0.07957909898761381,8,5,"11,33,44,66,88"
961,239.77573928309212,239.7698273644378,239.71224941426948,239.81558147729743,0.03789531025704651,4,4,"11,55,66,77"
962,239.97969534618932,239.98945568024746,239.91138861910144,240.07617364344856,0.05566963339721683,5,4,"33,44,66,88"
963,240.2333226831506,240.22288033069944,240.16351406040383,240.2613618960928,0.0380569168440238,4,3,"22,55,77"
964,240.45758280242853,240.47478708526813,240.37846923763556,240.55279773157815,0.06127740346543831,5,5,"11,22,33,44,88"
965,240.66139194210834,240.67272098477105,240.62469701210892,240.7434030427586,0.0468435807975177,4,3,"44,66,77"
966,240.786731755348,240.8106868543982,240.78577079544738,240.8595580123992,0.034559354008736776,3,3,"11,55,88"
967,241.04994436714435,241.03093161436513,240.91025436338708,241.10193903310045,0.0632796469968506,7,7,"11,22,33,44,66,77,88"
968,241.2768862272253,241.29895617326133,241.25295403776278,241.3670282547959,0.04911580625729047,3,3,"33,55,77"
969,241.43521474853455,241.4512314088203,241.43140524402924,241.50309089418283,0.03000206182416375,4,3,"22,55,66"
970,241.69556585255964,241.68740098232774,241.6301440200839,241.71148722933788,0.029445843781262252,5,5,"11,22,33,77,88"
971,241.92563749322207,241.9190213395418,241.84889479104658,242.0145558577152,0.05609094331371416,6,4,"11,33,44,88"
972,242.10209744659988,242.10209744659988,242.06950122245297,242.1346936707468,0.03259622414691421,2,2,"55,77"
973,242.3914348225858,242.37875607925858,242.26376098951522,242.46839368234748,0.07685473656705126,4,4,"11,33,66,77"
974,242.57938749771864,242.5827906102791,242.55861735133942,242.61377009433966,0.020997270988915833,4,4,"11,33,55,88"
975,242.718158558887,242.718158558887,242.718158558887,242.718158558887,0.0,1,1,66
976,242.92086527065192,242.93478679396185,242.91443514885788,242.97187646370236,0.021462816895057885,5,5,"22,44,55,77,88"
977,243.11321403747587,243.12530705816616,243.0583049010096,243.21063805888394,0.059682086411980355,5,5,"11,22,44,66,88"
978,243.36422887862912,243.3618005237383,243.26904553836067,243.44293784210254,0.0634803439067329,6,6,"22,33,55,66,77,88"
979,243.54262837580237,243.55847800253127,243.50841615496313,243.64023910355712,0.05022525396072908,4,3,"22,44,55"
980,243.70076071587584,243.72863572456828,243.67104751158604,243.8104241112053,0.051347605626871656,7,6,"11,22,44,66,77,88"
981,243.8433263763601,243.8433263763601,243.8433263763601,243.8433263763601,0.0,1,1,55
982,244.1248414115974,244.11937064845915,244.02535025893718,244.21199901559083,0.06401883448045266,7,5,"11,33,44,77,88"
983,244.36688216753552,244.37441667921564,244.3042866622672,244.45961571952438,0.05588438568525788,4,3,"55,66,77"
984,244.58047622377904,244.57222305604017,244.49979519376643,244.6681731655289,0.06299502679524822,7,6,"11,22,33,44,55,88"
985,244.84598950470917,244.84598950470917,244.79475601612108,244.89722299329725,0.051233488588081855,2,2,"22,66"
986,244.98801610893162,244.98801610893162,244.98801610893162,244.98801610893162,0.0,1,1,44
987,245.16121396517264,245.16798410642483,245.12113306544126,245.22160528866056,0.04129602901884566,3,3,"11,55,77"
988,245.38051769976659,245.40204429585415,245.3452475330298,245.48036765476604,0.05722416493546224,3,3,"22,77,88"
989,245.70585058050182,245.70585058050182,245.70189425432915,245.7098069066745,0.003956326172669833,2,2,"11,44"
990,246.02860891902372,245.99678927063738,245.86950607757285,246.08073419159285,0.0745529684269437,5,4,"22,33,55,66"
991,246.3021778119637,246.30302057613864,246.22027614412588,246.38636759591742,0.056976738743185845,5,4,"22,55,77,88"
992,246.55804660144855,246.55437119945137,246.5266037536046,246.57846324330092,0.021330464954632634,3,3,"33,44,88"
993,246.7788917905806,246.78269272043013,246.71382591685853,246.86907763809637,0.06120728189049653,5,5,"11,33,55,66,77"
994,246.9348042086198,246.93299441461988,246.90246877262558,246.9615078471743,0.02274394738167487,6,6,"11,22,44,55,66,88"
995,247.1925054994571,247.18236866380684,247.06638756028798,247.2722087576866,0.06474898930195354,6,6,"11,22,33,44,66,77"
996,247.5538821109023,247.52052580522954,247.34670401966355,247.63214196329255,0.07895825450957525,9,6,"11,33,55,66,77,88"
997,247.82578835075915,247.83654920859175,247.7837920838934,247.91082804895535,0.04688369909960722,4,4,"11,22,33,44"
998,248.09697958324406,248.10367439311065,248.04749526962416,248.17324313633037,0.04511939929246544,4,4,"11,22,44,88"
999,248.38340458205988,248.3780330374859,248.25779719472933,248.48112910882594,0.07364363153461546,7,7,"11,22,33,44,55,66,77"
1000,248.7243441894385,248.7252905690816,248.5643231531156,248.82199503514516,0.08250363299045646,12,8,"11,22,33,44,55,66,77,88"
1001,248.9885443846298,248.99915973090174,248.93810762498106,249.06109019351362,0.044795042950483796,7,7,"11,22,33,55,66,77,88"
1002,249.3497864955521,249.34245189970278,249.2047969036655,249.43345391163547,0.07158101011310869,13,8,"11,22,33,44,55,66,77,88"
1003,249.58584415622238,249.5855829375605,249.51352313466867,249.66017540285202,0.04509976927175791,7,7,"11,22,33,44,55,66,88"
1004,249.8040024863741,249.8090152512637,249.7146705981025,249.90778001672214,0.06499016026410036,9,8,"11,22,33,44,55,66,77,88"
1005,250.0169629580407,250.0272155255748,249.9578198904092,250.1153947324812,0.051333897976198105,8,7,"11,22,44,55,66,77,88"
1006,250.37971516952683,250.35897603950696,250.20615885559306,250.48065150129707,0.07993534830914323,9,6,"11,22,33,44,66,77"
1007,250.55024348422126,250.58323356305877,250.55002027362968,250.64943693132534,0.046812939330363096,3,3,"22,33,55"
1008,250.73977228484043,250.73977228484043,250.72841609467497,250.75112847500588,0.011356190165457747,2,2,"11,22"
1009,250.96025902470012,250.96762081908062,250.9267456485411,251.02321957838114,0.04053287995613031,4,4,"44,66,77,88"
1010,251.19702194599665,251.17310732428237,251.09895708591324,251.2233429409373,0.05352190879330616,3,3,"11,55,88"
1011,251.4598160551192,251.46453661098207,251.41696597815974,251.52154835553006,0.041227274543014274,4,4,"33,55,66,77"
1012,251.70562204334874,251.70562204334874,251.6764384496775,251.73480563701997,0.029183593671234576,2,2,"11,88"
1013,252.04849651612162,252.05738188296075,252.0083149631467,252.1242195364531,0.04927669287568974,4,4,"11,22,44,88"
1014,252.23354236494302,252.23354236494302,252.1997253862864,252.26735934359965,0.033816978656631136,2,2,"22,55"
1015,252.4215488800435,252.4215488800435,252.38642486351984,252.45667289656717,0.03512401652366748,2,2,"22,66"
1016,252.62788490109148,252.64913635281542,252.59244384886432,252.72708030849054,0.056982232408900844,3,3,"11,33,44"
1017,252.78955303244766,252.78955303244766,252.78955303244766,252.78955303244766,0.0,1,1,44
1018,252.96950624168215,252.98073839777598,252.94317855883656,253.02953039280914,0.03613660014900136,3,3,"44,66,88"
1019,253.09960203218338,253.09960203218338,253.09960203218338,253.09960203218338,0.0,1,1,66
1020,253.2572651413255,253.2572651413255,253.2572651413255,253.2572651413255,0.0,1,1,55
1021,253.65508727460005,253.65508727460005,253.6356590438175,253.6745155053826,0.019428230782551736,2,2,"55,77"
1022,253.9151737013815,253.90641668001746,253.81613998089284,253.98972097700533,0.06169174283750029,7,7,"11,22,33,44,66,77,88"
1023,254.12901558098423,254.1298921957658,254.09018320453555,254.17047780177757,0.03278599219860846,3,3,"11,22,55"
1024,254.4120456895882,254.405451520626,254.306734576137,254.49098012719054,0.06744387075861762,4,3,"33,66,88"
1025,254.56436637695077,254.58259392167685,254.54478610247844,254.66362105550706,0.03730494768584789,7,6,"11,22,44,66,77,88"
1026,254.7499389144897,254.76467836587486,254.7226834679371,254.82740523747793,0.04085509974351483,7,6,"11,33,44,55,77,88"
1027,255.06896449181517,255.07187655696362,254.9655662695452,255.15142592841642,0.06681360397245006,5,5,"22,33,66,77,88"
1028,255.26549228822174,255.2823027484302,255.21991498908443,255.3719251291933,0.05283197997462707,8,7,"11,22,33,44,66,77,88"
1029,255.5298603131478,255.52689847792473,255.4249379909337,255.6432943713353,0.06545675254529586,8,6,"22,33,44,55,66,88"
1030,255.730069992832,255.73207946646917,255.67149504290336,255.8036521579249,0.0472095638842271,6,5,"11,33,55,66,88"
1031,255.88996052072213,255.91051651665992,255.87827721489452,255.96064856638782,0.03345457491221111,5,4,"22,66,77,88"
1032,256.19825556789107,256.18826034278993,256.0438034322846,256.2903431760874,0.08535571819673678,8,5,"11,33,44,66,77"
1033,256.4509533458674,256.4600556846588,256.3728869133321,256.5510749073167,0.06122507748084633,8,6,"11,22,33,44,55,88"
1034,256.6522868810953,256.65540814167576,256.60628827708155,256.70764926685035,0.04143926690500483,3,3,"22,66,77"
1035,256.8090346485161,256.82607518739593,256.7854244298467,256.9008070227049,0.04529738367772165,4,4,"11,44,55,88"
1036,257.07259400930997,257.0872678922393,257.05539755532106,257.12799415704814,0.02808268689370378,5,5,"22,33,66,77,88"
1037,257.27463695807666,257.27463695807666,257.27463695807666,257.27463695807666,0.0,1,1,88
1038,257.4289500281352,257.4289500281352,257.4289500281352,257.4289500281352,0.0,1,1,55
1039,257.62477054987875,257.6387651358917,257.5844436413714,257.7210758024377,0.050328742111688037,4,4,"11,33,44,66"
1040,258.0009836972951,258.0009836972951,257.9888116909325,258.01315570365773,0.012172006362618504,2,2,"22,55"
1041,258.25324404355223,258.23781824187273,258.20405316087977,258.25615752118625,0.023905126491027284,3,3,"11,44,77"
1042,258.5611534753527,258.5611534753527,258.5611534753527,258.5611534753527,0.0,1,1,88
1043,259.0683203699832,259.0415593433435,258.90270512020487,259.1646054734229,0.07934455349858202,8,5,"11,22,33,55,77"
1044,259.2351186801907,259.23725158520205,259.2207130899644,259.255922985451,0.014453284468341019,3,3,"44,66,88"
1045,259.47627502059333,259.4739811775501,259.4121620101754,259.53350650188173,0.049565227756277364,3,3,"11,44,66"
1046,259.7506061869213,259.755690594034,259.70270748501395,259.81327478739234,0.04489113716948669,6,6,"11,22,33,55,77,88"
1047,259.93693131977653,259.96902953668285,259.90241167024425,260.0633569431932,0.057987127328818375,5,4,"22,33,44,55"
1048,260.30590538766353,260.2960963269895,260.1357847853359,260.39832855069307,0.09442153883498088,5,4,"11,22,77,88"
1049,260.5289491563103,260.5334505588028,260.47534402933644,260.58921190752415,0.03724991994176676,8,7,"11,33,44,55,66,77,88"
1050,260.73659334535944,260.73686622571927,260.71239419998506,260.7618840121731,0.024301451631324723,4,4,"11,22,55,77"
1051,261.02605680103636,261.0202557967157,260.9033561788403,261.09658646067066,0.06097373657994109,6,6,"22,33,44,55,77,88"
1052,261.2837805869353,261.2763970474803,261.1616346788654,261.4040157331075,0.07687504787268289,12,8,"11,22,33,44,55,66,77,88"
1053,261.48465351513573,261.48042408464886,261.47181499333124,261.4848037454797,0.006087855795266462,3,3,"33,44,66"
1054,261.80906915290745,261.8025702636617,261.70308412011764,261.8971227945246,0.0692336328008649,8,7,"11,22,44,55,66,77,88"
1055,261.9822294378521,261.9822294378521,261.9822294378521,261.9822294378521,0.0,1,1,33
1056,262.15325990968483,262.15097142182265,262.1143267855723,262.1853275702108,0.02903108377058619,3,3,"22,55,77"
1057,262.37201393025487,262.3800831737979,262.32503401536445,262.4840551628326,0.05501119460016071,5,5,"11,44,66,77,88"
1058,262.630454376467,262.63057441475974,262.5484042170442,262.75167834635636,0.060052288170172316,7,7,"11,22,33,44,55,66,88"
1059,262.95306672768515,262.92300665676936,262.8409550263549,262.9741946574762,0.0533016516835803,5,5,"11,33,55,66,88"
1060,263.26319855955404,263.2522126081189,263.21024464647223,263.28319461833036,0.030778162661504623,3,3,"11,33,77"
1061,263.52047263973185,263.5170814977743,263.3983183828582,263.64855880803776,0.0718748581031597,9,7,"11,22,33,44,55,66,88"
1062,263.7705371525283,263.7701846625374,263.72769900156385,263.83480536701285,0.032930516650527215,8,8,"11,22,33,44,55,66,77,88"
1063,263.9963307016159,263.99866375299484,263.9804705214275,264.0191900359411,0.015893028819687936,3,3,"11,55,77"
1064,264.22037377734205,264.2116236573103,264.1378605328475,264.2726784029623,0.04574514926150799,8,8,"11,22,33,44,55,66,77,88"
1065,264.47304078443915,264.49053507916256,264.390324753411,264.598972759506,0.05960429500269064,7,6,"11,33,55,66,77,88"
1066,264.66489458408716,264.6638584970493,264.6224064977477,264.6855163984584,0.02304742360279923,5,5,"22,33,44,55,77"
1067,264.89784856854334,264.89854601386685,264.8105272099305,264.99010696616796,0.054370182112534755,12,8,"11,22,33,44,55,66,77,88"
1068,265.1813572516028,265.1821541368361,265.08649574637116,265.27834594710083,0.06354011091329963,8,6,"22,33,55,66,77,88"
1069,265.4614002375201,265.452564971096,265.40796784142765,265.48832683434046,0.033395991626517886,3,3,"11,66,88"
1070,265.6784697727131,265.67530005179356,265.61746296396905,265.72996741869866,0.04598440628106187,3,3,"22,33,44"
1071,265.9863746314119,265.9519340328799,265.8706299792164,265.9987974880113,0.05771391338955031,3,3,"11,22,77"
1072,266.31453284856616,266.31453284856616,266.30377856214585,266.32528713498647,0.01075428642030829,2,2,"55,88"
1073,266.5284558931517,266.53116807885345,266.4962044546396,266.56884388876904,0.029716872997467492,3,3,"44,66,88"
1074,266.8465678688038,266.8355149725999,266.80688362551814,266.85309342347796,0.02041994519648586,3,3,"22,33,77"
1075,267.1387731248188,267.1352660913599,267.0321170567376,267.2202119716491,0.06268961624112147,5,4,"11,66,77,88"
1076,267.39580188395684,267.3873141983369,267.2750515711632,267.49547342117836,0.07111211633961519,6,5,"22,33,44,55,88"
1077,267.72633914205176,267.7274072718789,267.58948932626504,267.8247720686536,0.07532852748266015,6,5,"33,44,55,66,77"
1078,267.94850385209884,267.94530303803265,267.86785670911536,268.01634773881744,0.053378683183915886,4,4,"11,22,66,77"
1079,268.17010202937826,268.1759137055023,268.1251824847795,268.2488926262092,0.03926601284092416,6,6,"11,33,44,66,77,88"
1080,268.38020673103705,268.37522879799917,268.30774289133683,268.41483628870753,0.036628203398391825,5,5,"22,33,55,66,77"
1081,268.68619253140616,268.6755951398506,268.5183423726048,268.8119316114299,0.09150532472926613,9,7,"11,22,33,44,55,66,88"
1082,269.1128927257781,269.0831661969605,268.9403275638295,269.2243686615912,0.08936733802710635,8,7,"11,22,33,44,66,77,88"
1083,269.3136065477233,269.33351093235655,269.2900809892551,269.39684526009125,0.04580240734223104,3,3,"44,55,66"
1084,269.54612783283255,269.55904914437934,269.53979801258276,269.6099557354416,0.024728917397993253,6,6,"11,22,33,66,77,88"
1085,269.82102398333836,269.8113784626912,269.741162814123,269.86230306996504,0.045269343032854896,4,4,"11,44,77,88"
1086,270.0682309565187,270.07905909025885,269.9842994504345,270.17806153746216,0.0639221056590597,5,5,"33,44,55,66,77"
1087,270.3338884670331,270.3269999570828,270.2474770897931,270.39963431442237,0.06230860790570806,3,3,"22,44,55"
1088,270.58201420313065,270.5851898231798,270.4733219916904,270.6669620658716,0.06422231339946388,5,5,"11,22,33,44,66"
1089,270.8734216776458,270.8365391328134,270.7449669131211,270.8912288076733,0.06515815136770266,3,3,"11,22,88"
1090,271.300549739816,271.300549739816,271.2774796785018,271.32361980113023,0.02307006131422895,2,2,"33,88"
1091,271.7062667367348,271.6887840735075,271.529938829444,271.7858944001288,0.08398961783166334,7,6,"11,22,44,55,66,77"
1092,271.8697842553638,271.86424650668323,271.8494488598935,271.8735064047923,0.010573279591377572,3,3,"44,77,88"
1093,272.1853495251023,272.14768757450827,272.0207812807615,272.2672583762255,0.08355882271662717,11,7,"11,22,33,44,55,77,88"
1094,272.44336893775665,272.4380395936738,272.3506301519124,272.545128672861,0.05879222828325128,8,6,"11,22,44,55,66,88"
1095,272.6389448511438,272.6364697449951,272.61186424007,272.6511001913836,0.011894490983293362,6,6,"11,33,44,66,77,88"
1096,272.8733881721332,272.900380890406,272.8377135016209,272.98985127355564,0.06008199779086576,6,5,"22,33,44,55,88"
1097,273.20539151781156,273.20636761406644,273.04705927068,273.33579593044664,0.09322499622796764,10,7,"11,22,44,55,66,77,88"
1098,273.5954206215997,273.6007371091005,273.4334685184094,273.722664968249,0.0871928735645551,9,7,"22,33,44,55,66,77,88"
1099,273.88378184683523,273.88906626977933,273.77028549396863,273.99917378538237,0.07789960147596495,10,7,"11,22,33,44,55,66,88"
1100,274.1593609643781,274.15277465079737,274.0465931522903,274.25448697897014,0.06586209122753343,9,7,"11,22,33,44,66,77,88"
1101,274.42880699759024,274.45933228544374,274.3439675879119,274.5609587975454,0.07998762455273943,5,5,"11,33,44,55,66"
1102,274.6206645448986,274.6445394030331,274.608201341569,274.7286271807661,0.048986280326080114,4,4,"33,66,77,88"
1103,274.83912327481437,274.84363649331186,274.8040593880969,274.89224003552187,0.03240309678524764,4,4,"11,22,66,77"
1104,275.05404861518474,275.049039265081,274.990745897839,275.1253995186422,0.04209968927097331,7,4,"22,33,55,88"
1105,275.3512454264183,275.35453003613645,275.27996096555444,275.4169956246901,0.04488796010137936,8,7,"11,22,44,55,66,77,88"
1106,275.5926765555553,275.59689225133906,275.55761147403956,275.6446044202061,0.0310552748213149,4,4,"11,22,55,66"
1107,275.8090937899779,275.8157300711439,275.7473046955254,275.91107986777024,0.05343116289993506,5,4,"11,44,55,77"
1108,276.06420635032686,276.0788127763138,275.95159784192623,276.17290551614303,0.07494921753561301,6,6,"11,22,33,55,77,88"
1109,276.283081872543,276.28086767204275,276.24805895949544,276.30924798358967,0.02183928025767265,4,4,"11,33,55,66"
1110,276.4996154228294,276.5206225474906,276.4781241694278,276.62657305476193,0.04940132555146955,6,6,"22,33,44,66,77,88"
1111,277.02521095553243,277.02521095553243,276.99245442841516,277.05796748264976,0.03275652711730004,2,2,"11,88"
1112,277.23204450246436,277.24869413652476,277.18985220700375,277.32418570010617,0.056090876132892445,3,3,"22,44,55"
1113,277.4012445853754,277.4136286826084,277.3868449385024,277.4651806211805,0.030566288632491116,4,4,"11,33,77,88"
1114,277.5925267841594,277.5925267841594,277.54357375423257,277.6414798140862,0.048953029926821046,2,2,"66,77"
1115,277.8364866792995,277.8364866792995,277.8364866792995,277.8364866792995,0.0,1,1,44
1116,278.23020432885824,278.23020432885824,278.1623016576937,278.2981070000227,0.06790267116448945,2,2,"22,66"
1117,278.6246451330404,278.6192929276462,278.5422266653695,278.69100698452866,0.060857102676184764,3,3,"11,44,88"
1118,279.10298021777436,279.10298021777436,279.10298021777436,279.10298021777436,0.0,1,1,55
1119,279.4526349374885,279.44937374627045,279.34569666414427,279.5078530853965,0.05665764171210716,5,5,"11,22,66,77,88"
1120,279.76135778035865,279.74512503441406,279.59776035988773,279.84346864369627,0.07506827665126337,7,6,"11,22,55,66,77,88"
1121,280.1001879030123,280.09998667983604,279.9899206966922,280.1957117221729,0.062376734814734394,8,7,"11,22,33,44,66,77,88"
1122,280.25319725461907,280.25319725461907,280.25319725461907,280.25319725461907,0.0,1,1,33
1123,280.4530200932609,280.4649576901623,280.40493944713006,280.5625976326342,0.05087354068224521,8,6,"33,44,55,66,77,88"
1124,280.7466360161732,280.74121957890685,280.63080116089526,280.84956949819525,0.06661114109086064,7,6,"11,22,44,55,77,88"
1125,281.0014869648833,281.01624314771857,280.8950798065915,281.10931290717934,0.06934897949489083,8,6,"11,22,33,44,55,77"
1126,281.2182886311905,281.21286617761143,281.14246373313836,281.2946415485726,0.047821719096822445,6,5,"11,33,44,66,88"
1127,281.4624919418558,281.4828595443046,281.3930307230109,281.588635903874,0.06437592270194595,6,5,"22,33,55,66,77"
1128,281.7409916729991,281.74967893103866,281.67347912953454,281.8345659905824,0.06604970623072814,3,3,"22,44,55"
1129,281.94909066481455,281.9612162377358,281.904076498704,282.0449597686716,0.04927937190779784,5,5,"11,22,44,66,88"
1130,282.14027743649905,282.1539858028762,282.092147181948,282.2456572013062,0.051717268325349966,5,5,"11,22,44,77,88"
1131,282.3767179484555,282.3961356182505,282.3276470170661,282.46753015240023,0.044422620070742186,7,6,"11,33,44,55,66,88"
1132,282.66409623380525,282.65947167773976,282.5286743666188,282.73747118022993,0.06530627527674142,6,6,"22,33,55,66,77,88"
1133,282.94992094154765,282.9889983767187,282.9343827813969,283.0826914072116,0.06655397096804636,3,3,"33,55,77"
1134,283.1244181292963,283.13741616964074,283.10997295106415,283.1778574285618,0.029198029167278292,3,3,"11,44,55"
1135,283.47293864560766,283.47293864560766,283.4288227128669,283.51705457834834,0.04411593274070924,2,2,"11,66"
1136,283.83842023625056,283.83842023625056,283.81333794758143,283.8635025249197,0.02508228866912532,2,2,"44,77"
1137,284.2094562447494,284.2094562447494,284.2094562447494,284.2094562447494,0.0,1,1,66
1138,284.402265276589,284.402265276589,284.402265276589,284.402265276589,0.0,1,1,11
1139,284.60657667878604,284.6419059792634,284.6000234696094,284.71911778939494,0.05466250302515193,3,3,"33,44,55"
1140,284.85911449914124,284.8427823583946,284.8055514940933,284.8636810819491,0.026392124609407885,3,3,"22,44,88"
1141,285.0820036368029,285.090444413262,285.0388161243051,285.14309389111355,0.04344371984619239,7,7,"11,22,33,55,66,77,88"
1142,285.2946172384409,285.31465970160343,285.24331401621157,285.4210144322756,0.060660424298287684,8,5,"22,44,55,66,88"
1143,285.51782438113105,285.53254820574153,285.4591110406015,285.6446383973005,0.06640042159319119,6,5,"11,33,55,66,77"
1144,285.8901798964407,285.87054408825924,285.72673753375716,285.99306935177464,0.0804693757049619,7,7,"11,22,33,44,66,77,88"
1145,286.100867737639,286.119602131712,286.0616732709265,286.2260150812075,0.05710784590850221,5,4,"11,22,55,77"
1146,286.39948378178605,286.389214140446,286.24695959118236,286.4730765720503,0.0733013834728433,7,5,"11,33,44,55,88"
1147,286.60683346408723,286.61104089361413,286.5664589402943,286.6640377059879,0.037715657915369835,4,4,"22,33,44,66"
1148,286.8421219590891,286.8455166689083,286.78342915728655,286.9242376028485,0.04548368115396235,8,8,"11,22,33,44,55,66,77,88"
1149,287.01840148847504,287.01113140741774,286.9902989933172,287.024693740461,0.014953042426340265,3,3,"11,33,77"
1150,287.2924608332156,287.2812667997234,287.17478099948954,287.3749771740751,0.06530517587898604,8,6,"11,22,44,55,66,88"
1151,287.6381795233607,287.64590460451547,287.5906079713634,287.72680114742326,0.044424547284996535,5,5,"11,33,55,66,88"
1152,287.95132161329406,287.9478928416469,287.87569913623673,288.02851984261855,0.0637780922455674,7,5,"11,22,33,44,77"
1153,288.29266396659506,288.2828811529201,288.2048510892104,288.37350843775215,0.06018276118167602,9,7,"11,33,44,55,66,77,88"
1154,288.621679128726,288.6154978218457,288.4834537317599,288.73011700024955,0.09291224496367084,8,5,"11,44,55,66,77"
1155,288.89644720620487,288.8940382457033,288.78775623411934,288.9983125191431,0.0684549766274238,7,5,"22,33,44,77,88"
1156,289.05394965256545,289.0680048369122,289.04130260574686,289.12281743677124,0.03210483946874867,4,4,"44,55,66,88"
1157,289.34183194479397,289.3547715728712,289.23325059099824,289.4511329305135,0.06353442536182576,8,7,"11,22,33,44,55,77,88"
1158,289.54453516744786,289.54453516744786,289.51017103359027,289.5788993013054,0.03436413385756509,2,2,"11,66"
1159,289.7351899943974,289.74057398306684,289.71236208546424,289.7795538580082,0.02512141425970649,4,4,"11,33,66,88"
1160,290.0577247352743,290.0559920372759,289.92026925258904,290.1713664254361,0.08021689094915295,9,6,"22,44,55,66,77,88"
1161,290.383947938088,290.3820570977142,290.23368785123745,290.5248831643562,0.08304094592874711,10,7,"11,22,33,44,55,66,77"
1162,290.64828925012887,290.66446766175784,290.5528637235723,290.7544896124541,0.07175157972849551,7,6,"11,33,55,66,77,88"
1163,290.86343731337394,290.8691796856253,290.85472472681636,290.88937701668567,0.014717935262842836,3,3,"11,44,88"
1164,291.12583120040455,291.10601998550356,291.0136023142992,291.18796187621723,0.05846159977549105,5,5,"11,22,66,77,88"
1165,291.4749164322573,291.4435606188252,291.33921667232147,291.4947974092338,0.05658767312188489,7,5,"22,33,44,66,77"
1166,291.6479159214977,291.6479159214977,291.6479159214977,291.6479159214977,0.0,1,1,33
1167,291.8656252551729,291.9087518760437,291.8611553427643,291.9994750301939,0.06417690681989517,3,2,"11,55"
1168,292.2073167377658,292.2004185177387,292.08513506383565,292.26866319728634,0.0605923148923644,6,5,"11,22,44,55,66"
1169,292.3715954379165,292.3715954379165,292.36516836876143,292.37802250707153,0.006427069155051868,2,2,"11,88"
1170,292.73201073968625,292.7423126421801,292.64007067691,292.87628755929677,0.07829035891039964,7,5,"11,22,33,77,88"
1171,292.9156452219349,292.9156452219349,292.9156452219349,292.9156452219349,0.0,1,1,55
1172,293.08216845404604,293.098471640894,293.07325480263694,293.1609210104768,0.03193177411697211,5,5,"11,33,44,55,77"
1173,293.2710599329504,293.2710599329504,293.268271310804,293.2738485550968,0.0027886221463973015,2,2,"22,77"
1174,293.5503236823727,293.56138350141083,293.51051970025037,293.6341941075676,0.04213456656897089,5,5,"22,33,55,77,88"
1175,293.7268836671826,293.7601096205703,293.70027273968253,293.85317245484566,0.06669609537861718,3,3,"11,66,88"
1176,294.15556597590773,294.1544384769124,293.96526275015134,294.26095114190105,0.09100709666217148,8,5,"22,33,44,66,88"
1177,294.34615644208196,294.34615644208196,294.3316916614354,294.3606212227285,0.014464780646562758,2,2,"11,88"
1178,294.58225249569205,294.59306078280105,294.49448234406526,294.68107603076646,0.06770305976567476,6,6,"11,22,44,55,66,77"
1179,294.9213269271499,294.90481861362304,294.7931272030342,294.96400171368555,0.058266426445927805,5,5,"33,44,66,77,88"
1180,295.21979019096676,295.20633369915527,295.07881817541187,295.35944574125847,0.0953892674066839,11,7,"11,22,33,55,66,77,88"
1181,295.4434375512528,295.470531586933,295.4057129099496,295.55096081892,0.060152376262737936,5,5,"22,33,44,55,88"
1182,295.6911247950766,295.6911247950766,295.62212638895267,295.7601232012005,0.06899840612391017,2,2,"44,88"
1183,296.08025717275575,296.08025717275575,296.0280803603959,296.1324339851156,0.05217681235984628,2,2,"33,88"
1184,296.36929191800965,296.3400577932378,296.22966431029243,296.39198302663937,0.06444892111464773,4,4,"11,22,66,88"
1185,296.595437875611,296.595437875611,296.595437875611,296.595437875611,0.0,1,1,33
1186,296.88329826207814,296.89596131986866,296.784536459739,296.99706336300227,0.06979961305964391,5,5,"11,33,44,66,77"
1187,297.1664463029144,297.1586781738546,297.0394767474482,297.27448098531926,0.08215078826542935,10,7,"11,22,33,44,55,66,77"
1188,297.38782589788605,297.4092796615821,297.3188351471919,297.51395520703534,0.06242524285824714,8,7,"22,33,44,55,66,77,88"
1189,297.6074991017895,297.60155347273616,297.56647382090915,297.62474186645665,0.02353065715388938,4,4,"11,22,33,66"
1190,297.76174130379883,297.76174130379883,297.76174130379883,297.76174130379883,0.0,1,1,88
1191,297.99710326774914,298.0147514816912,297.94159039074435,298.12135870482064,0.06093155225350266,5,4,"44,55,66,77"
1192,298.2512303734331,298.22827922530803,298.1649041464736,298.26610553780023,0.03877813987871585,7,6,"11,22,55,66,77,88"
1193,298.4825109022533,298.4888837625356,298.4615930514259,298.52254733392766,0.02528920916069195,3,3,"11,66,88"
1194,298.68184631114747,298.6967176218557,298.6435143632535,298.80411851997127,0.05578690942008666,5,5,"22,33,44,55,66"
1195,298.9733567855643,298.96997885751824,298.88487874978654,299.03998838257286,0.04775907581501979,6,5,"11,22,33,44,55"
1196,299.16978388951145,299.17609258063413,299.12630976204156,299.23849278147196,0.043374575987346585,4,4,"33,66,77,88"
1197,299.42693283018366,299.4074063059404,299.32345488810773,299.45230467528654,0.05009535151277243,4,4,"22,33,44,77"
1198,299.6289372425073,299.6366437184783,299.58553990170844,299.6947699339029,0.04240516386968898,7,6,"11,22,55,66,77,88"
1199,299.91436380918435,299.9167427067768,299.84760329839315,300.02992827551,0.06008060620704842,6,6,"22,33,44,66,77,88"
1200,300.18987178391296,300.1954876910288,300.08577862517154,300.302219429042,0.07619836355820853,10,8,"11,22,33,44,55,66,77,88"
1201,300.5726767245294,300.55531108383906,300.42113044810816,300.6242445395986,0.06864736438132517,8,7,"11,22,44,55,66,77,88"
1202,300.8408576818448,300.84275512508964,300.7356174614054,300.9559876479205,0.07775240256702735,10,7,"11,22,33,44,55,66,77"
1203,301.1200622297439,301.1111390173348,300.9938199743327,301.21423490408387,0.0706538564767339,10,7,"11,22,33,55,66,77,88"
1204,301.361666937927,301.3567441787497,301.2769624341083,301.4266804050364,0.053402653448783304,4,3,"11,33,44"
1205,301.6100077041557,301.637094097618,301.5407951126785,301.72970212586904,0.06588552607153056,8,6,"22,33,44,66,77,88"
1206,301.8421568458964,301.84941156079014,301.8026555174056,301.9106770339621,0.04119659835922303,4,4,"33,44,55,88"
1207,302.11422531924404,302.12533734370146,302.0380673635046,302.2511499573085,0.06275224217984687,10,8,"11,22,33,44,55,66,77,88"
1208,302.4831038378546,302.4834986921182,302.3129144991203,302.6276945978682,0.10434333404486316,9,6,"22,44,55,66,77,88"
1209,302.75852572085563,302.7860886919352,302.7529303278185,302.84681002713154,0.04299718996111158,3,3,"33,44,55"
1210,303.1786043660917,303.1786043660917,303.1685885357717,303.18862019641165,0.010015830319986208,2,2,"11,77"
1211,303.7985411561046,303.7985411561046,303.7820357190054,303.81504659320376,0.01650543709916974,2,2,"44,77"
1212,303.979931902766,303.979931902766,303.979931902766,303.979931902766,0.0,1,1,33
1213,304.5940785484533,304.62044583063533,304.52397549279334,304.72877752423136,0.07317367821770356,7,6,"11,22,33,44,55,66"
1214,304.91735514120853,304.8956174192218,304.76817321685047,305.0174902632453,0.08309645205131704,9,7,"11,22,33,55,66,77,88"
1215,305.12075643790877,305.14409426536423,305.103495732065,305.20803062611884,0.04575570391740308,3,3,"11,44,55"
1216,305.359085118171,305.36699215288627,305.2737321132795,305.473441454123,0.06747074790189365,5,5,"22,33,66,77,88"
1217,305.61382262310957,305.6166738499307,305.5362445317279,305.72340403761245,0.06623396825205556,6,5,"33,44,66,77,88"
1218,305.91714202090867,305.9357975910905,305.82280348160515,306.0379633847629,0.07595352862097256,9,7,"11,22,44,55,66,77,88"
1219,306.22522338306226,306.223598137002,306.1119221972564,306.314305594491,0.07071121229729774,6,4,"22,33,77,88"
1220,306.58720884527474,306.5577694914202,306.38736657086355,306.6992336149517,0.10290065468507396,10,8,"11,22,33,44,55,66,77,88"
1221,306.80099693591,306.8284491148995,306.74734354174166,306.92675526611265,0.06279659301237436,9,7,"11,22,44,55,66,77,88"
1222,307.0582584815138,307.0730009354835,306.98152621381564,307.19574725974786,0.07463449610905992,11,7,"11,22,33,44,66,77,88"
1223,307.3768602005648,307.40230865112227,307.35628578376816,307.4733519379433,0.047541088944936666,5,4,"11,22,33,44"
1224,307.55852281657775,307.5641694591426,307.53538541301015,307.6211436171074,0.030438322705483148,5,5,"44,55,66,77,88"
1225,307.88522067787756,307.8536887900818,307.7381555795537,307.948567912828,0.07770750236473215,7,6,"22,33,44,66,77,88"
1226,308.22821034109967,308.22821034109967,308.22821034109967,308.22821034109967,0.0,1,1,11
1227,309.0234302694025,309.0725204969241,309.02258891595824,309.17154230541144,0.07001983474219524,3,3,"22,33,44"
1228,309.3616684076467,309.33324290705997,309.2295423679399,309.3800924450066,0.06104661139946027,4,4,"11,55,66,77"
1229,309.6966914974362,309.6823879601714,309.58291250444273,309.77676119438314,0.07242645322737025,5,5,"11,55,66,77,88"
1230,310.0033610831716,310.0115607644708,309.9371650301653,310.12865449154407,0.06340963929130616,5,5,"33,44,66,77,88"
1231,310.22492106795846,310.24399038987576,310.16297536876493,310.3388163032554,0.058545622505189014,7,5,"11,22,33,55,88"
1232,310.4450522265736,310.4542362121839,310.39600537347735,310.52346984367864,0.04933979947413849,5,4,"22,33,44,77"
1233,310.7090954728239,310.6801715583584,310.60912041757956,310.72229878467175,0.05052906962280091,3,2,"11,66"
1234,311.0502851604567,311.02023813888405,310.8822395583116,311.0661937338686,0.06429862490912835,6,6,"11,22,33,55,77,88"
1235,311.3212556403798,311.31309403677653,311.24101099438303,311.3688538719635,0.05568685958713686,4,4,"11,22,66,88"
1236,311.6800100741748,311.66451993598747,311.49243021467635,311.79234311382544,0.08009310796621602,12,7,"11,33,44,55,66,77,88"
1237,311.9117958847273,311.91642762771494,311.88009243365076,311.9620263077543,0.030410386866155114,4,4,"11,22,77,88"
1238,312.12697085874777,312.138949141527,312.0710142395375,312.2252041653126,0.06639516371483933,6,6,"11,22,33,44,55,77"
1239,312.4122449915562,312.4088015448275,312.30116198871275,312.5070228869501,0.0652772192790842,5,3,"11,66,77"
1240,312.702325004368,312.6964088499528,312.57930655537757,312.80801963837797,0.06555937726662404,7,7,"11,22,33,55,66,77,88"
1241,313.00348773154303,313.01399709184227,312.91362504390685,313.11941482790814,0.052983847199981796,10,8,"11,22,33,44,55,66,77,88"
1242,313.21962219033134,313.24676523773354,313.18005458588874,313.35131271963644,0.05485909269457148,8,6,"22,44,55,66,77,88"
1243,313.60432916739364,313.6171835063868,313.4684325528913,313.74134279268645,0.08070703294883515,14,8,"11,22,33,44,55,66,77,88"
1244,313.878251399363,313.89775737930654,313.80804289396406,313.9999827958088,0.06312752755997192,8,6,"11,33,44,55,66,77"
1245,314.09893567990997,314.1206578700849,314.0466164324488,314.23090786457516,0.06571795343470681,5,5,"11,22,44,66,77"
1246,314.5319975779877,314.5128774758441,314.2596738334887,314.65221768441137,0.12580180841108435,12,8,"11,22,33,44,55,66,77,88"
1247,314.85349778039546,314.85248568460696,314.6978712587556,314.97543493916146,0.08971033922249519,10,8,"11,22,33,44,55,66,77,88"
1248,315.0513356620503,315.08396265549356,315.0125785163426,315.1879737880878,0.07522971869991,3,3,"44,55,77"
1249,315.29974446476973,315.312247886135,315.27087166747225,315.37863094752834,0.04080000464117443,4,4,"11,33,55,66"
1250,315.5866313822014,315.5866313822014,315.52535300078364,315.6479097636192,0.06127838141779307,2,2,"77,88"
1251,316.0177053389412,316.0177053389412,316.0177053389412,316.0177053389412,0.0,1,1,44
1252,316.57070110196616,316.57070110196616,316.57070110196616,316.57070110196616,0.0,1,1,66
1253,316.96743397801146,316.9786106962297,316.8866584937076,317.1025211562325,0.07196718516639583,7,5,"33,44,66,77,88"
1254,317.24251151452006,317.23784190575446,317.1956145639623,317.275399638781,0.0327390539007449,3,3,"22,55,88"
1255,317.5637994430729,317.5974339526071,317.53206602739334,317.68990413602205,0.05960982536701357,5,4,"11,55,66,88"
1256,317.8330634454792,317.84421817863847,317.7436079723305,317.9524311765413,0.07998548909637553,10,7,"11,22,33,44,55,77,88"
1257,318.0584159624035,318.08971539382173,318.02456219386727,318.1858863862627,0.061077324490980085,5,4,"11,22,44,77"
1258,318.33210269707223,318.31830316520103,318.2380485504256,318.4040990363225,0.05931528516822003,5,4,"11,55,66,77"
1259,318.52186286734207,318.54328554849207,318.4993459248636,318.6095867345943,0.04385481633024998,8,7,"11,22,33,44,55,77,88"
1260,318.7173619538132,318.7456362409339,318.68292184072504,318.8648992153841,0.07077214677634873,4,4,"11,44,66,88"
1261,318.98660261680993,318.98084790811345,318.9037772131955,319.06079577909713,0.0552441991184869,8,7,"22,33,44,55,66,77,88"
1262,319.2909212333833,319.2890171865704,319.16520253100464,319.4143575809672,0.07222415725993633,8,6,"11,22,33,44,66,88"
1263,319.6637244496761,319.6537303774252,319.45437617826906,319.7932018863464,0.11574679735006134,6,4,"11,33,55,77"
1264,319.91690596563586,319.90814163219824,319.86474169631055,319.9427772346482,0.03245506089314272,3,3,"33,44,88"
1265,320.29456629300125,320.29272391538694,320.2202505439204,320.36619582216156,0.05057784236580389,7,6,"22,33,44,55,66,77"
1266,320.629883632494,320.62764433958995,320.51996382443133,320.73084626894047,0.07943590305729034,4,4,"44,66,77,88"
1267,320.8831675452575,320.8831675452575,320.8587103719511,320.9076247185639,0.02445717330641628,2,2,"33,88"
1268,321.1249168175666,321.1249168175666,321.0538923874656,321.1959412476675,0.07102443010094817,2,2,"11,88"
1269,321.4665706647669,321.4515017546131,321.34207596325643,321.5307897256621,0.0786161505993293,4,4,"11,55,66,88"
1270,321.7174247745565,321.73529333734814,321.7048909398052,321.8014328604745,0.038701001931200615,4,4,"11,22,44,88"
1271,321.89902047977495,321.9006203921393,321.89861527620786,321.9042254204351,0.0025545018096040867,3,3,"22,44,55"
1272,322.2060431042669,322.2005980021467,322.14413131546047,322.2461744845926,0.038438319122847155,4,4,"22,33,55,77"
1273,322.57458441433016,322.5420809734931,322.37747409737767,322.7171130025961,0.10191442795516469,10,7,"22,33,44,55,66,77,88"
1274,322.92542169525944,322.91384250489324,322.75385155433423,323.05341626730603,0.09101970863998075,8,6,"11,22,33,44,66,88"
1275,323.21214034363743,323.2193465634113,323.17890383008046,323.27081258308687,0.03487611108046527,6,5,"22,33,55,66,77"
1276,323.4170269514256,323.44541466144716,323.38275559291964,323.5269252113097,0.05908706845554666,7,5,"11,44,55,77,88"
1277,323.5990358458886,323.6001892641211,323.5914727731133,323.611212591594,0.007299429254624914,4,4,"33,66,77,88"
1278,323.9520983917773,323.93398564578786,323.7622438749925,324.0876793823907,0.1087204435998727,10,7,"11,22,33,44,55,66,88"
1279,324.38960769923887,324.3765416464334,324.14304655776164,324.5236045770846,0.11310168688623581,9,8,"11,22,33,44,55,66,77,88"
1280,324.71504262707106,324.69783685065704,324.57610013804407,324.7851620104419,0.08127238648673343,4,4,"22,44,55,77"
1281,324.9401647882788,324.95513251430367,324.881130226632,325.07918625514867,0.062261941820937576,6,5,"11,33,44,66,88"
1282,325.43576800566547,325.44303089261814,325.33164939490604,325.5951106827143,0.08451374553900691,14,8,"11,22,33,44,55,66,77,88"
1283,325.6571695686167,325.68768224535313,325.6029755785339,325.79051806501076,0.07337894485744756,7,5,"11,22,33,55,88"
1284,325.98463397168837,326.0172980079455,325.84989915514836,326.14302912378986,0.08196536084418332,12,8,"11,22,33,44,55,66,77,88"
1285,326.31237897680603,326.3176061628502,326.1929858336264,326.4648940095073,0.08283161320855983,10,8,"11,22,33,44,55,66,77,88"
1286,326.6537147909371,326.6548525760449,326.531946055171,326.74036840669436,0.06926307217902074,9,7,"11,22,33,55,66,77,88"
1287,326.9437322301053,326.9353305672608,326.8262032210739,327.0276545877587,0.07684838275757556,4,2,"44,88"
1288,327.1625832038319,327.1623354109666,327.13588465367627,327.1885383753917,0.02149650597345094,3,3,"22,55,88"
1289,327.37921334661786,327.3978194506702,327.33309471186607,327.50675510801887,0.06636865134409434,5,5,"11,22,33,44,66"
1290,327.63952243814197,327.63952243814197,327.63952243814197,327.63952243814197,0.0,1,1,55
1291,327.929711304646,327.929711304646,327.929711304646,327.929711304646,0.0,1,1,77
1292,328.1500809188575,328.1500809188575,328.1500809188575,328.1500809188575,0.0,1,1,33
1293,328.548443888055,328.548443888055,328.52377039003363,328.5731173860763,0.02467349802134322,2,2,"11,77"
1294,329.1188858122508,329.1188858122508,329.0770812175695,329.16069040693213,0.04180459468130948,2,2,"55,66"
1295,329.53138894898245,329.5455948083686,329.45811864582635,329.66148268968334,0.0735588926897157,4,4,"11,33,44,77"
1296,330.05711978425984,330.05437248911073,329.90145490955126,330.17807366161236,0.07767898133271588,8,8,"11,22,33,44,55,66,77,88"
1297,330.57622065250524,330.5473046367742,330.27425491589196,330.6971524949203,0.13479981800833377,9,8,"11,22,33,44,55,66,77,88"
1298,330.92330374626295,330.9169014118479,330.78780047209335,331.02607357513676,0.06963174578202701,9,8,"11,22,33,44,55,66,77,88"
1299,331.2374092359222,331.2521905914828,331.11591022221427,331.3813670000487,0.08846498276081106,7,5,"33,44,66,77,88"
1300,331.5109232687572,331.5227565204114,331.41907343198824,331.6414453414409,0.07388077147881641,6,4,"22,44,66,88"
1301,331.7087739217728,331.7378134426501,331.701361354585,331.83234457247,0.05488093183091109,4,4,"44,55,77,88"
1302,331.95012494999463,331.97175563276784,331.8977865276366,332.0539860467822,0.05836129149313302,9,7,"11,22,33,44,66,77,88"
1303,332.2597453156603,332.2426188338081,332.12334080556315,332.37232826286333,0.08811479459736431,7,3,"22,55,66"
1304,332.59705741219926,332.58990324307644,332.4618666329843,332.7060624739566,0.07031682452395067,7,7,"11,33,44,55,66,77,88"
1305,332.9217779469763,332.91956774339735,332.8248200478587,333.04355085065765,0.080000046715758,8,6,"11,22,33,44,55,66"
1306,333.1975999088173,333.20890321259566,333.11496963102957,333.32544340171825,0.07550866149360065,4,4,"22,66,77,88"
1307,333.48285744292065,333.4908595390556,333.4693009214457,333.52042025280036,0.02162285313352378,3,3,"44,77,88"
1308,333.91723842828003,333.91878235909263,333.81155965259853,334.01918006624487,0.08217088230543036,6,5,"11,33,44,55,77"
1309,334.16281566174507,334.1667494302208,334.1044774344586,334.23688896293453,0.05157514203381766,4,4,"22,33,55,88"
1310,334.3731004653468,334.40422698060354,334.3419171378634,334.4923378655013,0.05836535084666038,7,7,"11,22,33,55,66,77,88"
1311,334.5908137431791,334.62054424814124,334.5660592949781,334.70475970626643,0.06040076278140166,3,3,"44,55,66"
1312,334.93102122990734,334.92539103682856,334.78090342115485,335.0263875951506,0.08010225505998045,8,7,"11,22,33,55,66,77,88"
1313,335.1541270339468,335.168507298943,335.1077110466693,335.2580640812091,0.055589065124091265,4,4,"44,55,77,88"
1314,335.5425964692541,335.5597219859567,335.4814845416366,335.67622933998285,0.06647529967268712,9,8,"11,22,33,44,55,66,77,88"
1315,335.8739731250289,335.867115443454,335.79952579324475,335.90833889299444,0.04090137462085373,5,5,"11,22,33,55,88"
1316,336.2682039360429,336.2798147292721,336.11970686906284,336.42213859353024,0.0859837999579938,9,8,"11,22,33,44,55,66,77,88"
1317,336.72937253755316,336.7095084309623,336.57975077988965,336.8495092984487,0.09555302997256108,10,7,"11,22,33,55,66,77,88"
1318,336.9764241278233,337.00235069202097,336.91272024044673,337.13083701752026,0.07951588163486063,11,8,"11,22,33,44,55,66,77,88"
1319,337.2176086564415,337.2200672141573,337.1542808653487,337.33430189856557,0.05815666926095232,6,5,"11,44,55,77,88"
1320,337.5398951427696,337.53328711636294,337.4056192728517,337.6515069611708,0.08655391203466262,9,6,"11,33,44,55,66,77"
1321,337.73914796179065,337.76976967728393,337.719663999081,337.8981306687649,0.05757161247613484,8,7,"11,22,33,44,66,77,88"
1322,338.00689162612605,338.0154345261906,337.9551290231473,338.0748984280311,0.039440460789045124,9,7,"22,33,44,55,66,77,88"
1323,338.222239924528,338.2627787467887,338.1919842463088,338.36793416603194,0.06665266244885054,7,6,"11,22,33,55,66,88"
1324,338.59288049222573,338.57336158238434,338.4090454401851,338.7426115107653,0.1021032804487288,10,7,"11,22,33,44,66,77,88"
1325,338.8867527303666,338.8809854927193,338.7666979195292,338.97237055924154,0.06833078482114656,10,8,"11,22,33,44,55,66,77,88"
1326,339.24863595836484,339.24956152322983,339.0729511780177,339.41170318903323,0.10672142940821261,7,4,"33,55,66,77"
1327,339.4636097047229,339.4861318812583,339.4365638970649,339.5839304524002,0.05498662215503332,5,4,"11,44,66,88"
1328,339.6710028803177,339.711504448398,339.6449627860734,339.81854767880276,0.07643389958513477,3,3,"11,33,55"
1329,339.85454998857915,339.85454998857915,339.85454998857915,339.85454998857915,0.0,1,1,88
1330,340.05524658840784,340.05524658840784,340.05524658840784,340.05524658840784,0.0,1,1,55
1331,340.2423425007305,340.2423425007305,340.24163096217393,340.2430540392871,0.0007115385565725774,2,2,"22,77"
1332,340.73306361370174,340.73306361370174,340.65750205973603,340.80862516766746,0.07556155396571285,2,2,"11,66"
1333,342.5482906487619,342.545739097743,342.40775540068205,342.68876756330855,0.08358166147949933,6,6,"11,33,44,55,77,88"
1334,343.07139274919217,343.0872225352286,342.9418717174203,343.21838333078904,0.08300403585641519,9,7,"11,22,33,55,66,77,88"
1335,343.4787181265174,343.44864160951454,343.28471361194016,343.6347716285085,0.11707266820054017,11,7,"11,33,44,55,66,77,88"
1336,343.69157464572766,343.69341168168086,343.6734771898127,343.71518320950247,0.017075890321574753,3,3,"22,33,66"
1337,344.08517620259477,344.0799521902917,343.9146450892864,344.24447983706506,0.11101258822452661,16,7,"11,22,33,44,66,77,88"
1338,344.42033141278614,344.4157459392362,344.2817348158716,344.5403820383794,0.07305023893861468,8,7,"11,22,33,44,55,66,88"
1339,344.73174719996325,344.7303772343179,344.60662259646125,344.8495893526386,0.0808116753890545,8,6,"11,22,55,66,77,88"
1340,345.06259919152393,345.08938480982147,345.01286365080864,345.17586379600704,0.07041122942523502,5,4,"11,22,44,66"
1341,345.376675197615,345.37216768331314,345.24875761316724,345.4769712932818,0.08836537767683521,6,5,"11,22,33,44,55"
1342,345.6713373410375,345.71477311222776,345.6689354185984,345.80404657704753,0.06313348793649148,3,3,"44,77,88"
1343,345.9176241066372,345.9176241066372,345.87371024197614,345.9615379712983,0.043913864661078605,2,2,"66,88"
1344,346.5488104499539,346.5488104499539,346.5488104499539,346.5488104499539,0.0,1,1,88
1345,346.83632776643515,346.83632776643515,346.83632776643515,346.83632776643515,0.0,1,1,66
1346,347.0515215774994,347.0867854150727,347.0195949199139,347.1892397478049,0.07360930913880928,3,3,"22,55,88"
1347,347.2766174787198,347.2847315822128,347.22824870752373,347.34932856039495,0.04976251400033755,3,3,"11,33,66"
1348,347.5284427566637,347.58323686990536,347.5091517082774,347.69094241323694,0.07642749849465814,5,5,"11,33,44,55,77"
1349,347.73716997892006,347.7780786442376,347.7135868834506,347.88347907034205,0.07514864365701844,3,3,"44,66,77"
1350,348.10795815793637,348.09760289477833,347.95321056968567,348.22834560786185,0.09479488200654587,9,6,"11,22,33,44,66,88"
1351,348.5803802388441,348.5636029178476,348.30423259496087,348.73260087551876,0.12091295970439389,12,8,"11,22,33,44,55,66,77,88"
1352,348.9993187263735,348.9639259519036,348.7652517522244,349.1150181592201,0.10780438631056087,10,8,"11,22,33,44,55,66,77,88"
1353,349.33073486354937,349.350812397979,349.20609461224626,349.4939416654703,0.0973777401043114,11,8,"11,22,33,44,55,66,77,88"
1354,349.68015191789493,349.6720777569171,349.5284142896038,349.825387143453,0.08033259855198076,10,8,"11,22,33,44,55,66,77,88"
1355,349.9549083413143,349.9592838142418,349.8825125628386,350.09567370761897,0.06732603028970455,10,7,"11,22,44,55,66,77,88"
1356,350.2363782136357,350.26008501416015,350.15498520847757,350.3739154951709,0.07606222771583108,11,8,"11,22,33,44,55,66,77,88"
1357,350.600865780867,350.6289746676442,350.5481031035417,350.73795511852376,0.08001470296170998,3,3,"11,22,66"
1358,350.8247726509541,350.8527423914543,350.7782491114462,350.97257421332955,0.06481929292532569,7,6,"33,44,55,66,77,88"
1359,351.21859076365786,351.1906919518397,351.0029417693789,351.3349123110737,0.1079192145354133,15,8,"11,22,33,44,55,66,77,88"
1360,351.65971723862884,351.6482144023968,351.47689705350786,351.8225600463776,0.11704994412486051,11,7,"11,22,33,44,55,77,88"
1361,351.98630189999227,352.0048071758937,351.8827302597397,352.13601397738205,0.08222585144261167,8,6,"11,33,44,55,66,77"
1362,352.29276630774643,352.3196960393587,352.1862025301172,352.4560437168897,0.08753540727160537,6,5,"22,33,44,55,88"
1363,352.5836058744644,352.5836058744644,352.5510397968727,352.6161719520561,0.03256607759169583,2,2,"66,77"
1364,352.80234119185656,352.80234119185656,352.80234119185656,352.80234119185656,0.0,1,1,33
1365,352.98104499396226,352.98104499396226,352.98104499396226,352.98104499396226,0.0,1,1,11
1366,353.4052315959502,353.4148831512709,353.3686593273619,353.4707585305004,0.04223684182053304,3,3,"11,66,88"
1367,353.92331387278983,353.90773529897405,353.82796172415516,353.97193029997703,0.05979830921604129,3,3,"11,44,77"
1368,354.11252077199407,354.1420128712305,354.1093676386088,354.2041502030888,0.04395658138346352,3,3,"55,77,88"
1369,354.41181548257794,354.44223612990334,354.29499969164266,354.57556510224725,0.09769044370875701,8,7,"11,22,33,44,55,77,88"
1370,354.8011587942946,354.77219962078107,354.59338712718807,354.9398419633698,0.11303953648386807,9,6,"22,33,44,55,66,88"
1371,355.2125013251575,355.19358998824515,354.9996153331645,355.3444872346342,0.10815310671177447,14,7,"11,22,33,44,55,77,88"
1372,355.69628666712066,355.6967350730119,355.4783900558547,355.8032438627277,0.10160166523140854,13,7,"11,22,33,44,55,66,88"
1373,356.09813809448184,356.0995033004009,355.92909701555664,356.2241492875224,0.08371643954155158,10,7,"11,22,33,55,66,77,88"
1374,356.4638183571177,356.44485006715263,356.2861017177254,356.57869396834195,0.10079553030310621,8,6,"11,22,33,55,66,88"
1375,356.8315463707896,356.81249185664166,356.6584627687927,356.9748297168228,0.11282570349315763,10,8,"11,22,33,44,55,66,77,88"
1376,357.09368788067,357.07922890455274,357.01337733420706,357.1257037785574,0.03793797598476812,5,5,"11,33,55,77,88"
1377,357.4482008315174,357.4787225295304,357.40280747008,357.5943444145586,0.06945102542961948,5,5,"11,22,33,44,77"
1378,358.0394848071562,358.0394848071562,358.0394848071562,358.0394848071562,0.0,1,1,77
1379,358.43925698284295,358.43925698284295,358.41403860888255,358.46447535680335,0.025218373960399276,2,2,"22,66"
1380,358.6897883616597,358.6897883616597,358.6204503316341,358.75912639168524,0.0693380300255626,2,2,"33,66"
1381,359.0646146674203,359.0567563878249,358.90791245778087,359.18988375867815,0.10188070264459234,4,4,"11,22,33,77"
1382,359.40876026437206,359.40872747764615,359.286053879363,359.5114364147288,0.08713138543231595,5,4,"44,55,66,88"
1383,359.7607158677982,359.75655340154975,359.6424584439225,359.8818683675307,0.07963922666547643,7,6,"11,22,55,66,77,88"
1384,360.0480777847529,360.0656344627766,359.97626176728556,360.1649196849054,0.07578428610931785,8,6,"11,33,44,55,77,88"
1385,360.3450151644287,360.34623295316527,360.25253419531987,360.4648902080282,0.07476503627667408,7,6,"11,33,44,55,77,88"
1386,360.6208030602826,360.6446417878495,360.53599573085444,360.7646594372469,0.08185166271821143,7,5,"22,33,44,66,77"
1387,361.1317999395285,361.1296441402724,360.9401458976264,361.3079481075905,0.11777759570034899,12,7,"11,22,33,44,55,66,88"
1388,361.4908273955715,361.48334301534624,361.3147834079522,361.6464270694253,0.09590657487650514,10,8,"11,22,33,44,55,66,77,88"
1389,361.78449974187765,361.7806304854852,361.6777474272757,361.9235636430827,0.08602132815309109,7,6,"22,44,55,66,77,88"
1390,362.1316189645329,362.13874752109075,361.99050679558366,362.28921904192777,0.0920036810003001,8,6,"11,22,33,66,77,88"
1391,362.5086320200111,362.50517713999267,362.3552273344286,362.66861107781546,0.09553536108843837,9,6,"22,33,44,55,77,88"
1392,362.81294216886937,362.81294216886937,362.81294216886937,362.81294216886937,0.0,1,1,44
1393,363.14745752078136,363.1390679669224,363.01480734546016,363.27842775286393,0.08997616433587273,9,6,"11,22,44,55,66,88"
1394,363.52835856382745,363.53415468164206,363.3736336221998,363.64787339868957,0.08061318262544433,9,7,"11,33,44,55,66,77,88"
1395,363.78937351469267,363.8096706256367,363.73881269833964,363.9559832722418,0.07548403996308133,5,5,"11,22,33,44,55"
1396,364.24679414826,364.24505339104655,363.9795270150908,364.3834509522914,0.11631790851303815,15,8,"11,22,33,44,55,66,77,88"
1397,364.56529491553476,364.5572138219857,364.4345511014537,364.692278566071,0.08104888013222543,8,8,"11,22,33,44,55,66,77,88"
1398,364.8885167666841,364.88028035999713,364.7527617343648,365.01563350878894,0.08598265284033324,10,8,"11,22,33,44,55,66,77,88"
1399,365.25706465807406,365.2248286521464,365.0877778562265,365.3145437916364,0.08197789788443655,7,7,"11,22,33,55,66,77,88"
1400,365.5522496093421,365.579482696434,365.496321914814,365.69883622226774,0.08221475428922295,5,5,"22,33,44,77,88"
1401,365.9224148892202,365.9016919715636,365.8048317632594,365.97798974192204,0.07040174616048209,6,5,"11,44,55,77,88"
1402,366.3525968745313,366.3525968745313,366.34406620184853,366.361127547214,0.008530672682724116,2,2,"22,66"
1403,366.83207477173283,366.78068591827497,366.53874862242225,366.88713965429287,0.11565206558079427,7,6,"11,22,44,66,77,88"
1404,367.13994122082437,367.15370977143397,367.05932834231174,367.2412028685121,0.06965185600481164,5,5,"11,33,55,66,77"
1405,367.3975918011055,367.3975918011055,367.33280087297203,367.4623827292389,0.06479092813344778,2,2,"11,88"
1406,367.70838034668117,367.70151767332527,367.59572201313415,367.80144667565884,0.0682809256676056,8,7,"11,22,33,44,55,66,88"
1407,368.09611465680143,368.07563031831495,367.93889094622585,368.1966902777344,0.08347028297544226,10,8,"11,22,33,44,55,66,77,88"
1408,368.3677981345731,368.410902083773,368.3354451838222,368.52946293292393,0.08486925069031737,3,3,"11,33,88"
1409,368.6145781254039,368.62276159273637,368.55736628443805,368.70317414603045,0.061528718759616526,6,6,"11,22,44,55,66,88"
1410,368.9268811180067,368.9519698211012,368.82548802224943,369.0739556666813,0.0743698831454398,9,7,"11,22,33,44,66,77,88"
1411,369.347198873521,369.3221767368609,369.115567947535,369.4901008848298,0.12270787910667909,12,7,"22,33,44,55,66,77,88"
1412,369.63186472150454,369.63186472150454,369.5888710293252,369.67485841368386,0.04299369217932281,2,2,"33,66"
1413,369.82518866676406,369.82518866676406,369.82518866676406,369.82518866676406,0.0,1,1,55
1414,370.12953310347416,370.1586760675941,370.0729969769488,370.2718614740351,0.07709578714234712,5,5,"11,22,55,77,88"
1415,370.33217667503595,370.33217667503595,370.3226961412473,370.34165720882453,0.009480533788604362,2,2,"22,88"
1416,370.6058355162294,370.6162616137074,370.5660485249431,370.6873268974279,0.04489604098837597,4,4,"22,33,44,66"
1417,370.9352753838124,370.93944100221347,370.84481167184094,371.0424015693881,0.08722636203865304,4,4,"11,55,77,88"
1418,371.37077918785315,371.40897005532906,371.3293391955815,371.5197950840446,0.07362885423991028,6,6,"11,22,33,55,66,77"
1419,371.62811659474465,371.6540652976322,371.58442512873154,371.76810731991185,0.07063739781329795,5,4,"33,44,66,88"
1420,371.87947325706676,371.90682300191986,371.8570079744679,372.00671597650063,0.053693790585373276,5,5,"11,22,33,77,88"
1421,372.1740425670617,372.2052243840291,372.1395399405954,372.3047734056586,0.06711743550712933,6,5,"11,22,44,55,66"
1422,372.38639403047716,372.4188177233761,372.36673894189835,372.5357438906517,0.06856288722034501,4,4,"11,22,33,88"
1423,372.79008058695456,372.80240518534606,372.64119265497163,372.95835988954707,0.0989840565392675,11,7,"11,33,44,55,66,77,88"
1424,373.151113140117,373.15073703465646,373.01830579795137,373.28241606044054,0.09398342041984711,4,4,"11,22,33,55"
1425,373.49431597436035,373.47050259719896,373.34108260894243,373.6197047482111,0.08136929338947976,11,8,"11,22,33,44,55,66,77,88"
1426,373.8338525485466,373.8159995461163,373.68133734359486,373.92239409960365,0.09107922793785547,10,8,"11,22,33,44,55,66,77,88"
1427,374.2827368642053,374.2522679700223,374.02659597827477,374.4644812884986,0.12649162685843934,14,8,"11,22,33,44,55,66,77,88"
1428,374.6058693306507,374.6088986896654,374.5077963240035,374.7160597733566,0.0914395453474137,4,4,"22,44,55,88"
1429,374.9941006412999,374.97848204223186,374.80135743875684,375.1206896779533,0.09815765188877065,10,6,"22,33,55,66,77,88"
1430,375.44153784624143,375.4426822623057,375.237336180399,375.6181235477736,0.12552397778190733,13,8,"11,22,33,44,55,66,77,88"
1431,375.7736715500197,375.7783362440574,375.6331387854901,375.94012479706834,0.09166929979558563,10,8,"11,22,33,44,55,66,77,88"
1432,376.07057788915165,376.0869509150193,376.001013733154,376.19323208178764,0.0632013428477795,6,6,"11,22,55,66,77,88"
1433,376.40615872937417,376.3718430185236,376.2664234519399,376.49142621172786,0.08360769331016737,7,6,"11,22,33,44,55,77"
1434,376.80677573590356,376.80637070093974,376.60619496607046,376.96253890038145,0.11618511629834798,14,8,"11,22,33,44,55,66,77,88"
1435,377.1486828719454,377.15854850296256,377.0154970539899,377.29770841463454,0.09548853274124763,5,5,"11,22,33,44,55"
1436,377.47999592148943,377.49583380271434,377.4166267259039,377.5908787607498,0.07201421976829657,3,3,"22,33,44"
1437,377.9040734285749,377.87673883883025,377.7759691841147,377.95017390380116,0.07369851168847218,3,3,"33,66,77"
1438,378.18160303327494,378.18160303327494,378.18160303327494,378.18160303327494,0.0,1,1,11
1439,378.87225928206624,378.87225928206624,378.87225928206624,378.87225928206624,0.0,1,1,66
1440,379.1879004021931,379.1879004021931,379.17950362549067,379.1962971788956,0.008396776702454645,2,2,"22,88"
1441,379.5002380795678,379.5108223451783,379.4336680428425,379.60914517873516,0.06362780153415318,4,4,"11,33,55,88"
1442,379.8764909581081,379.8695674409832,379.7228308257766,380.0039860778574,0.10066687873788557,8,6,"11,33,44,55,77,88"
1443,380.14221241565576,380.17110427547516,380.07059166294584,380.29933845520617,0.0901228040555937,8,8,"11,22,33,44,55,66,77,88"
1444,380.3878734372004,380.39344394780164,380.35362255170804,380.44440636509773,0.03769003488236884,4,4,"22,33,66,77"
1445,380.711095561593,380.7434083949128,380.68265234797747,380.8878954153284,0.06762288538021065,7,7,"11,22,44,55,66,77,88"
1446,381.09043328804603,381.0975893239076,380.9760525463483,381.2593020789866,0.10215148972665256,6,6,"11,33,55,66,77,88"
1447,381.3901698205719,381.4231043351459,381.30301087934083,381.55627716168755,0.08953793854459698,5,4,"11,22,33,44"
1448,381.7938696380878,381.788393870048,381.62303635265545,381.9576457366829,0.11169012885527481,10,7,"11,22,33,55,66,77,88"
1449,382.1651443553304,382.15338642254306,381.9930642386918,382.2657708634412,0.09525044123809766,10,7,"11,33,44,55,66,77,88"
1450,382.5146221431729,382.5055543666148,382.378967621787,382.6301706594366,0.08907826897873729,8,6,"11,22,33,55,66,77"
1451,382.8129888622232,382.82536326389373,382.7244211332601,383.0012773842892,0.08580520768631271,6,6,"11,22,44,66,77,88"
1452,383.1521435336293,383.1521435336293,383.06043755278114,383.2438495144775,0.09170598084818948,2,2,"66,88"
1453,383.4255114237552,383.4255114237552,383.3644297361837,383.4865931113267,0.061081687571515886,2,2,"33,44"
1454,383.7694310587362,383.780928895457,383.65035252428584,383.93450094006994,0.10176235105919172,4,4,"11,22,33,66"
1455,384.14522489841863,384.14522489841863,384.0940109065418,384.19643889029544,0.051213991876807086,2,2,"77,88"
1456,384.81389222491106,384.78846952861954,384.6277085738043,384.9041843654109,0.09702484843428386,5,3,"22,44,66"
1457,385.1547328555181,385.1628145799903,385.03777385647305,385.2696932689832,0.08408674171157235,5,4,"11,22,55,77"
1458,385.498031754217,385.4731427486989,385.3850791781483,385.6264361101819,0.08116655276827658,7,6,"11,33,44,55,66,88"
1459,385.9197717395641,385.89153471911925,385.6926945474527,386.10224988301644,0.12656399994458545,16,8,"11,22,33,44,55,66,77,88"
1460,386.3407289278537,386.3064308328075,386.1255259559064,386.4911638601488,0.11456249345165587,14,8,"11,22,33,44,55,66,77,88"
1461,386.64638434172997,386.6538015794016,386.54450104955424,386.8084150234337,0.08131288051040247,10,6,"22,44,55,66,77,88"
1462,387.1037480474572,387.0930697332491,386.8629344272958,387.25738776300847,0.12445319020538967,10,8,"11,22,33,44,55,66,77,88"
1463,387.6014999260896,387.59507691380753,387.32257045373757,387.73358636215687,0.12495862978991192,11,8,"11,22,33,44,55,66,77,88"
1464,388.08420540213547,388.0618947370299,387.829031234853,388.21766845407404,0.11463744288211379,8,7,"11,22,33,44,66,77,88"
1465,388.3180076143798,388.3361188330484,388.28237599470776,388.45027225247003,0.05895922468659928,5,4,"44,55,66,88"
1466,388.6340774771824,388.6535485450846,388.52820216691396,388.8213365391584,0.09196007705261602,11,7,"11,22,33,55,66,77,88"
1467,388.8737818379879,388.8737818379879,388.82986067960525,388.91770299637056,0.04392115838265909,2,2,"44,77"
1468,389.23162797653396,389.2367020350372,389.0784830809782,389.3794381709402,0.09716004610441727,9,7,"11,22,33,44,55,66,88"
1469,389.54653544036717,389.54437067815064,389.4674396930295,389.61697213883866,0.05430746184267078,4,4,"11,22,44,88"
1470,389.9213342429116,389.9330449399729,389.7935032018966,390.05746550497497,0.09219810530595235,8,6,"11,22,33,55,66,77"
1471,390.1354239304729,390.1354239304729,390.1199074165638,390.15094044438194,0.015516513909062724,2,2,"44,88"
1472,390.424399617198,390.42283488651753,390.35330254504083,390.4980321257915,0.0462991577109103,5,5,"22,33,66,77,88"
1473,390.72807818515616,390.72807818515616,390.6443182436345,390.81183812667786,0.08375994152169142,2,2,"55,88"
1474,391.1201994815292,391.13507441233384,391.0269330229047,391.23472332061453,0.08038483142574791,7,6,"11,22,44,55,66,77"
1475,391.46307138266206,391.47325781256893,391.38288591907656,391.6137613974336,0.0770761857197224,5,5,"11,33,44,77,88"
1476,391.8031522142385,391.8350664950213,391.74537195624396,391.9635763601597,0.08395344748264641,6,5,"11,22,33,44,55"
1477,392.0420709715038,392.0420709715038,392.0082876151641,392.0758543278435,0.03378335633971119,2,2,"66,88"
1478,392.4052952905106,392.384863188626,392.2407874867459,392.4807479449357,0.07357351436868866,6,6,"22,33,55,66,77,88"
1479,392.71866579456366,392.75385224722646,392.6927364676523,392.8957151559292,0.07395662305478509,6,5,"11,22,33,55,66"
1480,393.1156409992538,393.11173586885394,392.9346049796574,393.28197207210235,0.11150144918738326,13,7,"22,33,44,55,66,77,88"
1481,393.52820686839175,393.5180993562777,393.39909903816033,393.7140302948461,0.09757526909802061,8,6,"11,22,33,55,77,88"
1482,393.7878869241331,393.80764197896775,393.74805993985444,393.8869790729157,0.05840849268308324,3,3,"11,55,66"
1483,394.235679820153,394.2088173369895,393.9886845882841,394.39687965732156,0.11809488080407506,11,8,"11,22,33,44,55,66,77,88"
1484,394.6544891814958,394.65599254251504,394.45541980642787,394.843096478109,0.14132229006795613,7,5,"11,22,33,66,77"
1485,394.9801459397884,394.97388414675186,394.8629671881404,395.0722775192903,0.09416307687222539,4,4,"33,44,55,88"
1486,395.1991790683243,395.2278901695204,395.1783837750132,395.3061076652236,0.05595589651107082,3,3,"11,44,77"
1487,395.7630916775982,395.776997217857,395.71071163305595,395.9052434158168,0.06714484136036847,5,5,"11,22,33,66,77"
1488,396.1138516398272,396.13289628515,395.96759318967287,396.2846732801855,0.11065778415303504,7,6,"22,33,44,55,66,88"
1489,396.62255190597,396.6046866314498,396.3995020394876,396.78785686417814,0.13261658655096883,11,7,"11,22,33,55,66,77,88"
1490,397.0375921767259,397.0556446484515,396.83629488011235,397.2081804260602,0.12481164875811371,7,5,"11,22,44,55,77"
1491,397.50508818056034,397.465583313885,397.25390906825294,397.6383141503924,0.11002731301461324,9,7,"22,33,44,55,66,77,88"
1492,397.86292080958196,397.8737497411115,397.7521724857997,398.0124164727724,0.08240590329542341,10,8,"11,22,33,44,55,66,77,88"
1493,398.2325242895037,398.2543248203214,398.09618564881197,398.38642657191696,0.10147193612757786,6,5,"22,33,44,66,77"
1494,398.63635676899474,398.62624710073567,398.48687926832713,398.7236636470247,0.07748132265629658,8,6,"11,22,33,55,66,88"
1495,398.9388281312113,398.957989815551,398.8389814695746,399.0644864490723,0.08393961571655564,5,5,"22,33,44,77,88"
1496,399.17453288312083,399.17724486736046,399.1406837644063,399.21922993879383,0.028702095833580004,4,4,"44,55,66,77"
1497,399.44786912375025,399.47258923628186,399.3797095287448,399.56952521267226,0.07375402078640556,7,7,"11,22,33,55,66,77,88"
1498,399.8619156934289,399.8814694129325,399.7879678589537,399.9945246864149,0.08545248856342572,3,3,"11,22,88"
1499,400.313171520619,400.31742465290324,400.1916983140156,400.47165578366344,0.09517328602613222,8,5,"22,44,55,66,88"
1500,400.63996290531804,400.6451995448565,400.5786052459203,400.72226712286977,0.0569007565947663,4,4,"11,33,44,77"
1501,400.87683371321566,400.8748599397061,400.8511073494275,400.9075503897411,0.019776769451490074,5,5,"22,55,66,77,88"
1502,401.2866002056234,401.2823615226802,401.09231985473554,401.4415725699034,0.1102349549462032,11,8,"11,22,33,44,55,66,77,88"
1503,401.5528265819546,401.571423399756,401.51603037941544,401.67717471763973,0.05662263810526975,6,6,"11,33,55,66,77,88"
1504,401.95416370975505,401.9592471234926,401.7716881202912,402.13993325242035,0.1343035529618046,11,7,"22,33,44,55,66,77,88"
1505,402.2660115382312,402.24919996242943,402.1645909833342,402.33132418620517,0.053638896901599516,6,6,"11,22,33,44,55,88"
1506,402.6269569770539,402.63973485503226,402.4989278893183,402.7601700475803,0.09381803871960422,6,5,"11,22,44,66,77"
1507,403.06824352643395,403.0515541474846,402.8717080630146,403.2285284930657,0.11938430286034238,10,8,"11,22,33,44,55,66,77,88"
1508,403.5517783362809,403.5472809508416,403.3399701507025,403.7417834168724,0.1288825849704623,10,7,"11,33,44,55,66,77,88"
1509,403.82293449241587,403.83427964496445,403.75482130006793,403.9484194425447,0.07292515611498042,5,4,"22,55,66,88"
1510,404.3565028763112,404.38876409379617,404.2687914107882,404.51501834107296,0.09029724512704823,5,5,"11,22,33,66,77"
1511,404.5981227474464,404.5981227474464,404.5981227474464,404.5981227474464,0.0,1,1,44
1512,404.93202545148426,404.9150877524081,404.80853932672136,404.9877607799426,0.06617075811399739,4,4,"11,22,44,55"
1513,405.23689736076665,405.26811025096214,405.1899331782769,405.41792547765067,0.07551562259445835,6,6,"11,33,44,55,77,88"
1514,405.6610287273101,405.6409542313596,405.4970927146427,405.7874365705031,0.09218990182652902,8,6,"11,22,44,55,66,88"
1515,405.9936616944177,406.013333494413,405.89602932900794,406.17490928317056,0.08674514584478571,6,6,"22,33,44,66,77,88"
1516,406.3323229729589,406.34991081522645,406.2710096182456,406.4465203428397,0.06162816816367994,12,8,"11,22,33,44,55,66,77,88"
1517,406.78958699532285,406.76018377180975,406.53735274425054,406.958395218525,0.12348219053121035,11,7,"11,22,33,44,55,66,77"
1518,407.10266778212247,407.10266778212247,407.0294302295342,407.17590533471065,0.07323755258821052,2,2,"33,88"
1519,407.5462924580413,407.50884989141633,407.31317331684744,407.707312887459,0.13110880036176348,6,6,"11,33,44,55,66,77"
1520,407.8590942156031,407.8932496042299,407.8126355685226,408.0080190285641,0.08334113447606388,3,3,"44,66,88"
1521,408.0764681180141,408.0764681180141,408.0764681180141,408.0764681180141,0.0,1,1,22
1522,408.4253567118726,408.4253567118726,408.3791246071628,408.4715888165825,0.04623210470984418,2,2,"33,88"
1523,408.86525659264885,408.8827172139074,408.7194109496779,409.00533704890387,0.09741532364792745,9,6,"11,22,44,55,66,77"
1524,409.2043381314507,409.215293150136,409.0909593304052,409.3183620036955,0.07588494974277875,5,5,"22,33,44,55,77"
1525,409.66270050720493,409.68511004683376,409.6342391187842,409.8387749412392,0.06744871361808719,7,7,"11,22,33,55,66,77,88"
1526,410.04305514696523,410.0565265906428,409.91978949021774,410.2047125151864,0.09241189721465172,6,5,"22,33,44,66,77"
1527,410.4069017245296,410.4095119553085,410.3259945506181,410.4982498215567,0.06716766370637228,4,4,"11,33,77,88"
1528,410.92402593108,410.89895096546616,410.61419889247367,411.0973736430345,0.14349874614037078,7,7,"11,22,33,44,55,77,88"
1529,411.28500517076156,411.2752740560873,411.1305921525852,411.46243966438516,0.11225215606998515,11,7,"11,22,44,55,66,77,88"
1530,411.6826375117845,411.6793903378912,411.53647224754906,411.8129010835781,0.0886021234148243,12,7,"11,22,33,55,66,77,88"
1531,412.0283321654323,412.04656570491295,411.90388831187386,412.22596298173187,0.09854073058846399,9,7,"11,33,44,55,66,77,88"
1532,412.48987506833026,412.49916718858316,412.30203144374195,412.66251689034357,0.11975608707241084,12,8,"11,22,33,44,55,66,77,88"
1533,412.8729247164424,412.8661955779262,412.7053271558052,413.037405156157,0.10742106487443502,9,7,"11,22,33,44,55,66,88"
1534,413.19981233334283,413.23393013768174,413.1049400305037,413.37384140815516,0.09586848632692943,9,7,"11,22,44,55,66,77,88"
1535,413.52051826213074,413.52957778049296,413.486427587977,413.5817874913711,0.03945405723579311,3,3,"33,44,66"
1536,413.9106746470467,413.8981803730223,413.73798570573365,414.0351206897626,0.10713131656437654,7,6,"11,22,33,44,77,88"
1537,414.2651905379953,414.26911569954245,414.12130803025,414.4224076907701,0.09521546571217984,6,5,"11,22,44,55,77"
1538,414.6634472549418,414.66175701024747,414.4936046323613,414.80764224298844,0.10134762469928708,10,7,"11,22,33,44,55,66,88"
1539,415.07620751185,415.06564451176644,414.9308886785361,415.1777059672502,0.08649226246125594,10,8,"11,22,33,44,55,66,77,88"
1540,415.619377618157,415.610380171053,415.4305376458045,415.8144636874223,0.10564167476870422,10,8,"11,22,33,44,55,66,77,88"
1541,415.8568449159761,415.8935506793285,415.8506232700955,415.973183851914,0.05636641347103637,3,3,"22,33,77"
1542,416.3291701748266,416.3196642795098,416.14503494625353,416.4515636812421,0.09012902640278318,9,8,"11,22,33,44,55,66,77,88"
1543,416.8163047801732,416.80665344062686,416.62924771540406,416.9277443338151,0.09667416018390138,6,5,"11,55,66,77,88"
1544,417.1129895901681,417.14175265152534,417.05258042063156,417.23485105075156,0.07762559018857047,5,4,"22,33,44,88"
1545,417.35708127526175,417.39160987245776,417.3384912675202,417.49713975690815,0.06189443281566543,5,5,"11,33,55,66,77"
1546,417.7524768279629,417.7562711171568,417.58194839122734,417.89898434521047,0.10239887924323966,6,6,"11,22,33,44,66,88"
1547,418.2017989088864,418.20814765153995,418.00457789062057,418.3801988666738,0.10921527182288933,9,7,"11,22,33,55,66,77,88"
1548,418.6954057813913,418.68759759266214,418.48523418473087,418.86548545687083,0.13155418817524855,7,5,"22,44,55,66,77"
1549,419.0684358458791,419.0684358458791,419.01881021961105,419.11806147214713,0.049625626268039014,2,2,"33,88"
1550,419.3277146170584,419.3277146170584,419.3277146170584,419.3277146170584,0.0,1,1,33
1551,419.6665564866323,419.6665564866323,419.6665564866323,419.6665564866323,0.0,1,1,55
1552,419.9551222592055,419.9551222592055,419.9551222592055,419.9551222592055,0.0,1,1,22
1553,420.22348514250615,420.24483762236173,420.1738663504731,420.35851385396165,0.07507842611672197,4,4,"11,44,55,66"
1554,420.5314166653727,420.53350440065185,420.4690719689088,420.59973883131306,0.045001318395501824,5,5,"11,33,55,77,88"
1555,420.9506982334216,420.93014018875994,420.79010710038017,421.0456580341488,0.09648772838329626,7,7,"11,22,33,44,66,77,88"
1556,421.387575606743,421.3999774786999,421.25509830580233,421.5735331261021,0.09654758921965213,7,5,"22,44,55,77,88"
1557,421.6788637280471,421.6703095520247,421.60796231770325,421.72369275635447,0.0456733556212558,5,5,"11,33,55,66,88"
1558,422.13542838251317,422.1234784336234,421.9207817616692,422.31006226208024,0.13545857668074768,8,6,"11,22,44,55,66,77"
1559,422.4610476743686,422.4759193341202,422.3617413527352,422.64209750454756,0.07881017262504172,8,8,"11,22,33,44,55,66,77,88"
1560,422.88190331993803,422.89348367987145,422.75585881077814,423.07430669526923,0.10760768522223402,8,7,"11,33,44,55,66,77,88"
1561,423.3870347404895,423.3815766895309,423.21829408752944,423.5195897326997,0.10283076143229987,8,6,"11,22,33,44,55,88"
1562,423.75154616762836,423.7582816934456,423.65982717158545,423.89755652304564,0.08730681530047663,7,5,"11,22,66,77,88"
1563,424.06856129661196,424.0900626181525,423.9798247388636,424.2666596726441,0.09616535616807644,11,8,"11,22,33,44,55,66,77,88"
1564,424.36923931812476,424.37437602632053,424.2845302810646,424.46935847977215,0.07554316685484362,3,3,"11,66,77"
1565,424.6757033820825,424.70056758959635,424.625107352584,424.7823734032738,0.05781243066060002,5,5,"22,33,44,55,88"
1566,425.0735277287772,425.09339035850604,424.916264510167,425.2739838194441,0.10263436938622582,7,6,"11,33,44,55,66,77"
1567,425.55969702678567,425.5651516426813,425.38223250292197,425.7469832197497,0.11457854422837925,9,7,"22,33,44,55,66,77,88"
1568,425.79563594824594,425.81504840171505,425.77821297738274,425.9268712168978,0.05127153333686513,6,6,"11,22,33,44,66,77"
1569,426.205076209268,426.2114022975825,426.11020507420994,426.28713803350695,0.06026674335648223,6,5,"11,22,33,44,88"
1570,426.59597498366355,426.6093388557513,426.5415809134157,426.7038245422623,0.06195864492176501,4,4,"22,33,66,88"
1571,427.08007307585956,427.0745574507014,426.8811928690534,427.2371626981161,0.11365287454556902,5,4,"22,55,77,88"
1572,427.45092329859676,427.435626323239,427.3017236837213,427.4954335681416,0.05652314881639604,8,7,"11,22,33,44,66,77,88"
1573,427.8788833862245,427.8741151526428,427.7696721394109,428.0010111170758,0.07280367313600024,7,7,"11,22,33,44,55,66,77"
1574,428.3172403740508,428.331878154129,428.09480307642025,428.52528712374647,0.1308431088871162,15,8,"11,22,33,44,55,66,77,88"
1575,428.7100812399523,428.6933706135961,428.54023331877465,428.81385364407095,0.09801485641848148,7,7,"11,22,33,44,55,66,88"
1576,429.07664842009774,429.0912512775679,428.9901418992323,429.2126114135963,0.0811450428332451,8,6,"11,22,33,55,66,88"
1577,429.48994151313593,429.49765982683357,429.3068780474292,429.6724025039325,0.13128884668383434,7,6,"22,33,44,55,66,77"
1578,429.8372490867477,429.8372490867477,429.7905399643947,429.8839582091007,0.04670912235297919,2,2,"11,77"
1579,430.18178920187063,430.18178920187063,430.18178920187063,430.18178920187063,0.0,1,1,66
1580,430.61842802952737,430.6175219699375,430.44122929924913,430.7205668073243,0.09442533935025212,8,7,"22,33,44,55,66,77,88"
1581,431.0570278076031,431.0174009426196,430.8810535391117,431.1056597756261,0.07657870496606543,8,6,"11,22,33,44,55,77"
1582,431.54584905598927,431.5437656497415,431.34408103776536,431.7150523896803,0.12033216246662361,9,7,"11,33,44,55,66,77,88"
1583,431.9568545003176,431.96330635530234,431.89431192920483,432.0387526363845,0.059143888369521155,3,3,"22,66,88"
1584,432.3048716936255,432.3048716936255,432.3048716936255,432.3048716936255,0.0,1,1,66
1585,432.93207873072487,432.9193843898615,432.70614444686953,433.0535956100515,0.11300420564527813,6,4,"11,22,33,44"
1586,433.17010204763744,433.17010204763744,433.1616065042897,433.1785975909852,0.008495543347748935,2,2,"55,77"
1587,433.6898150594773,433.6881553840426,433.48657053332136,433.8622563173908,0.12282755974217824,12,8,"11,22,33,44,55,66,77,88"
1588,433.91809093284405,433.91809093284405,433.91809093284405,433.91809093284405,0.0,1,1,66
1589,434.3240722926851,434.3362809498135,434.2028973056132,434.49121333447385,0.0862834126072286,8,8,"11,22,33,44,55,66,77,88"
1590,434.63664599359856,434.63635839328435,434.5682778444069,434.7189304927588,0.049806735963587645,8,8,"11,22,33,44,55,66,77,88"
1591,435.1871256542063,435.1823627532749,434.96437057154935,435.34143677643385,0.1286608718114783,11,8,"11,22,33,44,55,66,77,88"
1592,435.48053271296857,435.5087190796452,435.449350074652,435.67799606681433,0.06951264464131617,8,7,"11,22,33,44,55,66,77"
1593,435.89768278875243,435.89768278875243,435.8887852130649,435.90658036443995,0.008897575687512926,2,2,"11,33"
1594,436.28440071871216,436.28880609545075,436.1211261041401,436.4083602114945,0.09671614060389025,7,7,"11,22,33,44,55,66,77"
1595,436.7849067532926,436.7548817209281,436.5422243324524,436.93767697300734,0.1333024552352498,12,7,"22,33,44,55,66,77,88"
1596,437.26320541057265,437.28959961396885,437.14310373023716,437.4398980350403,0.10039133436362471,8,7,"11,22,33,55,66,77,88"
1597,437.56906022445264,437.58461545033146,437.4921824881741,437.7310175536793,0.08184368043726706,8,6,"11,22,44,66,77,88"
1598,437.97513944558057,437.99359277130947,437.7997431379571,438.1654585547159,0.11967537380665146,13,8,"11,22,33,44,55,66,77,88"
1599,438.43653555881554,438.4399833998398,438.29728171136276,438.579282499319,0.10060246049694657,9,6,"11,33,44,66,77,88"
1600,438.7335219473672,438.7640859656291,438.7017638111996,438.90069945754976,0.07339705383023493,8,7,"11,22,33,44,55,77,88"
1601,439.06952473149994,439.0735289803541,438.95433071711045,439.24068580601374,0.09298601703407194,10,7,"22,33,44,55,66,77,88"
1602,439.4539570725673,439.4703433361288,439.3024374254428,439.6268389770569,0.10711430035154575,11,8,"11,22,33,44,55,66,77,88"
1603,439.7430068572801,439.7745482975001,439.6908335696427,439.89168259506766,0.07800972671109288,6,6,"22,44,55,66,77,88"
1604,440.0428082705969,440.0753005565892,439.9928057257563,440.19078553273016,0.07830394952563977,5,5,"11,22,44,66,88"
1605,440.50145589353895,440.4790010964166,440.3283536651934,440.5591010770588,0.07935613787662162,6,6,"11,22,33,55,77,88"
1606,440.8109655336099,440.85231533265744,440.7741853808566,441.01314488255355,0.09429510136464948,4,4,"11,44,55,77"
1607,441.20699195793577,441.21560664320106,441.09004420650365,441.3598190438389,0.08638871195403702,6,5,"22,33,44,55,66"
1608,441.5099551192525,441.5216657482465,441.441314634485,441.6137274910021,0.07087266702414892,3,3,"11,22,44"
1609,441.8240669827916,441.85366697262924,441.76314329773663,442.0033906271972,0.0936231114967348,4,4,"22,33,44,88"
1610,442.17262287979116,442.1761602282465,442.12617064612925,442.2332245072744,0.04460703273218726,4,4,"11,55,66,77"
1611,442.6231448239389,442.6600582657426,442.5721734530749,442.77920026482957,0.08523340688392786,5,4,"22,44,66,88"
1612,442.9261891813567,442.95393097061424,442.8705689671947,443.11017180851275,0.07776767513454931,8,6,"11,22,33,55,77,88"
1613,443.2832464051496,443.2748396861586,443.1930833110623,443.3481644077664,0.06139674600088036,5,5,"22,33,44,66,88"
1614,443.6811921981425,443.7059510515175,443.5954562106059,443.87893441796723,0.09047196624797149,7,6,"11,33,44,55,66,88"
1615,443.97270961025777,444.04247403523067,443.94906860830815,444.18492803077106,0.09443746901561689,7,6,"11,22,33,66,77,88"
1616,444.4434169274697,444.4229954659065,444.20596855410565,444.6505761205301,0.13152996784045937,15,8,"11,22,33,44,55,66,77,88"
1617,444.77420725672357,444.78723281546525,444.69692245815645,444.9535929245998,0.07976201741781144,8,6,"11,22,33,44,55,66"
1618,445.1733346216715,445.1765799077721,445.053309662473,445.3130797836719,0.08298734480323727,8,8,"11,22,33,44,55,66,77,88"
1619,445.48160592186946,445.4885424655852,445.40073827161143,445.58087068911755,0.07322141014123046,6,4,"11,33,44,55"
1620,445.794219678279,445.79173167587913,445.72242850238456,445.85031632993366,0.0354449733417812,7,7,"11,22,44,55,66,77,88"
1621,446.06004848224325,446.05876219566466,446.0558265635219,446.06041154122875,0.002081090261498886,3,3,"22,33,77"
1622,446.4658420099386,446.5098072076562,446.39873676150876,446.67690569330944,0.10384149934498887,6,6,"11,33,44,55,77,88"
1623,446.8910530742039,446.906042347191,446.7160460408734,447.10654049537675,0.13577985640454218,12,8,"11,22,33,44,55,66,77,88"
1624,447.36168230923545,447.36197482788066,447.1449322536596,447.54837654852724,0.11825801418458862,17,8,"11,22,33,44,55,66,77,88"
1625,447.7977164641399,447.8008930264551,447.62491315339446,448.006473528445,0.1273393575720014,16,8,"11,22,33,44,55,66,77,88"
1626,448.15738974465285,448.16837500586604,448.0559638751057,448.28185171339123,0.07904402134538074,7,7,"11,22,33,44,55,66,77"
1627,448.4683898119842,448.5044490714252,448.39101631898995,448.64866323074784,0.09454170843721883,10,8,"11,22,33,44,55,66,77,88"
1628,448.8997840719852,448.8917322434346,448.7854115245086,449.0507586268275,0.08206098032065287,7,6,"11,22,55,66,77,88"
1629,449.3926447047396,449.3926447047396,449.3926447047396,449.3926447047396,0.0,1,1,11
1630,449.84519977687535,449.84519977687535,449.84519977687535,449.84519977687535,0.0,1,1,55
