5.2710056033695531e+00
7.8556342138311823e+00
1.0003997524726547e+01
1.1162105560557901e+01
1.3352319251610616e+01
1.4324890448846750e+01
1.5223926321654332e+01
1.6688185228482425e+01
1.7367582027306558e+01
1.8172315849164193e+01
2.0056436982702451e+01
2.0900865359046339e+01
2.0930715260606000e+01
2.2072547318748530e+01
2.2676503577814948e+01
2.5314478445146982e+01
2.5482718931456301e+01
2.5660481994137729e+01
2.5779618582380049e+01
2.7479224291507350e+01
2.7867023787240207e+01
2.8492469536462654e+01
2.9224142957904213e+01
3.0408476962774987e+01
3.0665000960364186e+01
3.1355852930762033e+01
3.2024174754881521e+01
3.3590970962696417e+01
3.3722286906327774e+01
3.3765603356601183e+01
3.4541579490321091e+01
3.5842770230515271e+01
3.6157800425018344e+01
3.6498639161208118e+01
3.7372979143079213e+01
3.7659993630400024e+01
3.9123509935990427e+01
3.9227282748882971e+01
3.9592052131208064e+01
4.0386686348031937e+01
4.0404393493148980e+01
4.0483815352173544e+01
4.1820632438178443e+01
4.2586584852273404e+01
4.2999031566414438e+01
4.3304277158227123e+01
4.4723899388219955e+01
4.5336970126386710e+01
4.6127493902501037e+01
4.6923903308257820e+01
4.7071890877829212e+01
4.7600396818671122e+01
4.7737922498370139e+01
4.7911004852051327e+01
4.7980676364418933e+01
4.8195657024412739e+01
4.8444615785712152e+01
4.9715488183293864e+01
4.9860278390149716e+01
5.0176324663224655e+01
5.0934639185843942e+01
5.2066833903730547e+01
5.2581648481498462e+01
5.3350765249613694e+01
5.4225831486945403e+01
5.4324583165783693e+01
5.4670897546308140e+01
5.5047637922638479e+01
5.5384926949198395e+01
5.5735125442842865e+01
5.5820217945617166e+01
5.6098867617395527e+01
5.7061028818168069e+01
5.7561808425525385e+01
5.7849685598211344e+01
5.8035928250193948e+01
5.8729124273621643e+01
5.9435328983138163e+01
6.0425297476091572e+01
6.1265381111945992e+01
6.1281152388223866e+01
6.1480611595286931e+01
6.1983543893851113e+01
6.2259412405803076e+01
6.2263153480342105e+01
6.2536213421927940e+01
6.3710122534405173e+01
6.4320555574645596e+01
6.4469365256235307e+01
6.4627531958527300e+01
6.4923633284177129e+01
6.4954158747649615e+01
6.5380748659645874e+01
6.6045032838727167e+01
6.6139329009309691e+01
6.6578977887990192e+01
6.7458808561557433e+01
6.7918970336577090e+01
6.9386019978965365e+01
6.9931697134872934e+01
6.9937658634813488e+01
6.9970984892322434e+01
7.0678539328197900e+01
7.0801140751688294e+01
7.0894086936149378e+01
7.1523918323234923e+01
7.1650428541081610e+01
7.2045647323750671e+01
7.2385383303720886e+01
7.3462167369643254e+01
7.3544139292259985e+01
7.3978684811604253e+01
7.4146229420637752e+01
7.4151859539663093e+01
7.4462719501760603e+01
7.4823452894936779e+01
7.5457907172986708e+01
7.5802854229594715e+01
7.6036722508091046e+01
7.6151700201852094e+01
7.7918739859719025e+01
7.7961239175568551e+01
7.8305544016209240e+01
7.8550812213152881e+01
7.9316482766272017e+01
7.9346910066225945e+01
7.9489786125291246e+01
7.9572893257186152e+01
7.9678785412306752e+01
8.0247888283527743e+01
8.0382601510540127e+01
8.1192923184705833e+01
8.1775103807679599e+01
8.2354548113142016e+01
8.2547312257016671e+01
8.2687897649917460e+01
8.3159835463522739e+01
8.4354885773717783e+01
8.4421409487561206e+01
8.4611287022306001e+01
8.4796484756970727e+01
8.5047955837014285e+01
8.5522941490182944e+01
8.5526805366265691e+01
8.5701747530193728e+01
8.6052091826170113e+01
8.6460321139389947e+01
8.7223227763191503e+01
8.7281393123892357e+01
8.7839340853827593e+01
8.7881437761652180e+01
8.8235773514938487e+01
8.8330054303886016e+01
8.8983129698822026e+01
8.9345877119120757e+01
8.9443177859775560e+01
9.0342984598952199e+01
9.1287860607443150e+01
9.1766229835947286e+01
9.1825074381968335e+01
9.1892375690381229e+01
9.2123902137804677e+01
9.2428257164764986e+01
9.2609328126431990e+01
9.3760577429509965e+01
9.4215118293558604e+01
9.4866647268887675e+01
9.5051143727876351e+01
9.5224921385863851e+01
9.5277535014192068e+01
9.5388993155257651e+01
9.5595391077920326e+01
9.5619098236843513e+01
9.5969736434620899e+01
9.6267212997457364e+01
9.6334716483935694e+01
9.6911537120304459e+01
9.7023645766647789e+01
9.7186835142087048e+01
9.7528261119632901e+01
9.7622262894641992e+01
9.7819087128332086e+01
9.8948648642711987e+01
9.9170123942045180e+01
1.0008430598272153e+02
1.0031659282670159e+02
1.0050076395903193e+02
1.0063854233671701e+02
1.0120379700451086e+02
1.0164873637811912e+02
1.0173251826510653e+02
1.0196765176827809e+02
1.0236948811016316e+02
1.0275015107750231e+02
1.0308691086846272e+02
1.0323248329267140e+02
1.0429411617172805e+02
1.0430846335911410e+02
1.0440648870933951e+02
1.0448063116527240e+02
1.0530993348334934e+02
1.0540766482269503e+02
1.0636703685264123e+02
1.0672241882144061e+02
1.0672949605037651e+02
1.0678578128654372e+02
1.0678641307501191e+02
1.0720733575342403e+02
1.0746482909200571e+02
1.0749281215629914e+02
1.0757219639860443e+02
1.0786470733703219e+02
1.0789061060705926e+02
1.0850623772309747e+02
1.0920277337485814e+02
1.0951637572939237e+02
1.0989922997167214e+02
1.1006062248207392e+02
1.1007334711360372e+02
1.1034532813671943e+02
1.1193653325984360e+02
1.1197548533459037e+02
1.1200177375223555e+02
1.1220616262309612e+02
1.1279301233700812e+02
1.1286160485620844e+02
1.1304205309962205e+02
1.1359217897363328e+02
1.1414496760052053e+02
1.1434901527448851e+02
1.1436514497728811e+02
1.1437073733081682e+02
1.1456041614356052e+02
1.1509176762605134e+02
1.1525367396783379e+02
1.1583749606529858e+02
1.1631253703541748e+02
1.1682013780665730e+02
1.1718167417472569e+02
1.1730786250045347e+02
1.1785550939584995e+02
1.1805869271732261e+02
1.1817878969687762e+02
1.1819511081852025e+02
1.1879303217481845e+02
1.1882782943246912e+02
1.1883252956155678e+02
1.1926814148644030e+02
1.1936232996220507e+02
1.1955837513908639e+02
1.1991802022008203e+02
1.2001351192736880e+02
1.2011893985168963e+02
1.2012677475514737e+02
1.2017824394579380e+02
1.2051876632533163e+02
1.2083724485415337e+02
1.2166670213675154e+02
1.2219463557327742e+02
1.2294697506675331e+02
1.2344831171432662e+02
1.2363986178400556e+02
1.2374706473739020e+02
1.2428547538866191e+02
1.2431514196820143e+02
1.2431741498452290e+02
1.2495510532860061e+02
1.2504496695811346e+02
1.2532507113977219e+02
1.2581254388351981e+02
1.2642725228630943e+02
1.2657945173693295e+02
1.2660556580766675e+02
1.2675001541130950e+02
1.2691864694060293e+02
1.2700048226344565e+02
1.2822010790604716e+02
1.2932245068127216e+02
1.2950494770148421e+02
1.2983856379508001e+02
1.3005902643415325e+02
1.3022395384342474e+02
1.3068007262234738e+02
1.3076244444437461e+02
1.3081438164301596e+02
1.3093667623666468e+02
1.3096080499088436e+02
1.3140439777884484e+02
1.3144083763470161e+02
1.3145962522579995e+02
1.3165186540785555e+02
1.3171272474342433e+02
1.3198922561549273e+02
1.3199165448265188e+02
1.3208688645987138e+02
1.3304039719567535e+02
1.3326716667406296e+02
1.3351763980471344e+02
1.3360547631577626e+02
1.3383279750342106e+02
1.3399156908519356e+02
1.3450424023731196e+02
1.3456333448046669e+02
1.3458265762367429e+02
1.3489279377952820e+02
1.3502557834292512e+02
1.3531151084999931e+02
1.3538209102623230e+02
1.3616997014147094e+02
1.3639483405869996e+02
1.3654343913275392e+02
1.3699734062533801e+02
1.3715296426986953e+02
1.3741488145843360e+02
1.3778950811084744e+02
1.3866409831262408e+02
1.3879594342863638e+02
1.3881891008480352e+02
1.3934978964955144e+02
1.3991699413794259e+02
1.4003723664610516e+02
1.4052741214693637e+02
1.4126729236194504e+02
1.4151570024254283e+02
1.4152595343922368e+02
1.4170932359461614e+02
1.4196840120398585e+02
1.4215102740004076e+02
1.4216043032124946e+02
1.4219009655641960e+02
1.4316280256170171e+02
1.4382276972873751e+02
1.4398633423486567e+02
1.4431937925858324e+02
1.4442990652609845e+02
1.4446325094497962e+02
1.4452574641556436e+02
1.4476779753120607e+02
1.4495436930286593e+02
1.4502027099924811e+02
1.4516454480008372e+02
1.4524319427878041e+02
1.4530962176540262e+02
1.4532021156503819e+02
1.4540660069663468e+02
1.4587386810234977e+02
1.4626481566330057e+02
1.4637571892967225e+02
1.4681250688148805e+02
1.4693079207502075e+02
1.4701577173055421e+02
1.4716363230325183e+02
1.4802866076440077e+02
1.4803834040518947e+02
1.4841029368649734e+02
1.4850302742326036e+02
1.4882258902688571e+02
1.4919986900950917e+02
1.4966884049817264e+02
1.5107819873591461e+02
1.5152159891237156e+02
1.5174158642368090e+02
1.5177281999224820e+02
1.5227535626858202e+02
1.5251842380834518e+02
1.5257001777169722e+02
1.5299517403176415e+02
1.5303080574798284e+02
1.5337454876387133e+02
1.5347658774210419e+02
1.5359353595864545e+02
1.5362649831238900e+02
1.5392558043281647e+02
1.5408472202594785e+02
1.5415042428566224e+02
1.5422135039147182e+02
1.5423949693029488e+02
1.5482802249425075e+02
1.5500020315096666e+02
1.5537621420981154e+02
1.5561200396211768e+02
1.5586167928512739e+02
1.5600599793367638e+02
1.5629869036708970e+02
1.5635017375526053e+02
1.5666257076076727e+02
1.5686548682730205e+02
1.5688590180235562e+02
1.5713178507023767e+02
1.5782701529058360e+02
1.5786903203190911e+02
1.5795997381788192e+02
1.5834959155642460e+02
1.5900228596479002e+02
1.5933327551954079e+02
1.5933898314879036e+02
1.5940891980110428e+02
1.5999541813822751e+02
1.6016764880307872e+02
1.6028467092420775e+02
1.6048995618245112e+02
1.6053589322475602e+02
1.6100816492181559e+02
1.6107919330635210e+02
1.6112021768853435e+02
1.6124392394814438e+02
1.6129269594880728e+02
1.6138606299087695e+02
1.6235047783986676e+02
1.6240609939568745e+02
1.6342217730691593e+02
1.6363272173922306e+02
1.6403841184355582e+02
1.6412939691862098e+02
1.6431129192679592e+02
1.6548206717369939e+02
1.6554106072304606e+02
1.6564646702273745e+02
1.6568874016926176e+02
1.6592299420598189e+02
1.6608446896337597e+02
1.6609395267572685e+02
1.6655876700924489e+02
1.6672408223005152e+02
1.6682639111958463e+02
1.6696245025835199e+02
1.6724498587266396e+02
1.6728236577128331e+02
1.6736026979552855e+02
1.6772582513360138e+02
1.6791287134688258e+02
1.6815781449205400e+02
1.6843771581000146e+02
1.6895362620758235e+02
1.6920541649082054e+02
1.6936472090699630e+02
1.6947806228325030e+02
1.6957993980004775e+02
1.7001004186011099e+02
1.7009471382229722e+02
1.7049557600426044e+02
1.7088113873893579e+02
1.7095302662281333e+02
1.7207801619002572e+02
1.7272077650076736e+02
1.7272683301176653e+02
1.7312732180943368e+02
1.7323924851723260e+02
1.7325454569057220e+02
1.7342410983711247e+02
1.7366819366136565e+02
1.7380784326621020e+02
1.7393281931118565e+02
1.7399721888572424e+02
1.7448999255416308e+02
1.7450692589751102e+02
1.7458537537861156e+02
1.7490548742761638e+02
1.7498162971823660e+02
1.7607398819979161e+02
1.7611864078332084e+02
1.7616750240141374e+02
1.7629457838832562e+02
1.7676627289741182e+02
1.7680720068434817e+02
1.7753052688266783e+02
1.7762152155650355e+02
1.7768023067997214e+02
1.7777610788747683e+02
1.7778971366510831e+02
1.7780376433703853e+02
1.7812418264327439e+02
1.7816736032804874e+02
1.7856045090802425e+02
1.7866735310852619e+02
1.7887787368865048e+02
1.7888429766790910e+02
1.7904220544672759e+02
1.7928100342502304e+02
1.7931869404681416e+02
1.7938892298767723e+02
1.7971861794434449e+02
1.8018248142099606e+02
1.8019065715467039e+02
1.8039176073816699e+02
1.8059535071575331e+02
1.8092609759073883e+02
1.8119227442336475e+02
1.8168414267896540e+02
1.8193730250621329e+02
1.8202217784062719e+02
1.8282542750320513e+02
1.8295845503531177e+02
1.8326740447022658e+02
1.8364050450300982e+02
1.8392501479678762e+02
1.8407880446114288e+02
1.8430056853035191e+02
1.8434809795546778e+02
1.8506055976906291e+02
1.8516401084367260e+02
1.8557078866264888e+02
1.8567710680548080e+02
1.8614424412749366e+02
1.8614835559232097e+02
1.8642066886967609e+02
1.8671791546137644e+02
1.8674794533156731e+02
1.8718874655067651e+02
1.8729403020723279e+02
1.8774854796219685e+02
1.8804792214679756e+02
1.8846849638609618e+02
1.8858375129850577e+02
1.8879177155534069e+02
1.8891760311015608e+02
1.8907558899110327e+02
1.8917070498229177e+02
1.8924756800878350e+02
1.9004322002505171e+02
1.9013013210747127e+02
1.9033979239901365e+02
1.9070866405360761e+02
1.9116233289571991e+02
1.9135625165407779e+02
1.9142148994706071e+02
1.9181251410580975e+02
1.9196272055818395e+02
1.9231903291294881e+02
1.9240412750292140e+02
1.9249344045316590e+02
1.9269822804721593e+02
1.9328880850923224e+02
1.9336806810467840e+02
1.9356186337120928e+02
1.9356616359950797e+02
1.9366319029678979e+02
1.9391917336463121e+02
1.9405961470446147e+02
1.9431627904028608e+02
1.9442515080289627e+02
1.9463987646846866e+02
1.9467833000793806e+02
1.9470405310226775e+02
1.9507100904800478e+02
1.9521144351295894e+02
1.9550574229452104e+02
1.9568338052242396e+02
1.9570361783505336e+02
1.9593989179517772e+02
1.9629558831909148e+02
1.9634338910555419e+02
1.9712878819112069e+02
1.9729917376312446e+02
1.9755444662457714e+02
1.9764698672700393e+02
1.9788404674856980e+02
1.9832829980632636e+02
1.9835238396270876e+02
1.9841790145289266e+02
1.9849270880679077e+02
1.9854356359054256e+02
1.9907747157658096e+02
1.9943471818161285e+02
2.0004494892595483e+02
2.0042028717052946e+02
2.0051628861872109e+02
2.0070780751862387e+02
2.0132128935726936e+02
2.0163120149352719e+02
2.0167804949467015e+02
2.0186361085561964e+02
2.0203998415580648e+02
2.0223396399657986e+02
2.0231206662829919e+02
2.0248733999483966e+02
2.0302528623835144e+02
2.0314668462374735e+02
2.0322931714009661e+02
2.0336062894549852e+02
2.0351538244940227e+02
2.0367194379059782e+02
2.0439784270604289e+02
2.0451200717101582e+02
2.0491726460110996e+02
2.0499393221949740e+02
2.0524756918264131e+02
2.0545717583184944e+02
2.0547409719268813e+02
2.0560388915284420e+02
2.0619022962780249e+02
2.0623637736959748e+02
2.0631643626664294e+02
2.0640602703131182e+02
2.0659046501239658e+02
2.0673136790043750e+02
2.0718186054359728e+02
2.0727526189246404e+02
2.0791636106428521e+02
2.0854842248571578e+02
2.0879002773251457e+02
2.0879614857511379e+02
2.0880285566661871e+02
2.0912665679594303e+02
2.0914460173030326e+02
2.0951614641243367e+02
2.0969556580135264e+02
2.1042098067392453e+02
2.1057224511657077e+02
2.1057386665920220e+02
2.1124619695902388e+02
2.1173179633815380e+02
2.1189675312086584e+02
2.1203026168260973e+02
2.1203573563859788e+02
2.1214717535465624e+02
2.1247218569297249e+02
2.1248205722074374e+02
2.1262308744456212e+02
2.1269658541215372e+02
2.1274009726534268e+02
2.1300254722799596e+02
2.1326965302862396e+02
2.1389603020285472e+02
2.1431634644293501e+02
2.1448112089954844e+02
2.1450063085550602e+02
2.1466318754360134e+02
2.1492181286301144e+02
2.1496632746986722e+02
2.1505211551515652e+02
2.1509577244344879e+02
2.1526277464385711e+02
2.1549580007731254e+02
2.1615271677075648e+02
2.1619420628800981e+02
2.1632653708456908e+02
2.1638606773298054e+02
2.1655148291249890e+02
2.1693227750753874e+02
2.1701197690504253e+02
2.1722046501319403e+02
2.1724205413486359e+02
2.1731735371986528e+02
2.1771272483847974e+02
2.1818297925836552e+02
2.1905746538645536e+02
2.1923801686757335e+02
2.1929449247182006e+02
2.1940188905313883e+02
2.1969516132474229e+02
2.1970021941159905e+02
2.1978810534422013e+02
2.1983595905422311e+02
2.1985475473287491e+02
2.1995839741820024e+02
2.1999472851499058e+02
2.2012551078118244e+02
2.2050752789056702e+02
2.2057914475456022e+02
2.2114184491136697e+02
2.2122124406525344e+02
2.2180308706748431e+02
2.2234468920197105e+02
2.2249515401619411e+02
2.2257853149991959e+02
2.2303919561056708e+02
2.2372696016523068e+02
2.2372812906035105e+02
2.2396532303396501e+02
2.2464584382014058e+02
2.2473460336172525e+02
2.2502950397005671e+02
2.2516031802661465e+02
2.2527149178390428e+02
2.2551015114270558e+02
2.2615120868259825e+02
2.2620292810673106e+02
2.2633730482765472e+02
2.2636569394839256e+02
2.2642063143390962e+02
2.2669684234341901e+02
2.2679433352317676e+02
2.2713187569549720e+02
2.2715538087371783e+02
2.2766193143460976e+02
2.2794446945276800e+02
2.2850451811852392e+02
2.2886070280904323e+02
2.2890327233172411e+02
2.2912015641670934e+02
2.2927826249314890e+02
2.2927892323369815e+02
2.2939006068606164e+02
2.2974383492662827e+02
2.2988667281252893e+02
2.3018161526185727e+02
2.3026234334261287e+02
2.3055761140012359e+02
2.3068407505581342e+02
2.3070400246179955e+02
2.3072177649382022e+02
2.3088403955989696e+02
2.3106528334423112e+02
2.3128402890521454e+02
2.3131247610947665e+02
2.3138984763449247e+02
2.3162401471181744e+02
2.3175435712418704e+02
2.3236722808251068e+02
2.3305637078597331e+02
2.3363298080010352e+02
2.3371595845816086e+02
2.3384451940653270e+02
2.3386987629831117e+02
2.3395363620378657e+02
2.3407557532810202e+02
2.3420675096249502e+02
2.3427951482810505e+02
2.3436420428465880e+02
2.3483724986044456e+02
2.3512375999125180e+02
2.3540725007954745e+02
2.3556320743209125e+02
2.3599396790035954e+02
2.3608506897756240e+02
2.3621430831501365e+02
2.3637529910958224e+02
2.3668890442256856e+02
2.3681485817453756e+02
2.3722669174570666e+02
2.3742503473684496e+02
2.3748529368587663e+02
2.3842931364485239e+02
2.3856235513896476e+02
2.3896382895290756e+02
2.3912122462946311e+02
2.3914342827624807e+02
2.3915380490932461e+02
2.3935829850336347e+02
2.3940066220830974e+02
2.3974549464274520e+02
2.3990251883269326e+02
2.4058533227339359e+02
2.4083460093090790e+02
2.4085725967963592e+02
2.4086629577521339e+02
2.4087506630613626e+02
2.4094254901336501e+02
2.4101769795958094e+02
2.4123746076246513e+02
2.4125974231912664e+02
2.4171937886267287e+02
2.4180751533946983e+02
2.4220071617749556e+02
2.4298213591060957e+02
2.4307115424094300e+02
2.4334921994815710e+02
2.4339549158260698e+02
2.4343619811151680e+02
2.4354407668344197e+02
2.4374105250676388e+02
2.4391973530021147e+02
2.4395765500873773e+02
2.4416367553418948e+02
2.4418290088759403e+02
2.4429129675469946e+02
2.4439391697595076e+02
2.4454212542192278e+02
2.4476198460017588e+02
2.4515947351155168e+02
2.4605681327761440e+02
2.4618806482439140e+02
2.4638405431896936e+02
2.4689479982337357e+02
2.4753340897411135e+02
2.4768366867936842e+02
2.4780621417400917e+02
2.4785510970801684e+02
2.4827878289287000e+02
2.4834038589932004e+02
2.4855717210948677e+02
2.4874413719590029e+02
2.4875083629973412e+02
2.4885660646134193e+02
2.4887903717369781e+02
2.4906869583714965e+02
2.4924449184869917e+02
2.4933903488132475e+02
2.4991059910676432e+02
2.5085575121802270e+02
2.5107702956001415e+02
2.5121692501057962e+02
2.5155916180888698e+02
2.5176311275504762e+02
2.5184158010354423e+02
2.5213825353508423e+02
2.5243234441487357e+02
2.5243825383498353e+02
2.5330549807436958e+02
2.5362715647806891e+02
2.5371997195744771e+02
2.5374721678930933e+02
2.5405748202017097e+02
2.5406906242606897e+02
2.5408141482079228e+02
2.5409358891304061e+02
2.5420686480945866e+02
2.5435027641029103e+02
2.5473735445039461e+02
2.5475236617057391e+02
2.5499415668456351e+02
2.5504082830425622e+02
2.5528978881085061e+02
2.5546085619096434e+02
2.5593639406067658e+02
2.5595773393575081e+02
2.5610261242689899e+02
2.5628234337488590e+02
2.5639416872677288e+02
2.5643975996807006e+02
2.5655121071856570e+02
2.5674374013698275e+02
2.5700181209768311e+02
2.5707561240443533e+02
2.5724067847311153e+02
2.5729076293488959e+02
2.5750261676012889e+02
2.5819335577961294e+02
2.5846490809665784e+02
2.5853326938282049e+02
2.5856778349752881e+02
2.5909532275216321e+02
2.5919938084817613e+02
2.5942078806597897e+02
2.5983117326163307e+02
2.5985133324695289e+02
2.6003809627763644e+02
2.6008758260267768e+02
2.6075307962017837e+02
2.6135447474770461e+02
2.6145895500155399e+02
2.6169003528105065e+02
2.6178995572168634e+02
2.6222197343607741e+02
2.6269624881698195e+02
2.6270049309391641e+02
2.6310742631133951e+02
2.6345464326687693e+02
2.6371985200962342e+02
2.6378071649786784e+02
2.6385545987770888e+02
2.6386587115440250e+02
2.6399299584593734e+02
2.6408471051975152e+02
2.6410661156280065e+02
2.6416487639530880e+02
2.6418102023035203e+02
2.6449033779628257e+02
2.6458515904221599e+02
2.6460348857912430e+02
2.6461800428006939e+02
2.6487998010010079e+02
2.6530351575387363e+02
2.6553496127246427e+02
2.6570546834496355e+02
2.6579689514252271e+02
2.6595219879050927e+02
2.6724789256787597e+02
2.6743616054235008e+02
2.6784158284728858e+02
2.6823588043422046e+02
2.6824498298687706e+02
2.6825168074487289e+02
2.6827113057405245e+02
2.6888722780566252e+02
2.6892877694543171e+02
2.6894008426156046e+02
2.6902480055713755e+02
2.6903105115226134e+02
2.6907851631072720e+02
2.6930971176367387e+02
2.6957063169792519e+02
2.7005377225224044e+02
2.7020030167363370e+02
2.7035029956591910e+02
2.7072089080344017e+02
2.7123704158282783e+02
2.7146677432966766e+02
2.7152472234318839e+02
2.7162336584298868e+02
2.7172931390300153e+02
2.7181962453062260e+02
2.7204480343708929e+02
2.7224406378739121e+02
2.7235762587164658e+02
2.7252880255632857e+02
2.7271818396208357e+02
2.7271964137883032e+02
2.7366722799805046e+02
2.7403358053136924e+02
2.7412602274096810e+02
2.7448016898718527e+02
2.7463463926440613e+02
2.7481410444231716e+02
2.7516274287627920e+02
2.7551299285483623e+02
2.7559151402370804e+02
2.7561191095410788e+02
2.7584540015452529e+02
2.7586033821575734e+02
2.7605861973374761e+02
2.7613583241330770e+02
2.7615909720093180e+02
2.7620217442959415e+02
2.7635260607268810e+02
2.7660071580206949e+02
2.7744493599352666e+02
2.7755843550703526e+02
2.7764973330833203e+02
2.7772407148928551e+02
2.7835741616702859e+02
2.7888415244062122e+02
2.7898355430624997e+02
2.7918361087114289e+02
2.7951968746449012e+02
2.7981822671874630e+02
2.7996047883277828e+02
2.8011873212603285e+02
2.8014978400780012e+02
2.8030592446390295e+02
2.8059138185451309e+02
2.8063918303279888e+02
2.8068539850865710e+02
2.8102695859502654e+02
2.8156662818972336e+02
2.8185483572810739e+02
2.8191245838133227e+02
2.8229460841617691e+02
2.8236866785006617e+02
2.8237433509716885e+02
2.8243950415999751e+02
2.8248246690829495e+02
2.8268572400846784e+02
2.8284982607582816e+02
2.8299719643624496e+02
2.8321978355477762e+02
2.8330205291773882e+02
2.8376743977668156e+02
2.8380780629137627e+02
2.8458426022581449e+02
2.8459590052023697e+02
2.8472764701022146e+02
2.8481963931008289e+02
2.8488751282384732e+02
2.8494476578307359e+02
2.8532929990637103e+02
2.8533148715129227e+02
2.8535436603327304e+02
2.8562012986816831e+02
2.8587994278402846e+02
2.8602256237354294e+02
2.8642963367241623e+02
2.8659815258697461e+02
2.8703563634511323e+02
2.8717240447870790e+02
2.8811068052140297e+02
2.8811649858412238e+02
2.8835832146903078e+02
2.8842039162836028e+02
2.8849152780661996e+02
2.8877896975203333e+02
2.8879612176456567e+02
2.8907331246889845e+02
2.8913212554713243e+02
2.8955315041551268e+02
2.8958831523737729e+02
2.8969709706040203e+02
2.8975974465924304e+02
2.8982438334545856e+02
2.9004001972895492e+02
2.9013470190883265e+02
2.9058547078735705e+02
2.9076451058619978e+02
2.9081139430882945e+02
2.9096079972846121e+02
2.9126424262372831e+02
2.9147571416850883e+02
2.9154635779065819e+02
2.9171312176872112e+02
2.9178544410220542e+02
2.9212074470974517e+02
2.9281695826985873e+02
2.9399058577651908e+02
2.9439340576972745e+02
2.9451676314570511e+02
2.9467779785250622e+02
2.9471077434921989e+02
2.9486847006118694e+02
2.9504060149705691e+02
2.9517326038612845e+02
2.9547026980842645e+02
2.9608738773666909e+02
2.9615133265774716e+02
2.9616404566147582e+02
2.9631372482085413e+02
2.9657764449263021e+02
2.9671263492707612e+02
2.9674213905780630e+02
2.9704397403651024e+02
2.9727525320329016e+02
2.9735575994469400e+02
2.9739077093711751e+02
2.9751120822381000e+02
2.9771354641182194e+02
2.9784807358961382e+02
2.9790082353495785e+02
2.9803090411318965e+02
2.9832219240437013e+02
2.9833539821177430e+02
2.9840547809265104e+02
2.9844648803987531e+02
2.9881925108863919e+02
2.9882809096788145e+02
2.9914608048384451e+02
2.9923377369370570e+02
2.9988471159335023e+02
2.9999544050122739e+02
3.0076171260950247e+02
3.0105832914641621e+02
3.0151196753028501e+02
3.0155994319441567e+02
3.0185080270938920e+02
3.0190285179695599e+02
3.0195913204724610e+02
3.0211244224537853e+02
3.0240082689094083e+02
3.0248276315469383e+02
3.0271461713068749e+02
3.0299164144726001e+02
3.0310972167191062e+02
3.0312363358849859e+02
3.0347994949078969e+02
3.0356162043927719e+02
3.0371142889055926e+02
3.0376707622087565e+02
3.0391808664260748e+02
3.0393142050678381e+02
3.0495575386918136e+02
3.0516016407267205e+02
3.0524646079342136e+02
3.0532808986113906e+02
3.0558119068423662e+02
3.0590522255161687e+02
3.0595398286625976e+02
3.0613178917366213e+02
3.0649399909931293e+02
3.0650305532638959e+02
3.0651010075978979e+02
3.0679044191343570e+02
3.0687831686675145e+02
3.0749893838273960e+02
3.0769539357011155e+02
3.0784463050062629e+02
3.0805665394226543e+02
3.0840679262687024e+02
3.0849427130832214e+02
3.0864861562123673e+02
3.0869774541634729e+02
3.0911802614903786e+02
3.0924637245546359e+02
3.0932593796591357e+02
3.0958141385342134e+02
3.1012298316029546e+02
3.1051102213311020e+02
3.1053976438935462e+02
3.1059983073228415e+02
3.1075827177578242e+02
3.1115678138532377e+02
3.1115865370359876e+02
3.1140784395009121e+02
3.1141885449181632e+02
3.1144918431909502e+02
3.1149896660671027e+02
3.1279487638376321e+02
3.1279855620534647e+02
3.1295474177039023e+02
3.1301798174793720e+02
3.1332420157475889e+02
3.1377255713305112e+02
3.1390184889163368e+02
3.1407425716467986e+02
3.1414740265210145e+02
3.1478127292633616e+02
3.1479517106930757e+02
3.1488533641476414e+02
3.1547784776781231e+02
3.1547882073133354e+02
3.1549409063140126e+02
3.1556737265697205e+02
3.1564682056226565e+02
3.1564704254874772e+02
3.1564772727857371e+02
3.1618582410243431e+02
3.1647477005674421e+02
3.1658736468657975e+02
3.1676925384363784e+02
3.1681492302773660e+02
3.1697993813523743e+02
3.1708907684172033e+02
3.1715496748012225e+02
3.1754400960788001e+02
3.1760138474735396e+02
3.1766449633801341e+02
3.1804223099496119e+02
3.1812583120937171e+02
3.1825347760138874e+02
3.1886082427034171e+02
3.1901709982927372e+02
3.1916895630176680e+02
3.1925610046014140e+02
3.1956118096018872e+02
3.1961914997781099e+02
3.1992356926369774e+02
3.2030573876978474e+02
3.2067162571728284e+02
3.2099824837010499e+02
3.2114367917504541e+02
3.2131679680471353e+02
3.2132026292972233e+02
3.2167393684732383e+02
3.2196223707630054e+02
3.2266235760171691e+02
3.2267928135441815e+02
3.2286078276481663e+02
3.2308651383545447e+02
3.2318620502321573e+02
3.2319167194731421e+02
3.2334185472612666e+02
3.2351536377460423e+02
3.2404683707977631e+02
3.2413406706564467e+02
3.2416147780369988e+02
3.2416876998067698e+02
3.2425647702622553e+02
3.2459715990422978e+02
3.2524441386627433e+02
3.2547039328856550e+02
3.2552333509870010e+02
3.2553644951949417e+02
3.2593283351246208e+02
3.2636772700022891e+02
3.2673785045461716e+02
3.2695137646623402e+02
3.2698967910612623e+02
3.2726043086153163e+02
3.2761433794354031e+02
3.2778270710085133e+02
3.2792638848374708e+02
3.2811025082365637e+02
3.2819218845154506e+02
3.2837729279016008e+02
3.2855199305692884e+02
3.2879455141047492e+02
3.2948790698782489e+02
3.2956358028764646e+02
3.2956920159344872e+02
3.2968961972328128e+02
3.2980168731771232e+02
3.2995123187115286e+02
3.2995747371731574e+02
3.2996684438349052e+02
3.3037091445201224e+02
3.3054990871121652e+02
3.3068753142488100e+02
3.3152500538616977e+02
3.3167203207129785e+02
3.3184136775227410e+02
3.3189471826051715e+02
3.3232601308473750e+02
3.3250614030819139e+02
3.3270608699403385e+02
3.3304510854385808e+02
3.3305922736463845e+02
3.3332741780782470e+02
3.3344800918381179e+02
3.3358944993217278e+02
3.3361641989441927e+02
3.3409636493727157e+02
3.3439799404755377e+02
3.3468261036618492e+02
3.3474565601426440e+02
3.3480763303212495e+02
3.3481752814501084e+02
3.3496162974728401e+02
3.3572484447803475e+02
3.3574534121236718e+02
3.3579551464123830e+02
3.3598267770133981e+02
3.3609716747787019e+02
3.3610566344281068e+02
3.3615812685612815e+02
3.3615984319434199e+02
3.3628763623588179e+02
3.3659347167050902e+02
3.3659528519062928e+02
3.3700207290790689e+02
3.3719097587695944e+02
3.3733200731990388e+02
3.3767558473601389e+02
3.3812499621437325e+02
3.3834791818457217e+02
3.3859906271147503e+02
3.3872899896990924e+02
3.3886819246947113e+02
3.3901131078214217e+02
3.3915237450252090e+02
3.3915316787312008e+02
3.3956987939452603e+02
3.3981753148972007e+02
3.3982827203320920e+02
3.4032004669204588e+02
3.4087567632658767e+02
3.4127089894423568e+02
3.4144621845356284e+02
3.4159057365041161e+02
3.4204145980330696e+02
3.4218249079687223e+02
3.4236625690950746e+02
3.4242195951505818e+02
3.4329236875108711e+02
3.4354372721325302e+02
3.4358240483736847e+02
3.4376650465081235e+02
3.4407242576535475e+02
3.4413834300596739e+02
3.4414846813273670e+02
3.4415074319153001e+02
3.4421631756219949e+02
3.4486816037356795e+02
3.4512710834818932e+02
3.4514177815031854e+02
3.4514229643848512e+02
3.4515807705024764e+02
3.4519570400386243e+02
3.4523069870207621e+02
3.4557915592638830e+02
3.4585005091984681e+02
3.4606423131832190e+02
3.4633100384453002e+02
3.4671987434999045e+02
3.4700906682462482e+02
3.4703724634626440e+02
3.4731676423253055e+02
3.4750780471715967e+02
3.4756019352575782e+02
3.4765314148086765e+02
3.4765736531242703e+02
3.4836098711960955e+02
3.4870966880364216e+02
3.4905210121307590e+02
3.4920467596960583e+02
3.4948738078086035e+02
3.4960716206621868e+02
3.4994030220842336e+02
3.5051965678459180e+02
3.5062743583309680e+02
3.5069632627986550e+02
3.5086626648107506e+02
3.5092150660150503e+02
3.5133223787821447e+02
3.5165488458489290e+02
3.5193892927233338e+02
3.5225605100886224e+02
3.5246468173158416e+02
3.5251276119370044e+02
3.5258098244168252e+02
3.5265891352876588e+02
3.5278479467137549e+02
3.5279654672867758e+02
3.5297992475666621e+02
3.5320190248211355e+02
3.5325530148455300e+02
3.5353884308931788e+02
3.5371908410991801e+02
3.5373494947224975e+02
3.5389190644552582e+02
3.5407016413384503e+02
3.5413861513971068e+02
3.5421219977348278e+02
3.5432980085159591e+02
3.5476908219295007e+02
3.5496592760786706e+02
3.5502610157463994e+02
3.5507684644894221e+02
3.5519995759041734e+02
3.5556650530347076e+02
3.5559713191704884e+02
3.5575942031102221e+02
3.5580087241831063e+02
3.5581916390434202e+02
3.5627677027608632e+02
3.5690151905780937e+02
3.5712880959581548e+02
3.5742788726723177e+02
3.5750015236808338e+02
3.5781773190992817e+02
3.5807907284032711e+02
3.5827145247714861e+02
3.5860621120947889e+02
3.5919473477042993e+02
3.5938790723358369e+02
3.5963433628218837e+02
3.5990912253649969e+02
3.6000469112720236e+02
3.6003455857960927e+02
3.6031724094423959e+02
3.6099110118319754e+02
3.6122215228221569e+02
3.6137959470984549e+02
3.6181701318573840e+02
3.6187026573648228e+02
3.6217457481057681e+02
3.6229852129324121e+02
3.6327554489594360e+02
3.6335396498620935e+02
3.6345602133809331e+02
3.6372659868887723e+02
3.6387574574191308e+02
3.6391215855392539e+02
3.6404650244927313e+02
3.6410049840268061e+02
3.6430749190208422e+02
3.6460179164029296e+02
3.6490007489608701e+02
3.6495073282226366e+02
3.6528653008707755e+02
3.6540755025741998e+02
3.6552295008956986e+02
3.6567424798419393e+02
3.6600464702645235e+02
3.6604097447575435e+02
3.6645569174647551e+02
3.6652599405822889e+02
3.6652823234499715e+02
3.6660636281925144e+02
3.6695211045119305e+02
3.6728688520388187e+02
3.6731654130280862e+02
3.6788323114363044e+02
3.6797665754822282e+02
3.6798082435042591e+02
3.6800996558521399e+02
3.6816832039528339e+02
3.6821215963348982e+02
3.6828229425775231e+02
3.6831014823199473e+02
3.6855383858174343e+02
3.6867917347744213e+02
3.6869191631997001e+02
3.6879308676950018e+02
3.6922666623432775e+02
3.6951242764503729e+02
3.7046444675731738e+02
3.7077996662016409e+02
3.7090939264494926e+02
3.7091877049243374e+02
3.7098287255950441e+02
3.7120611116349551e+02
3.7124960179200684e+02
3.7221465622773343e+02
3.7231217895542261e+02
3.7247772152062328e+02
3.7276704920614225e+02
3.7281912025852370e+02
3.7296303466656667e+02
3.7317386038004003e+02
3.7337757788285364e+02
3.7354038913730318e+02
3.7405747400973490e+02
3.7440737350854761e+02
3.7447037110058443e+02
3.7458828702667154e+02
3.7460853885487978e+02
3.7461391703651555e+02
3.7480602430502125e+02
3.7487434219538096e+02
3.7494486702475552e+02
3.7526461399429672e+02
3.7539294626006830e+02
3.7557670764052159e+02
3.7569679685157263e+02
3.7589697173982529e+02
3.7602112359837105e+02
3.7609066176194312e+02
3.7636892591672444e+02
3.7687304183551612e+02
3.7698581113469078e+02
3.7701309496681682e+02
3.7724560235790813e+02
3.7760638304578168e+02
3.7784000391202721e+02
3.7786987859664254e+02
3.7822126179782890e+02
3.7936344152981479e+02
3.7948422224648016e+02
3.7975584640293215e+02
3.8004291527430985e+02
3.8089922753935798e+02
3.8108622779392573e+02
3.8123585800809320e+02
3.8124962398848658e+02
3.8137581635810784e+02
3.8162473138433739e+02
3.8163225613664247e+02
3.8173239309706867e+02
3.8175559372977199e+02
3.8208278535553819e+02
3.8216352574210737e+02
3.8231469448310725e+02
3.8258295819760474e+02
3.8263236086908660e+02
3.8317462271567547e+02
3.8339513778681805e+02
3.8382108513465835e+02
3.8387031466462702e+02
3.8395230430533695e+02
3.8420802801742730e+02
3.8422505895630610e+02
3.8437185657993143e+02
3.8450820317333853e+02
3.8464376523222779e+02
3.8482172176425593e+02
3.8494386904548219e+02
3.8510079889395217e+02
3.8524529695470756e+02
3.8531507095226885e+02
3.8552571524659186e+02
3.8576746381207442e+02
3.8592905365483568e+02
3.8617778166359307e+02
3.8641173823244537e+02
3.8647108160065306e+02
3.8648336199981213e+02
3.8652807744308944e+02
3.8667666299787504e+02
3.8701255945219140e+02
3.8719824956773357e+02
3.8726048840970640e+02
3.8787324839288868e+02
3.8789595726119228e+02
3.8838099824278214e+02
3.8845940897111382e+02
3.8855140044158219e+02
3.8901919624473175e+02
3.8923328375140295e+02
3.8932258195301017e+02
3.8937416203422430e+02
3.8984335132580605e+02
3.8984582344475672e+02
3.9012882271572158e+02
3.9015265006723581e+02
3.9027815642471393e+02
3.9049886741860985e+02
3.9091924137310082e+02
3.9117665959657603e+02
3.9131459146687456e+02
3.9143906385341893e+02
3.9149275399456792e+02
3.9172281471337067e+02
3.9199302720949993e+02
3.9236099334532946e+02
3.9266960962493744e+02
3.9298696457400700e+02
3.9323577740511763e+02
3.9339477120695858e+02
3.9367316834126689e+02
3.9433045538242919e+02
3.9433252192210409e+02
3.9461722282817607e+02
3.9484714868183852e+02
3.9489309580972491e+02
3.9530245348572402e+02
3.9551282535119179e+02
3.9578823264608604e+02
3.9610162880359383e+02
3.9611974094289747e+02
3.9612744225639045e+02
3.9692964429799389e+02
3.9714600190941167e+02
3.9721420146189979e+02
3.9722861171170757e+02
3.9749846243514429e+02
3.9771779878040377e+02
3.9791075581407529e+02
3.9799171141503501e+02
3.9832581132686630e+02
3.9911939437186379e+02
3.9912213321757076e+02
3.9939850044148892e+02
3.9961681962543770e+02
3.9977441217278283e+02
3.9996186807684501e+02
4.0001427325507450e+02
4.0030228445568923e+02
4.0053918592519517e+02
4.0062561313532643e+02
4.0086370687554694e+02
4.0112929960549917e+02
4.0178211788980985e+02
4.0186456696574237e+02
4.0197181341586833e+02
4.0204442038038013e+02
4.0210117863257119e+02
4.0259299265754618e+02
4.0300267533403434e+02
4.0301058683189700e+02
4.0306809723541471e+02
4.0307783294087778e+02
4.0317604504081510e+02
4.0322202893866523e+02
4.0331921238030088e+02
4.0346543164867035e+02
4.0361755940960330e+02
4.0366171785533771e+02
4.0414195249338098e+02
4.0455476382285764e+02
4.0457637510230063e+02
4.0506983256712141e+02
4.0540696230282475e+02
4.0546060560707639e+02
4.0567046377931371e+02
4.0574885725899424e+02
4.0583010527856743e+02
4.0599686545724177e+02
4.0600160906070687e+02
4.0613280990443963e+02
4.0681891506622947e+02
4.0682889607998970e+02
4.0687487073086083e+02
4.0716291769011974e+02
4.0750530867947333e+02
4.0761106016923486e+02
4.0763392139160476e+02
4.0796638206093536e+02
4.0799935826231331e+02
4.0837888053004082e+02
4.0840308597274390e+02
4.0851642168070128e+02
4.0941507669432735e+02
4.0944035267793623e+02
4.0982417081720075e+02
4.0991959524940751e+02
4.1014478585817557e+02
4.1031929306377140e+02
4.1033185616042084e+02
4.1076463140861608e+02
4.1078073800429291e+02
4.1089297808475715e+02
4.1132953366046706e+02
4.1167313587177171e+02
4.1181592297899869e+02
4.1201873609296450e+02
4.1218464132952795e+02
4.1228793467518892e+02
4.1229068584128851e+02
4.1241917524709703e+02
4.1297923326564649e+02
4.1300532144881379e+02
4.1341515219778029e+02
4.1344182448424004e+02
4.1358426290013978e+02
4.1363815097208357e+02
4.1437995360963652e+02
4.1445679341560879e+02
4.1447494446027406e+02
4.1458011694889319e+02
4.1462758175377530e+02
4.1486139332951046e+02
4.1505021239302152e+02
4.1568700388833918e+02
4.1614089659956801e+02
4.1615253664892202e+02
4.1642396237452357e+02
4.1653940924826958e+02
4.1695602010719489e+02
4.1724623559817883e+02
4.1744965750284371e+02
4.1779375575200470e+02
4.1801574730731244e+02
4.1811724287501465e+02
4.1839189347616423e+02
4.1840890576555631e+02
4.1875653756258578e+02
4.1885177586864728e+02
4.1895453970852833e+02
4.1942815319112049e+02
4.1953400944046081e+02
4.2018004232050362e+02
4.2041263747465860e+02
4.2041290684931414e+02
4.2041291455164423e+02
4.2060292815135529e+02
4.2073423357163085e+02
4.2075932839120344e+02
4.2112591948218761e+02
4.2128711498586222e+02
4.2129935608274957e+02
4.2154967514130294e+02
4.2176833973754327e+02
4.2216147728208114e+02
4.2216847659949400e+02
4.2254567307871724e+02
4.2309103231688624e+02
4.2346030929230238e+02
4.2353207194419213e+02
4.2354124143638347e+02
4.2382057725768419e+02
4.2415863369560901e+02
4.2421380683898491e+02
4.2430339597107849e+02
4.2456880706104977e+02
4.2473573569590195e+02
4.2475679974327568e+02
4.2495212854423465e+02
4.2496441748285815e+02
4.2512903496285963e+02
4.2613002422172474e+02
4.2617845089581044e+02
4.2649530203509590e+02
4.2686214883845611e+02
4.2729473160326910e+02
4.2748517250437607e+02
4.2756786318876755e+02
4.2788492971267658e+02
4.2797296180349110e+02
4.2817636235539607e+02
4.2821218939558889e+02
4.2838751866196270e+02
4.2861216536480703e+02
4.2864928871225203e+02
4.2915047895151230e+02
4.2946326003578309e+02
4.2948690437491263e+02
4.2951220659170309e+02
4.2956268489888112e+02
4.2967933820750773e+02
4.3007991671683908e+02
4.3014376353808706e+02
4.3036940284839346e+02
4.3069094065083777e+02
4.3071139081157986e+02
4.3071488693938448e+02
4.3082901611719490e+02
4.3158441071091352e+02
4.3176902607698042e+02
4.3179426589765802e+02
4.3188930789847501e+02
4.3199423548832902e+02
4.3226977830415262e+02
4.3247951614322778e+02
4.3266622242060686e+02
4.3325531329880891e+02
4.3338103283083609e+02
4.3378945785287965e+02
4.3418926650594591e+02
4.3433192853376909e+02
4.3447865043770065e+02
4.3484200594689042e+02
4.3505664452859423e+02
4.3516788503669795e+02
4.3517811848963140e+02
4.3523375146655781e+02
4.3604228666156087e+02
4.3633187456993187e+02
4.3665155049044762e+02
4.3695018037605286e+02
4.3746308393048832e+02
4.3758134939149329e+02
4.3758723993234435e+02
4.3763521425541546e+02
4.3797348832362394e+02
4.3807153823135855e+02
4.3835585932068670e+02
4.3856890329319197e+02
4.3871223614487440e+02
4.3890355770002287e+02
4.3893770656981809e+02
4.3905997771375149e+02
4.3916928326448641e+02
4.3917158779276065e+02
4.3947716030060832e+02
4.3950379253282586e+02
4.3956268132853410e+02
4.3975277970292063e+02
4.4004589558138298e+02
4.4037760129890989e+02
4.4082541719064454e+02
4.4109900387589323e+02
4.4117170517911399e+02
4.4134423289371188e+02
4.4161994905041428e+02
4.4163113848071157e+02
4.4175837120174634e+02
4.4196680689464188e+02
4.4318630555154061e+02
4.4339244989937038e+02
4.4339381583164084e+02
4.4345021331864092e+02
4.4366246921314831e+02
4.4379672923468843e+02
4.4389564782461201e+02
4.4389613237209437e+02
4.4410208274180235e+02
4.4418579283726893e+02
4.4430282284833572e+02
4.4447292559355901e+02
4.4484097532776440e+02
4.4488385184188843e+02
4.4493018480015769e+02
4.4537779752023727e+02
4.4571140938226239e+02
4.4596473279266428e+02
4.4603967032827427e+02
4.4674642015077853e+02
4.4704851566045181e+02
4.4721777221344178e+02
4.4744855601374616e+02
4.4748943061342118e+02
4.4775507287719984e+02
4.4791282553943307e+02
4.4807140655588216e+02
4.4822778314088850e+02
4.4837988624768525e+02
4.4914956181414846e+02
4.4937464746838498e+02
4.4947004669980078e+02
4.4952952999559545e+02
4.4987953570742064e+02
4.5000686831403010e+02
4.5017326070782394e+02
4.5037879413365505e+02
4.5039181166441773e+02
4.5062036014048908e+02
4.5083447602680428e+02
4.5110556177235162e+02
4.5119106165336632e+02
4.5130670653462295e+02
4.5133549018667424e+02
4.5139024445470523e+02
4.5139228791088863e+02
4.5208194912406981e+02
4.5210070751298821e+02
4.5242962376259374e+02
4.5262837260487021e+02
4.5265315263367006e+02
4.5272211552647587e+02
4.5310606979299791e+02
4.5350773411570896e+02
4.5360957290988591e+02
4.5402145728836655e+02
4.5423812446003058e+02
4.5451837809145189e+02
4.5490236044084935e+02
4.5534355367089324e+02
4.5552694088997356e+02
4.5574129032806212e+02
4.5610131556140436e+02
4.5615178855183325e+02
4.5638937927796542e+02
4.5651321322152921e+02
4.5684529890425631e+02
4.5717700209899436e+02
4.5753986814897280e+02
4.5781880927994712e+02
4.5805260291881291e+02
4.5812931085393188e+02
4.5829935157400172e+02
4.5846350081238444e+02
4.5864924148993140e+02
4.5879660384008696e+02
4.5892692724447130e+02
4.5893489140815672e+02
4.5894025541203189e+02
4.5900448359111715e+02
4.5904527546292672e+02
4.5921880775475267e+02
4.5923512222903867e+02
4.5951521146958413e+02
4.6000961028241647e+02
4.6070350348392412e+02
4.6079873338890894e+02
4.6107077367237696e+02
4.6121294678745858e+02
4.6130368117937900e+02
4.6214537972100237e+02
4.6226561934807830e+02
4.6246792167344444e+02
4.6247547814875935e+02
4.6267582100319731e+02
4.6301856433359234e+02
4.6324558099248213e+02
4.6345802493518266e+02
4.6388629628606463e+02
4.6431999683447475e+02
4.6515322458663263e+02
4.6515810004716684e+02
4.6541028872779020e+02
4.6557584751806775e+02
4.6589056944089174e+02
4.6592148788161484e+02
4.6608286264517125e+02
4.6657008075140965e+02
4.6684584271285638e+02
4.6697780927040964e+02
4.6711093038210839e+02
4.6714168874929675e+02
4.6737293667728795e+02
4.6746844766415177e+02
4.6753654372775520e+02
4.6821857518116951e+02
4.6823833677580222e+02
4.6843695858048335e+02
4.6867706365031364e+02
4.6874708687835971e+02
4.6882775201828247e+02
4.6897914973099927e+02
4.6922137437923362e+02
4.6969222358195162e+02
4.6971941088255204e+02
4.6998936599660334e+02
4.6999128206354726e+02
4.7037668401513673e+02
4.7085256243084353e+02
4.7090032350516299e+02
4.7093213923801540e+02
4.7112317951663385e+02
4.7115774814106408e+02
4.7115983322334699e+02
4.7155512758847260e+02
4.7163758846476793e+02
4.7182061818034668e+02
4.7237185026810778e+02
4.7242903272913799e+02
4.7258457409325331e+02
4.7303701812079879e+02
4.7331038361534684e+02
4.7343759175423065e+02
4.7344177433561100e+02
4.7354345247974396e+02
4.7356542372932671e+02
4.7367582953270988e+02
4.7369548115723052e+02
4.7375946516440132e+02
4.7397064573066081e+02
4.7398351053740947e+02
4.7427895693950779e+02
4.7464300194742134e+02
4.7467111395827266e+02
4.7486540693921211e+02
4.7551173588844233e+02
4.7552403009817635e+02
4.7586417991970063e+02
4.7604467389622357e+02
4.7670733567367722e+02
4.7671151183865129e+02
4.7671784943513507e+02
4.7753129071268614e+02
4.7757526768664712e+02
4.7766512408686941e+02
4.7768867436760655e+02
4.7769574792063628e+02
4.7777364334006739e+02
4.7805746367096646e+02
4.7810957544604264e+02
4.7839427530858228e+02
4.7846275389226048e+02
4.7861564544334129e+02
4.7884519347334862e+02
4.7939842329334948e+02
4.7980735387792731e+02
4.7984805490072210e+02
4.8057095034784112e+02
4.8069622788749916e+02
4.8072940161565742e+02
4.8099070610646282e+02
4.8103957829431715e+02
4.8121600297036400e+02
4.8139945123857666e+02
4.8157663600932125e+02
4.8183549300690669e+02
4.8188500666854105e+02
4.8196627100178841e+02
4.8267423176586055e+02
4.8267915380377366e+02
4.8288059105026451e+02
4.8358720003100154e+02
4.8364828133974777e+02
4.8407182833700341e+02
4.8429363456758148e+02
4.8437962475823775e+02
4.8494896767543861e+02
4.8499947640112117e+02
4.8521293665953351e+02
4.8560194248126783e+02
4.8570530133150766e+02
4.8588796744932375e+02
4.8591784898734437e+02
4.8605503075731718e+02
4.8641659491005674e+02
4.8653336117792065e+02
4.8661399241924533e+02
4.8697471619939648e+02
4.8714413016143266e+02
4.8754417471618075e+02
4.8757252661909206e+02
4.8767022302125309e+02
4.8822828326951509e+02
4.8893017752138718e+02
4.8901389089379188e+02
4.8951543862214169e+02
4.8992002887037120e+02
4.9013781990360070e+02
4.9026719047737367e+02
4.9058484164388921e+02
4.9071398497040360e+02
4.9077100641067295e+02
4.9094622137208239e+02
4.9107744091095373e+02
4.9116805330322291e+02
4.9118430996708884e+02
4.9128717583618032e+02
4.9140928984287655e+02
4.9176574328624230e+02
4.9185227253176254e+02
4.9193205946159475e+02
4.9195731218237944e+02
4.9200113179643353e+02
4.9272521269376000e+02
4.9295569215342960e+02
4.9318496869837503e+02
4.9342027125768834e+02
4.9353777440595383e+02
4.9426015942714116e+02
4.9447702187692715e+02
4.9486241252689223e+02
4.9508457825968810e+02
4.9511293778030517e+02
4.9513534966538305e+02
4.9540246113104445e+02
4.9548898430466005e+02
4.9549856792136586e+02
4.9559977014596836e+02
4.9596760285913444e+02
4.9656202217925221e+02
4.9680655792088805e+02
4.9689705373024776e+02
4.9700350872905472e+02
4.9705785903669255e+02
4.9760714180351738e+02
4.9810142254161639e+02
4.9810671124212917e+02
4.9813909978903337e+02
4.9826767147427495e+02
4.9827389813302011e+02
4.9903156302118890e+02
4.9906589281998345e+02
4.9920584759639763e+02
4.9929505659261406e+02
4.9976542931363463e+02
4.9982477097875119e+02
4.9995731705535644e+02
4.9998569080798273e+02
5.0017138237257166e+02
5.0023694028338178e+02
5.0028930171723414e+02
5.0048915075066418e+02
5.0056684786438780e+02
5.0088057835017821e+02
5.0123249566513630e+02
5.0153454279555712e+02
5.0159223606171713e+02
5.0184521809694547e+02
5.0263981971860227e+02
5.0370051262764855e+02
5.0374091081733849e+02
5.0442332282362941e+02
5.0447808958643037e+02
5.0495494111578410e+02
5.0510664090508038e+02
5.0530771404294518e+02
5.0582761875111237e+02
5.0583663286587893e+02
5.0607550827200777e+02
5.0615264240738173e+02
5.0636437196771709e+02
5.0642806467403756e+02
5.0668178356013328e+02
5.0671957618958754e+02
5.0674877171534331e+02
5.0676147543219543e+02
5.0677229838678636e+02
5.0697904372884301e+02
5.0708438189047314e+02
5.0714246601444114e+02
5.0793427616605277e+02
5.0802114096279320e+02
5.0811746148148438e+02
5.0858543440671690e+02
5.0871661747870093e+02
5.0874940988753968e+02
5.0916777482278349e+02
5.0921421240482033e+02
5.0938114936795409e+02
5.0948341007031337e+02
5.0983267850987829e+02
5.1003806060036777e+02
5.1023071608847391e+02
5.1042030304017413e+02
5.1057213104459254e+02
5.1116563425756658e+02
5.1136792812946328e+02
5.1140700458871891e+02
5.1145484722944099e+02
5.1147435777204021e+02
5.1155471929734136e+02
5.1156027470494075e+02
5.1158186118630192e+02
5.1167370420081016e+02
5.1238099947960870e+02
5.1286497851846207e+02
5.1318305844547876e+02
5.1333161644607139e+02
5.1368140083382207e+02
5.1400983565885815e+02
5.1404014620064379e+02
5.1406068314274103e+02
5.1417925242023875e+02
5.1438270715542205e+02
5.1475325690294460e+02
5.1480994161376464e+02
5.1510686469141456e+02
5.1520581921481642e+02
5.1549355638760403e+02
5.1554014955170021e+02
5.1582864684730077e+02
5.1606567497381582e+02
5.1625036070156148e+02
5.1682510617504590e+02
5.1710614008728021e+02
5.1739257003542775e+02
5.1740565234457642e+02
5.1798510492663286e+02
5.1813618083182769e+02
5.1859913690474036e+02
5.1864779327015481e+02
5.1882535948706936e+02
5.1885985728471303e+02
5.1895729306013504e+02
5.1901412373377161e+02
5.1902232921418022e+02
5.1907877393195963e+02
5.1912494226142996e+02
5.1923279717784885e+02
5.2013260649588040e+02
5.2025203866353240e+02
5.2090286380487919e+02
5.2150200657165271e+02
5.2152955043333418e+02
5.2200356836171284e+02
5.2269753936780990e+02
5.2281263066172028e+02
5.2305425959478930e+02
5.2318857277477218e+02
5.2334013598110198e+02
5.2350394082562377e+02
5.2355573979776830e+02
5.2361017611061459e+02
5.2361780649940431e+02
5.2415828800260863e+02
5.2438324776279285e+02
5.2498732705561281e+02
5.2543571036453443e+02
5.2558165512917299e+02
5.2568158779085138e+02
5.2597011904191061e+02
5.2600524444510222e+02
5.2608482360032599e+02
5.2639057614637568e+02
5.2671629224405831e+02
5.2672859270088702e+02
5.2724375237324364e+02
5.2733475993229354e+02
5.2734278692880196e+02
5.2744987805723929e+02
5.2790391437014239e+02
5.2811780804739703e+02
5.2824973312419786e+02
5.2848248655783891e+02
5.2878850333534149e+02
5.2889605581033834e+02
5.2911978652768221e+02
5.2918590421698002e+02
5.2932486359971597e+02
5.2945768323199320e+02
5.2966334027335574e+02
5.2971593983655919e+02
5.3006819252848629e+02
5.3059319008987222e+02
5.3094580816400537e+02
5.3095421348936486e+02
5.3134426432309419e+02
5.3158193320115356e+02
5.3177304515757407e+02
5.3192029033357733e+02
5.3196408521792944e+02
5.3214857004831583e+02
5.3260457515449264e+02
5.3284786643878374e+02
5.3286750150084163e+02
5.3299435070989762e+02
5.3303645042882897e+02
5.3306984733799436e+02
5.3313488708579860e+02
5.3356690987203126e+02
5.3372225365677775e+02
5.3403241485103194e+02
5.3437945325930355e+02
5.3449056640373283e+02
5.3505722606987001e+02
5.3507591501418847e+02
5.3514276854738478e+02
5.3534411138841517e+02
5.3541827769753866e+02
5.3615691924368912e+02
5.3628508967836353e+02
5.3649486971153226e+02
5.3651766733565546e+02
5.3695607137673085e+02
5.3743413474398335e+02
5.3749043856767605e+02
5.3749420834590262e+02
5.3753291719106903e+02
5.3768217439860564e+02
5.3821217470963222e+02
5.3840494785671649e+02
5.3851140379967148e+02
5.3854064437767465e+02
5.3911980693322073e+02
5.3925320746388411e+02
5.3953038071070364e+02
5.4050901452919152e+02
5.4061962820599535e+02
5.4079542946913682e+02
5.4108589004046155e+02
5.4111971406406258e+02
5.4128315928816914e+02
5.4133059901432580e+02
5.4133864007060311e+02
5.4151700128581911e+02
5.4176058851033531e+02
5.4231426306407900e+02
5.4246407418248054e+02
5.4253343063959551e+02
5.4311386908987981e+02
5.4327249743538232e+02
5.4348495350127007e+02
5.4355110442977707e+02
5.4394500443122911e+02
5.4420048505393879e+02
5.4428535881056337e+02
5.4434025519075101e+02
5.4434391129470612e+02
5.4455011627810256e+02
5.4510067037481031e+02
5.4553841449952336e+02
5.4574285864896206e+02
5.4638516927400133e+02
5.4687318104738665e+02
5.4690835548736732e+02
5.4691434807929420e+02
5.4714666930266844e+02
5.4733017199822177e+02
5.4744411506894301e+02
5.4761512594168209e+02
5.4817839929865977e+02
5.4822350370030995e+02
5.4849408468303761e+02
5.4860817081719028e+02
5.4863153008876543e+02
5.4899834619644344e+02
5.4900116886027661e+02
5.4902033995159400e+02
5.4914375569613298e+02
5.4959057831223879e+02
5.4983227795828714e+02
5.5039372972835497e+02
5.5040188506027278e+02
5.5076764479252586e+02
5.5088947765102512e+02
5.5093375746295419e+02
5.5156518296091519e+02
5.5164921859777564e+02
5.5185317163341051e+02
5.5189900618706974e+02
5.5227237523261715e+02
5.5262193342740329e+02
5.5347207322572388e+02
5.5362092143658901e+02
5.5372913614658785e+02
5.5388403768073977e+02
5.5405300516719512e+02
5.5432928358137292e+02
5.5441420123159617e+02
5.5442581003735052e+02
5.5444877830534472e+02
5.5457501457235037e+02
5.5482728396487892e+02
5.5490596926984506e+02
5.5530965434991469e+02
5.5552726458706729e+02
5.5600430967806574e+02
5.5630364393284037e+02
5.5630603281656761e+02
5.5647105359294198e+02
5.5653698187020768e+02
5.5679217097699586e+02
5.5703118285965627e+02
5.5715906617204939e+02
5.5732914706024712e+02
5.5737991336559264e+02
5.5861694975911803e+02
5.5902485485606633e+02
5.5956627305410984e+02
5.5983421422531796e+02
5.6001261077515608e+02
5.6001789514235691e+02
5.6008231650289235e+02
5.6022488844691156e+02
5.6047862754587129e+02
5.6058413344579026e+02
5.6058791810157993e+02
5.6061782044548704e+02
5.6082470301383296e+02
5.6150468074368700e+02
5.6174117437002553e+02
5.6210996730409681e+02
5.6253537746466145e+02
5.6263700184049901e+02
5.6266560757630930e+02
5.6281204724334407e+02
5.6282208994530254e+02
5.6287561113374227e+02
5.6304365573223129e+02
5.6346518321211931e+02
5.6382513752730085e+02
5.6389294449781391e+02
5.6421017614619041e+02
5.6440601935568634e+02
5.6490488382931255e+02
5.6490589242968372e+02
5.6521714548614057e+02
5.6533287845820678e+02
5.6535914459123308e+02
5.6546583835156457e+02
5.6559015963810339e+02
5.6589955113309247e+02
5.6649926548936469e+02
5.6667399736920004e+02
5.6673406041760143e+02
5.6714536675988870e+02
5.6750649885575842e+02
5.6804962462772676e+02
5.6827705588503159e+02
5.6862060600326788e+02
5.6905434869411090e+02
5.6932139017462589e+02
5.6943435764110995e+02
5.6943751585196753e+02
5.6971760001866721e+02
5.7008580058797452e+02
5.7051877318166169e+02
5.7109771147257652e+02
5.7118902603396532e+02
5.7132388673881383e+02
5.7151808276608438e+02
5.7159726981430333e+02
5.7183458000050962e+02
5.7192292604241538e+02
5.7195499956715298e+02
5.7237012791661630e+02
5.7254231108698548e+02
5.7261404313577953e+02
5.7283653254173771e+02
5.7311528031255421e+02
5.7313212872997303e+02
5.7356151087856654e+02
5.7418156659210604e+02
5.7420279428554659e+02
5.7422412633854708e+02
5.7482747595041428e+02
5.7511318685460174e+02
5.7511926015952383e+02
5.7521231916601198e+02
5.7558570186748113e+02
5.7573439964854697e+02
5.7577109539338676e+02
5.7606475188330296e+02
5.7631316931276012e+02
5.7642197090405978e+02
5.7692531049997422e+02
5.7702957628720219e+02
5.7760862289919680e+02
5.7797053029158519e+02
5.7797676722941208e+02
5.7818004497130141e+02
5.7824449792586165e+02
5.7848579548439943e+02
5.7849640526214068e+02
5.7870748744425771e+02
5.7873403978922465e+02
5.7878345769510076e+02
5.7899684172717934e+02
5.7921576392121835e+02
5.7944582974391926e+02
5.7954376038903331e+02
5.7959613415393915e+02
5.7973113867401480e+02
5.7988520148682812e+02
5.7993038216643947e+02
5.8022053137040120e+02
5.8044964061715189e+02
5.8056218202211039e+02
5.8076609991515352e+02
5.8097174521600493e+02
5.8125173505453483e+02
5.8211041947221941e+02
5.8231246334474349e+02
5.8278549044314389e+02
5.8302319750461197e+02
5.8303474014939366e+02
5.8336369719325660e+02
5.8363798591981231e+02
5.8379434679572705e+02
5.8457883974490233e+02
5.8459379764107814e+02
5.8460183612807236e+02
5.8465803772488414e+02
5.8476632704166184e+02
5.8487200340475476e+02
5.8542157427605071e+02
5.8550406459407100e+02
5.8689826521058103e+02
5.8694943300430225e+02
5.8696424577636583e+02
5.8697748371814021e+02
5.8716778315350166e+02
5.8740109523442504e+02
5.8755639631824590e+02
5.8758886848135512e+02
5.8759034223779736e+02
5.8794566629082283e+02
5.8809600473141109e+02
5.8832496613712613e+02
5.8913334109676669e+02
5.8945659798678867e+02
5.8956911095682574e+02
5.8994167766101964e+02
5.9023181633017089e+02
5.9038674128381956e+02
5.9039127397503785e+02
5.9043315991397515e+02
5.9069620879917272e+02
5.9104418887720647e+02
5.9128385474999504e+02
5.9212927074502591e+02
5.9214710862583968e+02
5.9254175107561389e+02
5.9286527558338662e+02
5.9310870918409989e+02
5.9353863346580761e+02
5.9395778298763867e+02
5.9397162920199139e+02
5.9444180953702391e+02
5.9446149351153588e+02
5.9448255668883041e+02
5.9453909275074318e+02
5.9471078815843077e+02
5.9477320757884797e+02
5.9504038858354716e+02
5.9515728834474396e+02
5.9533344669151859e+02
5.9565501367167860e+02
5.9603337630270107e+02
5.9621318789039844e+02
5.9642992709108262e+02
5.9649268581227966e+02
5.9663400790569960e+02
5.9665960006020532e+02
5.9680539699696760e+02
5.9681011340471014e+02
5.9694245019083178e+02
5.9768865945960692e+02
5.9786605325029416e+02
5.9882726833845595e+02
5.9897012285779533e+02
5.9907532951742962e+02
5.9908100886424825e+02
5.9932904992621479e+02
5.9950002093537512e+02
5.9966311426014113e+02
6.0001909130183640e+02
6.0006838498427885e+02
6.0007772336419896e+02
6.0013331674209451e+02
6.0059160294944149e+02
6.0105450127790743e+02
6.0121347459952244e+02
6.0180214811377732e+02
6.0219748059222206e+02
6.0251314446285335e+02
6.0291327291323603e+02
6.0312367532633857e+02
6.0429551595958446e+02
6.0430272172098580e+02
6.0435977617621381e+02
6.0459384308659764e+02
6.0481971693164382e+02
6.0489453349805876e+02
6.0568283582392337e+02
6.0574885189742497e+02
6.0577253691600924e+02
6.0584466301435850e+02
6.0601062986386194e+02
6.0607161980958290e+02
6.0666837495642494e+02
6.0692810683445259e+02
6.0705139138677043e+02
6.0709151280820572e+02
6.0709285549549156e+02
6.0723582135842901e+02
6.0727735634557416e+02
6.0736508536481517e+02
6.0737570500701872e+02
6.0755575719436160e+02
6.0790765044329976e+02
6.0792722564519488e+02
6.0832507188375905e+02
6.0858620293718627e+02
6.0860643197098580e+02
6.0867971330141211e+02
6.0899788010044358e+02
6.0905871184340629e+02
6.0920540674522033e+02
6.0986413547342818e+02
6.1007009849588223e+02
6.1030548577878926e+02
6.1058645011995213e+02
6.1070669943869234e+02
6.1159768714336610e+02
6.1180608808058776e+02
6.1247370270861177e+02
6.1303816199880805e+02
6.1315848932084702e+02
6.1315956472159723e+02
6.1339410193450203e+02
6.1356397322744488e+02
6.1400879130270243e+02
6.1429495201425812e+02
6.1440835082322621e+02
6.1487520242204016e+02
6.1490412022359988e+02
6.1547209591315027e+02
6.1561160029498308e+02
6.1594750623101277e+02
6.1607181621089114e+02
6.1616135737538389e+02
6.1631534761462808e+02
6.1634392402211517e+02
6.1684773799460322e+02
6.1733296078912292e+02
6.1739321568247226e+02
6.1750078216886482e+02
6.1760205645403425e+02
6.1773944145256280e+02
6.1791435378981760e+02
6.1799988287291433e+02
6.1801271272403687e+02
6.1827364620899152e+02
6.1871776877551963e+02
6.1883762958057810e+02
6.1893434321995790e+02
6.1914678712710156e+02
6.1916851950215198e+02
6.1960901697026009e+02
6.1987201962775919e+02
6.1989837291732761e+02
6.2005110585551779e+02
6.2041433337224544e+02
6.2043504912995400e+02
6.2062635906722983e+02
6.2066714867021744e+02
6.2100539746641573e+02
6.2106458855714186e+02
6.2170143357964434e+02
6.2171465344213755e+02
6.2247782628414802e+02
6.2276657342438352e+02
6.2309880768101254e+02
6.2319812925652695e+02
6.2329694083715560e+02
6.2352093228257968e+02
6.2374426211801733e+02
6.2403170676449440e+02
6.2418994757524433e+02
6.2446160035829996e+02
6.2458199558684009e+02
6.2470612488264169e+02
6.2512553385648152e+02
6.2515113344923759e+02
6.2548225416646517e+02
6.2566690205945372e+02
6.2569512773789791e+02
6.2570247435064005e+02
6.2595751974604912e+02
6.2625819325839768e+02
6.2644459584420690e+02
6.2687940849080917e+02
6.2764904050295786e+02
6.2827688074794946e+02
6.2828215134156858e+02
6.2840846591188426e+02
6.2851450221230584e+02
6.2866880674524975e+02
6.2870011743917405e+02
6.2972007108888238e+02
6.3048572090972812e+02
6.3067862229472667e+02
6.3085257920783852e+02
6.3086891476862741e+02
6.3117390899323686e+02
6.3141622302706799e+02
6.3207226671623675e+02
6.3243516818463218e+02
6.3262271670675921e+02
6.3265908975832212e+02
6.3267132678834651e+02
6.3270710240218636e+02
6.3294363544765895e+02
6.3299669437837849e+02
6.3308529267752442e+02
6.3328797998453695e+02
6.3331499834430326e+02
6.3340231249674628e+02
6.3376362793063345e+02
6.3398711624648115e+02
6.3421328355103606e+02
6.3438573552036939e+02
6.3460726995132882e+02
6.3488409068597014e+02
6.3535506158225405e+02
6.3552620435249628e+02
6.3661896644825481e+02
6.3691657267651283e+02
6.3748329304780827e+02
6.3764377216676337e+02
6.3770644863866471e+02
6.3774861822976936e+02
6.3858129222518880e+02
6.3870415534256483e+02
6.3889440907409175e+02
6.3893663951666372e+02
6.3913722624010188e+02
6.3961460434929040e+02
6.3982673948668332e+02
6.4032208509669101e+02
6.4035313672888947e+02
6.4039158529455779e+02
6.4052251135136430e+02
6.4054642821982998e+02
6.4074685675756700e+02
6.4090775169281665e+02
6.4115879464658633e+02
6.4126006430885184e+02
6.4184462037391847e+02
6.4202034999222565e+02
6.4206928560689539e+02
6.4248742200807192e+02
6.4269846526004267e+02
6.4278817683068519e+02
6.4318849252258372e+02
6.4331033786784440e+02
6.4337790054333925e+02
6.4414085908729010e+02
6.4435520356605150e+02
6.4443091054470790e+02
6.4479861663980637e+02
6.4543943170910416e+02
6.4546487340261126e+02
6.4559189749010659e+02
6.4612009790100240e+02
6.4612275610344534e+02
6.4649673325600315e+02
6.4650416145576105e+02
6.4674363219443205e+02
6.4686635270375723e+02
6.4722074735229899e+02
6.4755545434074736e+02
6.4784653769135264e+02
6.4824401413435510e+02
6.4839026998344650e+02
6.4852452810875900e+02
6.4889475727896547e+02
6.4891921581144993e+02
6.4898073329983060e+02
6.4898191728007976e+02
6.4932664827525002e+02
6.4990077088667704e+02
6.4993157076784212e+02
6.5002170412714804e+02
6.5030657898763832e+02
6.5102352376395197e+02
6.5106144413716299e+02
6.5162076843656018e+02
6.5168052000942134e+02
6.5171177165292954e+02
6.5191378884065261e+02
6.5218882018352974e+02
6.5236861538074390e+02
6.5278737380951009e+02
6.5306239328859908e+02
6.5336509032681204e+02
6.5366488644469075e+02
6.5379862662481514e+02
6.5420293030467735e+02
6.5441394500860019e+02
6.5448561665053796e+02
6.5458258181496342e+02
6.5458308899809731e+02
6.5485639462258359e+02
6.5490706276383423e+02
6.5557995648981955e+02
6.5584483932653529e+02
6.5585306903419848e+02
6.5605858850271954e+02
6.5625093058429354e+02
6.5630060975796141e+02
6.5632396037023045e+02
6.5654766915255425e+02
6.5668512468863196e+02
6.5759521333715156e+02
6.5771718901448844e+02
6.5806791968514528e+02
6.5820256684139895e+02
6.5847272092962260e+02
6.5888852314007761e+02
6.5899617657882254e+02
6.5962923375062587e+02
6.5992581424376078e+02
6.5998794294472771e+02
6.5999396721911410e+02
6.6025420162687533e+02
6.6048942232969011e+02
6.6085442360569266e+02
6.6143809193979143e+02
6.6178095100859377e+02
6.6198028942691053e+02
6.6206069469318118e+02
6.6207198683004412e+02
6.6245702886839774e+02
6.6283670083410573e+02
6.6291668293316093e+02
6.6294210402629960e+02
6.6301706536702727e+02
6.6356420590057701e+02
6.6363955265060952e+02
6.6414669696085821e+02
6.6415727311979310e+02
6.6448658874146565e+02
6.6453277597278577e+02
6.6462147314296533e+02
6.6467916520315157e+02
6.6506011266997075e+02
6.6514253392234048e+02
6.6551685918053079e+02
6.6565243100237842e+02
6.6566286292791892e+02
6.6610112210854413e+02
6.6718477920075907e+02
6.6801056888650612e+02
6.6808749821964363e+02
6.6812478116648049e+02
6.6833295398976679e+02
6.6837809127957746e+02
6.6848389298047687e+02
6.6893560097315753e+02
6.6911399915372044e+02
6.6933309657838618e+02
6.6938959882122958e+02
6.6940359253884526e+02
6.6942902859459400e+02
6.6949165932765447e+02
6.6950307689661383e+02
6.7026913381595034e+02
6.7068704012928242e+02
6.7096787775174244e+02
6.7116854139839461e+02
6.7176157301146702e+02
6.7181678716584008e+02
6.7201320917821329e+02
6.7202069183217770e+02
6.7280389277650261e+02
6.7293164428738874e+02
6.7317063934620830e+02
6.7329540231918122e+02
6.7390580863472792e+02
6.7419990851251350e+02
6.7438416296897913e+02
6.7457262572854393e+02
6.7499488505125805e+02
6.7526246215108347e+02
6.7528530949707135e+02
6.7591295980066150e+02
6.7604914376100055e+02
6.7604996472719859e+02
6.7617522244772317e+02
6.7658383629109562e+02
6.7659195785789257e+02
6.7670861814004206e+02
6.7680871176841231e+02
6.7773197249884856e+02
6.7893393053090438e+02
6.7894001917043784e+02
6.7899898684912398e+02
6.7913057950727659e+02
6.7936037358212445e+02
6.7993442611740329e+02
6.7999055828693042e+02
6.8015500376053137e+02
6.8038472187641162e+02
6.8061399379482998e+02
6.8071588888954807e+02
6.8117302140148854e+02
6.8119717073616073e+02
6.8127383857254927e+02
6.8197621882246881e+02
6.8259430674129351e+02
6.8277733691704327e+02
6.8280513533317583e+02
6.8287785883903621e+02
6.8316523650175589e+02
6.8334634245936161e+02
6.8352448930155310e+02
6.8359849051715230e+02
6.8407234325054856e+02
6.8419179461089732e+02
6.8443028431416690e+02
6.8476142039373565e+02
6.8511753327591691e+02
6.8527640565282877e+02
6.8541981501631221e+02
6.8553007755218584e+02
6.8568588911422523e+02
6.8601575638315785e+02
6.8614829557130111e+02
6.8620196758073064e+02
6.8660423832733375e+02
6.8689268037714032e+02
6.8725230069524491e+02
6.8755090909562102e+02
6.8767564337107387e+02
6.8809719121959006e+02
6.8821433338403313e+02
6.8837307236040067e+02
6.8850978059388046e+02
6.8867382855180495e+02
6.8890256581786173e+02
6.8942307976882591e+02
6.8984868909864974e+02
6.9018495317634392e+02
6.9086398577599857e+02
6.9110125092909379e+02
6.9113129758406615e+02
6.9150324159705031e+02
6.9179421833893036e+02
6.9190448633692097e+02
6.9211893268637709e+02
6.9229687442130796e+02
6.9236591829605572e+02
6.9326514016405213e+02
6.9335248267020427e+02
6.9374341913002274e+02
6.9390937644207156e+02
6.9403334441115578e+02
6.9403514051380375e+02
6.9434532568600571e+02
6.9449542258026202e+02
6.9465644620954447e+02
6.9538097552746649e+02
6.9543387060099792e+02
6.9553303783205581e+02
6.9571942112914087e+02
6.9594501438334134e+02
6.9616036912977461e+02
6.9643325974571701e+02
6.9707952241396742e+02
6.9709866453599614e+02
6.9711714760344239e+02
6.9720942720422954e+02
6.9722049755293608e+02
6.9744251882023048e+02
6.9786794709273101e+02
6.9822024630609803e+02
6.9842811961653877e+02
6.9849260232726078e+02
6.9850656310326929e+02
6.9890748906589567e+02
6.9926666727417944e+02
6.9947545739964619e+02
6.9974604355533120e+02
6.9997550016437060e+02
7.0027580507340588e+02
7.0039513065717961e+02
7.0053207605235116e+02
7.0110901230573040e+02
7.0111298003352204e+02
7.0121124723834907e+02
7.0185179387244125e+02
7.0200728396437819e+02
7.0225987604689305e+02
7.0239303025913625e+02
7.0239725537986089e+02
7.0309682180100481e+02
7.0363871980908300e+02
7.0389874644600911e+02
7.0400000069073462e+02
7.0445709455110341e+02
7.0453197431738010e+02
7.0491124890724484e+02
7.0510749597596737e+02
7.0518273077217748e+02
7.0522745997476443e+02
7.0557311030525602e+02
7.0574424429843214e+02
7.0580083203668153e+02
7.0659082205125924e+02
7.0717448016555545e+02
7.0721540699893069e+02
7.0743932580941203e+02
7.0812341609353143e+02
7.0828014887830977e+02
7.0831128358820308e+02
7.0875615266360978e+02
7.0881021351561901e+02
7.0923207451011956e+02
7.0946929763426283e+02
7.0951822093507792e+02
7.0964387492495200e+02
7.0995321083841475e+02
7.1032730461979736e+02
7.1052016057355263e+02
7.1055728028058184e+02
7.1104194163787542e+02
7.1114624273471236e+02
7.1129266548849773e+02
7.1214440253193573e+02
7.1228458132855133e+02
7.1274374660471494e+02
7.1299539882967736e+02
7.1309245303618957e+02
7.1311819161688959e+02
7.1337961612644256e+02
7.1356024169895795e+02
7.1367051100162098e+02
7.1368706618458020e+02
7.1414999097899874e+02
7.1440984452801490e+02
7.1498530941864715e+02
7.1532959966413125e+02
7.1567569668358294e+02
7.1603775674899055e+02
7.1700027380750862e+02
7.1703088337342615e+02
7.1715189200159102e+02
7.1738286222221461e+02
7.1762636051422987e+02
7.1811703596190125e+02
7.1825681833938654e+02
7.1843678522179277e+02
7.1869956276743710e+02
7.1891087578588019e+02
7.1942874047394730e+02
7.1944145053784393e+02
7.1947910192081565e+02
7.2002587091483917e+02
7.2007945582160949e+02
7.2021609512340444e+02
7.2039249178370358e+02
7.2058893475764603e+02
7.2061185202399258e+02
7.2085340225182131e+02
7.2089154926074366e+02
7.2093905270614687e+02
7.2129290996032182e+02
7.2140441681269840e+02
7.2173604182683346e+02
7.2236064260871967e+02
7.2249076446279400e+02
7.2263347722261096e+02
7.2273271276289768e+02
7.2353569202174629e+02
7.2428019812118146e+02
7.2458109669707517e+02
7.2474033252029517e+02
7.2505086083827041e+02
7.2528383057477606e+02
7.2544744316788524e+02
7.2606224847041062e+02
7.2610246238653815e+02
7.2614620734431173e+02
7.2626272507399915e+02
7.2634451688856007e+02
7.2660796051606621e+02
7.2697712749040966e+02
7.2703073650517388e+02
7.2708237872164898e+02
7.2734590292778023e+02
7.2749427566132681e+02
7.2754791716338252e+02
7.2771706225961873e+02
7.2881315877234147e+02
7.2903675356499127e+02
7.2911067869792271e+02
7.2948580073705034e+02
7.2965855446747014e+02
7.2967431896897824e+02
7.3046955172847140e+02
7.3056424272274717e+02
7.3096254662533897e+02
7.3113655214524260e+02
7.3129666767784943e+02
7.3166200618517382e+02
7.3191647588458352e+02
7.3212591116807744e+02
7.3233816759725960e+02
7.3274400774386277e+02
7.3327159166827505e+02
7.3338993126828348e+02
7.3350546366861317e+02
7.3395578878882873e+02
7.3396995574576385e+02
7.3433175657197683e+02
7.3440008856107170e+02
7.3458278551429976e+02
7.3474314045529411e+02
7.3530703705629310e+02
7.3534181098123315e+02
7.3581713402720368e+02
7.3584174432840962e+02
7.3638400125114390e+02
7.3638808885903654e+02
7.3661294698940128e+02
7.3665025635587324e+02
7.3711253544771682e+02
7.3762146312099549e+02
7.3773031893474581e+02
7.3777534580192469e+02
7.3799261216163620e+02
7.3812687529720688e+02
7.3835929953087827e+02
7.3888740121410888e+02
7.3921445368099796e+02
7.3925760453437147e+02
7.3989806400113730e+02
7.4053258890177756e+02
7.4057660651265189e+02
7.4062387986617080e+02
7.4094599388786764e+02
7.4099445543202444e+02
7.4109029117884097e+02
7.4118393185695095e+02
7.4205613657107403e+02
7.4209281949237504e+02
7.4257708399834166e+02
7.4259162651672591e+02
7.4304681891010034e+02
7.4317824608817443e+02
7.4367850366947528e+02
7.4402871046220821e+02
7.4449393103166869e+02
7.4450748022886296e+02
7.4452330031025099e+02
7.4497730587668730e+02
7.4502587865658813e+02
7.4515256238752477e+02
7.4525757914991618e+02
7.4546484690489547e+02
7.4572586756388409e+02
7.4591256493581261e+02
7.4600570440006834e+02
7.4605269062458808e+02
7.4692623755633974e+02
7.4700852120032391e+02
7.4752521236683708e+02
7.4762130363187464e+02
7.4770820729185800e+02
7.4788841259645335e+02
7.4836268318341342e+02
7.4849590034542666e+02
7.4902767623493196e+02
7.4955048289130502e+02
7.4959073406869004e+02
7.4966656881542553e+02
7.5003403109289002e+02
7.5055202725900801e+02
7.5114215746848868e+02
7.5127937808097806e+02
7.5149223063541353e+02
7.5184987798880081e+02
7.5203140923730348e+02
7.5205970300123010e+02
7.5220385753232881e+02
7.5236252864330288e+02
7.5248614496693745e+02
7.5324539671873674e+02
7.5391771627261414e+02
7.5414362930599043e+02
7.5453858216719152e+02
7.5493836545714794e+02
7.5519213283426768e+02
7.5575079245870063e+02
7.5578797664613376e+02
7.5594703339394960e+02
7.5606616456505333e+02
7.5627530531039395e+02
7.5630681743042624e+02
7.5648546939736150e+02
7.5667902433235770e+02
7.5671448020152798e+02
7.5737078266125479e+02
7.5784939524723154e+02
7.5816666908329546e+02
7.5862054848885361e+02
7.5862345149535770e+02
7.5863622569207234e+02
7.5867154934013558e+02
7.5927549548113711e+02
7.5930959495954994e+02
7.5955285512140597e+02
7.5960296624974796e+02
7.5992980317390993e+02
7.6013752860555576e+02
7.6024224315225445e+02
7.6034038612837287e+02
7.6104657108482024e+02
7.6174545237713426e+02
7.6200376725157059e+02
7.6207959528242031e+02
7.6289678560085895e+02
7.6293059584468756e+02
7.6295078039759539e+02
7.6348815959765375e+02
7.6354721729620417e+02
7.6396188526291792e+02
7.6423758996037759e+02
7.6432298839171312e+02
7.6472102170701555e+02
7.6473509335906874e+02
7.6497289684509906e+02
7.6499994477958512e+02
7.6523783570626517e+02
7.6552771146275666e+02
7.6566079720470645e+02
7.6578147858183115e+02
7.6621179816895005e+02
7.6638253952971434e+02
7.6646739249546454e+02
7.6666116185939779e+02
7.6677722570606227e+02
7.6810948218013925e+02
7.6833900809276258e+02
7.6935132261801118e+02
7.6961306266050178e+02
7.6969419886627963e+02
7.6993632274308072e+02
7.7012770667950633e+02
7.7015093692013977e+02
7.7022215834596079e+02
7.7051148165288237e+02
7.7079577566166870e+02
7.7128280794600232e+02
7.7179168173788605e+02
7.7180499097598511e+02
7.7182644430238383e+02
7.7194425881134748e+02
7.7224187589328858e+02
7.7249230970976328e+02
7.7293097303801540e+02
7.7309127798600878e+02
7.7326833780545223e+02
7.7352391240586360e+02
7.7366945556600945e+02
7.7384679379164822e+02
7.7408916773358351e+02
7.7480873632388750e+02
7.7493133951145182e+02
7.7505708873068590e+02
7.7562835406681836e+02
7.7582728757213931e+02
7.7590473140215374e+02
7.7617348803393850e+02
7.7662821825235403e+02
7.7692692878801199e+02
7.7701403654194257e+02
7.7708944436561512e+02
7.7736312361983175e+02
7.7843070508984715e+02
7.7856484454886538e+02
7.7880918071446058e+02
7.7971130107802185e+02
7.8026434481379044e+02
7.8049323015612765e+02
7.8068823325131029e+02
7.8086521655580998e+02
7.8098057217930398e+02
7.8105730752044701e+02
7.8126492327535027e+02
7.8167791863289415e+02
7.8171392993879977e+02
7.8174818412070294e+02
7.8207527730033382e+02
7.8223322276318925e+02
7.8232248861615562e+02
7.8275227647178713e+02
7.8288325832089197e+02
7.8303634807283981e+02
7.8341677692740063e+02
7.8372066183163656e+02
7.8405134949364265e+02
7.8424074501751898e+02
7.8446485228585209e+02
7.8498334865211825e+02
7.8514182436400165e+02
7.8580011300317744e+02
7.8582414032252950e+02
7.8609577437457733e+02
7.8609901170570049e+02
7.8636840736782938e+02
7.8673541927751000e+02
7.8689186037805780e+02
7.8691946890047234e+02
7.8768902362184099e+02
7.8769125913912956e+02
7.8803648862136663e+02
7.8810872685452102e+02
7.8820618452559518e+02
7.8834809481732032e+02
7.8856690305226721e+02
7.8863925579591057e+02
7.8937635660312787e+02
7.9011713755926121e+02
7.9034015852303435e+02
7.9052445138270139e+02
7.9063587621746967e+02
7.9074429130758040e+02
7.9092654222552824e+02
7.9093531389874568e+02
7.9137040735449409e+02
7.9168050482316198e+02
7.9248169042316397e+02
7.9262050385111831e+02
7.9281820761799088e+02
7.9286731886798043e+02
7.9298520619665862e+02
7.9305540119145223e+02
7.9307849249935191e+02
7.9352202589571448e+02
7.9393754624828534e+02
7.9398852504818592e+02
7.9495721566649627e+02
7.9500471880111684e+02
7.9575162315557191e+02
7.9591989911477037e+02
7.9601712037758011e+02
7.9640877413347550e+02
7.9683715468343496e+02
7.9702567833030162e+02
7.9718364128500866e+02
7.9730066372240844e+02
7.9769085429301663e+02
7.9772064556092414e+02
7.9823682026667586e+02
7.9824132448425235e+02
7.9833576516299195e+02
7.9894879038455065e+02
7.9895907949002776e+02
7.9911096715877511e+02
7.9921263310489496e+02
7.9946663634495462e+02
7.9948656843148126e+02
7.9991430904229867e+02
8.0006297960243251e+02
8.0046978937757956e+02
8.0185650804294858e+02
8.0187023955959523e+02
8.0245402963558467e+02
8.0343115715376257e+02
8.0349117465234042e+02
8.0361879764503590e+02
8.0433710609643651e+02
8.0433735306214101e+02
8.0461832594462464e+02
8.0476368126876889e+02
8.0481598739545666e+02
8.0486937652758434e+02
8.0498409112985553e+02
8.0526571638250232e+02
8.0536343864097194e+02
8.0606129511589006e+02
8.0631733707297531e+02
8.0636349379845592e+02
8.0658127947531921e+02
8.0691758957632828e+02
8.0714105170540847e+02
8.0760249761332159e+02
8.0767909776953024e+02
8.0791539255044472e+02
8.0828705799246609e+02
8.0863869703301020e+02
8.0897781724786807e+02
8.0898399133520581e+02
8.1014211789957574e+02
8.1032213093944620e+02
8.1120987722141956e+02
8.1141945548454112e+02
8.1163431608115786e+02
8.1172183376061764e+02
8.1218255150222376e+02
8.1222781362124999e+02
8.1230686584634259e+02
8.1241569892925929e+02
8.1270795538917969e+02
8.1271054052974512e+02
8.1278957083146884e+02
8.1297798864891513e+02
8.1301406149801221e+02
8.1320505239522447e+02
8.1324283659631180e+02
8.1326288862978311e+02
8.1356510290886172e+02
8.1425563501224667e+02
8.1448206195794035e+02
8.1533885628120208e+02
8.1557133060272361e+02
8.1557467816149472e+02
8.1559405183491492e+02
8.1667314394293248e+02
8.1669706747773455e+02
8.1681708415688729e+02
8.1727003381588520e+02
8.1751290283350966e+02
8.1827153733972511e+02
8.1900495687252737e+02
8.1912059292570416e+02
8.1926660835578832e+02
8.1945348782717019e+02
8.1945584836220337e+02
8.2007687798205632e+02
8.2072513055159516e+02
8.2079162639181015e+02
8.2095542494642791e+02
8.2119260566497690e+02
8.2127974512622347e+02
8.2170021054754693e+02
8.2179150431458515e+02
8.2215502923672670e+02
8.2236034395471438e+02
8.2345957411566098e+02
8.2346357823288963e+02
8.2370166193134003e+02
8.2370182528580960e+02
8.2390639323527569e+02
8.2429846100155544e+02
8.2471568411463022e+02
8.2480177805788514e+02
8.2500277371260381e+02
8.2524438383393181e+02
8.2559173985930647e+02
8.2590133468149952e+02
8.2633489602757822e+02
8.2635290659172858e+02
8.2656339187748949e+02
8.2693581305173348e+02
8.2699782396441753e+02
8.2716216063348008e+02
8.2729357300943821e+02
8.2735487064950087e+02
8.2766490942282303e+02
8.2810316824397160e+02
8.2849216555423004e+02
8.2884723237327773e+02
8.2894292667996046e+02
8.2923126313689704e+02
8.2999037774303599e+02
8.2999161466959833e+02
8.3062428091966603e+02
8.3065237896291694e+02
8.3067436709869514e+02
8.3108497827621261e+02
8.3125537138105324e+02
8.3141614151776639e+02
8.3161808383510993e+02
8.3179892729035782e+02
8.3185860296790111e+02
8.3193450437206889e+02
8.3284506578969513e+02
8.3293837103952433e+02
8.3304854234157563e+02
8.3313405006098765e+02
8.3326250739492491e+02
8.3347026865212661e+02
8.3371980704506291e+02
8.3420480284721464e+02
8.3438296764441031e+02
8.3440785672131972e+02
8.3452573525682499e+02
8.3557194771694071e+02
8.3562088119606938e+02
8.3583186518065315e+02
8.3616609518096391e+02
8.3621036362201744e+02
8.3646384632138540e+02
8.3667566143820238e+02
8.3730374596174931e+02
8.3741406765534089e+02
8.3757868145121370e+02
8.3846418802581195e+02
8.3853934855606190e+02
8.3864664574076562e+02
8.3945200531501462e+02
8.3964086077340289e+02
8.3978198740019536e+02
8.4039571677639492e+02
8.4066518835533952e+02
8.4155796679853245e+02
8.4191674495136783e+02
8.4195116985808750e+02
8.4209450928022341e+02
8.4227453948599634e+02
8.4234772479836499e+02
8.4271635138974375e+02
8.4310768750240186e+02
8.4339270018379159e+02
8.4341544037200993e+02
8.4355207796786419e+02
8.4454506915197987e+02
8.4458543642053155e+02
8.4555773854502024e+02
8.4606327855952270e+02
8.4613191214655933e+02
8.4635302749879361e+02
8.4641674416256501e+02
8.4678014569765162e+02
8.4684758404414583e+02
8.4691766209252285e+02
8.4715353843057665e+02
8.4734357138871189e+02
8.4743656961051272e+02
8.4761293971346925e+02
8.4779463230527313e+02
8.4840230225858500e+02
8.4876476240129807e+02
8.4921977811693807e+02
8.4983723078805372e+02
8.5002107286901810e+02
8.5052684497195787e+02
8.5090755420079756e+02
8.5136289433355876e+02
8.5199539342953449e+02
8.5210616669084095e+02
8.5214670926590259e+02
8.5239321102353722e+02
8.5263138453724127e+02
8.5267632057042067e+02
8.5282188021063769e+02
8.5374811466237998e+02
8.5406581471477125e+02
8.5441877596252289e+02
8.5470336117542286e+02
8.5476415561587373e+02
8.5489781944692947e+02
8.5532979346689024e+02
8.5539267396749892e+02
8.5541306369852009e+02
8.5589403654092951e+02
8.5592969168687716e+02
8.5623856103803678e+02
8.5687577143034252e+02
8.5700575284690706e+02
8.5717151700240208e+02
8.5717429265222552e+02
8.5726865321896798e+02
8.5741919936781380e+02
8.5776966393563180e+02
8.5779089240603241e+02
8.5794391580404749e+02
8.5798524423740344e+02
8.5915218106290297e+02
8.5940373166513007e+02
8.5965915102936265e+02
8.5983243162633062e+02
8.6019377675933208e+02
8.6045635260065740e+02
8.6066309754792655e+02
8.6083848635064487e+02
8.6119376631020020e+02
8.6129285940561806e+02
8.6136086275231128e+02
8.6186199108766050e+02
8.6293393093905615e+02
8.6303574825584587e+02
8.6354956844217406e+02
8.6362043681377236e+02
8.6388009606073865e+02
8.6395552699446762e+02
8.6511050201448745e+02
8.6514346648213302e+02
8.6521842893143196e+02
8.6524135475242508e+02
8.6568075698802113e+02
8.6601878715596649e+02
8.6610716626540147e+02
8.6650417904004564e+02
8.6674601405962176e+02
8.6719905071997437e+02
8.6756514572533581e+02
8.6776342233833134e+02
8.6824922728780189e+02
8.6868501319384916e+02
8.6903316039942410e+02
8.6965924612323158e+02
8.6973213937447417e+02
8.7016483927591446e+02
8.7034471924223737e+02
8.7044844752493657e+02
8.7046716212474632e+02
8.7052277380006024e+02
8.7128345059296896e+02
8.7169876674460136e+02
8.7172053937134785e+02
8.7176059497603023e+02
8.7234510322826770e+02
8.7246937646444837e+02
8.7263827423128384e+02
8.7309756020638895e+02
8.7322599906468008e+02
8.7410888886167652e+02
8.7420237756003087e+02
8.7420436144749476e+02
8.7422088350956415e+02
8.7429016264572238e+02
8.7450744385736118e+02
8.7473330278018614e+02
8.7475349139692469e+02
8.7494077206052111e+02
8.7558895403527686e+02
8.7563789189542172e+02
8.7645646840785207e+02
8.7660393051739607e+02
8.7692416778868085e+02
8.7721853517222644e+02
8.7733505327155012e+02
8.7763754046241434e+02
8.7789865911784091e+02
8.7795958876412703e+02
8.7846981579679800e+02
8.7867542354929435e+02
8.7916305651823041e+02
8.7916971902392868e+02
8.7924156206229100e+02
8.7924681705315288e+02
8.7935133433189094e+02
8.7963587378981310e+02
8.7963989513352215e+02
8.7982987182977934e+02
8.8064789339569847e+02
8.8111593717001210e+02
8.8147664128031556e+02
8.8160751936419490e+02
8.8217002423698807e+02
8.8226599846426643e+02
8.8257950420542943e+02
8.8299415457272983e+02
8.8304041004419196e+02
8.8310963861783512e+02
8.8321296180465492e+02
8.8328809124986083e+02
8.8363330253646188e+02
8.8385731492779473e+02
8.8434864567918260e+02
8.8470726932861066e+02
8.8552598797340283e+02
8.8628978127822370e+02
8.8645025855992992e+02
8.8667629768836628e+02
8.8672269809378815e+02
8.8702815912397000e+02
8.8705026741648533e+02
8.8766803631892128e+02
8.8819845086546331e+02
8.8824435521355747e+02
8.8852364539711311e+02
8.8879197977098715e+02
8.8929316877079873e+02
8.9082014297807393e+02
8.9096970600368786e+02
8.9108833372567767e+02
8.9185343107402105e+02
8.9197841370005392e+02
8.9219104660252469e+02
8.9265440067501925e+02
8.9321173196824429e+02
8.9328612723707579e+02
8.9428902631215897e+02
8.9450487278124547e+02
8.9462460873627163e+02
8.9481610630563137e+02
8.9483767451343579e+02
8.9501088489603376e+02
8.9565281527315847e+02
8.9604237266683242e+02
8.9607656969074560e+02
8.9613019730683607e+02
8.9625982560295461e+02
8.9631516163666811e+02
8.9683737797928825e+02
8.9703480352716770e+02
8.9712374233135802e+02
8.9744850693479941e+02
8.9771884227398118e+02
8.9853801061777699e+02
8.9853932407199306e+02
8.9860099443322736e+02
8.9944967722826198e+02
8.9964273164912822e+02
8.9964962844824129e+02
8.9967687322488177e+02
9.0019275376693668e+02
9.0034427995201520e+02
9.0093668631005858e+02
9.0115191079028011e+02
9.0132874837589270e+02
9.0149636247900264e+02
9.0242153661064435e+02
9.0259260431829114e+02
9.0321093450710828e+02
9.0325533128515838e+02
9.0336721707738070e+02
9.0363565746202175e+02
9.0422091385593467e+02
9.0430944139621033e+02
9.0459048905386305e+02
9.0464776884478852e+02
9.0540663467340357e+02
9.0548060367189771e+02
9.0549411997768652e+02
9.0642337899196446e+02
9.0671048728060225e+02
9.0676736798760362e+02
9.0689995748415413e+02
9.0722669169358551e+02
9.0758967840097841e+02
9.0839049603299975e+02
9.0845216245454469e+02
9.0862951954980849e+02
9.0902050390328350e+02
9.0940934097267768e+02
9.0963793039212669e+02
9.1016985922013055e+02
9.1017864138497487e+02
9.1072852619343394e+02
9.1074099158445460e+02
9.1097232253654067e+02
9.1112903572579103e+02
9.1118703376116309e+02
9.1155805974551402e+02
9.1166549604370118e+02
9.1231411334393522e+02
9.1267935707964352e+02
9.1306967530864461e+02
9.1349284018393541e+02
9.1353097180049031e+02
9.1356185496447006e+02
9.1402616629467661e+02
9.1416910130752365e+02
9.1420153858440165e+02
9.1424731502913380e+02
9.1493490061862281e+02
9.1525876298175058e+02
9.1568423775657493e+02
9.1601175652157497e+02
9.1637427221689552e+02
9.1708959537025294e+02
9.1745879460089407e+02
9.1796015824755432e+02
9.1825324080120208e+02
9.1827829033748708e+02
9.1845286546982277e+02
9.1890056589816368e+02
9.1907941147320787e+02
9.1915715165072368e+02
9.2000853537156308e+02
9.2003454894314643e+02
9.2012409006111295e+02
9.2054216724778212e+02
9.2130180582037110e+02
9.2157362743414694e+02
9.2170510663855669e+02
9.2210077902537989e+02
9.2241561042924923e+02
9.2277274078741345e+02
9.2292568124217735e+02
9.2298445940420208e+02
9.2306379091346867e+02
9.2333176626225611e+02
9.2409379821223331e+02
9.2415054957678126e+02
9.2426305599749742e+02
9.2448936096084697e+02
9.2470613791610515e+02
9.2488841171365289e+02
9.2536400144012987e+02
9.2559884926289101e+02
9.2651184580538495e+02
9.2661656264696489e+02
9.2701575174781738e+02
9.2706324768247157e+02
9.2723848483850861e+02
9.2779044176467801e+02
9.2783264110368293e+02
9.2796592300965767e+02
9.2861170975994366e+02
9.2862907358072414e+02
9.2869594618496819e+02
9.2893712072450978e+02
9.2895920867327186e+02
9.2936738445576475e+02
9.2943359579126525e+02
9.2996168259190756e+02
9.3046616131064093e+02
9.3072180465484337e+02
9.3099971617507663e+02
9.3126048580172790e+02
9.3176101166449666e+02
9.3186029611629203e+02
9.3205263875672881e+02
9.3222538402880900e+02
9.3340928511486311e+02
9.3364488675921996e+02
9.3364585748765421e+02
9.3376471241974809e+02
9.3405779218080147e+02
9.3481770638249225e+02
9.3483103421793123e+02
9.3528671617602765e+02
9.3586887888229603e+02
9.3623562270541481e+02
9.3683086115128845e+02
9.3684194563152971e+02
9.3698698655987300e+02
9.3757703103729148e+02
9.3816448516926323e+02
9.3850466028012977e+02
9.3870558374129314e+02
9.3873939298789708e+02
9.3951537978394072e+02
9.3992396360321311e+02
9.4011811225106544e+02
9.4057091022513021e+02
9.4073847056796865e+02
9.4093567399910205e+02
9.4108101184988539e+02
9.4132048431626072e+02
9.4137226304286821e+02
9.4148234160732068e+02
9.4191607956069993e+02
9.4214529942148306e+02
9.4260549291650523e+02
9.4350168959794939e+02
9.4353972435633284e+02
9.4376895268962619e+02
9.4382201651278547e+02
9.4437676937506217e+02
9.4447413280674016e+02
9.4464956861717769e+02
9.4508739516338505e+02
9.4529395069118027e+02
9.4539352695366472e+02
9.4605265352616277e+02
9.4625985846113406e+02
9.4649676643290707e+02
9.4684594749986570e+02
9.4720606590210696e+02
9.4763402372521284e+02
9.4770487903836204e+02
9.4805488569113197e+02
9.4825580654481575e+02
9.4840258220775286e+02
9.4900667872287363e+02
9.4909655088919976e+02
9.4942420739392287e+02
9.4950342199890997e+02
9.5014139596243979e+02
9.5080696897536370e+02
9.5137213194817218e+02
9.5154054561300063e+02
9.5164382332644038e+02
9.5190545770915980e+02
9.5220906872061425e+02
9.5254809681118866e+02
9.5316130523434958e+02
9.5346644922519249e+02
9.5385473883527038e+02
9.5417952305673271e+02
9.5439049319036576e+02
9.5518742261888019e+02
9.5546046819325386e+02
9.5587219388075289e+02
9.5598479906647913e+02
9.5606043176409514e+02
9.5606212803832977e+02
9.5609470903641056e+02
9.5668875403566165e+02
9.5723035771514537e+02
9.5779037993835652e+02
9.5792757035781381e+02
9.5834480476615079e+02
9.5837016677764257e+02
9.5898027249220513e+02
9.5926583892858935e+02
9.5942668739709075e+02
9.5979401883423384e+02
9.5991553408841708e+02
9.6033306238999216e+02
9.6042848317888138e+02
9.6046096472685417e+02
9.6059465035551523e+02
9.6066525361249910e+02
9.6075131013131875e+02
9.6160922949472319e+02
9.6190495505230103e+02
9.6227075653097472e+02
9.6232538025242854e+02
9.6257463947874635e+02
9.6268331949570927e+02
9.6269890162457750e+02
9.6303551869301521e+02
9.6360901996607436e+02
9.6469242082607184e+02
9.6526347327892074e+02
9.6578675759626549e+02
9.6594863130187593e+02
9.6686437166779592e+02
9.6688088198292064e+02
9.6723589044192238e+02
9.6758683881810941e+02
9.6772924878832453e+02
9.6781045640686148e+02
9.6800510797883987e+02
9.6818919153178035e+02
9.6837284871550287e+02
9.6844185942708987e+02
9.6887134207796828e+02
9.6898925211789003e+02
9.6956512413955625e+02
9.6973344460138799e+02
9.7005668670579723e+02
9.7079820548150167e+02
9.7091692395020323e+02
9.7180939672950979e+02
9.7181842477155169e+02
9.7188391689601099e+02
9.7204090908160936e+02
9.7288586987519432e+02
9.7318993116807326e+02
9.7331667902236632e+02
9.7341599223577714e+02
9.7344159247266236e+02
9.7370003294759067e+02
9.7373454905863332e+02
9.7404656005730658e+02
9.7465511296837678e+02
9.7482590497273122e+02
9.7562178376283555e+02
9.7628128392669748e+02
9.7637764188391429e+02
9.7678349248026882e+02
9.7704681020234955e+02
9.7705896949458815e+02
9.7737801392197514e+02
9.7757691564882657e+02
9.7758739527613955e+02
9.7807762535777715e+02
9.7835094442514173e+02
9.7842130299570772e+02
9.7893795809589437e+02
9.7959403330818839e+02
9.8016726109651404e+02
9.8040191119124722e+02
9.8071140396557291e+02
9.8080448509712858e+02
9.8176076671793078e+02
9.8208154820520622e+02
9.8248898693795934e+02
9.8255624472377428e+02
9.8265438023019851e+02
9.8291324109933407e+02
9.8325243482160181e+02
9.8337848428855966e+02
9.8347877658042364e+02
9.8382639131526275e+02
9.8502239436450350e+02
9.8545635223208410e+02
9.8636277416489372e+02
9.8661128788187534e+02
9.8662409647765003e+02
9.8684987951501137e+02
9.8728309942988756e+02
9.8737329035970777e+02
9.8741200556711192e+02
9.8791590764149248e+02
9.8860266888062245e+02
9.8893630994168586e+02
9.8907503641653466e+02
9.8931215456767552e+02
9.9010871471663825e+02
9.9072370358933290e+02
9.9083612803547749e+02
9.9141359911075176e+02
9.9145963355469326e+02
9.9155509893108456e+02
9.9160194715433306e+02
9.9178014041983874e+02
9.9187738041589307e+02
9.9244202325796221e+02
9.9337550147635750e+02
9.9338844261867962e+02
9.9369721592305405e+02
9.9384576696025340e+02
9.9387018591452897e+02
9.9433408687671010e+02
9.9460218568397033e+02
9.9460971168531353e+02
9.9486801979455572e+02
9.9521569453128495e+02
9.9562897975811359e+02
9.9564115134061535e+02
9.9577395719526714e+02
9.9608877011288735e+02
9.9645378019195061e+02
9.9683161777511759e+02
9.9691452702571871e+02
9.9714862003326164e+02
9.9760085057680294e+02
9.9845675958561037e+02
9.9931172435909343e+02
9.9975784108094035e+02
1.0004354649558762e+03
1.0004546769825932e+03
1.0007951795154767e+03
1.0010255412997774e+03
1.0012344663302399e+03
1.0014541713917240e+03
1.0014555979965703e+03
1.0021466326547521e+03
1.0023008583940763e+03
1.0024210428643580e+03
1.0026317667832975e+03
1.0030452698264263e+03
1.0031181886827961e+03
1.0034111960234206e+03
1.0042344582522594e+03
1.0049846795027817e+03
1.0050192130081535e+03
1.0056527829607423e+03
1.0057106996958112e+03
1.0058083630691885e+03
1.0065903723581536e+03
1.0066813520203616e+03
1.0075211878218738e+03
1.0078783902396628e+03
1.0079138547246372e+03
1.0079517453220552e+03
1.0080073964131021e+03
1.0085397908718368e+03
1.0090920665787752e+03
1.0094640468070568e+03
1.0094677779972607e+03
1.0098934417838361e+03
1.0100042883694329e+03
1.0103708039013667e+03
1.0108811946821992e+03
1.0109135085201107e+03
1.0109932471633001e+03
1.0110882344938683e+03
1.0118773118666104e+03
1.0121251514535547e+03
1.0123229790614846e+03
1.0124518151175633e+03
1.0131093345332308e+03
1.0131887811194839e+03
1.0132070774379590e+03
1.0132175743797516e+03
1.0135785254284796e+03
1.0140012939062321e+03
1.0150742784971725e+03
1.0152625639688762e+03
1.0153788548644568e+03
1.0154668915286054e+03
1.0155451710792959e+03
1.0156140486271679e+03
1.0163115567728283e+03
1.0169485024722028e+03
1.0169907949269904e+03
1.0170013530249408e+03
1.0173720058938248e+03
1.0174366857300545e+03
1.0180333375677454e+03
1.0187604309079060e+03
1.0190157120503006e+03
1.0191051488894553e+03
1.0197826452571499e+03
1.0202508829595820e+03
1.0205566336351548e+03
1.0215960879265388e+03
1.0216482041569202e+03
1.0216739441912896e+03
1.0217814682640181e+03
1.0220477169630627e+03
1.0224812454926483e+03
1.0228224502873192e+03
1.0230769013824196e+03
1.0232917451213684e+03
1.0238608856674917e+03
1.0238832147782662e+03
1.0245942315077712e+03
1.0246978154810749e+03
1.0250157280663818e+03
1.0250963624530289e+03
1.0255186894458477e+03
1.0258250504652153e+03
1.0264666597108846e+03
1.0270099020489881e+03
1.0272681655052093e+03
1.0279779004883319e+03
1.0283902163315834e+03
1.0285456112211468e+03
1.0289480948799758e+03
1.0294681464859937e+03
1.0296745323949506e+03
1.0298644873958358e+03
1.0306485673561110e+03
1.0307702083264689e+03
1.0311196949470402e+03
1.0313646957301000e+03
1.0317850137976825e+03
1.0319451387703025e+03
1.0320306683596423e+03
1.0324648324486384e+03
1.0325013321684451e+03
1.0325507269694881e+03
1.0326994969474570e+03
1.0329644359179706e+03
1.0330234060394507e+03
1.0341338412139553e+03
1.0342158432372150e+03
1.0349606240284495e+03
1.0352730244736374e+03
1.0352931058181955e+03
1.0354246970003232e+03
1.0367467962970470e+03
1.0367624225318064e+03
1.0367928261011853e+03
1.0376861856427852e+03
1.0377966954968529e+03
1.0380466385596792e+03
1.0380541992712215e+03
1.0381391181814611e+03
1.0389866702112661e+03
1.0392006251952241e+03
1.0397101035397698e+03
1.0405920572660464e+03
1.0410213091934420e+03
1.0411909669300544e+03
1.0424003581287141e+03
1.0425565160213898e+03
1.0425868043788746e+03
1.0426457336229989e+03
1.0429292234824043e+03
1.0430667294420823e+03
1.0436916612543769e+03
1.0442979440374427e+03
1.0446855565369137e+03
1.0450498075659218e+03
1.0455826337341032e+03
1.0456303357706508e+03
1.0457840660309594e+03
1.0458481390923766e+03
1.0461513619791265e+03
1.0462820542587808e+03
1.0467072561403884e+03
1.0469566828907839e+03
1.0470369359093695e+03
1.0472275397626786e+03
1.0475325540195843e+03
1.0482989686106453e+03
1.0484475824115607e+03
1.0484613017281677e+03
1.0487082547755390e+03
1.0496212486203849e+03
1.0500661726453361e+03
1.0506265827998168e+03
1.0511852396458341e+03
1.0512603185781193e+03
1.0514850150094767e+03
1.0516851119812716e+03
1.0530075599503018e+03
1.0532214954387809e+03
1.0532735535303966e+03
1.0534768065310338e+03
1.0537680222419376e+03
1.0538412106315213e+03
1.0542284859300007e+03
1.0542995830955492e+03
1.0546869617486316e+03
1.0546949633019965e+03
1.0547048074109218e+03
1.0562888090588999e+03
1.0563608535813414e+03
1.0564063997615060e+03
1.0564068485158846e+03
1.0576425696965978e+03
1.0580315188739135e+03
1.0580962425994589e+03
1.0581757744355868e+03
1.0586271411184202e+03
1.0589771231644704e+03
1.0593936551795707e+03
1.0599052127979119e+03
1.0602548270887712e+03
1.0603908803767097e+03
1.0606357762467551e+03
1.0607347275735592e+03
1.0610146093746332e+03
1.0614176607829941e+03
1.0616150536478169e+03
1.0627208323365960e+03
1.0627477412039796e+03
1.0629150467554502e+03
1.0633806249533645e+03
1.0636234121804687e+03
1.0636453254644357e+03
1.0641247809815877e+03
1.0646115208287094e+03
1.0650072660634219e+03
1.0650109082812651e+03
1.0659308071660357e+03
1.0659380795018915e+03
1.0662239240908218e+03
1.0667067952014761e+03
1.0675683651308750e+03
1.0683152444250538e+03
1.0686525084790776e+03
1.0687435310616199e+03
1.0691309466071443e+03
1.0693160017095995e+03
1.0699118003405563e+03
1.0701153908036263e+03
1.0702408677043090e+03
1.0705765777051936e+03
1.0708023906345963e+03
1.0708281142252040e+03
1.0712570185260215e+03
1.0717033222779000e+03
1.0720168617294710e+03
1.0723015347981127e+03
1.0724010304955134e+03
1.0724190259569709e+03
1.0729680092748360e+03
1.0729761968360310e+03
1.0736312318040279e+03
1.0738443593462900e+03
1.0739556006657224e+03
1.0743342228069221e+03
1.0744087376432694e+03
1.0749010405648307e+03
1.0750271155449873e+03
1.0759950745757751e+03
1.0760654103158265e+03
1.0761445173528589e+03
1.0765282948467336e+03
1.0773081307268978e+03
1.0779271735994141e+03
1.0782603750890955e+03
1.0783265582756101e+03
1.0784679242353986e+03
1.0793681971597946e+03
1.0794356648088012e+03
1.0794765318521409e+03
1.0795147777192226e+03
1.0797856525498264e+03
1.0801675557287329e+03
1.0802352546921654e+03
1.0821395237894674e+03
1.0824073255679837e+03
1.0825022068230010e+03
1.0825336909068633e+03
1.0825377977948367e+03
1.0830904456071689e+03
1.0833356961408365e+03
1.0838202155065571e+03
1.0841723943327640e+03
1.0843797257535841e+03
1.0844345145905243e+03
1.0847280524053676e+03
1.0857542617186973e+03
1.0858261367673995e+03
1.0861754699506300e+03
1.0867330103924694e+03
1.0868056210811847e+03
1.0871295611769137e+03
1.0877559121517731e+03
1.0879307052498466e+03
1.0884567345110745e+03
1.0885153624121626e+03
1.0892459822878257e+03
1.0896668349009037e+03
1.0898432003969328e+03
1.0904736373555597e+03
1.0910240536513249e+03
1.0912236286871446e+03
1.0912916395377051e+03
1.0923324147090020e+03
1.0923558191016330e+03
1.0927352341186945e+03
1.0928004584005282e+03
1.0929015263579720e+03
1.0932559408813397e+03
1.0941833082517876e+03
1.0942833422565398e+03
1.0945025840683527e+03
1.0949163155158615e+03
1.0953847783196823e+03
1.0963963194563366e+03
1.0964119609000645e+03
1.0967838989984682e+03
1.0971910184985313e+03
1.0972599679583066e+03
1.0975331372286819e+03
1.0978626984081982e+03
1.0982900634237772e+03
1.0983228178848788e+03
1.0994648038039138e+03
1.1000193630850756e+03
1.1010541115688131e+03
1.1012101372730415e+03
1.1013220559273489e+03
1.1022875757390620e+03
1.1027610126091713e+03
1.1028048572527623e+03
1.1028862989480742e+03
1.1031220719771886e+03
1.1032118403878223e+03
1.1032259312429553e+03
1.1043045680263249e+03
1.1046952967236198e+03
1.1048939170561734e+03
1.1054586023661404e+03
1.1056407304795218e+03
1.1060183921116316e+03
1.1065043670626280e+03
1.1074202836933939e+03
1.1075401937896411e+03
1.1076154511867605e+03
1.1078474692208233e+03
1.1085742806880410e+03
1.1086533751077664e+03
1.1090634010384883e+03
1.1096117237766678e+03
1.1102560204610704e+03
1.1102895080244173e+03
1.1106082393951212e+03
1.1106341292774327e+03
1.1106576740289483e+03
1.1111461155996253e+03
1.1111530393530370e+03
1.1111732728516454e+03
1.1115854837611025e+03
1.1122889867243530e+03
1.1125936292876618e+03
1.1126702148751231e+03
1.1131140919392158e+03
1.1132239441688419e+03
1.1133250657593464e+03
1.1140799731169388e+03
1.1143078704757743e+03
1.1144848843702571e+03
1.1145288398910875e+03
1.1146900206530827e+03
1.1151066098216818e+03
1.1158387685155174e+03
1.1161173002796020e+03
1.1163212318914664e+03
1.1175705582938244e+03
1.1176304100978618e+03
1.1178726674926932e+03
1.1179927252308671e+03
1.1180509031573845e+03
1.1187624014059720e+03
1.1189181086471217e+03
1.1192824117580176e+03
1.1197214736441581e+03
1.1206475406386128e+03
1.1208958400817526e+03
1.1214033256867760e+03
1.1217074509285649e+03
1.1217183078296196e+03
1.1218757849809599e+03
1.1222785620418024e+03
1.1232767162357384e+03
1.1233995180438972e+03
1.1234095631982889e+03
1.1234199263474227e+03
1.1235693630789897e+03
1.1241279966712789e+03
1.1245778142695156e+03
1.1251016540621767e+03
1.1252202916282804e+03
1.1256205012033506e+03
1.1256876206468894e+03
1.1256888109985262e+03
1.1261097375457696e+03
1.1265952875233068e+03
1.1268566267901276e+03
1.1270494452195385e+03
1.1274974263752208e+03
1.1277177935225236e+03
1.1278468555607271e+03
1.1280529302509178e+03
1.1280905494868323e+03
1.1281878444126423e+03
1.1287333243420630e+03
1.1291681925213543e+03
1.1298273936782412e+03
1.1302409613953330e+03
1.1308822822765205e+03
1.1315837391807220e+03
1.1321647683240108e+03
1.1326448976295787e+03
1.1330575002873663e+03
1.1331990955210799e+03
1.1333096963557437e+03
1.1336039987499487e+03
1.1346961587437077e+03
1.1353797161125069e+03
1.1357666587472049e+03
1.1358505183304733e+03
1.1376160070558365e+03
1.1376648828975524e+03
1.1382923582152025e+03
1.1383347144139643e+03
1.1387665438846766e+03
1.1391319871126000e+03
1.1391548830649535e+03
1.1394114483735218e+03
1.1400977784305510e+03
1.1403267613063670e+03
1.1406669880475322e+03
1.1413421005337993e+03
1.1414021823484541e+03
1.1416363440221683e+03
1.1423859611702380e+03
1.1425187621682473e+03
1.1426530846322662e+03
1.1428937628226954e+03
1.1432161664077391e+03
1.1438418999582600e+03
1.1440156850549899e+03
1.1447999603381206e+03
1.1448335061131372e+03
1.1448608043205131e+03
1.1448992976856334e+03
1.1452392539081391e+03
1.1458414552568636e+03
1.1462102192599225e+03
1.1463871495623985e+03
1.1466370774969639e+03
1.1466404072264518e+03
1.1470756066102608e+03
1.1471328250841268e+03
1.1472686573571368e+03
1.1476994427041884e+03
1.1481560909808027e+03
1.1483192308635403e+03
1.1484890556388552e+03
1.1492154166647417e+03
1.1497301322647436e+03
1.1505480249130414e+03
1.1505665773416017e+03
1.1508896804672368e+03
1.1512301692354531e+03
1.1514624501351432e+03
1.1522658738258413e+03
1.1523468106432761e+03
1.1523895315196144e+03
1.1524109264917679e+03
1.1528561799822182e+03
1.1537170078142497e+03
1.1548108336365021e+03
1.1548732437241340e+03
1.1549409417003692e+03
1.1555834137187892e+03
1.1561538187956223e+03
1.1566735291965078e+03
1.1570208610795871e+03
1.1575932481389320e+03
1.1579657483713440e+03
1.1582106140259500e+03
1.1582588749716301e+03
1.1582981679881304e+03
1.1586372062561784e+03
1.1592914230974309e+03
1.1599831143988290e+03
1.1609737030383437e+03
1.1611853953674151e+03
1.1617006175285326e+03
1.1619032161382388e+03
1.1622720374319588e+03
1.1625738178492127e+03
1.1633812360263487e+03
1.1647999252997533e+03
1.1650586397867812e+03
1.1653595299220738e+03
1.1654481825806663e+03
1.1656315854720783e+03
1.1660406493040578e+03
1.1661556558825730e+03
1.1671908346757630e+03
1.1677854832400910e+03
1.1678419298413289e+03
1.1681133497483700e+03
1.1689496514436269e+03
1.1691253838290243e+03
1.1696649426073707e+03
1.1697580002242823e+03
1.1697610341952134e+03
1.1700284676456445e+03
1.1700398574209937e+03
1.1709630468330490e+03
1.1711871620982326e+03
1.1712453939118104e+03
1.1713379847882788e+03
1.1713672568582210e+03
1.1714089397488690e+03
1.1716967309098234e+03
1.1719855579290258e+03
1.1724121154871907e+03
1.1725748787320554e+03
1.1728366978695904e+03
1.1736885164452819e+03
1.1752667512874750e+03
1.1753275017928254e+03
1.1764310931281889e+03
1.1766307204008117e+03
1.1768693235545747e+03
1.1774872218951589e+03
1.1776600073302336e+03
1.1777205162847274e+03
1.1778973246512028e+03
1.1779290935057334e+03
1.1779621767612873e+03
1.1785750017241257e+03
1.1785987986084760e+03
1.1793719633073160e+03
1.1796197504279901e+03
1.1799814005366179e+03
1.1811340631237085e+03
1.1811947191753370e+03
1.1813497787390650e+03
1.1814015696040988e+03
1.1816188877845445e+03
1.1817965378724191e+03
1.1822517381278569e+03
1.1828919581821713e+03
1.1835279978686774e+03
1.1835932743429100e+03
1.1837816463332590e+03
1.1841497858452608e+03
1.1848360457792583e+03
1.1848588275147640e+03
1.1852313616204879e+03
1.1853799841486800e+03
1.1854846257652164e+03
1.1860728809528098e+03
1.1862048411316557e+03
1.1867216063255585e+03
1.1870294007130260e+03
1.1874193985752320e+03
1.1883068217561379e+03
1.1884767310040859e+03
1.1892583292687666e+03
1.1893327008971628e+03
1.1898608823649065e+03
1.1899504631893903e+03
1.1910156453911970e+03
1.1914504341686134e+03
1.1917429534136145e+03
1.1924258324201178e+03
1.1928609169870276e+03
1.1931548118968569e+03
1.1932390901236429e+03
1.1934109250056031e+03
1.1935355676061238e+03
1.1947908570270833e+03
1.1960513241924923e+03
1.1962414813440446e+03
1.1969623130852367e+03
1.1970071165321151e+03
1.1970408249322229e+03
1.1970858192783248e+03
1.1974540882037065e+03
1.1982027506525556e+03
1.1990552637446483e+03
1.1991343487371937e+03
1.1994357048884194e+03
1.2000778469842935e+03
1.2003367640725883e+03
1.2003774676432047e+03
1.2004208557464985e+03
1.2007620068976507e+03
1.2008375387490380e+03
1.2008860973298199e+03
1.2013380627468659e+03
1.2019997108706643e+03
1.2025695147229176e+03
1.2036457436811017e+03
1.2043498047112028e+03
1.2050415562380861e+03
1.2053782559731121e+03
1.2056957267837968e+03
1.2057281795679271e+03
1.2058127889249135e+03
1.2058897346808371e+03
1.2065557165987127e+03
1.2067126789028696e+03
1.2074903364133313e+03
1.2077507998791898e+03
1.2077720150825917e+03
1.2080140640121178e+03
1.2081754779462487e+03
1.2089574563145597e+03
1.2090187349068881e+03
1.2092230030368376e+03
1.2093589481721117e+03
1.2097458729109392e+03
1.2100651616941973e+03
1.2104383951190698e+03
1.2108971495388030e+03
1.2116771687185517e+03
1.2120967701096649e+03
1.2122253731846399e+03
1.2129918780262465e+03
1.2131406515473823e+03
1.2132124163407680e+03
1.2132472852915496e+03
1.2133318326701904e+03
1.2136157627904004e+03
1.2140580355952361e+03
1.2147799896636079e+03
1.2152426336555127e+03
1.2165182977984048e+03
1.2170422593574997e+03
1.2171585674702014e+03
1.2171778567861204e+03
1.2173813961716030e+03
1.2179502848910624e+03
1.2180778442221958e+03
1.2188426456300608e+03
1.2200964663477087e+03
1.2201119746203706e+03
1.2204849616080387e+03
1.2207822600597360e+03
1.2209695696413066e+03
1.2211476508880851e+03
1.2213955325761799e+03
1.2221142495512524e+03
1.2224026913166763e+03
1.2230092388004205e+03
1.2234319282010154e+03
1.2234935934899190e+03
1.2242274930842927e+03
1.2245156551215980e+03
1.2248038966583706e+03
1.2250080436299672e+03
1.2252038957688035e+03
1.2257435331140123e+03
1.2260365220563538e+03
1.2266512401040834e+03
1.2269604460245698e+03
1.2272698819946261e+03
1.2273501124981910e+03
1.2276343912330053e+03
1.2276541659312782e+03
1.2292649164213012e+03
1.2294316588940796e+03
1.2295746461864305e+03
1.2298311863507781e+03
1.2301948456512853e+03
1.2302119612958209e+03
1.2316689499415625e+03
1.2321604194321299e+03
1.2330527848495799e+03
1.2332212902010504e+03
1.2337906667840491e+03
1.2338556865307719e+03
1.2343969450871573e+03
1.2345308333611756e+03
1.2349147546210229e+03
1.2351065891940784e+03
1.2353418087243281e+03
1.2356636301316212e+03
1.2360309670358097e+03
1.2361168778421536e+03
1.2367254410741425e+03
1.2367496205781702e+03
1.2374122961297205e+03
1.2382458782474007e+03
1.2384932667584658e+03
1.2389033964775431e+03
1.2391575573071066e+03
1.2398183581628584e+03
1.2404093183466996e+03
1.2408972090486159e+03
1.2412069927724631e+03
1.2414324806697848e+03
1.2423280119021661e+03
1.2425559696354865e+03
1.2436633844943519e+03
1.2440412801710841e+03
1.2444021391672482e+03
1.2447316680395236e+03
1.2448039197789903e+03
1.2454063279753823e+03
1.2457804691614285e+03
1.2462377041326165e+03
1.2467411829337666e+03
1.2467558895914326e+03
1.2468261863184205e+03
1.2468526542409259e+03
1.2472946540905841e+03
1.2473248823614338e+03
1.2482621155834672e+03
1.2494623880456766e+03
1.2497444229233088e+03
1.2498397752358874e+03
1.2504114109190348e+03
1.2505868259221372e+03
1.2515877375848688e+03
1.2517375538444694e+03
1.2521551795443766e+03
1.2521635304741858e+03
1.2523176027448246e+03
1.2526791168735358e+03
1.2530704054124358e+03
1.2531911161210194e+03
1.2533560974170273e+03
1.2538589829446864e+03
1.2554810459657338e+03
1.2556031238682651e+03
1.2560534290889102e+03
1.2565251073120285e+03
1.2569221455715433e+03
1.2571589142398579e+03
1.2574044824341966e+03
1.2574216878644240e+03
1.2575520071405399e+03
1.2575566197897458e+03
1.2576565645865478e+03
1.2588774913021807e+03
1.2592211517372857e+03
1.2592774343883818e+03
1.2594099916920381e+03
1.2595191088421032e+03
1.2601266524199634e+03
1.2608127496675961e+03
1.2609327200436212e+03
1.2614103777404057e+03
1.2626149284403218e+03
1.2630659838375032e+03
1.2634401218648779e+03
1.2636375832965750e+03
1.2645533535881614e+03
1.2646766393666151e+03
1.2653142078831286e+03
1.2658921736334444e+03
1.2669753684307191e+03
1.2675400243452766e+03
1.2676649102754839e+03
1.2677089755106738e+03
1.2678693414216991e+03
1.2687886043473559e+03
1.2693197195725425e+03
1.2695034924122986e+03
1.2695210608282550e+03
1.2697563183948619e+03
1.2700123718201344e+03
1.2700618605852378e+03
1.2706022128891875e+03
1.2716811619553139e+03
1.2727222789331163e+03
1.2738380729505730e+03
1.2739245106277915e+03
1.2739610597505909e+03
1.2742141069905388e+03
1.2742234814112471e+03
1.2746005274234012e+03
1.2748856206909290e+03
1.2757198352911707e+03
1.2759190845481908e+03
1.2760719776080182e+03
1.2769547685469577e+03
1.2772925215106347e+03
1.2773472069821305e+03
1.2778037108451347e+03
1.2781732850632106e+03
1.2786310514216805e+03
1.2787503478480285e+03
1.2793200776202614e+03
1.2794737864028050e+03
1.2794882451054496e+03
1.2797158030879887e+03
1.2801931575504673e+03
1.2813986619096590e+03
1.2815809259897446e+03
1.2819429637529631e+03
1.2823046132284048e+03
1.2828366691466686e+03
1.2828810969263959e+03
1.2831990065543362e+03
1.2841486453802365e+03
1.2844665477762076e+03
1.2854076444452655e+03
1.2862080194030177e+03
1.2865249651419315e+03
1.2869704447648114e+03
1.2871667029084624e+03
1.2876938573352770e+03
1.2878408103512438e+03
1.2879669206550273e+03
1.2882411540074731e+03
1.2884962895762910e+03
1.2890188058790241e+03
1.2890720139355374e+03
1.2891721577043922e+03
1.2892273098698033e+03
1.2894413548251316e+03
1.2897179225514187e+03
1.2907397068773398e+03
1.2913309005155843e+03
1.2928636123572280e+03
1.2936001204539641e+03
1.2936369493096997e+03
1.2936650669532355e+03
1.2937019787568984e+03
1.2942290314483503e+03
1.2947295038078400e+03
1.2948327935678806e+03
1.2950976343216416e+03
1.2954238161123440e+03
1.2954328449574014e+03
1.2969347391795866e+03
1.2969929745307645e+03
1.2978535175159288e+03
1.2978615626734318e+03
1.2980174843946127e+03
1.2980197859746218e+03
1.2987331827989785e+03
1.2999687364892159e+03
1.3007615701247498e+03
1.3012616277934640e+03
1.3015760216246224e+03
1.3019382042860302e+03
1.3020600807185551e+03
1.3027214751176803e+03
1.3027682448847893e+03
1.3034783059540778e+03
1.3038331490365001e+03
1.3040437569665582e+03
1.3055828289809192e+03
1.3056520507771622e+03
1.3060631006951230e+03
1.3069309342459878e+03
1.3072775898461534e+03
1.3075764182819480e+03
1.3081696228005744e+03
1.3096000061143752e+03
1.3096551080442964e+03
1.3099053922011190e+03
1.3102811408944287e+03
1.3102918249929060e+03
1.3107629740694465e+03
1.3108651491233468e+03
1.3108708614652487e+03
1.3113507601902766e+03
1.3115667539346678e+03
1.3116998803166789e+03
1.3121223034884526e+03
1.3133101724067114e+03
1.3136094777600199e+03
1.3146382244908978e+03
1.3148611805144903e+03
1.3152007851970802e+03
1.3152996792766444e+03
1.3155374341788547e+03
1.3163317044870255e+03
1.3170173973585581e+03
1.3170679631268708e+03
1.3172366347410641e+03
1.3172766805933645e+03
1.3176137131210044e+03
1.3187738305502978e+03
1.3190990437963410e+03
1.3193114647016180e+03
1.3193158814701917e+03
1.3198574016103958e+03
1.3198791745630235e+03
1.3206051424087200e+03
1.3206946514544049e+03
1.3207586083470003e+03
1.3208078002454881e+03
1.3210881467887546e+03
1.3214233598642081e+03
1.3232223544423082e+03
1.3234197952328900e+03
1.3238687600434191e+03
1.3245854254487272e+03
1.3245909417129947e+03
1.3249306980565011e+03
1.3249781140235548e+03
1.3260148448030652e+03
1.3261777114596050e+03
1.3264978812528022e+03
1.3265079807001682e+03
1.3269116745720198e+03
1.3272145375473831e+03
1.3285347127221551e+03
1.3296332735721385e+03
1.3299791993327485e+03
1.3303369345791448e+03
1.3310536347540924e+03
1.3311701867351273e+03
1.3314540596525660e+03
1.3316786339738537e+03
1.3318697424982317e+03
1.3319596283809808e+03
1.3329301118252995e+03
1.3340892791847471e+03
1.3342093582370419e+03
1.3346214659144939e+03
1.3356231690658803e+03
1.3356825178699323e+03
1.3356884110846361e+03
1.3359022721282540e+03
1.3360406404424004e+03
1.3361641218087921e+03
1.3373122229152318e+03
1.3373440867672721e+03
1.3374797989464039e+03
1.3385955557390112e+03
1.3392546305228120e+03
1.3392640422498175e+03
1.3404141989726602e+03
1.3405090567715354e+03
1.3405335298196608e+03
1.3418346034245478e+03
1.3420420734946631e+03
1.3423243383627380e+03
1.3426616704053122e+03
1.3426803216126373e+03
1.3428812266060179e+03
1.3434139412574748e+03
1.3438196341826936e+03
1.3450325892260528e+03
1.3456699469042346e+03
1.3460043648582384e+03
1.3464478392225844e+03
1.3469932469858325e+03
1.3474176984226908e+03
1.3477028433233545e+03
1.3485511303138669e+03
1.3490052543876629e+03
1.3490273663299392e+03
1.3490786369993480e+03
1.3492714307977308e+03
1.3501983476054033e+03
1.3502227434454089e+03
1.3503741392662669e+03
1.3515021385449661e+03
1.3519223683226498e+03
1.3522521450925231e+03
1.3524030007442484e+03
1.3527475811253564e+03
1.3528360256843118e+03
1.3539455414123524e+03
1.3539717712976130e+03
1.3544299972290491e+03
1.3545076599099805e+03
1.3545697533597715e+03
1.3546998359548493e+03
1.3555799611004459e+03
1.3556377151949357e+03
1.3566714612943676e+03
1.3576220346009816e+03
1.3582644869903488e+03
1.3585018720897967e+03
1.3594138603851989e+03
1.3604226912932061e+03
1.3605368847028089e+03
1.3605821756284254e+03
1.3607919446313658e+03
1.3609473975191870e+03
1.3609995702756482e+03
1.3617333040136446e+03
1.3622256876716406e+03
1.3626959983148695e+03
1.3628797584192484e+03
1.3633820763080300e+03
1.3638204309664723e+03
1.3642587598214632e+03
1.3648117762398504e+03
1.3649403398393042e+03
1.3659668951019578e+03
1.3661922501362837e+03
1.3666970054997084e+03
1.3671215640812484e+03
1.3671299365859961e+03
1.3694280158647166e+03
1.3695356477872763e+03
1.3696751647827223e+03
1.3699235545483373e+03
1.3713670222365006e+03
1.3717083476237342e+03
1.3724751633227977e+03
1.3729172015845008e+03
1.3732927397601068e+03
1.3735318839957192e+03
1.3745300518139527e+03
1.3747951658390232e+03
1.3748703729542656e+03
1.3751846307188637e+03
1.3756373693980677e+03
1.3760374775194412e+03
1.3762890156896067e+03
1.3769244689668471e+03
1.3769971625165520e+03
1.3779233912249840e+03
1.3782538171157121e+03
1.3785282120791776e+03
1.3785527600541300e+03
1.3795413288783227e+03
1.3796022882269035e+03
1.3796223671559728e+03
1.3802797721453128e+03
1.3805109434761464e+03
1.3813562296857692e+03
1.3817582785024319e+03
1.3820183816917140e+03
1.3820205818372663e+03
1.3823603173955521e+03
1.3825674161775055e+03
1.3829934162237714e+03
1.3830354668717337e+03
1.3833766215811384e+03
1.3837039447594691e+03
1.3838898086285717e+03
1.3845752257562301e+03
1.3849433686236096e+03
1.3864384531954147e+03
1.3870360619653597e+03
1.3871205097251202e+03
1.3871950156298133e+03
1.3876474398698333e+03
1.3876558867294668e+03
1.3883827294668024e+03
1.3888684265428944e+03
1.3893695182341423e+03
1.3895811963389569e+03
1.3912307940150715e+03
1.3925339933744531e+03
1.3925359434611894e+03
1.3925478267937865e+03
1.3926882551269759e+03
1.3930527630113545e+03
1.3931364745507328e+03
1.3931392329109519e+03
1.3944647945086131e+03
1.3945249197816663e+03
1.3954267684264223e+03
1.3971023902300146e+03
1.3979307013430598e+03
1.3981442553689142e+03
1.3983034533263242e+03
1.3984830736697593e+03
1.3985841761428378e+03
1.3987659004495220e+03
1.3989401128304221e+03
1.3990502155825554e+03
1.3997915022032698e+03
1.4002280854773699e+03
1.4008632387917380e+03
1.4018705890345675e+03
1.4023845061899324e+03
1.4024529412998006e+03
1.4025951222694500e+03
1.4031490225107420e+03
1.4032961332393115e+03
1.4034366106813823e+03
1.4041032808368527e+03
1.4042685373363615e+03
1.4045076946388097e+03
1.4047414105381338e+03
1.4050451744439547e+03
1.4057868383331338e+03
1.4059433675141597e+03
1.4067379757197714e+03
1.4072920438752096e+03
1.4083559228993686e+03
1.4086280130181465e+03
1.4091072806659674e+03
1.4100368974429941e+03
1.4106977848909969e+03
1.4108963260922178e+03
1.4121976413964233e+03
1.4125217039519000e+03
1.4127678744270052e+03
1.4134997238203550e+03
1.4139544326764164e+03
1.4145315463289974e+03
1.4146291947948023e+03
1.4150218287975567e+03
1.4155402039630387e+03
1.4157121869994394e+03
1.4161451292210636e+03
1.4163157768001454e+03
1.4163999762006824e+03
1.4168179107981373e+03
1.4170240367474901e+03
1.4172831245867271e+03
1.4188808902654225e+03
1.4191606323789460e+03
1.4195503480208317e+03
1.4197684600314030e+03
1.4197788606757008e+03
1.4220178127723448e+03
1.4221407889529414e+03
1.4222693372842916e+03
1.4222841471753529e+03
1.4223414783971689e+03
1.4225367185373088e+03
1.4238410324611607e+03
1.4238689142033506e+03
1.4247525441609059e+03
1.4251559266496313e+03
1.4255748109455292e+03
1.4259083696537646e+03
1.4267424357425057e+03
1.4275761161160233e+03
1.4279389977310309e+03
1.4289744464043681e+03
1.4290802594265765e+03
1.4291728499155422e+03
1.4296847158806368e+03
1.4301010015600780e+03
1.4302178542629590e+03
1.4302720886573950e+03
1.4311395672237240e+03
1.4313772193870029e+03
1.4325212441867518e+03
1.4325364211370136e+03
1.4325756372480703e+03
1.4331912953837696e+03
1.4336951515953929e+03
1.4344553260130049e+03
1.4344619974971642e+03
1.4353727388844895e+03
1.4358163644098463e+03
1.4364557568325079e+03
1.4368495977490782e+03
1.4374575205506237e+03
1.4374622536934637e+03
1.4374768850836217e+03
1.4390507728701909e+03
1.4403937171560474e+03
1.4414349433629645e+03
1.4416616241583349e+03
1.4418398177471106e+03
1.4424000323195294e+03
1.4428318755576740e+03
1.4430104408478858e+03
1.4432669219919433e+03
1.4436907280124137e+03
1.4437568343504240e+03
1.4441053171682101e+03
1.4448619948191872e+03
1.4451360941727080e+03
1.4455616529890460e+03
1.4458176689700801e+03
1.4463527628062486e+03
1.4465667533382289e+03
1.4471213976029449e+03
1.4486354510641943e+03
1.4498214662489684e+03
1.4500179148800391e+03
1.4504640612777980e+03
1.4506020423514060e+03
1.4506087796230847e+03
1.4507649487694484e+03
1.4514537934141986e+03
1.4520923361000164e+03
1.4523137761850905e+03
1.4528573766398108e+03
1.4539604306583535e+03
1.4540113754329507e+03
1.4542230511777823e+03
1.4555570512813970e+03
1.4556412128402114e+03
1.4556477619814223e+03
1.4561645860428991e+03
1.4567636944062729e+03
1.4578956966000080e+03
1.4584380324206602e+03
1.4588173439863219e+03
1.4588920991311822e+03
1.4589531087000014e+03
1.4591121378350922e+03
1.4599187709993821e+03
1.4603605880233931e+03
1.4608669835087528e+03
1.4618907797142326e+03
1.4621440593463769e+03
1.4623227562683851e+03
1.4634485027620310e+03
1.4635675116178986e+03
1.4637807895551286e+03
1.4645694110520665e+03
1.4645972276475582e+03
1.4647185270552102e+03
1.4651268041545600e+03
1.4652748125739192e+03
1.4656495157833658e+03
1.4658334916717415e+03
1.4663993290021701e+03
1.4668862574227035e+03
1.4675350632504496e+03
1.4675762467252671e+03
1.4691835325049312e+03
1.4692254585689057e+03
1.4700205115627573e+03
1.4701120305047334e+03
1.4710204489901344e+03
1.4713570663609544e+03
1.4717982367090715e+03
1.4725638910815837e+03
1.4725993195730978e+03
1.4734256119211768e+03
1.4735026918778685e+03
1.4735589270043531e+03
1.4740364492048302e+03
1.4747115969322849e+03
1.4748691686791160e+03
1.4774966812517764e+03
1.4776563588273334e+03
1.4780900539338070e+03
1.4785391520274438e+03
1.4789649245202963e+03
1.4791938047939072e+03
1.4792099520535421e+03
1.4798238576929041e+03
1.4799769756810131e+03
1.4823782372975170e+03
1.4826502462217002e+03
1.4832552626547913e+03
1.4834947310553557e+03
1.4844834208406285e+03
1.4845272837703315e+03
1.4845855657505381e+03
1.4850021103898162e+03
1.4853073438573188e+03
1.4855734867658302e+03
1.4866207174726544e+03
1.4868178732358297e+03
1.4877306006955762e+03
1.4881464378940161e+03
1.4881851222902349e+03
1.4898265698418877e+03
1.4900886106673122e+03
1.4901448993387878e+03
1.4903399024642333e+03
1.4915035602611119e+03
1.4917056797903504e+03
1.4918161423751815e+03
1.4923242297964891e+03
1.4937381502477556e+03
1.4938784403698819e+03
1.4948144317665651e+03
1.4949470615016805e+03
1.4950612771589081e+03
1.4956807450280251e+03
1.4969022217177751e+03
1.4971793988920767e+03
1.4972379791917956e+03
1.4974291546370009e+03
1.4977671467756011e+03
1.4981657496442529e+03
1.4989484251078773e+03
1.4995021363064982e+03
1.4998701102253026e+03
1.5001915240875214e+03
1.5006908407480717e+03
1.5010552669232991e+03
1.5011733777235065e+03
1.5016107727942212e+03
1.5024743393843232e+03
1.5030464754172942e+03
1.5033045683997568e+03
1.5037779207862177e+03
1.5045499696034512e+03
1.5052801908451654e+03
1.5062829802850042e+03
1.5070395480544651e+03
1.5073633163237344e+03
1.5084114945221772e+03
1.5084934941442020e+03
1.5085823912081671e+03
1.5091275752805370e+03
1.5093136132742295e+03
1.5102333984195420e+03
1.5105954705844022e+03
1.5112470029745402e+03
1.5117391338441118e+03
1.5121416339700345e+03
1.5121721224622963e+03
1.5124403413587497e+03
1.5133703740658241e+03
1.5139151244292968e+03
1.5141143689073954e+03
1.5154230114767329e+03
1.5157096165957860e+03
1.5158811018270940e+03
1.5158883155299809e+03
1.5163387752148562e+03
1.5176581064634572e+03
1.5181668178516964e+03
1.5183168152606052e+03
1.5191723595350120e+03
1.5193626376783282e+03
1.5195770146602106e+03
1.5195979910869653e+03
1.5205128635317321e+03
1.5209351490811896e+03
1.5211344751261897e+03
1.5215231351022796e+03
1.5226344082836886e+03
1.5230743725757538e+03
1.5231793552922188e+03
1.5233418292338583e+03
1.5243654283637345e+03
1.5244220754180362e+03
1.5255304254391629e+03
1.5261176096930162e+03
1.5266870926077174e+03
1.5272479042795262e+03
1.5275424634143449e+03
1.5276738682821076e+03
1.5281580657229947e+03
1.5286812835378521e+03
1.5292142487032056e+03
1.5297259987150071e+03
1.5299227369880196e+03
1.5301707973802943e+03
1.5323049595620341e+03
1.5324499704513341e+03
1.5331161872894008e+03
1.5331640778131759e+03
1.5331963618274794e+03
1.5344933881616030e+03
1.5346541816382110e+03
1.5348954437635139e+03
1.5369538007053343e+03
1.5380111051940462e+03
1.5381779969491320e+03
1.5383929195412913e+03
1.5390215527248902e+03
1.5398564571518025e+03
1.5401618466405957e+03
1.5406306632011112e+03
1.5410800185530597e+03
1.5418711867925879e+03
1.5422543163556916e+03
1.5429763442284850e+03
1.5430665234700675e+03
1.5431234935644993e+03
1.5461056776970177e+03
1.5463720862573812e+03
1.5465132759548542e+03
1.5472726986460091e+03
1.5473045314895755e+03
1.5481446831109311e+03
1.5491434353900290e+03
1.5492237666686913e+03
1.5494825502748020e+03
1.5500060888016530e+03
1.5505462464222903e+03
1.5516005802840805e+03
1.5517669995307442e+03
1.5518333150757762e+03
1.5532726320440725e+03
1.5534440260822730e+03
1.5543461376359587e+03
1.5545368832048860e+03
1.5550012388839184e+03
1.5553024617251215e+03
1.5558871367420979e+03
1.5566353266269223e+03
1.5573077283475036e+03
1.5575372578350152e+03
1.5579216591432612e+03
1.5581560545248471e+03
1.5585623264828751e+03
1.5585950218413043e+03
1.5592412469101907e+03
1.5596005108092727e+03
1.5596797131182050e+03
1.5603104182328348e+03
1.5608728025605903e+03
1.5613620651558697e+03
1.5618000371686073e+03
1.5618331177208358e+03
1.5620378368092054e+03
1.5620715267053376e+03
1.5637261957674687e+03
1.5642109270103974e+03
1.5648556793733194e+03
1.5655550395806511e+03
1.5661458004379265e+03
1.5668818316448578e+03
1.5672466501116580e+03
1.5673301603517191e+03
1.5677034381096137e+03
1.5679723015030911e+03
1.5698208730471683e+03
1.5698784060528710e+03
1.5706870560339989e+03
1.5719280153220466e+03
1.5735103139979835e+03
1.5737291537028059e+03
1.5738265655361784e+03
1.5739141142359733e+03
1.5742108012614324e+03
1.5755893389653670e+03
1.5755984093266463e+03
1.5759506959342657e+03
1.5762762047359256e+03
1.5765437153099360e+03
1.5765608300487525e+03
1.5788721991343143e+03
1.5791259776501465e+03
1.5800706467896798e+03
1.5815874168491930e+03
1.5821003441089722e+03
1.5833927516835208e+03
1.5838495284780411e+03
1.5839782014846478e+03
1.5845833847436347e+03
1.5854626105062521e+03
1.5862869139052793e+03
1.5864645579238672e+03
1.5867126200354317e+03
1.5877382350137998e+03
1.5877765869196573e+03
1.5877794484285805e+03
1.5878239743553577e+03
1.5878421210721172e+03
1.5880740119646896e+03
1.5882007950390073e+03
1.5894021141587343e+03
1.5904513009605955e+03
1.5909139438654363e+03
1.5922599052636374e+03
1.5922838644775429e+03
1.5924880011998641e+03
1.5925808691418620e+03
1.5938338771631595e+03
1.5938544208156675e+03
1.5949078716105714e+03
1.5951306137448439e+03
1.5959817966945586e+03
1.5960546550069707e+03
1.5960875766443066e+03
1.5975241554304962e+03
1.5984242335908434e+03
1.5985518967456492e+03
1.5989917728170049e+03
1.5992492289915235e+03
1.5994382679973785e+03
1.5998556469694897e+03
1.6000589649166379e+03
1.6004114177431675e+03
1.6015547572472126e+03
1.6018109755488301e+03
1.6020410978788052e+03
1.6023313203167950e+03
1.6027870332133164e+03
1.6028201757675668e+03
1.6047445956757265e+03
1.6048867635958638e+03
1.6062827769791145e+03
1.6070477410650774e+03
1.6070845712111256e+03
1.6089267236808191e+03
1.6100698362975900e+03
1.6102871510935163e+03
1.6104440147583418e+03
1.6108905572309741e+03
1.6109696962211754e+03
1.6113483961606607e+03
1.6123239635609798e+03
1.6123736108914920e+03
1.6128991267289896e+03
1.6137174315208827e+03
1.6143142118158148e+03
1.6144263710587418e+03
1.6155955126536562e+03
1.6163936274112311e+03
1.6164735072845197e+03
1.6165722558084324e+03
1.6167942260635186e+03
1.6178960005330844e+03
1.6186456187540168e+03
1.6187268133643827e+03
1.6191321673411239e+03
1.6210377270285207e+03
1.6222587587820224e+03
1.6224363939747820e+03
1.6227782022976587e+03
1.6237277155755246e+03
1.6237734010453594e+03
1.6238929900979824e+03
1.6246099634534951e+03
1.6250588597916073e+03
1.6259911159861138e+03
1.6274830999373485e+03
1.6277643106723260e+03
1.6285836914481636e+03
1.6288498665441957e+03
1.6292384421563336e+03
1.6312823261571468e+03
1.6315010830836070e+03
1.6318309995907898e+03
1.6324510632907452e+03
1.6328097988271179e+03
1.6335934378127140e+03
1.6342380901335387e+03
1.6344185796941481e+03
1.6347763435326274e+03
1.6353278996049680e+03
1.6353590863789216e+03
1.6356665591960009e+03
1.6364100090836560e+03
1.6368465519964782e+03
1.6368824012716650e+03
1.6376355345165532e+03
1.6380411502891927e+03
1.6400319685906277e+03
1.6400380245861315e+03
1.6403840118883770e+03
1.6412198801282216e+03
1.6417923595807697e+03
1.6424308728040101e+03
1.6426788867887863e+03
1.6434660468308825e+03
1.6440409143968279e+03
1.6444121529230829e+03
1.6454009371350451e+03
1.6458287422889043e+03
1.6458953011818514e+03
1.6458981005945043e+03
1.6470190676773659e+03
1.6476016897276031e+03
1.6480095026042643e+03
1.6482378008259209e+03
1.6501408347298993e+03
1.6503787151083427e+03
1.6504776014853956e+03
1.6511076741881968e+03
1.6513006323888974e+03
1.6517367847915616e+03
1.6518760006347190e+03
1.6523279210324392e+03
1.6524516123838275e+03
1.6528168517309543e+03
1.6550377826120430e+03
1.6554198643821160e+03
1.6559259050958312e+03
1.6562850088824569e+03
1.6569418268523384e+03
1.6573298752452040e+03
1.6579503291196299e+03
1.6580439914586334e+03
1.6584066371190856e+03
1.6586083057279445e+03
1.6607814205641296e+03
1.6610651676332955e+03
1.6620521033536531e+03
1.6629645599387409e+03
1.6634332191126723e+03
1.6638497827324220e+03
1.6645377193376764e+03
1.6647440637221280e+03
1.6655930127841073e+03
1.6660928454502864e+03
1.6666552850756948e+03
1.6673468022515176e+03
1.6678729638258690e+03
1.6680351459405294e+03
1.6690060906049600e+03
1.6697484715437697e+03
1.6704639471344226e+03
1.6705451249071878e+03
1.6731653564559349e+03
1.6731663778050852e+03
1.6736053006567270e+03
1.6747444037548942e+03
1.6747789901180890e+03
1.6747992515562548e+03
1.6749340519250795e+03
1.6750103604241124e+03
1.6753042412457371e+03
1.6766718908172638e+03
1.6772903250195914e+03
1.6779465978298688e+03
1.6780959529462830e+03
1.6786163501359933e+03
1.6793052663546694e+03
1.6805592010979205e+03
1.6805724812811320e+03
1.6812033786342308e+03
1.6814861714173840e+03
1.6828750335688808e+03
1.6832373931390073e+03
1.6833152926573000e+03
1.6836759643737182e+03
1.6846802892910698e+03
1.6848891963101808e+03
1.6853062905301906e+03
1.6867835898969252e+03
1.6871266109629355e+03
1.6871283446867251e+03
1.6877458258324132e+03
1.6880613390142539e+03
1.6891694456956534e+03
1.6894035869066774e+03
1.6899393606295484e+03
1.6900806483302399e+03
1.6909138954428367e+03
1.6909615801424329e+03
1.6923465310359948e+03
1.6934533872755837e+03
1.6938636038422324e+03
1.6944246427392668e+03
1.6950301078337955e+03
1.6961064415102799e+03
1.6962523162094601e+03
1.6964227131607888e+03
1.6966394972262717e+03
1.6975954274651301e+03
1.6985986874003147e+03
1.6993471538163258e+03
1.6997459661797709e+03
1.6998905830799763e+03
1.7010022085834000e+03
1.7019995348549817e+03
1.7026553940884066e+03
1.7034570911808637e+03
1.7039411303203524e+03
1.7050632644780758e+03
1.7065883865648927e+03
1.7071325565383383e+03
1.7074784982838701e+03
1.7077515608504214e+03
1.7079865295784218e+03
1.7083201735272519e+03
1.7093408396689008e+03
1.7101131014397265e+03
1.7101634344110109e+03
1.7110530181741742e+03
1.7121573169792991e+03
1.7123336403857415e+03
1.7133205928931573e+03
1.7137287454924558e+03
1.7141777950957658e+03
1.7143927417046343e+03
1.7153408415136382e+03
1.7154170462341390e+03
1.7167559911150911e+03
1.7168331330182355e+03
1.7175246818386681e+03
1.7181359447203965e+03
1.7194695623018029e+03
1.7194774052024443e+03
1.7206225798586463e+03
1.7206687184051912e+03
1.7208856154809198e+03
1.7216634145232572e+03
1.7222696740384742e+03
1.7225143720095045e+03
1.7232720981968330e+03
1.7235996842256682e+03
1.7242293798344426e+03
1.7257435061898964e+03
1.7262294190157907e+03
1.7273041306481700e+03
1.7273962602141178e+03
1.7279385171887866e+03
1.7285039564309741e+03
1.7293956915511035e+03
1.7301347802149489e+03
1.7307012336236367e+03
1.7308905339375251e+03
1.7310499196526041e+03
1.7317050375877177e+03
1.7326623672099086e+03
1.7354588826780157e+03
1.7357852229903237e+03
1.7361309234484081e+03
1.7368559332148775e+03
1.7368608230039015e+03
1.7373527896656553e+03
1.7375254644258384e+03
1.7381190784680846e+03
1.7381846404557689e+03
1.7390314794656679e+03
1.7400723711662547e+03
1.7403626828383065e+03
1.7413106193306257e+03
1.7416355669771474e+03
1.7420727657500329e+03
1.7429131973383785e+03
1.7433548083202395e+03
1.7436808438146963e+03
1.7441196750410488e+03
1.7445223992924793e+03
1.7452365702594984e+03
1.7454417019468108e+03
1.7461338695270460e+03
1.7468290477953947e+03
1.7470630122061471e+03
1.7473338405944910e+03
1.7478495665072483e+03
1.7480708979836420e+03
1.7481376451317340e+03
1.7507886150538684e+03
1.7520628123731753e+03
1.7532782476681259e+03
1.7535861330400214e+03
1.7538367479984986e+03
1.7544860229834187e+03
1.7545034936406064e+03
1.7550358079688178e+03
1.7553502449130201e+03
1.7555545907194748e+03
1.7558380909258592e+03
1.7561542299807418e+03
1.7561778376654436e+03
1.7563033694506714e+03
1.7578273135979912e+03
1.7585807372512279e+03
1.7587884139321886e+03
1.7622838618822109e+03
1.7623928643468248e+03
1.7627663612376193e+03
1.7630720664232626e+03
1.7639119346786163e+03
1.7642773609636454e+03
1.7661554141511492e+03
1.7662330270837938e+03
1.7676099130303696e+03
1.7676143545677116e+03
1.7684382108915024e+03
1.7684877896059941e+03
1.7689353069560375e+03
1.7715314767639504e+03
1.7733485149609480e+03
1.7733775816915695e+03
1.7739052872068100e+03
1.7739440411285386e+03
1.7740233241941917e+03
1.7741624409273350e+03
1.7753515893321842e+03
1.7754438609494111e+03
1.7759757177635715e+03
1.7774077397646786e+03
1.7774524607185965e+03
1.7779165176487377e+03
1.7779610165340723e+03
1.7795032980880876e+03
1.7801802882682564e+03
1.7804221230081625e+03
1.7804960505774782e+03
1.7806257612405711e+03
1.7809142123413526e+03
1.7827018323535633e+03
1.7834802586463752e+03
1.7837549344342788e+03
1.7844718125013931e+03
1.7858698053722062e+03
1.7865066583523635e+03
1.7865285074163253e+03
1.7877443478433738e+03
1.7880355962770132e+03
1.7880973800296531e+03
1.7881742107895425e+03
1.7887236077613884e+03
1.7892762256922413e+03
1.7894181247261795e+03
1.7902367771811655e+03
1.7908983388028416e+03
1.7909412638235544e+03
1.7921466021653764e+03
1.7933298197496206e+03
1.7950492865232231e+03
1.7952958407382794e+03
1.7958823915352725e+03
1.7961271182112339e+03
1.7967533384027920e+03
1.7981518423767800e+03
1.7986627347541823e+03
1.7987693939278874e+03
1.7988401120393905e+03
1.7990354399243743e+03
1.8004940634557211e+03
1.8013585104056624e+03
1.8019264906345154e+03
1.8021712585267612e+03
1.8028747648145318e+03
1.8039415049769514e+03
1.8041249414225924e+03
1.8048888271529563e+03
1.8055556932971228e+03
1.8059361427075105e+03
1.8073905062548704e+03
1.8081161575278327e+03
1.8097363325141143e+03
1.8097631873281011e+03
1.8112355716831369e+03
1.8114239588587320e+03
1.8121877576821173e+03
1.8129432366187586e+03
1.8132464489081049e+03
1.8143670116183910e+03
1.8146685201207738e+03
1.8156290339580610e+03
1.8162657140198353e+03
1.8164360109835200e+03
1.8166446536664380e+03
1.8167523278729095e+03
1.8170381198397286e+03
1.8176635941111035e+03
1.8192811642389449e+03
1.8201639677245112e+03
1.8203674846413185e+03
1.8209189399392824e+03
1.8213328584913561e+03
1.8213630994395371e+03
1.8218495886890803e+03
1.8232480079771306e+03
1.8238962330093400e+03
1.8255090882368700e+03
1.8268882918633121e+03
1.8270766134064777e+03
1.8280851577751114e+03
1.8297178573689807e+03
1.8301290970380921e+03
1.8311140667911238e+03
1.8311789568054671e+03
1.8313505702294465e+03
1.8314949694884083e+03
1.8315798205217443e+03
1.8322588476394922e+03
1.8328458772586898e+03
1.8329134652398852e+03
1.8336328109608946e+03
1.8338294410932538e+03
1.8340226224931691e+03
1.8346634017005481e+03
1.8351648199000228e+03
1.8353365134202920e+03
1.8379897342757636e+03
1.8390094914981021e+03
1.8392062542871502e+03
1.8393683261674985e+03
1.8408627029591498e+03
1.8409838921569471e+03
1.8417812322722225e+03
1.8423127632387618e+03
1.8423856731683022e+03
1.8424615744212924e+03
1.8432715745468606e+03
1.8437270624177600e+03
1.8442376964806529e+03
1.8459112203152633e+03
1.8461893248341023e+03
1.8464626195951344e+03
1.8475337191967267e+03
1.8481209861239579e+03
1.8493369258379132e+03
1.8504821382313155e+03
1.8529342691523357e+03
1.8530801408138313e+03
1.8532553702691903e+03
1.8536521182678362e+03
1.8549082524100349e+03
1.8567162508388360e+03
1.8571883330793407e+03
1.8573752929603702e+03
1.8582645316438993e+03
1.8612053187835036e+03
1.8622719671382233e+03
1.8623095928664447e+03
1.8628754339806578e+03
1.8633094657486258e+03
1.8644304735957071e+03
1.8645464941064363e+03
1.8648433951415245e+03
1.8649954693127006e+03
1.8655063327364044e+03
1.8659309651218553e+03
1.8669619227270230e+03
1.8682442107714000e+03
1.8691845890959789e+03
1.8697373663285834e+03
1.8699954004339904e+03
1.8703383739510464e+03
1.8714299043826891e+03
1.8719683437901015e+03
1.8722478334377445e+03
1.8724202699219452e+03
1.8725321195219360e+03
1.8743453970793917e+03
1.8752426599260016e+03
1.8752742712201680e+03
1.8757372815209071e+03
1.8771997964566349e+03
1.8778819503480308e+03
1.8778886058114720e+03
1.8783011187358304e+03
1.8783423222939107e+03
1.8789701183420545e+03
1.8807073399758808e+03
1.8807472061102242e+03
1.8808922974793084e+03
1.8816327601360897e+03
1.8825786574639628e+03
1.8830607926139041e+03
1.8832248227296368e+03
1.8842000578723539e+03
1.8847780761221350e+03
1.8860381000454183e+03
1.8870136052870116e+03
1.8877100769852766e+03
1.8884930929597765e+03
1.8890208706358947e+03
1.8913920880491153e+03
1.8922045780010503e+03
1.8927601313587081e+03
1.8928237264195755e+03
1.8929511402211022e+03
1.8934986466256416e+03
1.8940087692032469e+03
1.8941359692570870e+03
1.8945926802934894e+03
1.8961161439102584e+03
1.8968844931220756e+03
1.8982366319247078e+03
1.8995268929298441e+03
1.8996905082833687e+03
1.8998413038531171e+03
1.9016896170479454e+03
1.9020071097254768e+03
1.9021042267006926e+03
1.9026887729874843e+03
1.9045179787414427e+03
1.9052426920099444e+03
1.9055351311987838e+03
1.9056672227965742e+03
1.9057494805242670e+03
1.9060771736482550e+03
1.9076908434547474e+03
1.9079211701806539e+03
1.9083787208542326e+03
1.9115056911078025e+03
1.9120809499902841e+03
1.9123298194185454e+03
1.9123407354254757e+03
1.9127901735510734e+03
1.9138783682899339e+03
1.9141551955845569e+03
1.9145111185304108e+03
1.9158211401664469e+03
1.9162340245487489e+03
1.9169867730348162e+03
1.9210236729252047e+03
1.9214605763377483e+03
1.9245291286207937e+03
1.9249493056357089e+03
1.9258910829763952e+03
1.9258975059612430e+03
1.9270474023058557e+03
1.9273575064383122e+03
1.9277643652721333e+03
1.9282492508972769e+03
1.9299471244212559e+03
1.9304106517766388e+03
1.9309720684062900e+03
1.9312012612636420e+03
1.9312092199098547e+03
1.9328019383344647e+03
1.9332247369848008e+03
1.9332456152762343e+03
1.9334535908574071e+03
1.9339764519534026e+03
1.9353019299621810e+03
1.9356084399672891e+03
1.9359497692563109e+03
1.9363540123677510e+03
1.9370124386763071e+03
1.9381447135364917e+03
1.9396470769257194e+03
1.9397784133963194e+03
1.9411277748736645e+03
1.9424760428276770e+03
1.9430580882305605e+03
1.9431586246724685e+03
1.9450988542430161e+03
1.9455678342046813e+03
1.9455770227047101e+03
1.9459447137395418e+03
1.9465347621482097e+03
1.9468723828349889e+03
1.9492983640619066e+03
1.9497516186651583e+03
1.9504778604429357e+03
1.9518438045989985e+03
1.9518799774982715e+03
1.9521217579299514e+03
1.9532628766052715e+03
1.9554531104793896e+03
1.9554720931212303e+03
1.9559661941969766e+03
1.9566240903775169e+03
1.9572133288457835e+03
1.9572550391882953e+03
1.9576410711065698e+03
1.9584802125731078e+03
1.9593090135295940e+03
1.9598593037029236e+03
1.9624082563779950e+03
1.9640337188856586e+03
1.9642308290615240e+03
1.9647406848379462e+03
1.9653610815748732e+03
1.9664298756211663e+03
1.9678010594627285e+03
1.9683693437671845e+03
1.9688743322591131e+03
1.9692642518411126e+03
1.9692952156626015e+03
1.9710115621092768e+03
1.9711270738280268e+03
1.9712679935734729e+03
1.9721318526935408e+03
1.9722842804599845e+03
1.9737168707251060e+03
1.9742404448193286e+03
1.9750984923846340e+03
1.9753946102658917e+03
1.9759800980466000e+03
1.9765914734272292e+03
1.9782707125782902e+03
1.9784363288865059e+03
1.9838822841316057e+03
1.9843407825548359e+03
1.9857242757941126e+03
1.9858073651009515e+03
1.9861580891204878e+03
1.9873795508833280e+03
1.9883025809876222e+03
1.9885466140404058e+03
1.9885648191293251e+03
1.9886700576479882e+03
1.9897024328559810e+03
1.9900811191700457e+03
1.9903970890501905e+03
1.9919053587781966e+03
1.9923067739216904e+03
1.9923589077851789e+03
1.9954911306891806e+03
1.9965230915779107e+03
1.9968691530411468e+03
1.9975314402512324e+03
1.9980411969508043e+03
1.9992339871186466e+03
2.0012913171116190e+03
2.0025384656787733e+03
2.0026896821386972e+03
2.0031675981739436e+03
2.0042053251088307e+03
2.0043369738278041e+03
2.0051565915268211e+03
2.0052266592913470e+03
2.0081302465347944e+03
2.0083593532463883e+03
2.0097331556558370e+03
2.0099806998290178e+03
2.0099892220299166e+03
2.0115294308858890e+03
2.0116917288600614e+03
2.0123955947225766e+03
2.0136731027312826e+03
2.0139981733445607e+03
2.0148645527831477e+03
2.0155985046266580e+03
2.0172205185187413e+03
2.0185202204103853e+03
2.0190419694368190e+03
2.0194265945650577e+03
2.0220361457511422e+03
2.0225107410026453e+03
2.0244774168764898e+03
2.0248274874595611e+03
2.0250433822866191e+03
2.0254589348428083e+03
2.0263802367855101e+03
2.0268154349104582e+03
2.0279131931051832e+03
2.0279476615256094e+03
2.0284466948349905e+03
2.0285590872065889e+03
2.0296094371041988e+03
2.0307158557958264e+03
2.0312556418786755e+03
2.0313405280257457e+03
2.0319001918466927e+03
2.0321430543132728e+03
2.0353617481537181e+03
2.0363817824032913e+03
2.0372244241900889e+03
2.0381777453051504e+03
2.0390707240739941e+03
2.0407944143597165e+03
2.0408956947036731e+03
2.0410682266754422e+03
2.0411879844775344e+03
2.0412716097038324e+03
2.0425260149188287e+03
2.0426175305313623e+03
2.0432771211519578e+03
2.0442418609576321e+03
2.0464789982025893e+03
2.0476504053473893e+03
2.0490330920126389e+03
2.0504301201659923e+03
2.0510477250069366e+03
2.0514110268046238e+03
2.0522466463503797e+03
2.0529593121254306e+03
2.0536878030070193e+03
2.0543199648514101e+03
2.0557229632334361e+03
2.0558181450315515e+03
2.0560776669590082e+03
2.0588986182984986e+03
2.0598824091914848e+03
2.0613777138651117e+03
2.0615411582899951e+03
2.0628351201580986e+03
2.0638656538487967e+03
2.0645542335435903e+03
2.0659108156227880e+03
2.0666265675180607e+03
2.0671406881718149e+03
2.0676707654711977e+03
2.0693177346147281e+03
2.0701289379490067e+03
2.0701644617300963e+03
2.0730182664674539e+03
2.0734774157827360e+03
2.0744764136582858e+03
2.0761858681627459e+03
2.0762028636096029e+03
2.0766090039885080e+03
2.0769870876534551e+03
2.0774709230910530e+03
2.0782811507783244e+03
2.0788286009651706e+03
2.0802144468578426e+03
2.0815841631008789e+03
2.0817254521022983e+03
2.0841661068101407e+03
2.0850468420403126e+03
2.0855549461387368e+03
2.0865139462493134e+03
2.0865415469183772e+03
2.0877364190024127e+03
2.0878253133781795e+03
2.0891087564228433e+03
2.0915898569569390e+03
2.0919272139773575e+03
2.0931602815135539e+03
2.0940504903444307e+03
2.0944435332886683e+03
2.0948310220055087e+03
2.0960576472353187e+03
2.0967090562630747e+03
2.0973345839235508e+03
2.0975598316875016e+03
2.0985072643975955e+03
2.0990560585776352e+03
2.0995177297321616e+03
2.0996377862265608e+03
2.1031989256739930e+03
2.1043042946145733e+03
2.1044668551199015e+03
2.1056447511445335e+03
2.1064779118838637e+03
2.1074041301605757e+03
2.1078686807574741e+03
2.1080471464620291e+03
2.1116524422811158e+03
2.1117698629745423e+03
2.1119065473912137e+03
2.1141437589131779e+03
2.1150414836246059e+03
2.1166991059950565e+03
2.1184474726862122e+03
2.1185826356084963e+03
2.1194526454901461e+03
2.1206887671985887e+03
2.1207371131230261e+03
2.1219417645863255e+03
2.1230796084457447e+03
2.1231222544965603e+03
2.1233031999711347e+03
2.1237620978880518e+03
2.1241615936557573e+03
2.1251027711249862e+03
2.1262363462682811e+03
2.1285195925632388e+03
2.1289319153867395e+03
2.1291589185770376e+03
2.1295771742343209e+03
2.1317395989142965e+03
2.1326721669999956e+03
2.1328421788322280e+03
2.1331110900157314e+03
2.1332088765077242e+03
2.1341218695207262e+03
2.1345537772972207e+03
2.1358012488854256e+03
2.1381898619673584e+03
2.1394748530487886e+03
2.1404550453428255e+03
2.1416149367797871e+03
2.1420415390529665e+03
2.1420888015231635e+03
2.1465324405546212e+03
2.1470512653058654e+03
2.1483737152988369e+03
2.1487847117565457e+03
2.1528750620234696e+03
2.1530816958377600e+03
2.1538885984276790e+03
2.1542813384727324e+03
2.1555371018704172e+03
2.1565205229512276e+03
2.1586904616591714e+03
2.1587760143228143e+03
2.1591091765812080e+03
2.1595305120516455e+03
2.1598929384666890e+03
2.1599174143669516e+03
2.1602528664918027e+03
2.1604516111583885e+03
2.1605554644603758e+03
2.1613993619522594e+03
2.1623205931950984e+03
2.1638523160843024e+03
2.1648095185505881e+03
2.1671210057115122e+03
2.1673507530704132e+03
2.1695523400348407e+03
2.1696277270116962e+03
2.1696866288423371e+03
2.1700511224796091e+03
2.1705044878999156e+03
2.1719382659413141e+03
2.1726064494093566e+03
2.1737957341690667e+03
2.1770291229681347e+03
2.1777356205781830e+03
2.1797233647923426e+03
2.1836399627728965e+03
2.1843921424685464e+03
2.1848569026309474e+03
2.1851092227116355e+03
2.1859794782213157e+03
2.1873986800867356e+03
2.1891830234122353e+03
2.1902842093945214e+03
2.1905097373959852e+03
2.1910358241259992e+03
2.1913611410319809e+03
2.1917926408837329e+03
2.1918044665825332e+03
2.1933063541669158e+03
2.1933903841082829e+03
2.1945226422881833e+03
2.1975979428463502e+03
2.2004812523320502e+03
2.2008296653621601e+03
2.2008627864903574e+03
2.2011213283929783e+03
2.2015772601774147e+03
2.2030130655391176e+03
2.2039225977361662e+03
2.2040933180074026e+03
2.2050286721634429e+03
2.2063683213601548e+03
2.2074413604436209e+03
2.2079058303967640e+03
2.2091511321361049e+03
2.2097853861995372e+03
2.2110466587129581e+03
2.2111045273220734e+03
2.2142526720056549e+03
2.2147143634900694e+03
2.2152733348195466e+03
2.2165383216293444e+03
2.2168166302306895e+03
2.2172934645773271e+03
2.2178810313804524e+03
2.2193066577942700e+03
2.2209478477286411e+03
2.2228355553604192e+03
2.2231667590897064e+03
2.2238181049157592e+03
2.2279802637075959e+03
2.2287243933794766e+03
2.2288881009751012e+03
2.2291187487029597e+03
2.2295366139506373e+03
2.2311899453551541e+03
2.2333822613095031e+03
2.2348027678083722e+03
2.2355545411925696e+03
2.2382349281814081e+03
2.2393225492495590e+03
2.2411587018154996e+03
2.2436154015258057e+03
2.2439097070064772e+03
2.2441166326615034e+03
2.2452366940382508e+03
2.2457727194863905e+03
2.2472770711538064e+03
2.2496785781183403e+03
2.2497428938501102e+03
2.2507807434383835e+03
2.2510355348900998e+03
2.2521688393326563e+03
2.2533749636613393e+03
2.2535638953906391e+03
2.2556209736217656e+03
2.2572890442424077e+03
2.2585006674205038e+03
2.2589183322017584e+03
2.2592117283340735e+03
2.2597749702939432e+03
2.2598903463796073e+03
2.2602996809781566e+03
2.2628543561235056e+03
2.2633351063771693e+03
2.2635527742290365e+03
2.2639217608427330e+03
2.2674266523814149e+03
2.2681455918847164e+03
2.2690226186762993e+03
2.2693276373059925e+03
2.2694163983683834e+03
2.2695700589078870e+03
2.2746503123365405e+03
2.2768194354941202e+03
2.2771369414424007e+03
2.2776976068750960e+03
2.2791267077073690e+03
2.2800218381460982e+03
2.2811563589918055e+03
2.2826660287873042e+03
2.2830849031727907e+03
2.2863055124537445e+03
2.2868652369534461e+03
2.2871004392851369e+03
2.2873469055410646e+03
2.2893949159812282e+03
2.2895597487384625e+03
2.2902231663918978e+03
2.2915259710836922e+03
2.2917048036052720e+03
2.2932852357071306e+03
2.2939016534292218e+03
2.2969925860221470e+03
2.2985767849126755e+03
2.3013788080732161e+03
2.3016268602277141e+03
2.3018728513459000e+03
2.3022247216125756e+03
2.3026909582878293e+03
2.3031372179236650e+03
2.3047863088920490e+03
2.3066190202924536e+03
2.3073433252793375e+03
2.3101706709333730e+03
2.3108983862943496e+03
2.3136097449006488e+03
2.3148741675251663e+03
2.3151936873483301e+03
2.3171501608109452e+03
2.3189876677479110e+03
2.3209924901790910e+03
2.3215045620173496e+03
2.3245212672620405e+03
2.3254041073606822e+03
2.3260060028125649e+03
2.3260901275554347e+03
2.3279260419498814e+03
2.3286315279998253e+03
2.3290421907771820e+03
2.3323687083918448e+03
2.3325941267523658e+03
2.3326805222655103e+03
2.3329021632737713e+03
2.3329837458475458e+03
2.3344229121700769e+03
2.3378515705492828e+03
2.3379139177839538e+03
2.3380151999212230e+03
2.3401496749721637e+03
2.3411724757672582e+03
2.3411800945383402e+03
2.3418570913167237e+03
2.3418596674930991e+03
2.3427689351815320e+03
2.3432930235935155e+03
2.3437011506041658e+03
2.3452404351174105e+03
2.3472326241635228e+03
2.3475608218638149e+03
2.3493626520735102e+03
2.3519597412517978e+03
2.3554788841917825e+03
2.3562999056648014e+03
2.3564500635408453e+03
2.3584730670596491e+03
2.3587158223004044e+03
2.3594523667572294e+03
2.3602444603668469e+03
2.3616380402319792e+03
2.3659702852655764e+03
2.3662495383646487e+03
2.3691911848106670e+03
2.3701137321003816e+03
2.3754076518343727e+03
2.3754871717077272e+03
2.3762744903871026e+03
2.3773861400182482e+03
2.3777815321457156e+03
2.3791325167772916e+03
2.3813981318201245e+03
2.3818343775872295e+03
2.3834652661219093e+03
2.3837647677584914e+03
2.3855232412907285e+03
2.3869485826236946e+03
2.3877552005030275e+03
2.3879846225141523e+03
2.3889978691891756e+03
2.3905860863510429e+03
2.3908882924335940e+03
2.3923855865862520e+03
2.3938444949825152e+03
2.3957919499409304e+03
2.3962165457596420e+03
2.3964583565883859e+03
2.3988713638935342e+03
2.3997668808054163e+03
2.4001501632827058e+03
2.4027823814227868e+03
2.4047772458229392e+03
2.4058832054504483e+03
2.4059730546347255e+03
2.4063477194011907e+03
2.4072325748722715e+03
2.4079019217156356e+03
2.4113742435891709e+03
2.4167932118085541e+03
2.4168596456810701e+03
2.4170088587207092e+03
2.4178352600135554e+03
2.4212352959211707e+03
2.4237195666145826e+03
2.4265359148146226e+03
2.4270954840913014e+03
2.4271964753492480e+03
2.4284975487490278e+03
2.4292440415055103e+03
2.4295418593040545e+03
2.4321288857776990e+03
2.4334118621318166e+03
2.4335555912951477e+03
2.4344350009692253e+03
2.4344426456952842e+03
2.4358293504727476e+03
2.4386749556001241e+03
2.4399464389410091e+03
2.4400064808855950e+03
2.4412888441637870e+03
2.4427600012940284e+03
2.4462951769126794e+03
2.4485568766023448e+03
2.4493736004949001e+03
2.4499672854511609e+03
2.4514480888473895e+03
2.4520364890391565e+03
2.4529297270969355e+03
2.4533052630761836e+03
2.4569861892130152e+03
2.4585890962200388e+03
2.4591775044057495e+03
2.4594159013251438e+03
2.4599120951893756e+03
2.4599200499370991e+03
2.4601622224105390e+03
2.4614964371293418e+03
2.4619458365803448e+03
2.4629744017761368e+03
2.4653053017226698e+03
2.4706539601103295e+03
2.4738202790117239e+03
2.4741624740067500e+03
2.4746543644751041e+03
2.4750444122999952e+03
2.4754138400174029e+03
2.4810807678212591e+03
2.4811032862334459e+03
2.4820172950825909e+03
2.4832932441634744e+03
2.4836972950234385e+03
2.4838483776473554e+03
2.4839366233668952e+03
2.4841104274578042e+03
2.4881582525035969e+03
2.4894939232321412e+03
2.4900645844806413e+03
2.4910178983137457e+03
2.4958258314067948e+03
2.4978079689634283e+03
2.4980692544238291e+03
2.5002526364252853e+03
2.5010103186094775e+03
2.5042996056217316e+03
2.5043913648680791e+03
2.5046441210331059e+03
2.5050684307863507e+03
2.5074548343531942e+03
2.5084694585601983e+03
2.5105453078399805e+03
2.5145892590610970e+03
2.5165343991275590e+03
2.5191680795636339e+03
2.5191729191626191e+03
2.5216007307813975e+03
2.5218363687945912e+03
2.5240112504212084e+03
2.5241912122143008e+03
2.5247260151746527e+03
2.5252062755231273e+03
2.5291379950172941e+03
2.5299223445184048e+03
2.5309102319009116e+03
2.5366139651372291e+03
2.5376408356333336e+03
2.5378002776620151e+03
2.5378830127904043e+03
2.5394702094194449e+03
2.5471575876953398e+03
2.5480692339128104e+03
2.5483396587175475e+03
2.5489458379685370e+03
2.5497355744224956e+03
2.5505697527570437e+03
2.5507675524755955e+03
2.5526061978188800e+03
2.5550963821125806e+03
2.5553511399044701e+03
2.5554764353889809e+03
2.5573977267169612e+03
2.5618323951467032e+03
2.5637178013247676e+03
2.5641432874913075e+03
2.5648409390900410e+03
2.5652128151472380e+03
2.5652613459293393e+03
2.5664949416511881e+03
2.5678429476996635e+03
2.5715892712882683e+03
2.5737973600246069e+03
2.5742114674235663e+03
2.5743021277434918e+03
2.5757898522345295e+03
2.5781559375477241e+03
2.5789878937634930e+03
2.5798692470032975e+03
2.5799644104060790e+03
2.5809190746402942e+03
2.5826814646790708e+03
2.5833734171628676e+03
2.5848469693277943e+03
2.5930174268990645e+03
2.5933864957901724e+03
2.5939653551295401e+03
2.5962455927540764e+03
2.5991099160824360e+03
2.6002380885445796e+03
2.6055883582362953e+03
2.6056585969085886e+03
2.6067567619044594e+03
2.6081050739951029e+03
2.6102303404204467e+03
2.6107072293176625e+03
2.6117218063587093e+03
2.6121493716770306e+03
2.6130763251574626e+03
2.6141644325397247e+03
2.6153458534706724e+03
2.6178727451117202e+03
2.6182406690223725e+03
2.6186149380945217e+03
2.6217256094118916e+03
2.6236955113726503e+03
2.6241202225216280e+03
2.6311990231490931e+03
2.6314107178697609e+03
2.6337701077873794e+03
2.6364662672019317e+03
2.6369309037175231e+03
2.6392918741799226e+03
2.6407385090785883e+03
2.6413562787745773e+03
2.6416715309573347e+03
2.6419677934755300e+03
2.6449008326976282e+03
2.6465608029386858e+03
2.6467628577959335e+03
2.6479576226607505e+03
2.6514477616400086e+03
2.6533188599948144e+03
2.6578197357076319e+03
2.6604951511233894e+03
2.6650537386976498e+03
2.6662478334515431e+03
2.6673801408732925e+03
2.6683850570542963e+03
2.6724260006106983e+03
2.6729288593464057e+03
2.6731361055783614e+03
2.6733304746254175e+03
2.6757093587613604e+03
2.6769360482199891e+03
2.6790329165565977e+03
2.6810562253817152e+03
2.6829049838832029e+03
2.6849783197182560e+03
2.6850364881224000e+03
2.6872813875195552e+03
2.6877780098577909e+03
2.6892088641559121e+03
2.6921513812626831e+03
2.6937285892189857e+03
2.6943703186747848e+03
2.6948238321730005e+03
2.6949185091356335e+03
2.6984825159422317e+03
2.6991006706955850e+03
2.7009400984987556e+03
2.7010627946785012e+03
2.7079096492196409e+03
2.7102869744218415e+03
2.7118669295837763e+03
2.7129872165383131e+03
2.7173629883662625e+03
2.7180547183682334e+03
2.7224293488893700e+03
2.7240395813391028e+03
2.7241196494053893e+03
2.7245324069981584e+03
2.7282903153633633e+03
2.7328048191641706e+03
2.7330207887678339e+03
2.7334901635665656e+03
2.7353071186699517e+03
2.7356597214714411e+03
2.7390537606577059e+03
2.7431194376263384e+03
2.7435341933873437e+03
2.7439996818702994e+03
2.7448657141222957e+03
2.7468895302240217e+03
2.7517336033363054e+03
2.7519302601121954e+03
2.7536195286788793e+03
2.7545028736647787e+03
2.7596257865258699e+03
2.7614273755952904e+03
2.7644594136426535e+03
2.7645924836071736e+03
2.7650205858211380e+03
2.7664396401531185e+03
2.7674675255768052e+03
2.7696497824991770e+03
2.7756543764203561e+03
2.7757110245263384e+03
2.7769491204578826e+03
2.7773218385170676e+03
2.7822583797132315e+03
2.7833267017291219e+03
2.7856019863107167e+03
2.7862928777482562e+03
2.7872540588993124e+03
2.7958573139235723e+03
2.7962420846087593e+03
2.7965153827643635e+03
2.7976901449279344e+03
2.7979952616135392e+03
2.7983378578236329e+03
2.7989620808489335e+03
2.7996688713827011e+03
2.8046619697036008e+03
2.8055884607569556e+03
2.8066519872540234e+03
2.8073249555587636e+03
2.8081661110513628e+03
2.8135756511731920e+03
2.8139379283012890e+03
2.8232599142669324e+03
2.8250061785791004e+03
2.8256848946181508e+03
2.8309945136134711e+03
2.8316902878494284e+03
2.8376630956743293e+03
2.8388160019808192e+03
2.8390305722307880e+03
2.8408970676870790e+03
2.8409143195259794e+03
2.8431987423869073e+03
2.8459289767484324e+03
2.8484953390495048e+03
2.8498748493176172e+03
2.8527572320686559e+03
2.8544697446161554e+03
2.8545452832566671e+03
2.8556526385934553e+03
2.8578710511326744e+03
2.8617128028417587e+03
2.8647026566740524e+03
2.8653659831343239e+03
2.8657072237492084e+03
2.8663478815124731e+03
2.8665231970584236e+03
2.8678936736061255e+03
2.8679083528920210e+03
2.8723314891430832e+03
2.8724095537306321e+03
2.8741491825622725e+03
2.8763032958565732e+03
2.8769575894059753e+03
2.8808870110589451e+03
2.8832447160303818e+03
2.8836141636124094e+03
2.8904347663536801e+03
2.8906212240715117e+03
2.8917000543262475e+03
2.8967400927862027e+03
2.8983957408572364e+03
2.9061735580822233e+03
2.9089269897987851e+03
2.9123160070234994e+03
2.9127714276015727e+03
2.9131550313925791e+03
2.9139076267554437e+03
2.9148976645280659e+03
2.9161421079599741e+03
2.9189123975489110e+03
2.9206256495743391e+03
2.9260079563495588e+03
2.9328286013045185e+03
2.9348072840229006e+03
2.9351006669399717e+03
2.9354045729978457e+03
2.9362904651100171e+03
2.9375075579285467e+03
2.9414735638457923e+03
2.9437673830444255e+03
2.9438236420350649e+03
2.9439799021857475e+03
2.9445016128294869e+03
2.9471067691282660e+03
2.9477470691574995e+03
2.9520781966160425e+03
2.9544511500956869e+03
2.9551752533833687e+03
2.9609174814003577e+03
2.9631361008863764e+03
2.9642139955221842e+03
2.9672994039524124e+03
2.9726957234468377e+03
2.9747960286325747e+03
2.9755009666280339e+03
2.9766263230790400e+03
2.9777595941527561e+03
2.9781424281931590e+03
2.9820644556034240e+03
2.9830710261930712e+03
2.9874071354183575e+03
2.9944548184029932e+03
2.9966357591882893e+03
2.9994310485894157e+03
3.0032047781671940e+03
3.0084354782805794e+03
3.0089536457327304e+03
3.0092781084962862e+03
3.0103456416205559e+03
3.0111531873883437e+03
3.0112872789154253e+03
3.0116293166173882e+03
3.0119661042266162e+03
3.0145693840763211e+03
3.0157292298502225e+03
3.0214766008083570e+03
3.0244936946296502e+03
3.0263284272552755e+03
3.0291148858910137e+03
3.0320303769925317e+03
3.0349955223722513e+03
3.0367606699478633e+03
3.0414263535218079e+03
3.0434149267205703e+03
3.0490332342495039e+03
3.0513696274832937e+03
3.0525597738757538e+03
3.0551800291941449e+03
3.0572714541081259e+03
3.0621927086209653e+03
3.0637779457888819e+03
3.0646803592178585e+03
3.0689707212358167e+03
3.0760644198304722e+03
3.0770101241438820e+03
3.0773138364297770e+03
3.0775334611316075e+03
3.0801878251425665e+03
3.0866000826131080e+03
3.0873306519668809e+03
3.0894610800522632e+03
3.0945050527561320e+03
3.0978770560057133e+03
3.1021283175829171e+03
3.1021771995297408e+03
3.1024540205818976e+03
3.1088830606626179e+03
3.1138143420621786e+03
3.1146050393228816e+03
3.1186816872586833e+03
3.1207734642824962e+03
3.1287176434652752e+03
3.1293359127170320e+03
3.1308019006465424e+03
3.1327072926657720e+03
3.1355252847955662e+03
3.1391953171992818e+03
3.1409305838281339e+03
3.1417243560209317e+03
3.1465292806696534e+03
3.1508260005884322e+03
3.1512017049529322e+03
3.1564655237671700e+03
3.1573729530437276e+03
3.1621372514167583e+03
3.1665958135405226e+03
3.1682192175496093e+03
3.1688347383271353e+03
3.1696948691506509e+03
3.1699265199351803e+03
3.1887132242438443e+03
3.1907208608129754e+03
3.2011767812206722e+03
3.2013714784122030e+03
3.2021312920148471e+03
3.2051423035378039e+03
3.2054735735869249e+03
3.2065528627162685e+03
3.2100051929673377e+03
3.2154730051328947e+03
3.2274568563453799e+03
3.2307496825961057e+03
3.2331809138973567e+03
3.2354896567375349e+03
3.2419941189928354e+03
3.2424806647176288e+03
3.2426325800541940e+03
3.2435745558303952e+03
3.2463961987028083e+03
3.2514696762758467e+03
3.2534919135570340e+03
3.2578942974752949e+03
3.2585403506398875e+03
3.2611294813607265e+03
3.2646171720618745e+03
3.2696300511167556e+03
3.2799225136042087e+03
3.2801003850125480e+03
3.2853760577099538e+03
3.2975101953912313e+03
3.3028105759279547e+03
3.3072965097385795e+03
3.3132042848743445e+03
3.3208113827228058e+03
3.3217014501389476e+03
3.3237381946800720e+03
3.3252248974580411e+03
3.3299985611650777e+03
3.3302244454900419e+03
3.3339890351202489e+03
3.3449643380395423e+03
3.3459255826953686e+03
3.3485886571711312e+03
3.3496923383529434e+03
3.3528968220143543e+03
3.3566505521907234e+03
3.3582796069601523e+03
3.3614941701898820e+03
3.3721970680847339e+03
3.3840747835579773e+03
3.3850235187401245e+03
3.3902124108439116e+03
3.3919338562558896e+03
3.3950859090223303e+03
3.3954803733028539e+03
3.4117807293602250e+03
3.4126924943326421e+03
3.4181750773436052e+03
3.4229406956105295e+03
3.4263539536157359e+03
3.4264636000041342e+03
3.4269800687914008e+03
3.4351308248202531e+03
3.4359807916294426e+03
3.4399920344771363e+03
3.4424979608691538e+03
3.4487204691940215e+03
3.4517908320707452e+03
3.4528210447374854e+03
3.4530292852027628e+03
3.4617180632545542e+03
3.4797600081676674e+03
3.4835934491257344e+03
3.4846871190869947e+03
3.4959731327475215e+03
3.4985505460982668e+03
3.5010269861697739e+03
3.5015199659442719e+03
3.5079068589971389e+03
3.5087205622097740e+03
3.5170778837247963e+03
3.5248717871500803e+03
3.5296594196497172e+03
3.5318194340756522e+03
3.5321911396688433e+03
3.5378720607290434e+03
3.5419860223302385e+03
3.5455257848142719e+03
3.5667201003213040e+03
3.5675009896198840e+03
3.5680720250658042e+03
3.5747955618202168e+03
3.5775604343241657e+03
3.5845376389359353e+03
3.5847834486979114e+03
3.5906131529481800e+03
3.5954979242234622e+03
3.5959381888311709e+03
3.5969769741946088e+03
3.6016087998004573e+03
3.6205089405887725e+03
3.6243435412835879e+03
3.6247395109998920e+03
3.6274268148123629e+03
3.6309924894067008e+03
3.6332734310538835e+03
3.6395508819612855e+03
3.6502916620816673e+03
3.6508917259924488e+03
3.6509684179699116e+03
3.6622393567394060e+03
3.6741964231649176e+03
3.6746725027025905e+03
3.6888730526841400e+03
3.6973892022578507e+03
3.6975535775546095e+03
3.6976388497199846e+03
3.7080316399742760e+03
3.7136316824231321e+03
3.7186448445146370e+03
3.7193691285253217e+03
3.7325558539868889e+03
3.7402887587102182e+03
3.7422250707120020e+03
3.7481337472837376e+03
3.7492768075924159e+03
3.7566059306986040e+03
3.7625095936254670e+03
3.7767038075035980e+03
3.7775515192914449e+03
3.7795748790363104e+03
3.7967285503347798e+03
3.8012189124868482e+03
3.8030601988795092e+03
3.8046002552330906e+03
3.8093409547152023e+03
3.8202736995468849e+03
3.8512390104384344e+03
3.8577517592375652e+03
3.8578901291729617e+03
3.8607988529650702e+03
3.8661655292415467e+03
3.8716743294243383e+03
3.8923212531473819e+03
3.9108039311592997e+03
3.9217029362489961e+03
3.9318216872230037e+03
3.9318242576371417e+03
3.9346202515997079e+03
3.9351530490785772e+03
3.9618825568987245e+03
3.9632927680406619e+03
4.0190335079566316e+03
4.0191245509661840e+03
4.0923565305080606e+03
4.0923581251323144e+03
