9.8939272660919393e+00
2.0241435552377883e+01
2.0241650845510140e+01
2.0242683182234465e+01
3.3305701924222241e+01
3.3305884371126254e+01
3.3306435350904344e+01
3.3306509815322222e+01
3.3308758526314485e+01
3.9590011144909212e+01
4.8972576849207350e+01
4.8973688049916582e+01
4.8974140114267435e+01
4.8975022794958377e+01
4.8975541320332319e+01
4.8975911855185771e+01
4.8979356682370558e+01
5.9873242866774902e+01
5.9874012024288447e+01
5.9877679564516725e+01
6.7175931814052362e+01
6.7176865732729453e+01
6.7177258985383872e+01
6.7178133962368108e+01
6.7179425408028322e+01
6.7179885748555549e+01
6.7181970472957360e+01
6.7182469247843756e+01
6.7186906709934775e+01
8.3044421602192315e+01
8.3046010058420862e+01
8.3047662000057102e+01
8.3048498645252735e+01
8.3055740510571752e+01
8.7872989917134035e+01
8.7874726021708796e+01
8.7875886364806647e+01
8.7876408408363105e+01
8.7878702399645121e+01
8.7879947218103382e+01
8.7880889500667749e+01
8.7882334481720292e+01
8.7884627888062965e+01
8.7885180298679302e+01
8.7892249351663594e+01
8.9203351040888847e+01
1.0904767504383669e+02
1.0905119555556476e+02
1.0905404980982836e+02
1.0905571594295286e+02
1.0905857753565172e+02
1.0906078476035863e+02
1.0907205919502169e+02
1.1104328867245124e+02
1.1104546545522298e+02
1.1104842564950236e+02
1.1104999777063388e+02
1.1105202434864154e+02
1.1105305613308060e+02
1.1105319500258136e+02
1.1105523828717013e+02
1.1105900547124425e+02
1.1106102539327590e+02
1.1106268677674413e+02
1.1106766857824019e+02
1.1107810194379356e+02
1.1954855993581063e+02
1.1955555156758342e+02
1.1956596364588610e+02
1.3668208210892735e+02
1.3668315656470631e+02
1.3668506045191788e+02
1.3668832162917815e+02
1.3669167376257246e+02
1.3669376692668590e+02
1.3669951564450503e+02
1.3670372721083717e+02
1.3670414420832580e+02
1.3670907662387660e+02
1.3671107120850849e+02
1.3671172339076898e+02
1.3671968249277217e+02
1.3672281467008699e+02
1.3673588242792758e+02
1.3785744093408630e+02
1.3786022936856355e+02
1.3786687736188523e+02
1.3787099485667599e+02
1.3787225406083667e+02
1.3787993296739987e+02
1.3788013784566158e+02
1.3788702124115480e+02
1.3790130144615071e+02
1.5292790687572278e+02
1.5294823093390380e+02
1.5295821924948098e+02
1.5296828113821681e+02
1.5297760292321408e+02
1.5911674421521411e+02
1.6479376507785906e+02
1.6479755150254877e+02
1.6480219345189562e+02
1.6481142814772426e+02
1.6481208938777587e+02
1.6481617364627488e+02
1.6482293520345041e+02
1.6482506310960855e+02
1.6483389867625019e+02
1.6483519475039631e+02
1.6484129167074968e+02
1.6484481105647333e+02
1.6484658686157906e+02
1.6485673065974248e+02
1.6485758675280218e+02
1.6486005857144247e+02
1.6487267007484749e+02
1.6946298408040761e+02
1.6947643713612018e+02
1.6948032007750643e+02
1.6948288972104268e+02
1.6949352341371880e+02
1.6950481609350032e+02
1.6950685070750421e+02
1.6951620483509808e+02
1.6952149760139545e+02
1.6952973168018676e+02
1.6953547424304242e+02
1.8938357548809498e+02
1.8939313414055925e+02
1.8940609651746669e+02
1.8940985410064457e+02
1.8944118562862980e+02
1.8946303156850593e+02
1.8947448169410242e+02
1.9538148986520665e+02
1.9540906200536884e+02
1.9541423441497514e+02
1.9541679117047079e+02
1.9542698860380409e+02
1.9543502965931339e+02
1.9544221644886645e+02
1.9545594471113006e+02
1.9546359769033302e+02
1.9547136619176160e+02
1.9548163377617036e+02
1.9548470099350882e+02
1.9549075849225389e+02
1.9549857592645756e+02
1.9550065712204997e+02
1.9550837012134951e+02
1.9551300677421079e+02
1.9551827642143982e+02
1.9553226097005788e+02
1.9986448819833899e+02
1.9988117748565216e+02
1.9994263292855868e+02
2.0388835265464462e+02
2.0389927798239611e+02
2.0392082138434620e+02
2.0393157181335886e+02
2.0394284606020318e+02
2.0394842147704966e+02
2.0394951918276988e+02
2.0396010240510449e+02
2.0397256656497919e+02
2.0397866281560368e+02
2.0399632272607263e+02
2.0401580610133590e+02
2.0403016937249240e+02
2.2852457832899478e+02
2.2853927776998896e+02
2.2855385554552342e+02
2.2858283518073810e+02
2.2858364182198670e+02
2.2859471186955730e+02
2.2861104272080283e+02
2.2861747502875275e+02
2.2863366557348084e+02
2.2863551646329566e+02
2.2864124801295432e+02
2.2865496031034399e+02
2.2866272036651333e+02
2.2866892719321618e+02
2.2867341053068276e+02
2.2869029277286808e+02
2.2869918498594910e+02
2.2870727101819463e+02
2.2871595146014940e+02
2.2873554362797555e+02
2.2874603515720091e+02
2.2892865010197099e+02
2.2896048485840879e+02
2.2897354175839666e+02
2.2899037385374314e+02
2.2901137886190435e+02
2.2902692694340692e+02
2.2903372671299073e+02
2.2906351082123643e+02
2.2909723139708876e+02
2.4116380817158296e+02
2.4118556026614954e+02
2.4121134978655792e+02
2.4122975890567432e+02
2.4124284385833207e+02
2.4124687767595330e+02
2.4126948443154771e+02
2.4129199369968788e+02
2.4129903819896035e+02
2.4131642865303647e+02
2.4132497812969714e+02
2.4133385536916060e+02
2.4134224965245599e+02
2.4136164659949270e+02
2.4142299242899563e+02
2.4390892206682420e+02
2.4396684789337039e+02
2.4398657649912920e+02
2.4405587907404262e+02
2.4408283444995226e+02
2.5026329462792583e+02
2.6425280500316546e+02
2.6426330987239072e+02
2.6428559526363131e+02
2.6429868272718187e+02
2.6430641587693236e+02
2.6432879036131089e+02
2.6434506452385551e+02
2.6435980581430857e+02
2.6436937391038731e+02
2.6437954308952771e+02
2.6440138464746849e+02
2.6441711812650124e+02
2.6442834981308397e+02
2.6444287354585327e+02
2.6445348048605217e+02
2.6447282496455648e+02
2.6447841136832602e+02
2.6449027758911888e+02
2.6452865316451641e+02
2.6454240482890134e+02
2.6456151598066981e+02
2.6457504121189493e+02
2.6459188703037967e+02
2.7160765105557397e+02
2.7164910782572258e+02
2.7166877913034386e+02
2.7171288391245895e+02
2.7172538793384007e+02
2.7174343000106359e+02
2.7175885132183686e+02
2.7178441676480134e+02
2.7181649976315589e+02
2.7188787724165627e+02
2.7190554771258240e+02
2.8136124815393282e+02
2.8140454397244332e+02
2.8142060799252027e+02
2.8144164548515249e+02
2.8145861880563365e+02
2.8147779914144837e+02
2.8150116891128584e+02
2.8154914344454903e+02
2.8156004510692100e+02
2.8156453447145356e+02
2.8157483237465192e+02
2.8158636662570552e+02
2.8160160671535152e+02
2.8162467385975765e+02
2.8163988535438301e+02
2.8166153410805771e+02
2.8176871184076003e+02
2.9136378361642937e+02
2.9138941576448246e+02
2.9141182413672834e+02
2.9144795310843506e+02
2.9148585410122450e+02
2.9163455704872854e+02
2.9166589079550624e+02
3.0200467480287733e+02
3.0209133907022385e+02
3.0216374521237071e+02
3.0252247250094604e+02
3.0258894723397327e+02
3.0263497404922964e+02
3.0266195361465606e+02
3.0269119044874549e+02
3.0269785615816528e+02
3.0272618549886187e+02
3.0274403987727146e+02
3.0276302479113650e+02
3.0279008139893722e+02
3.0280952161919896e+02
3.0282772205752497e+02
3.0284253019149918e+02
3.0288580150697499e+02
3.0289590133552497e+02
3.0289926731717310e+02
3.0291841207426802e+02
3.0294559684242381e+02
3.0296703534092745e+02
3.0298988443815790e+02
3.0302125623460438e+02
3.0307229275336852e+02
3.0308400595011392e+02
3.0310462582126121e+02
3.0314175657322158e+02
3.1751748522996746e+02
3.1758984030977393e+02
3.1760914467348562e+02
3.1765047608405649e+02
3.1767676659536704e+02
3.1769902461029614e+02
3.1772983915881082e+02
3.1774024331883976e+02
3.1777865403976733e+02
3.1784523760934678e+02
3.1787271671596955e+02
3.1792030038108129e+02
3.1795889027046360e+02
3.2450303100487616e+02
3.2453724570503391e+02
3.2460423683359136e+02
3.2466154656197779e+02
3.2468534250444850e+02
3.2470987727420936e+02
3.2471198388372585e+02
3.2475757318725255e+02
3.2480394695566275e+02
3.2480798063993370e+02
3.2482901874285744e+02
3.2489491221659614e+02
3.2490142277918613e+02
3.2491264262625583e+02
3.2493451953386455e+02
3.2496835686804928e+02
3.2505167947142905e+02
3.2506558679862729e+02
3.2510940186385659e+02
3.4223113916937103e+02
3.4228570181327325e+02
3.4233517258746349e+02
3.4237263501111642e+02
3.4248077467523149e+02
3.4252133519169416e+02
3.4260556752551213e+02
3.4261888075218161e+02
3.4270221167306460e+02
3.4355970396696466e+02
3.4366279690982503e+02
3.4369692469797837e+02
3.4371180514264159e+02
3.4375667851104510e+02
3.4383331009122719e+02
3.4384466663562978e+02
3.4387395615806736e+02
3.4390861100834189e+02
3.4393198197031586e+02
3.4396187863429827e+02
3.4396955540255249e+02
3.4398573529075031e+02
3.4400114613280095e+02
3.4402708733598882e+02
3.4404325280453031e+02
3.4408757039304072e+02
3.4413868033895494e+02
3.4415893250545111e+02
3.4417744596045515e+02
3.4421444857586835e+02
3.4423220604620730e+02
3.4426594620097171e+02
3.4429523143651988e+02
3.4430888520333338e+02
3.4440343696939976e+02
3.4450083697472473e+02
3.5725765799927638e+02
3.5749215175458619e+02
3.5758932465709927e+02
3.5777592227156674e+02
3.5788093043570035e+02
3.6399631393593455e+02
3.6671923213660756e+02
3.6678216620133219e+02
3.6680850670897911e+02
3.6684969115005720e+02
3.6695600626026237e+02
3.6696602555289894e+02
3.6699779842867213e+02
3.6702624229012059e+02
3.6712860453505675e+02
3.6715957337507325e+02
3.6721900443223939e+02
3.6724721707126889e+02
3.6727569495486523e+02
3.6734778194702642e+02
3.6750834381471088e+02
3.7081662082306707e+02
3.7084457361232285e+02
3.7090252324599112e+02
3.7093301756783171e+02
3.7097499429323437e+02
3.7099671306807409e+02
3.7103655884086544e+02
3.7104932073271641e+02
3.7111491316980249e+02
3.7113654482877064e+02
3.7115468644487532e+02
3.7121471668528272e+02
3.7127201404971339e+02
3.7130601524669282e+02
3.7134831006633215e+02
3.7137731211178237e+02
3.7142195732702726e+02
3.7152330304191997e+02
3.7154470100234124e+02
3.7157802844579186e+02
3.7168465634775896e+02
3.8737324787035220e+02
3.8744470280440839e+02
3.8756656765259771e+02
3.8760787583639672e+02
3.8764810442577033e+02
3.8770619539501854e+02
3.8773002664824816e+02
3.8773739414225702e+02
3.8778134266118172e+02
3.8782628173600926e+02
3.8784605812761663e+02
3.8787048597945295e+02
3.8789458527664607e+02
3.8794504083500931e+02
3.8798247926813576e+02
3.8799959664443969e+02
3.8807432807331156e+02
3.8808780555536578e+02
3.8814945821030750e+02
3.8816260854544635e+02
3.8822712249446886e+02
3.8828030712263921e+02
3.8836541254868621e+02
3.8840456299241686e+02
3.8843648517903415e+02
3.8848729974598712e+02
3.8853710446834174e+02
3.8858372145182511e+02
3.8878326222640248e+02
3.9664312533348959e+02
3.9680038944558743e+02
3.9683147378262328e+02
3.9684347641247581e+02
3.9690007925595825e+02
3.9706801389735966e+02
3.9711646014909934e+02
3.9720257088631888e+02
3.9728372591288218e+02
3.9740275623133311e+02
3.9760991012156313e+02
4.1621108293585587e+02
4.1646674366118077e+02
4.1667035193825808e+02
4.1677438928179947e+02
4.1694822313725967e+02
4.1718624878651053e+02
4.1721178220090951e+02
4.1923129883561546e+02
4.1936957955654105e+02
4.1942882762361472e+02
4.1953207012200295e+02
4.1954180016143613e+02
4.1960499549972133e+02
4.1967224307446463e+02
4.1968173471179529e+02
4.1976110033344133e+02
4.1980371185871718e+02
4.1985600832117927e+02
4.1992197033104844e+02
4.1996855256169124e+02
4.2004163625644998e+02
4.2013454217574878e+02
4.2017697421832440e+02
4.2025483350349401e+02
4.2028274903336535e+02
4.2036311256640147e+02
4.2046876996159739e+02
4.2050319476911596e+02
4.2056576683971775e+02
4.2061044890196712e+02
4.2064981947859565e+02
4.2070435630650047e+02
4.2079384853570679e+02
4.2082949695987645e+02
4.2086082939949091e+02
4.2088251409135381e+02
4.2090655262540827e+02
4.2095359533764685e+02
4.2098513705346380e+02
4.2100078068896914e+02
4.2111683830693323e+02
4.2118579730942287e+02
4.2122138659441538e+02
4.2131030428540868e+02
4.2147192715691875e+02
4.2156529047837415e+02
4.2175967971904100e+02
4.2732779109102762e+02
4.2752371026324914e+02
4.2771600588314385e+02
4.3400259367292932e+02
4.3420718141100065e+02
4.3426305158182458e+02
4.3432258923043759e+02
4.3439276645148811e+02
4.3444776329690893e+02
4.3447591034066352e+02
4.3454483548852176e+02
4.3459032767190138e+02
4.3461813744920312e+02
4.3471225537747284e+02
4.3476776697298794e+02
4.3478155925536709e+02
4.3481389327480315e+02
4.3484138682151809e+02
4.3492351451424224e+02
4.3498748582788443e+02
4.3500415193694317e+02
4.3514050620002007e+02
4.3517184725130585e+02
4.3522562877530203e+02
4.3528537873021423e+02
4.3529905474777428e+02
4.3539716375250470e+02
4.3545130539990845e+02
4.3551666192211377e+02
4.3556666733745351e+02
4.3563903783762424e+02
4.3575154128552225e+02
4.3577196519873917e+02
4.3585951292651890e+02
4.5480045862488089e+02
4.5492361341030647e+02
4.5501217815908694e+02
4.5512542834301792e+02
4.5515876810462612e+02
4.5518993657883601e+02
4.5539874903743726e+02
4.5541190284932657e+02
4.5547665944807187e+02
4.5555865009546017e+02
4.5577862732455174e+02
4.5606287134433751e+02
4.5609661966135371e+02
4.7267252997034478e+02
4.7278822571521852e+02
4.7289747933531362e+02
4.7309663923396454e+02
4.7316014960091070e+02
4.7322691164679844e+02
4.7333295270575786e+02
4.7339011159746582e+02
4.7343669024505954e+02
4.7347256078758966e+02
4.7355938918415228e+02
4.7363378417183725e+02
4.7366811840179730e+02
4.7379200903071995e+02
4.7391820491311017e+02
4.7394058587635783e+02
4.7399430844604876e+02
4.7404155365660216e+02
4.7411386509122133e+02
4.7416025657962723e+02
4.7425841069826521e+02
4.7432913926218220e+02
4.7448919375403295e+02
4.7452258325390119e+02
4.7462174295903526e+02
4.7562986588398388e+02
4.7573521743147239e+02
4.7580262916951676e+02
4.7589091673306524e+02
4.7595717533770846e+02
4.7602963591295384e+02
4.7619847892026388e+02
4.7631424820472751e+02
4.7634070743671697e+02
4.7641097308225613e+02
4.7642604666153193e+02
4.7650097169953341e+02
4.7659569930933128e+02
4.7675505369372416e+02
4.7684672966487824e+02
4.7698071087802748e+02
4.7716852280941350e+02
4.7727595183397960e+02
4.7759817353207092e+02
4.7906253893187869e+02
4.7932246410446265e+02
4.7965813876873881e+02
4.7980940162228421e+02
4.7993899499934309e+02
4.8009436897093059e+02
4.8029338789676734e+02
4.8035558352487584e+02
4.8060615325652196e+02
4.8374955409423836e+02
4.8383630731022203e+02
4.8400216251996886e+02
4.8414025469612750e+02
4.8417160986748434e+02
4.8423883393344317e+02
4.8431780654634019e+02
4.8433778169831231e+02
4.8444972307766585e+02
4.8449112824813585e+02
4.8455195118326071e+02
4.8458375827876927e+02
4.8469126005484446e+02
4.8478769642173978e+02
4.8482014492324782e+02
4.8487282116324127e+02
4.8494822322898222e+02
4.8497282974988070e+02
4.8508224895827777e+02
4.8517261907410028e+02
4.8522695961156126e+02
4.8532976494079776e+02
4.8536029460715787e+02
4.8543718572288157e+02
4.8551071395299789e+02
4.8554482937194888e+02
4.8555468395377358e+02
4.8570659733327159e+02
4.8579674790232593e+02
4.8592575427505943e+02
4.8597965412675291e+02
4.8602328928646926e+02
4.8617122463826342e+02
4.9388759733459318e+02
4.9453762659101994e+02
4.9490446099214506e+02
4.9506008384089404e+02
4.9547481360424706e+02
5.0117802491945440e+02
5.1653511034806991e+02
5.1666091459093411e+02
5.1696608347058395e+02
5.1714004205572382e+02
5.1716289412900869e+02
5.1740649835076522e+02
5.1746705211455458e+02
5.1765310728685483e+02
5.1777649613474307e+02
5.1791131106054092e+02
5.1805655858997727e+02
5.1824414591652692e+02
5.1839968561028911e+02
5.1850820798444977e+02
5.1871697801530991e+02
5.2861167106732705e+02
5.2887585570924625e+02
5.2895663384351383e+02
5.2929040794753973e+02
5.2933593140276355e+02
5.2947907187162104e+02
5.2952814708376047e+02
5.2968189108781382e+02
5.2981218214051398e+02
5.2987233621829364e+02
5.2997801541040201e+02
5.3008153129328741e+02
5.3019368552284345e+02
5.3024651568890170e+02
5.3036326847691385e+02
5.3054865031065162e+02
5.3061197619090512e+02
5.3063855556247518e+02
5.3074401578063248e+02
5.3083202378575959e+02
5.3092463432333898e+02
5.3105556613216254e+02
5.3113572149031802e+02
5.3124755291767735e+02
5.3140805001792421e+02
5.3153899654038332e+02
5.3170163555864463e+02
5.3540256580887456e+02
5.3557058934055271e+02
5.3574023807436402e+02
5.3583794730022578e+02
5.3597246706961448e+02
5.3606803644709839e+02
5.3616029560107734e+02
5.3624787548005645e+02
5.3627774006066693e+02
5.3637233606770997e+02
5.3646617698673151e+02
5.3650407105227634e+02
5.3655504171688290e+02
5.3667026925730340e+02
5.3667414914649885e+02
5.3675380455471168e+02
5.3677897109504863e+02
5.3685272001070177e+02
5.3686338027918612e+02
5.3700110244039149e+02
5.3705026360159172e+02
5.3716918165959453e+02
5.3719489058759234e+02
5.3727161965597634e+02
5.3733580815415519e+02
5.3735966828159394e+02
5.3742320603151427e+02
5.3751825883449112e+02
5.3759297849392840e+02
5.3769451507783344e+02
5.3779108218688441e+02
5.3786410049466053e+02
5.3789673360195923e+02
5.3793388500261472e+02
5.3805912413639487e+02
5.3809887976858192e+02
5.3815295812725901e+02
5.3821965769373764e+02
5.3829466733943025e+02
5.3831503613341818e+02
5.3836485032027633e+02
5.3843140444788617e+02
5.3856360044656265e+02
5.3864937635584340e+02
5.3873007201243956e+02
5.3887563491775848e+02
5.3889237412676994e+02
5.3898946642629289e+02
5.3914600760073233e+02
5.3925561564888028e+02
5.3941076141339545e+02
5.3952947685390029e+02
5.3960875234954153e+02
5.3962466377572639e+02
5.3991063975248608e+02
5.4015166927227790e+02
5.4594931184943118e+02
5.4608746320005775e+02
5.4665313240131161e+02
5.4671129811887727e+02
5.4687324923793813e+02
5.4712858775154700e+02
5.4725752500012868e+02
5.4755110708775987e+02
5.4777455791573004e+02
5.4795489113225312e+02
5.4838305454701674e+02
5.6509389840568463e+02
5.6593109620107157e+02
5.6622737934958843e+02
5.6667307625720366e+02
5.6676538670200159e+02
5.6717210770347720e+02
5.6757444413098790e+02
5.7636462537734099e+02
5.7729009048559396e+02
5.7755453306422726e+02
5.8249454415722607e+02
5.8273650806062756e+02
5.8298422171516233e+02
5.8304627337044690e+02
5.8327143484429189e+02
5.8353568496848436e+02
5.8356600912495048e+02
5.8381992326410329e+02
5.8414965986949073e+02
5.8428504855875428e+02
5.8456493557117756e+02
5.8462735533507214e+02
5.8482466643305816e+02
5.8486792031734046e+02
5.8495735906347011e+02
5.8516672732014536e+02
5.8557493460865169e+02
5.8793134125267295e+02
5.8847709326980976e+02
5.8864334798938307e+02
5.8890598258125328e+02
5.8903176833477005e+02
5.8927945574469652e+02
5.8948106142212953e+02
5.8958191542369445e+02
5.8967056772994852e+02
5.8973113775971001e+02
5.8986652864534926e+02
5.8991319487934322e+02
5.9005845394604989e+02
5.9016777687493664e+02
5.9037213065135813e+02
5.9046236131034038e+02
5.9057334016389063e+02
5.9070922921424199e+02
5.9081105340161537e+02
5.9087506874531459e+02
5.9095425709329834e+02
5.9106839786774322e+02
5.9123256398737851e+02
5.9158599058107677e+02
5.9166068561758220e+02
5.9182647063174375e+02
5.9198341512952845e+02
5.9217043026678414e+02
5.9224869315093792e+02
5.9263580535113579e+02
5.9277792307813479e+02
5.9294740212942418e+02
5.9305104495349065e+02
5.9320656912478023e+02
5.9333186977949788e+02
5.9342138007424455e+02
5.9373259050881222e+02
5.9381357116318759e+02
5.9384370575960270e+02
5.9405025051492100e+02
5.9414597474463733e+02
5.9424782057940467e+02
5.9436785138673292e+02
5.9438309690572373e+02
5.9446529650149512e+02
5.9457098305920670e+02
5.9461094782881878e+02
5.9478100196457740e+02
5.9483665441538244e+02
5.9496489120619469e+02
5.9504261884578591e+02
5.9513723594386249e+02
5.9517511590843287e+02
5.9532730523881105e+02
5.9541257454855099e+02
5.9554663047458178e+02
5.9560209097904919e+02
5.9577667866825436e+02
5.9596304170220037e+02
5.9599754736155580e+02
5.9619924092455256e+02
5.9645454087308394e+02
5.9648846902539708e+02
5.9652115196199065e+02
5.9709984758067299e+02
5.9729994842754229e+02
5.9942295142310365e+02
5.9972791233015846e+02
5.9993063134270926e+02
6.0002470883436672e+02
6.0025209951462762e+02
6.0048128524017432e+02
6.0053114940861451e+02
6.0059960032708898e+02
6.0098025488077712e+02
6.0104891476295700e+02
6.0113201649453947e+02
6.0129298887464347e+02
6.0148170013198228e+02
6.0161325783891937e+02
6.0176224918663297e+02
6.0198429412055089e+02
6.0205230570832884e+02
6.0219593510663060e+02
6.0253768747413926e+02
6.0260857189387218e+02
6.0271118733425362e+02
6.0306379798689625e+02
6.0335395239360980e+02
6.1736841734829750e+02
6.1768552052281859e+02
6.1788237475079575e+02
6.1809745938868116e+02
6.1826899842383045e+02
6.1845952068812664e+02
6.1894748732238645e+02
6.1925957946843209e+02
6.1935947526845825e+02
6.1990054025813856e+02
6.2009505303277581e+02
6.2029412056997819e+02
6.2080517342337487e+02
6.4115985793647030e+02
6.4184137890622060e+02
6.4216405221467198e+02
6.4268469996376268e+02
6.4299986397517250e+02
6.4316811658608776e+02
6.4351288684101110e+02
6.4407843253723524e+02
6.4420992805391484e+02
6.5016670481530002e+02
6.5031881847458556e+02
6.5069087346208551e+02
6.5075547297026696e+02
6.5088387288956062e+02
6.5101413538349561e+02
6.5122641399122790e+02
6.5132966603298951e+02
6.5147347568800274e+02
6.5161547422532180e+02
6.5168741228780254e+02
6.5180933759075458e+02
6.5182588147327306e+02
6.5217157738600974e+02
6.5220934642269265e+02
6.5228957868952386e+02
6.5244191655826990e+02
6.5252397967580964e+02
6.5256359230241412e+02
6.5267326142477270e+02
6.5273330988473265e+02
6.5277303818730581e+02
6.5286496139954738e+02
6.5287240640504933e+02
6.5293636915160289e+02
6.5304704353355419e+02
6.5313873807166317e+02
6.5319530850159231e+02
6.5321427047834561e+02
6.5333831142059273e+02
6.5349552869375361e+02
6.5358511401701810e+02
6.5361812304604359e+02
6.5381428849425481e+02
6.5386925209503363e+02
6.5397172604963885e+02
6.5399187594470038e+02
6.5408789669924022e+02
6.5422685717913794e+02
6.5423957767839920e+02
6.5427837663196101e+02
6.5442809253778569e+02
6.5447411419263460e+02
6.5449203461152786e+02
6.5461675221737630e+02
6.5467406167794422e+02
6.5477500448378737e+02
6.5491325133276041e+02
6.5495631293980864e+02
6.5499342236516463e+02
6.5510238449642327e+02
6.5517493773312492e+02
6.5521976007639216e+02
6.5534542120153208e+02
6.5538955033530704e+02
6.5546545199166121e+02
6.5554215727132350e+02
6.5558830146552702e+02
6.5561247283188550e+02
6.5565323301484364e+02
6.5591560631076766e+02
6.5600647842136243e+02
6.5604635205358682e+02
6.5618585226039556e+02
6.5631018465125669e+02
6.5643995227331038e+02
6.5648762992351112e+02
6.5657639372328083e+02
6.5668513008000104e+02
6.5681260019754188e+02
6.5682210257120846e+02
6.5688478578739773e+02
6.5698013995675285e+02
6.5712548984224986e+02
6.5721036316217874e+02
6.5733377939256900e+02
6.5737895438095143e+02
6.5743664634206289e+02
6.5763402249054195e+02
6.5764918259891840e+02
6.5787651930636650e+02
6.5792972510296624e+02
6.5807941793770487e+02
6.5818153815797666e+02
6.5838888620764999e+02
6.5852408930741569e+02
6.5861102791826841e+02
6.5878874730202483e+02
6.5898503101204153e+02
6.5928931442975215e+02
6.5955387806495730e+02
6.5977342142526481e+02
6.6012839045352916e+02
6.6058503733193277e+02
6.6602339345210771e+02
6.6714365658621216e+02
6.6752180415921907e+02
6.6790790659546622e+02
6.6809062021730404e+02
6.6819635690098539e+02
6.6837314582776162e+02
6.6870755320885644e+02
6.6897059478471556e+02
6.6926685255565167e+02
6.6968625284815141e+02
6.6975125348618792e+02
6.6996935539211631e+02
6.7034448507691468e+02
6.7041198574853934e+02
6.7066844962755522e+02
6.7108958021237197e+02
6.7148929423520292e+02
6.7163790947573648e+02
6.7196361992694233e+02
6.7223564034603339e+02
6.7261793822856828e+02
6.7267972962417798e+02
6.7280424301172434e+02
6.7310342371237346e+02
6.7351104099401221e+02
6.9316575972583189e+02
6.9359308594386846e+02
6.9386084160735334e+02
6.9445601073621776e+02
6.9474920119148680e+02
6.9506201229764861e+02
6.9536916160433066e+02
6.9569135715872665e+02
6.9612670935525341e+02
6.9644207390102690e+02
6.9693529845399610e+02
6.9739862855877470e+02
6.9751505149622994e+02
6.9841607302834723e+02
6.9890412451177031e+02
7.1303873282005929e+02
7.1361794047570186e+02
7.1378786660564060e+02
7.1410474277456444e+02
7.1442362220625864e+02
7.1451485873073909e+02
7.1479184501744226e+02
7.1482834637762926e+02
7.1500946004893365e+02
7.1533824595029478e+02
7.1564272602718620e+02
7.1571660365715968e+02
7.1578214013837180e+02
7.1603671864293779e+02
7.1622843520712627e+02
7.1642864611261462e+02
7.1651265592460561e+02
7.1675764582308977e+02
7.1696740182271958e+02
7.1734939562816987e+02
7.1744823927388700e+02
7.1753842663204637e+02
7.1762461555390018e+02
7.1793801357318523e+02
7.1798918534348911e+02
7.1802833602672104e+02
7.1830462773829686e+02
7.1836873405748054e+02
7.1850776526071309e+02
7.1863006229640803e+02
7.1885619131348096e+02
7.1901686344744678e+02
7.1926805385094042e+02
7.1930133873157945e+02
7.1970744010427416e+02
7.1999409503454297e+02
7.2005167078521470e+02
7.2018775514047854e+02
7.2024632426068229e+02
7.2036778548146594e+02
7.2051328957855560e+02
7.2056358940201483e+02
7.2073518097433555e+02
7.2089514376438740e+02
7.2117067752857383e+02
7.2156654816444893e+02
7.2171912997537800e+02
7.2179453937358380e+02
7.2198154092669517e+02
7.2211517944141178e+02
7.2220080652408899e+02
7.2239162280210473e+02
7.2244379517207494e+02
7.2259442416126274e+02
7.2276636162046736e+02
7.2286204293945741e+02
7.2290815090364981e+02
7.2306629239936876e+02
7.2318666378606156e+02
7.2331545883942010e+02
7.2343685164144824e+02
7.2357161292616843e+02
7.2392477985641619e+02
7.2411413379842804e+02
7.2427286232978543e+02
7.2449219747238578e+02
7.2470350379739500e+02
7.2487136492189381e+02
7.2503971089552681e+02
7.2517642045543687e+02
7.2544083227612271e+02
7.2560009063028110e+02
7.2579853146804032e+02
7.2596026218684392e+02
7.2622341640435695e+02
7.2626553537908035e+02
7.2659155680139781e+02
7.2669012052722678e+02
7.2690405672996712e+02
7.2706325556997785e+02
7.2751285268308629e+02
7.2770783488327152e+02
7.2787318084105948e+02
7.2816552084400564e+02
7.2864577152041659e+02
7.2902213487944425e+02
7.2914858072756533e+02
7.2958924460428545e+02
7.2994420185746526e+02
7.3028077904493705e+02
7.3044998792724175e+02
7.3065907903647144e+02
7.3082979638500024e+02
7.3114978322714217e+02
7.3122494275327540e+02
7.3165661544101636e+02
7.3176566396963449e+02
7.3194554807727582e+02
7.3250885520520501e+02
7.3307491673740128e+02
7.3319735108041755e+02
7.3343406855057219e+02
7.3360466447455951e+02
7.3460437185933586e+02
7.3479353356449042e+02
7.3537300942638842e+02
7.3969597259690602e+02
7.4018839153273768e+02
7.4033516195515517e+02
7.4081215875859687e+02
7.4120349287936779e+02
7.4143035828768768e+02
7.4158443295576740e+02
7.4194908146666853e+02
7.4202625238972894e+02
7.4233336792065654e+02
7.4261418916246578e+02
7.4291962045975265e+02
7.4295779488718938e+02
7.4330418111761787e+02
7.4361357329470502e+02
7.4380244766700741e+02
7.4428938257042739e+02
7.4472043600287066e+02
7.4476366831037490e+02
7.4493856271592756e+02
7.4506251216860119e+02
7.4540231835118027e+02
7.4591469540102821e+02
7.4622519252481254e+02
7.4637330319072453e+02
7.4665856173928444e+02
7.4684498074936255e+02
7.4710544009649618e+02
7.4763064185547501e+02
7.4789934582203807e+02
7.4801109977589863e+02
7.4833105645664853e+02
7.4931930713933457e+02
7.4955682087393052e+02
7.5493105314167235e+02
7.5617830450039514e+02
7.5793945362718739e+02
7.7329463355241091e+02
7.7422172149555058e+02
7.7481101931532385e+02
7.7554803177398037e+02
7.7593777972603812e+02
7.7648384961560635e+02
7.7663647594099507e+02
7.7729883786664436e+02
7.7764636849464250e+02
7.7816186621468012e+02
7.7866796413440761e+02
7.7887320319513708e+02
7.7911315324754446e+02
7.7936410893122468e+02
7.7977909554962730e+02
7.8018058150969978e+02
7.8024820716088902e+02
7.8033739468728709e+02
7.8064451489286648e+02
7.8084150300017359e+02
7.8116143951201764e+02
7.8131583032162484e+02
7.8132886286027212e+02
7.8172091674866215e+02
7.8184119381464836e+02
7.8201536968006656e+02
7.8211853668865820e+02
7.8233905916793060e+02
7.8253809239906820e+02
7.8288782168064972e+02
7.8310910500984630e+02
7.8335294891851345e+02
7.8378507233766504e+02
7.8413662859606120e+02
7.8433571629551693e+02
7.8479117951098578e+02
7.8482777200954456e+02
7.8519804962212083e+02
7.8528302935127442e+02
7.8566891984970221e+02
7.8574568340779183e+02
7.8590214543460286e+02
7.8619731158687500e+02
7.8644574125127167e+02
7.8667563997452100e+02
7.8718139648172462e+02
7.8746007631534133e+02
7.8755699730794083e+02
7.8779847570460583e+02
7.8801959026988948e+02
7.8817959586858399e+02
7.8851261462177149e+02
7.8863469399559426e+02
7.8901452555968092e+02
7.8919690639337409e+02
7.8936499472257196e+02
7.8965509886762493e+02
7.8973073054072643e+02
7.9009132488669127e+02
7.9063613855855976e+02
7.9081652318226850e+02
7.9124498554792615e+02
7.9155187305431184e+02
7.9229434684584385e+02
7.9252851424800815e+02
7.9310617674745038e+02
7.9318741976061278e+02
7.9384263882116318e+02
7.9414621336790105e+02
7.9426433472830195e+02
7.9463063502350997e+02
7.9507295530527642e+02
7.9519944063663422e+02
7.9551514426876406e+02
7.9591055666183433e+02
7.9641341504404761e+02
7.9668850974597706e+02
7.9696491017847995e+02
7.9738635711746429e+02
7.9785826148515298e+02
7.9803980608579820e+02
7.9832008909504475e+02
7.9898492983212395e+02
7.9910083146632678e+02
7.9930491198705749e+02
7.9974408518109715e+02
8.0032494980985030e+02
8.0073890485496486e+02
8.0124753753911421e+02
8.0138847758735960e+02
8.0166632822409349e+02
8.0270873758237212e+02
8.0380769625841128e+02
8.0448533288450403e+02
8.0608456106567724e+02
8.0648187279808008e+02
8.0741312601236302e+02
8.0760344633457566e+02
8.0837605064801733e+02
8.0848234461963705e+02
8.0864511017756456e+02
8.0933686529272313e+02
8.0939623028515473e+02
8.0964312740540902e+02
8.0992635637012438e+02
8.1023936941193517e+02
8.1029466395308918e+02
8.1073931775647316e+02
8.1132240172966476e+02
8.1156269574789621e+02
8.1176836453171461e+02
8.1182510210994508e+02
8.1200879978284206e+02
8.1235161960466451e+02
8.1265496054359994e+02
8.1289175848472837e+02
8.1302728811051554e+02
8.1360859293747353e+02
8.1369897918794049e+02
8.1421680742193223e+02
8.1450796872708793e+02
8.1479113593028558e+02
8.1511336362500697e+02
8.1558855152732804e+02
8.1622492930490512e+02
8.1662832936945540e+02
8.1686133503485416e+02
8.1722291338634136e+02
8.1739644345901979e+02
8.1790145123097784e+02
8.1805219071659224e+02
8.1840739643541281e+02
8.1889845249445466e+02
8.1918656110774361e+02
8.1969994452140861e+02
8.2001300130519905e+02
8.2028932636923082e+02
8.2084853489750333e+02
8.2127273839414136e+02
8.2153838756557127e+02
8.2200618211492929e+02
8.2220607001322060e+02
8.2261023638483482e+02
8.2309472159343488e+02
8.2341998539040651e+02
8.2383953692928048e+02
8.2437062351494967e+02
8.2461747695838949e+02
8.2503881777412039e+02
8.2518776926753571e+02
8.2588316220786294e+02
8.2627040291358878e+02
8.2663288551604717e+02
8.2678668072576818e+02
8.2714441174910996e+02
8.2774558534948267e+02
8.2828280588037774e+02
8.2883491343134722e+02
8.2924778188748280e+02
8.2974753112444955e+02
8.3598670605143730e+02
8.3639610244067273e+02
8.3749751519872950e+02
8.3831361763794609e+02
8.3900581160544027e+02
8.4069032906787891e+02
8.4166443449142048e+02
8.4309880840428218e+02
8.4480763858996988e+02
8.4769447449946051e+02
8.4824477921070286e+02
8.4964599301489704e+02
8.4991432100155032e+02
8.5049650150649427e+02
8.5054476340943222e+02
8.5114427560754189e+02
8.5174045551221388e+02
8.5203464705111116e+02
8.5269365331034044e+02
8.5296167060160894e+02
8.5330942548259941e+02
8.5354381572172053e+02
8.5386817566962998e+02
8.5399227971902906e+02
8.5430325737048020e+02
8.5452806583570930e+02
8.5473984207653291e+02
8.5505400372276574e+02
8.5520182575713920e+02
8.5549366613353698e+02
8.5591544936403000e+02
8.5661711026284399e+02
8.5692248161435532e+02
8.5708393209444148e+02
8.5762584965259862e+02
8.5772988198213773e+02
8.5807786641855989e+02
8.5829426500120201e+02
8.5868183695372545e+02
8.5890538810699911e+02
8.5924389943001529e+02
8.5936039464450153e+02
8.5939805712805071e+02
8.5996186877745038e+02
8.6033976730950974e+02
8.6049333487008050e+02
8.6077712328195355e+02
8.6086005557260762e+02
8.6137733953804286e+02
8.6182698578109114e+02
8.6212638091267877e+02
8.6230921492167545e+02
8.6244124009152040e+02
8.6284383266860891e+02
8.6314281320702321e+02
8.6353843701881499e+02
8.6381465085309935e+02
8.6388326411704793e+02
8.6399626522926712e+02
8.6418584724288269e+02
8.6436800494976421e+02
8.6449963174652578e+02
8.6457708358054322e+02
8.6517577001867846e+02
8.6542696564591995e+02
8.6561025861489406e+02
8.6601495539046368e+02
8.6637288366350276e+02
8.6662300897115392e+02
8.6689292658129875e+02
8.6727081967134632e+02
8.6751703112031612e+02
8.6800091566228389e+02
8.6828483828765263e+02
8.6856181453106001e+02
8.6859004295822638e+02
8.6874271783602023e+02
8.6926990675872901e+02
8.6956891586084566e+02
8.6983367553096036e+02
8.7011027325915552e+02
8.7028550475931422e+02
8.7057450055764286e+02
8.7109268002654380e+02
8.7117173559052867e+02
8.7147026455035757e+02
8.7176165173634672e+02
8.7238087927134154e+02
8.7262964845638999e+02
8.7267297379850470e+02
8.7314335380359182e+02
8.7354699110761180e+02
8.7423359234047950e+02
8.7443776077414134e+02
8.7476315872776945e+02
8.7490941284830649e+02
8.7528367270524620e+02
8.7569516788351541e+02
8.7606819496495336e+02
8.7670953168974268e+02
8.7706560988359001e+02
8.7709764133693568e+02
8.7792222807169594e+02
8.7811905586701005e+02
8.7905376728853264e+02
8.7928595201521421e+02
8.7961295903059829e+02
8.8041261384177324e+02
8.8100699878390219e+02
8.8160931721488589e+02
8.8172165157662994e+02
8.8200107807189534e+02
8.8262494872331820e+02
8.8361101613766527e+02
8.8403961710041494e+02
8.8537825238323478e+02
8.9090992099796870e+02
8.9154772719730374e+02
8.9272351627758655e+02
8.9407005846419349e+02
8.9422565539740503e+02
8.9451378889339662e+02
8.9533957056969689e+02
8.9556292386860082e+02
8.9644535749185854e+02
8.9653302782969661e+02
8.9693733011608924e+02
8.9743392277404610e+02
8.9802810763363857e+02
8.9869535816525718e+02
8.9887600619297166e+02
8.9931967278072318e+02
8.9971223646300018e+02
9.0008793940205737e+02
9.0022889065853997e+02
9.0056887123248123e+02
9.0116145558644541e+02
9.0156213868021302e+02
9.0188509076000003e+02
9.0249145740147208e+02
9.0255478949609096e+02
9.0288859968483735e+02
9.0322093805204759e+02
9.0334181334236428e+02
9.0383966027882661e+02
9.0393704086671005e+02
9.0431535328501468e+02
9.0471939510751361e+02
9.0499770234450887e+02
9.0517018548394731e+02
9.0553392642679989e+02
9.0577340111150113e+02
9.0641898323885391e+02
9.0659722551899620e+02
9.0671021005143291e+02
9.0697122160718857e+02
9.0738842486259989e+02
9.0768088474308854e+02
9.0784363392537455e+02
9.0798546314607040e+02
9.0845933531453159e+02
9.0853618768044328e+02
9.0881251518789179e+02
9.0922265914243985e+02
9.0954547327032662e+02
9.0974793958784994e+02
9.0997096895972049e+02
9.1028009484424319e+02
9.1090544725882125e+02
9.1117762421256953e+02
9.1155487072120229e+02
9.1173749926795949e+02
9.1203964689324414e+02
9.1268648719279417e+02
9.1294605292280301e+02
9.1311523002392119e+02
9.1321914811327758e+02
9.1410316627512032e+02
9.1432695574172658e+02
9.1491076475833893e+02
9.1539101734195469e+02
9.1580445427045220e+02
9.1657603862307235e+02
9.1672204298296322e+02
9.1742599148062880e+02
9.1810411668768495e+02
9.1924736987948791e+02
9.2173187299638380e+02
9.2305962624735457e+02
9.2366844789193715e+02
9.2403454600026146e+02
9.2491736973415254e+02
9.2603135592380784e+02
9.2653323663961123e+02
9.2775790919493284e+02
9.2805717894970780e+02
9.2845320499934439e+02
9.2877756026363284e+02
9.2910142005888099e+02
9.2940211534978391e+02
9.2975591033670253e+02
9.3065100911246498e+02
9.3120728463884041e+02
9.3163739591972808e+02
9.3187489834345615e+02
9.3216541365063802e+02
9.3236646139345225e+02
9.3282008107455340e+02
9.3310478864853303e+02
9.3323217532670310e+02
9.3347333506420125e+02
9.3408992148283448e+02
9.3421744366354892e+02
9.3465896707042759e+02
9.3494734028484299e+02
9.3516650276627706e+02
9.3572997129105067e+02
9.3610222703850013e+02
9.3659199145342666e+02
9.3745171546464587e+02
9.3766914658391340e+02
9.3780791922091498e+02
9.3825634447661025e+02
9.3846347795626843e+02
9.3865366238056129e+02
9.3915484830305161e+02
9.3922938055298266e+02
9.3974035739167550e+02
9.3990095534532395e+02
9.4002988197044101e+02
9.4080219230838293e+02
9.4138396061976289e+02
9.4195330231106664e+02
9.4216608151144919e+02
9.4253145233541318e+02
9.4309310659687821e+02
9.4335352524609561e+02
9.4467244037336434e+02
9.4479129908611969e+02
9.4516443290965935e+02
9.4540952873087383e+02
9.4558453987054645e+02
9.4645255869625953e+02
9.4733364330561858e+02
9.4784642006434206e+02
9.4831030598908603e+02
9.4912553284127273e+02
9.4970982366395742e+02
9.5064127174873499e+02
9.5130697909231685e+02
9.5140692089091317e+02
9.5145581983775662e+02
9.5191024959444883e+02
9.5264187766114276e+02
9.5299623584652272e+02
9.5337780986916414e+02
9.5373484846486485e+02
9.5381451262648989e+02
9.5453945443139423e+02
9.5464534591982124e+02
9.5505720614524228e+02
9.5515623942294087e+02
9.5581356023468391e+02
9.5633039580350260e+02
9.5646909469760442e+02
9.5671866459199191e+02
9.5708597282868243e+02
9.5723530047348709e+02
9.5793334689720598e+02
9.5802483963707175e+02
9.5833475013300688e+02
9.5865930375481389e+02
9.5891976878061382e+02
9.5911046896625783e+02
9.6004734150729132e+02
9.6037910202280295e+02
9.6041740690685060e+02
9.6084836054583627e+02
9.6111500250698987e+02
9.6154080060312845e+02
9.6194720540773619e+02
9.6201095738746335e+02
9.6222821305497848e+02
9.6258618041409932e+02
9.6296653781900579e+02
9.6320788449629515e+02
9.6410426662178304e+02
9.6424335620272041e+02
9.6453870749162627e+02
9.6470405393867179e+02
9.6503330763508632e+02
9.6525245580854676e+02
9.6563299900197308e+02
9.6589835443751349e+02
9.6632332986519418e+02
9.6640372372823845e+02
9.6674460925091944e+02
9.6686883964072661e+02
9.6761618042931184e+02
9.6785786049370961e+02
9.6848267902878627e+02
9.6882511492628862e+02
9.6897161633263829e+02
9.6933554500078435e+02
9.6974308038967729e+02
9.7019539212560676e+02
9.7046855530620758e+02
9.7095968383995114e+02
9.7101622293760897e+02
9.7208658209496184e+02
9.7225097496989395e+02
9.7326010778191471e+02
9.7870016256202427e+02
9.8140474356248706e+02
9.8248203160762898e+02
9.8398450372323691e+02
9.8409319772117101e+02
9.8490165878210610e+02
9.8562028060101295e+02
9.8608644271311664e+02
9.8646419648728443e+02
9.8726442989715258e+02
9.8759720350285363e+02
9.8794806220844521e+02
9.8814238161980347e+02
9.8870045233513997e+02
9.8906237465759784e+02
9.8942679248514685e+02
9.8995368877289468e+02
9.9010280280355789e+02
9.9039915920695398e+02
9.9086921113730580e+02
9.9132133350152856e+02
9.9145580368401454e+02
9.9199361585002885e+02
9.9257378115767585e+02
9.9301644309315475e+02
9.9311206260366646e+02
9.9368211815617440e+02
9.9383781459811075e+02
9.9428713595480849e+02
9.9499043466999058e+02
9.9512631304893273e+02
9.9552604748877138e+02
9.9596297744478363e+02
9.9621259400745930e+02
9.9684619721008585e+02
9.9706100703020820e+02
9.9716252504832926e+02
9.9787169407197791e+02
9.9828246337313089e+02
9.9851711833909008e+02
9.9916365160804969e+02
9.9936693070003184e+02
9.9956912255843963e+02
9.9976192708693316e+02
1.0000168983833299e+03
1.0006603554719445e+03
1.0007922733747040e+03
1.0010706278562645e+03
1.0012715852549148e+03
1.0021729557093287e+03
1.0023371716970604e+03
1.0028116515150675e+03
1.0029732365229718e+03
1.0035061316449561e+03
1.0037982404881266e+03
1.0039822506114486e+03
1.0042665142660441e+03
1.0045908442566832e+03
1.0049204944857613e+03
1.0050456958341033e+03
1.0051582230859023e+03
1.0058865108204448e+03
1.0059565739651302e+03
1.0061724374306939e+03
1.0064074418615137e+03
1.0068613149901882e+03
1.0071461756442445e+03
1.0076539504695304e+03
1.0078753054949365e+03
1.0080845397089322e+03
1.0086514112701165e+03
1.0086917913212226e+03
1.0088374635143755e+03
1.0091795057132084e+03
1.0094078688996150e+03
1.0095090739414940e+03
1.0099795581296856e+03
1.0103846700629019e+03
1.0105426139521102e+03
1.0107022892316901e+03
1.0108438963860103e+03
1.0110690283524548e+03
1.0114454254361834e+03
1.0116749769175703e+03
1.0122593764278203e+03
1.0124056994420042e+03
1.0128036147470441e+03
1.0130625449436470e+03
1.0131755277537751e+03
1.0136231041825631e+03
1.0136671930167994e+03
1.0141635679313491e+03
1.0143170589074507e+03
1.0148223348704144e+03
1.0151431774970349e+03
1.0157566968738950e+03
1.0158998661378045e+03
1.0162696229450947e+03
1.0166537108978298e+03
1.0168015534691184e+03
1.0175422016510963e+03
1.0177281199402167e+03
1.0180570245671075e+03
1.0185007248878379e+03
1.0189251714414183e+03
1.0191269242214565e+03
1.0194723289318553e+03
1.0199218606313647e+03
1.0200293638100645e+03
1.0202928223143305e+03
1.0208998311019192e+03
1.0210409029442047e+03
1.0215420641387794e+03
1.0219604825600500e+03
1.0223902965126944e+03
1.0227973171854660e+03
1.0229837510900637e+03
1.0232607816876564e+03
1.0236458246055583e+03
1.0240803235664068e+03
1.0249544960456374e+03
1.0251073152347774e+03
1.0261101097435085e+03
1.0267872840920422e+03
1.0277630934776209e+03
1.0279777188526680e+03
1.0285093187805576e+03
1.0290679313229907e+03
1.0298252924389380e+03
1.0349172022959867e+03
1.0352275000076604e+03
1.0365617217815998e+03
1.0372095030484054e+03
1.0380582163840477e+03
1.0393485443415534e+03
1.0401663552581124e+03
1.0403451866365492e+03
1.0406429788404891e+03
1.0408768581286679e+03
1.0410955607929943e+03
1.0416880197941130e+03
1.0429987992566271e+03
1.0437827120758820e+03
1.0440540591983092e+03
1.0443356110153641e+03
1.0446876494994249e+03
1.0455304477067011e+03
1.0455837656009239e+03
1.0460005750540352e+03
1.0464345321841531e+03
1.0471536145831042e+03
1.0477726821612821e+03
1.0479409279655611e+03
1.0482366626295591e+03
1.0485192177159340e+03
1.0490392593812401e+03
1.0497723122308612e+03
1.0502786571261252e+03
1.0504182229637095e+03
1.0508578194031759e+03
1.0510956356510655e+03
1.0516666136343347e+03
1.0521181607900680e+03
1.0523796776522067e+03
1.0527867838092559e+03
1.0529647108655392e+03
1.0535372275353891e+03
1.0539543742393350e+03
1.0547949289472131e+03
1.0550517085360848e+03
1.0555032672018581e+03
1.0559190294998434e+03
1.0561265792539941e+03
1.0570298738175850e+03
1.0574892751035820e+03
1.0576309745333899e+03
1.0581186190752551e+03
1.0587348859586016e+03
1.0587863958323833e+03
1.0590878784505612e+03
1.0594082258810479e+03
1.0602991689608971e+03
1.0608894181690116e+03
1.0609780660038703e+03
1.0616188057061024e+03
1.0618918155094993e+03
1.0624166136526908e+03
1.0629379269861174e+03
1.0635741119810541e+03
1.0638055843560919e+03
1.0647066546867043e+03
1.0650133287790277e+03
1.0652262099492041e+03
1.0658603654715632e+03
1.0662276294497847e+03
1.0670932644269103e+03
1.0682195440436301e+03
1.0686610200824950e+03
1.0691156847766804e+03
1.0697274267570378e+03
1.0706734332340807e+03
1.0714051518955082e+03
1.0715288399229073e+03
1.0717108751909054e+03
1.0728252398839752e+03
1.0748043831690302e+03
1.0760244895054079e+03
1.0777186831193342e+03
1.0793047966186525e+03
1.0794303700946166e+03
1.0801371742027809e+03
1.0805553068311788e+03
1.0813709917926064e+03
1.0818169480461379e+03
1.0819722194247572e+03
1.0827106278968276e+03
1.0829683347240816e+03
1.0836470901523285e+03
1.0840171975035435e+03
1.0843011411775035e+03
1.0845999989411707e+03
1.0848184783393804e+03
1.0849568852142427e+03
1.0853531815671317e+03
1.0859713218930251e+03
1.0861353586787213e+03
1.0862231329940591e+03
1.0866305866766079e+03
1.0874359201621783e+03
1.0875157546864659e+03
1.0878022111039163e+03
1.0882561704237148e+03
1.0884165738949634e+03
1.0889436448336053e+03
1.0891881185910904e+03
1.0894322156638157e+03
1.0896531998269172e+03
1.0901677162026829e+03
1.0904815970607424e+03
1.0905005130351954e+03
1.0906273831832839e+03
1.0911169555678148e+03
1.0912057893992358e+03
1.0913803149748724e+03
1.0918907890883459e+03
1.0921672800604078e+03
1.0927208224695269e+03
1.0927477717517886e+03
1.0932605504497230e+03
1.0933162268628839e+03
1.0936576268842082e+03
1.0939661660734137e+03
1.0942370400431416e+03
1.0943929655717550e+03
1.0946721924464780e+03
1.0951069503872961e+03
1.0952108133215202e+03
1.0953805845795300e+03
1.0956579953590849e+03
1.0959382185981519e+03
1.0962295867903372e+03
1.0965364553611096e+03
1.0967722390578849e+03
1.0968370398082729e+03
1.0970726993474127e+03
1.0974887625720110e+03
1.0977169385201014e+03
1.0978566152248077e+03
1.0983981218957542e+03
1.0985898099786834e+03
1.0990746874333356e+03
1.0991431726615829e+03
1.0994427292144539e+03
1.0997107545406243e+03
1.0999100245654395e+03
1.1001876346581032e+03
1.1004839635717972e+03
1.1005396430912210e+03
1.1008700725451397e+03
1.1011980080195360e+03
1.1015223653781263e+03
1.1016808123697890e+03
1.1018950680121652e+03
1.1023513788449995e+03
1.1026088820234381e+03
1.1027335615611391e+03
1.1029825370775125e+03
1.1033019031520837e+03
1.1034774641927052e+03
1.1038228917914441e+03
1.1039289110337404e+03
1.1043070772599272e+03
1.1046179224872469e+03
1.1046424726794523e+03
1.1048711163888711e+03
1.1051888086337910e+03
1.1053183498511103e+03
1.1057043035416339e+03
1.1059195670662975e+03
1.1062681186610305e+03
1.1066079929069201e+03
1.1067275643157004e+03
1.1070600401090417e+03
1.1073295002610200e+03
1.1075411764795117e+03
1.1076241587338163e+03
1.1079186283174599e+03
1.1082997286397399e+03
1.1086894660774585e+03
1.1088628674865586e+03
1.1091092247532754e+03
1.1094348618707238e+03
1.1098262992711400e+03
1.1103667139179399e+03
1.1108095172628955e+03
1.1109734174903429e+03
1.1111416919608901e+03
1.1112846488112366e+03
1.1116066201553458e+03
1.1118262278603804e+03
1.1121116167289060e+03
1.1126443899992814e+03
1.1130907652366107e+03
1.1131764209695534e+03
1.1135614653578746e+03
1.1140748292308588e+03
1.1143122392859159e+03
1.1145000770753220e+03
1.1151599631736151e+03
1.1153545154949354e+03
1.1162366847513936e+03
1.1166103625392898e+03
1.1167237845832719e+03
1.1177136292355667e+03
1.1182211751834650e+03
1.1183747629788584e+03
1.1194169846531161e+03
1.1198481832457974e+03
1.1206249528823782e+03
1.1217928812191842e+03
1.1220687953135505e+03
1.1235620053050948e+03
1.1241863306722580e+03
1.1246503721864578e+03
1.1257089417311724e+03
1.1268318308619807e+03
1.1271033378688628e+03
1.1282365258905486e+03
1.1288526046800612e+03
1.1294053288104635e+03
1.1297815187203605e+03
1.1309500242834508e+03
1.1314722778473310e+03
1.1315699164802365e+03
1.1329238467785087e+03
1.1331274095182591e+03
1.1337784362220709e+03
1.1345302752274065e+03
1.1348364473709084e+03
1.1355384451101625e+03
1.1357172680824785e+03
1.1363749205901224e+03
1.1365041764202920e+03
1.1375593974829380e+03
1.1377518266366785e+03
1.1383759423830786e+03
1.1388739106689668e+03
1.1395790073427545e+03
1.1399639850436929e+03
1.1409890575988616e+03
1.1415872596860111e+03
1.1416645183734413e+03
1.1424975158079303e+03
1.1431441596063185e+03
1.1437645000518862e+03
1.1439889840644021e+03
1.1452807485930468e+03
1.1454411645866523e+03
1.1460693793568530e+03
1.1465493959186222e+03
1.1473625730879448e+03
1.1482612563132391e+03
1.1486352849570778e+03
1.1491289015484556e+03
1.1498272795153523e+03
1.1499726497343290e+03
1.1502887210123029e+03
1.1512813099720668e+03
1.1515864878406960e+03
1.1523141072401847e+03
1.1524973803335433e+03
1.1527995326963728e+03
1.1537972845783361e+03
1.1547249347757108e+03
1.1549414046601069e+03
1.1572257428635412e+03
1.1586996393300374e+03
1.1590272872749442e+03
1.1594816992142355e+03
1.1603964858509264e+03
1.1617913726758879e+03
1.1621219820599972e+03
1.1627173568815842e+03
1.1638654363389207e+03
1.1648486160519092e+03
1.1653870525897787e+03
1.1662182978664273e+03
1.1670025164877202e+03
1.1673995639496891e+03
1.1679203840160892e+03
1.1687041997748263e+03
1.1689125132221766e+03
1.1701891557614560e+03
1.1702791468220141e+03
1.1707913075094225e+03
1.1713930437338690e+03
1.1721543633877570e+03
1.1726494400380043e+03
1.1729159080825252e+03
1.1733248775332841e+03
1.1734807782945907e+03
1.1742167646242062e+03
1.1746914359048678e+03
1.1754251087924893e+03
1.1760324818302208e+03
1.1761350174789427e+03
1.1766073645476472e+03
1.1770429927121156e+03
1.1779114302231967e+03
1.1782792184359771e+03
1.1785422609336788e+03
1.1787380192675175e+03
1.1792019322319109e+03
1.1794960901532750e+03
1.1797162303468072e+03
1.1798877065003371e+03
1.1809084834328360e+03
1.1810884003352121e+03
1.1815105573904827e+03
1.1816858379784271e+03
1.1821735434903999e+03
1.1825451670141097e+03
1.1825718023180207e+03
1.1834149729871801e+03
1.1835365930339474e+03
1.1842689380528388e+03
1.1844459485175030e+03
1.1846074217047760e+03
1.1849915774146996e+03
1.1852318931965128e+03
1.1855359116677976e+03
1.1861197016830674e+03
1.1861880136366294e+03
1.1864817588474548e+03
1.1870399204983623e+03
1.1871372697523882e+03
1.1875318424196721e+03
1.1877549741116984e+03
1.1881555015081858e+03
1.1883770763606749e+03
1.1887343570536327e+03
1.1888414926017876e+03
1.1892126000999908e+03
1.1894915384708111e+03
1.1895504609111861e+03
1.1900291197074428e+03
1.1901116608836405e+03
1.1907204565735133e+03
1.1911013152632745e+03
1.1913658532994100e+03
1.1915329936204139e+03
1.1920194114716464e+03
1.1920784886384197e+03
1.1921447532749157e+03
1.1927582507719465e+03
1.1930964595224045e+03
1.1932590781592221e+03
1.1935542637768999e+03
1.1936329181329495e+03
1.1939716117284722e+03
1.1941178334556996e+03
1.1941433353917635e+03
1.1944115786964710e+03
1.1947734842370814e+03
1.1949549055262428e+03
1.1950795016555985e+03
1.1955440728017077e+03
1.1958439827581401e+03
1.1961436503055152e+03
1.1963300532774313e+03
1.1966302621081093e+03
1.1968415279199783e+03
1.1973023973338513e+03
1.1975646655495343e+03
1.1976668376881871e+03
1.1980142024639683e+03
1.1982121277561566e+03
1.1986224767512670e+03
1.1988008330029354e+03
1.1989322710142133e+03
1.1991566962222573e+03
1.1993834629716901e+03
1.1996551709476212e+03
1.1999844333022290e+03
1.2002055600861629e+03
1.2004030352205391e+03
1.2005173826696207e+03
1.2011463477537961e+03
1.2013890554060390e+03
1.2015858278217013e+03
1.2019958014521599e+03
1.2022365589819160e+03
1.2024486359137070e+03
1.2029572530598250e+03
1.2033150447258793e+03
1.2036513476229618e+03
1.2039809687408751e+03
1.2041238076598459e+03
1.2043860487550137e+03
1.2045954523577288e+03
1.2049222414698274e+03
1.2052175711873895e+03
1.2053984349431228e+03
1.2059046502835863e+03
1.2061562497578686e+03
1.2064320932898354e+03
1.2066733167251068e+03
1.2070682001641262e+03
1.2074131364661889e+03
1.2076100068047845e+03
1.2080726725246275e+03
1.2081357524649684e+03
1.2089437005669552e+03
1.2091797354089315e+03
1.2093915181410150e+03
1.2095851682566645e+03
1.2097570762202724e+03
1.2099920492319739e+03
1.2103823558353938e+03
1.2106590102828600e+03
1.2113029049933716e+03
1.2114807965294460e+03
1.2117524175266960e+03
1.2121683932024541e+03
1.2125318888246929e+03
1.2131612754286862e+03
1.2133174452325422e+03
1.2134854048930242e+03
1.2141570581629892e+03
1.2145274058120708e+03
1.2152406728923886e+03
1.2156452327865961e+03
1.2159048557650297e+03
1.2162260062054281e+03
1.2163756803667784e+03
1.2168668983035809e+03
1.2171129892659271e+03
1.2174828466195240e+03
1.2178681656472836e+03
1.2183121594137526e+03
1.2188589369223371e+03
1.2189552223389639e+03
1.2193994537088581e+03
1.2201268706728101e+03
1.2202960337701727e+03
1.2212785048772214e+03
1.2217360963998094e+03
1.2219835846353337e+03
1.2228531394035087e+03
1.2237723939790224e+03
1.2256407373640775e+03
1.2268559142106694e+03
1.2282351088274934e+03
1.2296045969257641e+03
1.2300049638502173e+03
1.2314126368768373e+03
1.2314937345296482e+03
1.2318217800381613e+03
1.2322296836793660e+03
1.2326205128413046e+03
1.2331125177920919e+03
1.2341842390182251e+03
1.2344933106161466e+03
1.2353035551989788e+03
1.2356230297682309e+03
1.2366349691086730e+03
1.2371577326793865e+03
1.2371939443862918e+03
1.2375969009218302e+03
1.2383495317664017e+03
1.2388834712479629e+03
1.2390807296581015e+03
1.2395285960306551e+03
1.2398719702364813e+03
1.2402530987277501e+03
1.2407846356337270e+03
1.2413343224004648e+03
1.2414633153962457e+03
1.2417145132832820e+03
1.2425543603781746e+03
1.2426577624272113e+03
1.2432264310676637e+03
1.2433551309649324e+03
1.2439372451473657e+03
1.2442995152094188e+03
1.2448471835661355e+03
1.2450733123898547e+03
1.2453655488427105e+03
1.2461791635273219e+03
1.2464483945447787e+03
1.2466871183462174e+03
1.2470939283109421e+03
1.2478373410446311e+03
1.2479815576154474e+03
1.2482637009302707e+03
1.2485430848393778e+03
1.2493810665353692e+03
1.2498454049159986e+03
1.2501934766713805e+03
1.2506546556386506e+03
1.2510672579878747e+03
1.2513874339620904e+03
1.2520223318494593e+03
1.2523458618860950e+03
1.2524886915638801e+03
1.2528594084532522e+03
1.2532670055093211e+03
1.2534042600098210e+03
1.2539868663185637e+03
1.2545889945588924e+03
1.2550437665019872e+03
1.2557608285911576e+03
1.2562515340845769e+03
1.2565321152636132e+03
1.2572192365590713e+03
1.2578453676707045e+03
1.2580905186229124e+03
1.2595616784026413e+03
1.2600663371025134e+03
1.2602866953105263e+03
1.2615526306918598e+03
1.2617931109977769e+03
1.2635049287154575e+03
1.2660689096169003e+03
1.2663238893156999e+03
1.2677918235047787e+03
1.2708290086760042e+03
1.2730525002115073e+03
1.2732217557804147e+03
1.2743138725368115e+03
1.2752542248011309e+03
1.2756989242170057e+03
1.2762400432255070e+03
1.2766515883109414e+03
1.2773709815930922e+03
1.2780313369502289e+03
1.2781907834272035e+03
1.2786045725857882e+03
1.2796580018863995e+03
1.2800193757664586e+03
1.2804178343321139e+03
1.2806515779250167e+03
1.2810926451567216e+03
1.2811726905734090e+03
1.2816795594484668e+03
1.2820539283941482e+03
1.2822132652280195e+03
1.2826992405937169e+03
1.2830292481318495e+03
1.2834513518355188e+03
1.2841319964721395e+03
1.2844983626226274e+03
1.2851690688920532e+03
1.2854467235325565e+03
1.2855394332274243e+03
1.2857314280699445e+03
1.2862551806292201e+03
1.2865872094326753e+03
1.2870749971287735e+03
1.2871676478614584e+03
1.2873561346477804e+03
1.2877100657138658e+03
1.2881481859144142e+03
1.2887272449319294e+03
1.2891852624837804e+03
1.2892433172371705e+03
1.2894225574693696e+03
1.2897015050437110e+03
1.2900967222001216e+03
1.2903753275374424e+03
1.2909911435094787e+03
1.2912245640495491e+03
1.2916531179839858e+03
1.2916982482123783e+03
1.2919278395112576e+03
1.2920606641265686e+03
1.2927206562420859e+03
1.2930692751902704e+03
1.2931687847107005e+03
1.2935154789049748e+03
1.2938375454884276e+03
1.2939833885408809e+03
1.2940809697337963e+03
1.2944999071086258e+03
1.2947106610096728e+03
1.2952023125596941e+03
1.2954453845702749e+03
1.2956274858789502e+03
1.2961425630420117e+03
1.2961995028364918e+03
1.2964999322323420e+03
1.2970137917651077e+03
1.2974695756766182e+03
1.2976133771689390e+03
1.2979845807264624e+03
1.2982372748363291e+03
1.2985047705433260e+03
1.2988799156466614e+03
1.2991853389119694e+03
1.2993101039739533e+03
1.2996193796484679e+03
1.2997960305887325e+03
1.3001541854086961e+03
1.3006105094759669e+03
1.3008715507951115e+03
1.3009829510781649e+03
1.3013311553609803e+03
1.3015984687565242e+03
1.3017642789297465e+03
1.3021854062120515e+03
1.3022474381302864e+03
1.3024054031550909e+03
1.3026478971191125e+03
1.3029368092070799e+03
1.3031821796250215e+03
1.3033788170260761e+03
1.3038497697845644e+03
1.3039693709087621e+03
1.3042680381511407e+03
1.3048405901316664e+03
1.3051093189563819e+03
1.3055050356497795e+03
1.3058795718995370e+03
1.3060173537212934e+03
1.3064884845719180e+03
1.3070259567734431e+03
1.3070905993994807e+03
1.3074339501306251e+03
1.3077167184725781e+03
1.3080200611898226e+03
1.3081904661488882e+03
1.3085874769238906e+03
1.3089268262436344e+03
1.3092823969054225e+03
1.3097255046034447e+03
1.3100300350372775e+03
1.3102457893417870e+03
1.3107906984690758e+03
1.3109771475850987e+03
1.3111109351105054e+03
1.3117305066028450e+03
1.3117837084583953e+03
1.3125793653692276e+03
1.3127422271990447e+03
1.3129886484413464e+03
1.3137109754184542e+03
1.3142295961182269e+03
1.3144341321182987e+03
1.3145990611026466e+03
1.3148610774784318e+03
1.3150200694741882e+03
1.3153315541256170e+03
1.3158526848452582e+03
1.3162352253189838e+03
1.3166224428097887e+03
1.3169209704903678e+03
1.3172350248018342e+03
1.3177682050694098e+03
1.3181833706499133e+03
1.3183979782831732e+03
1.3185759874653177e+03
1.3191816206181190e+03
1.3198080726992107e+03
1.3206478622592199e+03
1.3207443567922362e+03
1.3212146305750580e+03
1.3217542732075590e+03
1.3219567899442709e+03
1.3222271293750111e+03
1.3224040161134453e+03
1.3229017188558103e+03
1.3235314562595627e+03
1.3239711188091151e+03
1.3247331037555261e+03
1.3255729375127862e+03
1.3258998237244602e+03
1.3260740169243502e+03
1.3264023565913808e+03
1.3266680200163123e+03
1.3274715762147816e+03
1.3278724763563200e+03
1.3285930276582144e+03
1.3288942790564613e+03
1.3290969443703448e+03
1.3299338429663621e+03
1.3301489094341971e+03
1.3306600597028664e+03
1.3314239178620880e+03
1.3322218466424242e+03
1.3327442412322112e+03
1.3334777877109946e+03
1.3343449661553932e+03
1.3352511604886151e+03
1.3359006495949661e+03
1.3361559400704136e+03
1.3367931626143081e+03
1.3374100048298694e+03
1.3378486275198461e+03
1.3381597614502766e+03
1.3389700267576416e+03
1.3394696962173387e+03
1.3403620041294214e+03
1.3409982435446739e+03
1.3410712780085923e+03
1.3416308583023601e+03
1.3421885230461248e+03
1.3424462708938979e+03
1.3436350105739982e+03
1.3439631058715740e+03
1.3444676566475061e+03
1.3446537520221302e+03
1.3451320932291594e+03
1.3456674466654572e+03
1.3460018332752215e+03
1.3474655394448771e+03
1.3475207602354021e+03
1.3479378568206128e+03
1.3482946179963360e+03
1.3483397215084888e+03
1.3488645027677619e+03
1.3492719946495829e+03
1.3500604422237936e+03
1.3504255730176835e+03
1.3505384317331532e+03
1.3512440352073675e+03
1.3515827720282036e+03
1.3525443559264668e+03
1.3531159836704230e+03
1.3538508215618765e+03
1.3544855535434970e+03
1.3550263559782691e+03
1.3552349448659866e+03
1.3560213659399794e+03
1.3564632907170972e+03
1.3569781051582017e+03
1.3578235042511269e+03
1.3581449789146689e+03
1.3582426129477581e+03
1.3587871389846259e+03
1.3591074355928308e+03
1.3594468059623919e+03
1.3598977370093244e+03
1.3605001055585180e+03
1.3610785423491773e+03
1.3611320546948400e+03
1.3617334609711354e+03
1.3624222079872713e+03
1.3628729351173683e+03
1.3632731534004911e+03
1.3635585955244594e+03
1.3641396767387141e+03
1.3641807571879094e+03
1.3649467958918342e+03
1.3655599309178372e+03
1.3657774350849656e+03
1.3660586399162148e+03
1.3661485798931469e+03
1.3668721461186776e+03
1.3670517484965594e+03
1.3676796807112023e+03
1.3680911471299919e+03
1.3687397924714437e+03
1.3690207494917252e+03
1.3693206779311736e+03
1.3704830768545226e+03
1.3709564385334015e+03
1.3713965561461243e+03
1.3714862756368411e+03
1.3716862287059039e+03
1.3720287772861327e+03
1.3722735600234059e+03
1.3732496436135441e+03
1.3743154384737047e+03
1.3748577678056324e+03
1.3752921501958544e+03
1.3756612039373879e+03
1.3762161757062674e+03
1.3765155825218483e+03
1.3769077973179310e+03
1.3776566988743687e+03
1.3777952169287664e+03
1.3785559478302207e+03
1.3789514196324969e+03
1.3794098899905975e+03
1.3800914254209938e+03
1.3804960531476370e+03
1.3809777688095478e+03
1.3812117545219635e+03
1.3821634954115682e+03
1.3823534144453697e+03
1.3826369522042155e+03
1.3834618149521443e+03
1.3838002903282850e+03
1.3844530485651030e+03
1.3846258536547659e+03
1.3848965391562444e+03
1.3855147950213277e+03
1.3862452677925241e+03
1.3865747777104464e+03
1.3871571315316164e+03
1.3873815422473463e+03
1.3875782006283973e+03
1.3880443926400185e+03
1.3883834376541686e+03
1.3891536619085489e+03
1.3895271761808897e+03
1.3897298442495744e+03
1.3903865655240074e+03
1.3907340672980417e+03
1.3912672489481251e+03
1.3916570373388022e+03
1.3919507588428853e+03
1.3925875796075406e+03
1.3926591734664489e+03
1.3939182934183771e+03
1.3941333150267649e+03
1.3945405760801523e+03
1.3948126623392302e+03
1.3953187955166122e+03
1.3959645266663847e+03
1.3961668314683777e+03
1.3973512701119937e+03
1.3979219705820333e+03
1.3980925999914164e+03
1.3987632302068146e+03
1.3993177023355463e+03
1.4000998386214892e+03
1.4003896103696463e+03
1.4006695067214275e+03
1.4011134082537656e+03
1.4014894802593208e+03
1.4018819947266204e+03
1.4023628424593549e+03
1.4030216782530561e+03
1.4034804827242642e+03
1.4037489155579476e+03
1.4041268539173088e+03
1.4045166701208259e+03
1.4047183612494218e+03
1.4056619638313373e+03
1.4060544863592611e+03
1.4064689638454779e+03
1.4066815893472715e+03
1.4067985515689136e+03
1.4071023157723480e+03
1.4076519613280755e+03
1.4079552128531420e+03
1.4082301097172401e+03
1.4087141368452692e+03
1.4087273068255297e+03
1.4090647599331901e+03
1.4097858490485110e+03
1.4100525060960749e+03
1.4104334155538140e+03
1.4106385489401703e+03
1.4109906622005294e+03
1.4115508654178298e+03
1.4120125280575501e+03
1.4121482041879410e+03
1.4123334456834650e+03
1.4126594159424762e+03
1.4129986043539848e+03
1.4134407510198387e+03
1.4138627768917838e+03
1.4144488214824614e+03
1.4147714062249579e+03
1.4154037315163500e+03
1.4156323926795155e+03
1.4158779015669147e+03
1.4164248981379599e+03
1.4165494741611139e+03
1.4177725146634668e+03
1.4180348470928413e+03
1.4181991590539458e+03
1.4187040534032988e+03
1.4189689264598871e+03
1.4193178062776262e+03
1.4197637687675976e+03
1.4203928730472594e+03
1.4209335878805855e+03
1.4210098673267469e+03
1.4214008444093361e+03
1.4215051716806443e+03
1.4221515824715827e+03
1.4226444775249790e+03
1.4228476986472240e+03
1.4230722082774398e+03
1.4235109574086296e+03
1.4235773562925397e+03
1.4239596595668033e+03
1.4247892555671540e+03
1.4253863633767455e+03
1.4258745667678518e+03
1.4263185627174460e+03
1.4266911576573616e+03
1.4271854207829779e+03
1.4275802165260113e+03
1.4276945803026881e+03
1.4279374716955656e+03
1.4284119509505988e+03
1.4288509920215938e+03
1.4291258960394982e+03
1.4293025652725664e+03
1.4298144872998630e+03
1.4302080126257449e+03
1.4307209580674119e+03
1.4309323693337597e+03
1.4312869808086755e+03
1.4317399943799885e+03
1.4320296023739677e+03
1.4322179832920219e+03
1.4332742682927394e+03
1.4333767144894207e+03
1.4342372323853235e+03
1.4343432051750779e+03
1.4350300175009647e+03
1.4354423202181652e+03
1.4356288122466285e+03
1.4360434800714033e+03
1.4362966974739300e+03
1.4365528317980984e+03
1.4371674778584222e+03
1.4374912203799583e+03
1.4381005817472585e+03
1.4381346448545901e+03
1.4384446253942770e+03
1.4387012423022413e+03
1.4392126589682621e+03
1.4393553244025788e+03
1.4401243239220510e+03
1.4405435081182791e+03
1.4413023955551905e+03
1.4416083234429580e+03
1.4418579230980476e+03
1.4422941704456682e+03
1.4427992750546969e+03
1.4432206812792483e+03
1.4435105493204946e+03
1.4439927826528642e+03
1.4442650113805232e+03
1.4450862081389600e+03
1.4455106636987914e+03
1.4456024823108407e+03
1.4461138076164657e+03
1.4461542428611306e+03
1.4465277725381227e+03
1.4468349187657486e+03
1.4474030731514076e+03
1.4480478026770106e+03
1.4481727568471588e+03
1.4486658784812103e+03
1.4493001980796319e+03
1.4497730082843575e+03
1.4502623855537879e+03
1.4506569163339177e+03
1.4507564059538381e+03
1.4513564230412624e+03
1.4518411535521366e+03
1.4522417348454353e+03
1.4527969531837102e+03
1.4529545464237140e+03
1.4531767396312298e+03
1.4537591774152320e+03
1.4541629320337142e+03
1.4549173627287360e+03
1.4550642240245102e+03
1.4554626686036620e+03
1.4555673326453286e+03
1.4564145569841012e+03
1.4566241669221035e+03
1.4571297367302868e+03
1.4571633288287089e+03
1.4579732770428582e+03
1.4581638666854362e+03
1.4586266803093397e+03
1.4587026643279319e+03
1.4591982887087386e+03
1.4595216944789474e+03
1.4602263270593235e+03
1.4606538651258843e+03
1.4611376366889301e+03
1.4616344492229598e+03
1.4620180044888530e+03
1.4625025113793993e+03
1.4626242024339608e+03
1.4633961968163205e+03
1.4640015928542180e+03
1.4646289857666384e+03
1.4650103604846754e+03
1.4655096035597246e+03
1.4655786253490978e+03
1.4661294954654202e+03
1.4670817485218815e+03
1.4672387355332744e+03
1.4676620059477066e+03
1.4681659090487308e+03
1.4685113538577259e+03
1.4697679785919820e+03
1.4701189474558291e+03
1.4703395413787732e+03
1.4712715741436152e+03
1.4715249740789263e+03
1.4721796531926741e+03
1.4724872778507754e+03
1.4736703605083635e+03
1.4740474822827716e+03
1.4746057725730629e+03
1.4746656824523614e+03
1.4754515336771246e+03
1.4765162700886401e+03
1.4768309740334591e+03
1.4772998138150786e+03
1.4780752766666462e+03
1.4786333890022045e+03
1.4789995006114441e+03
1.4797744319612802e+03
1.4800117379772246e+03
1.4804484218069379e+03
1.4810960706519777e+03
1.4812891731146340e+03
1.4816775552507975e+03
1.4826917646035517e+03
1.4833239154733594e+03
1.4834858971013293e+03
1.4838509648948543e+03
1.4842031854635366e+03
1.4845646016848125e+03
1.4854422388261046e+03
1.4858695905509264e+03
1.4860659054233847e+03
1.4864989870939069e+03
1.4869690505097324e+03
1.4873314026638704e+03
1.4877128442998267e+03
1.4879396537715254e+03
1.4885511736593173e+03
1.4889412327538259e+03
1.4896329878382435e+03
1.4898131919686477e+03
1.4901115201386453e+03
1.4901716329090409e+03
1.4909221079265271e+03
1.4914800639406628e+03
1.4920622443100772e+03
1.4923152310830533e+03
1.4931230316485446e+03
1.4934751214436951e+03
1.4938240783701465e+03
1.4942732594130930e+03
1.4944925346625566e+03
1.4951527323950024e+03
1.4956210455855150e+03
1.4956928854072801e+03
1.4963122299489357e+03
1.4965793610642702e+03
1.4968022864026132e+03
1.4971202737931585e+03
1.4973633245965714e+03
1.4977641774194699e+03
1.4979779490094443e+03
1.4981657714533587e+03
1.4987425663812019e+03
1.4994511399846649e+03
1.4997787607590046e+03
1.5003970575913659e+03
1.5005038312215659e+03
1.5007241107659170e+03
1.5008116636403015e+03
1.5016605939771052e+03
1.5018263525232560e+03
1.5022159454719745e+03
1.5024882237193133e+03
1.5029885956908108e+03
1.5034049061246285e+03
1.5038022104762549e+03
1.5041635816073942e+03
1.5044064197015039e+03
1.5050507087756623e+03
1.5055296040455210e+03
1.5061550977116920e+03
1.5062590639600364e+03
1.5067591567618558e+03
1.5071236617273814e+03
1.5074006597468799e+03
1.5075773644927394e+03
1.5079046400689390e+03
1.5084171003086180e+03
1.5086758872161540e+03
1.5092543358302742e+03
1.5095437720749460e+03
1.5099904116897678e+03
1.5100199697960225e+03
1.5104256496016960e+03
1.5112422013519993e+03
1.5116197807758629e+03
1.5119973504329000e+03
1.5125797317783456e+03
1.5129427635985544e+03
1.5134616321849526e+03
1.5136120684994501e+03
1.5136350978068533e+03
1.5141326789375796e+03
1.5148216313688779e+03
1.5154621756358174e+03
1.5160461664056966e+03
1.5163902604292005e+03
1.5169398339619759e+03
1.5174222228175331e+03
1.5177299847101624e+03
1.5180879148592080e+03
1.5191296232693865e+03
1.5193161437658757e+03
1.5194029219928802e+03
1.5202304724603648e+03
1.5210484951021756e+03
1.5213027905773176e+03
1.5215515058481974e+03
1.5219393293069909e+03
1.5228542573759041e+03
1.5232292386123488e+03
1.5243682975774414e+03
1.5248151879978798e+03
1.5253019983214756e+03
1.5266992733889381e+03
1.5272754318884458e+03
1.5276036909004713e+03
1.5285083267752209e+03
1.5290477154073853e+03
1.5299313989263426e+03
1.5306493128208124e+03
1.5307830300120081e+03
1.5317323704131493e+03
1.5328982657510721e+03
1.5334653703674458e+03
1.5341733886219999e+03
1.5346082274425253e+03
1.5353175937402025e+03
1.5359655665690557e+03
1.5366164959680884e+03
1.5370254381724401e+03
1.5377145042897932e+03
1.5382219551614987e+03
1.5388222196066899e+03
1.5390368648328522e+03
1.5394325119492778e+03
1.5401412823672163e+03
1.5403749964169033e+03
1.5411189395301894e+03
1.5414258026364116e+03
1.5420680078037365e+03
1.5427975450441450e+03
1.5433324073056056e+03
1.5435293043827298e+03
1.5442948552444850e+03
1.5444021284397543e+03
1.5447645765404543e+03
1.5452378859017008e+03
1.5460561832018086e+03
1.5462307304554897e+03
1.5467092289724962e+03
1.5469225257168519e+03
1.5474876554387797e+03
1.5478355970956900e+03
1.5480592874205274e+03
1.5487662984015794e+03
1.5491421543197566e+03
1.5496118044926664e+03
1.5497383296019989e+03
1.5504319088800198e+03
1.5507130769160410e+03
1.5508982894049998e+03
1.5511432126169946e+03
1.5516628407974124e+03
1.5519921546438761e+03
1.5526656921333658e+03
1.5528221286430105e+03
1.5531489249064616e+03
1.5535138131673241e+03
1.5540666336633601e+03
1.5543196719864800e+03
1.5552258660761327e+03
1.5554810988531954e+03
1.5558618811084366e+03
1.5562829434912187e+03
1.5564325979983075e+03
1.5568055503389141e+03
1.5571524472187634e+03
1.5573280919061078e+03
1.5580552368182725e+03
1.5584564023761911e+03
1.5587940883618624e+03
1.5589783083199438e+03
1.5591415010341093e+03
1.5599108138151873e+03
1.5603324116762665e+03
1.5606132208813735e+03
1.5614164759814614e+03
1.5614970944699878e+03
1.5616953700839124e+03
1.5621089157567196e+03
1.5629603490505474e+03
1.5630897801553381e+03
1.5632222848252063e+03
1.5634157386856320e+03
1.5638169275892105e+03
1.5641619667033610e+03
1.5643842709593671e+03
1.5646894771771786e+03
1.5651676805157740e+03
1.5655422275427657e+03
1.5661701912646847e+03
1.5664297547845472e+03
1.5666449538937502e+03
1.5668706328208382e+03
1.5674077942091865e+03
1.5676000002927203e+03
1.5682730838406785e+03
1.5691635480697303e+03
1.5695170740519188e+03
1.5698439967946420e+03
1.5699934243552191e+03
1.5701157701008412e+03
1.5705320683411962e+03
1.5709198106828960e+03
1.5713506457176036e+03
1.5716363318372723e+03
1.5718214996997581e+03
1.5722747130315979e+03
1.5728811960649416e+03
1.5733270935569976e+03
1.5733891729188249e+03
1.5736330073400300e+03
1.5744525440919679e+03
1.5750410539607656e+03
1.5754121172684850e+03
1.5758896048323736e+03
1.5759963451417441e+03
1.5763565921977781e+03
1.5764268743208825e+03
1.5771566394242666e+03
1.5776269968588140e+03
1.5778661669383016e+03
1.5780711515041746e+03
1.5782546009698394e+03
1.5787566699417603e+03
1.5789423623174400e+03
1.5800133940281009e+03
1.5800624591339053e+03
1.5802860405413978e+03
1.5806292106873811e+03
1.5811835970533698e+03
1.5815155046853488e+03
1.5815898455845527e+03
1.5816937901041551e+03
1.5822404813456690e+03
1.5825533292624957e+03
1.5828826505869670e+03
1.5835598952992827e+03
1.5838782450384056e+03
1.5844008180882215e+03
1.5845448819202575e+03
1.5851793136383701e+03
1.5854779193102922e+03
1.5856903824062449e+03
1.5860080438532223e+03
1.5863351413165269e+03
1.5865609306729245e+03
1.5869243545797494e+03
1.5873614998297599e+03
1.5874145451073791e+03
1.5878523571053477e+03
1.5882264370085215e+03
1.5885611429779922e+03
1.5888237323821158e+03
1.5890170420308668e+03
1.5893040671048027e+03
1.5896682347313870e+03
1.5899609639489663e+03
1.5906043559394811e+03
1.5908315773079216e+03
1.5911553444833876e+03
1.5912647296977843e+03
1.5918117719517784e+03
1.5920553007730866e+03
1.5924682748006348e+03
1.5930424695366032e+03
1.5936305480344704e+03
1.5939110093231511e+03
1.5942534104969393e+03
1.5944716167886293e+03
1.5946372795448735e+03
1.5950965611648328e+03
1.5951882214158243e+03
1.5952659447441270e+03
1.5960325255361759e+03
1.5964739394319135e+03
1.5970470016120209e+03
1.5971658930092317e+03
1.5977894476747247e+03
1.5980790018852858e+03
1.5985267764347909e+03
1.5987796416134495e+03
1.5992919718489591e+03
1.5996563999677337e+03
1.6000030262408695e+03
1.6002601797401858e+03
1.6007280300282023e+03
1.6010968300000866e+03
1.6012752418688706e+03
1.6018638894881540e+03
1.6020469395121706e+03
1.6022473818816945e+03
1.6024193621620161e+03
1.6029942102496509e+03
1.6033185185663531e+03
1.6037165152270318e+03
1.6041494596167979e+03
1.6043722289665743e+03
1.6048674480329651e+03
1.6053011166020142e+03
1.6055483736890733e+03
1.6057900603730734e+03
1.6058741966703251e+03
1.6063528142575972e+03
1.6066482080214794e+03
1.6070162881530805e+03
1.6074261946248569e+03
1.6080904026878663e+03
1.6084810424722950e+03
1.6087665286658939e+03
1.6090910887200973e+03
1.6094101166718192e+03
1.6098246007373166e+03
1.6103668303915260e+03
1.6108954000199237e+03
1.6115279680748304e+03
1.6117642678804405e+03
1.6124080511643951e+03
1.6124982818251019e+03
1.6128451576377188e+03
1.6134618133841448e+03
1.6137676398028418e+03
1.6139905777377260e+03
1.6142870158892713e+03
1.6149900008873367e+03
1.6151117300545193e+03
1.6159676067627352e+03
1.6162690397863969e+03
1.6164987692814968e+03
1.6170480775911342e+03
1.6172373428291507e+03
1.6179513460235451e+03
1.6186208398219073e+03
1.6189354292246896e+03
1.6194277371042565e+03
1.6199513017355066e+03
1.6206891875357319e+03
1.6209204994538420e+03
1.6212555259158114e+03
1.6220616672447020e+03
1.6223636744367011e+03
1.6232292341844809e+03
1.6233234041951132e+03
1.6241634051293779e+03
1.6246892794242920e+03
1.6255027375943077e+03
1.6258980061293112e+03
1.6264090266782453e+03
1.6266148261345893e+03
1.6276837512156774e+03
1.6278686242413432e+03
1.6280549497425488e+03
1.6289778845041269e+03
1.6295879182540102e+03
1.6302013523743110e+03
1.6307293498356887e+03
1.6312429972255206e+03
1.6315682203701881e+03
1.6325714077555904e+03
1.6331535274929226e+03
1.6333258839988698e+03
1.6340034878169324e+03
1.6341007461411211e+03
1.6344610985749866e+03
1.6348478936453901e+03
1.6357738043843931e+03
1.6360596304257283e+03
1.6368373429018072e+03
1.6376408002157907e+03
1.6381846418495879e+03
1.6386299911796127e+03
1.6395260225019726e+03
1.6399022048611450e+03
1.6406455548135586e+03
1.6410452646094689e+03
1.6417916861636572e+03
1.6426238921678435e+03
1.6433487497108358e+03
1.6434484400307015e+03
1.6441908760704885e+03
1.6445452321028715e+03
1.6452017008589216e+03
1.6458042694767262e+03
1.6466578554295622e+03
1.6472621645455333e+03
1.6479443940325093e+03
1.6491398233297955e+03
1.6495039480475994e+03
1.6499400368482989e+03
1.6511892113013043e+03
1.6516049764888521e+03
1.6522756127305320e+03
1.6526724542422426e+03
1.6541434398693020e+03
1.6543610918532834e+03
1.6553648194537971e+03
1.6556453782060055e+03
1.6564086998812104e+03
1.6573924175286916e+03
1.6583601056863381e+03
1.6585960307399519e+03
1.6590520947605437e+03
1.6607287062329631e+03
1.6611145018797845e+03
1.6612877641312871e+03
1.6625233861521233e+03
1.6629207359060222e+03
1.6633334555771255e+03
1.6640110498275014e+03
1.6651703002450031e+03
1.6653187010860227e+03
1.6659815628489264e+03
1.6668958016576478e+03
1.6671452130802679e+03
1.6675032570418914e+03
1.6680948274066445e+03
1.6689138808188754e+03
1.6696759962113656e+03
1.6702575311015719e+03
1.6704914723969250e+03
1.6711544247805434e+03
1.6717982332520833e+03
1.6720803493464639e+03
1.6723622467107264e+03
1.6732400937552532e+03
1.6738715128904223e+03
1.6745342410642234e+03
1.6750354317730985e+03
1.6758155525383736e+03
1.6761051658686902e+03
1.6769761501282844e+03
1.6774453547720548e+03
1.6778181289839144e+03
1.6782785068909836e+03
1.6787580616448374e+03
1.6792895174173113e+03
1.6794264933782113e+03
1.6799475557708938e+03
1.6808199577648841e+03
1.6812730449638686e+03
1.6817305094241235e+03
1.6821196950813712e+03
1.6824795659109270e+03
1.6829256805379030e+03
1.6833224457531851e+03
1.6838312200496928e+03
1.6839293592891993e+03
1.6842588143336611e+03
1.6843880833450173e+03
1.6847113351919411e+03
1.6852104433831689e+03
1.6854923179467348e+03
1.6859058318822210e+03
1.6865363573892134e+03
1.6867147123334400e+03
1.6874209010660679e+03
1.6880284202306368e+03
1.6882513317224195e+03
1.6885996658772137e+03
1.6888326694447533e+03
1.6891955595890595e+03
1.6896093472432767e+03
1.6901833097364945e+03
1.6905604302022084e+03
1.6909136066813585e+03
1.6910081536008042e+03
1.6914518406312568e+03
1.6918214222859783e+03
1.6919665609072604e+03
1.6924614872279171e+03
1.6930734965917802e+03
1.6934026584560547e+03
1.6937224393739723e+03
1.6939798770567425e+03
1.6944600793622633e+03
1.6948387059684978e+03
1.6952086145789990e+03
1.6953711236118402e+03
1.6956181148350897e+03
1.6957963967192195e+03
1.6965699829360860e+03
1.6971582985638358e+03
1.6973184656439025e+03
1.6976284144342562e+03
1.6980647449125622e+03
1.6981383759962300e+03
1.6982837565501059e+03
1.6986212940327860e+03
1.6991940007691617e+03
1.6994871103074502e+03
1.6999291316322619e+03
1.7000638824007522e+03
1.7005378579686251e+03
1.7009384018285084e+03
1.7013266112656386e+03
1.7015189630878763e+03
1.7017582418862378e+03
1.7020796052551975e+03
1.7023034796212960e+03
1.7027046375187792e+03
1.7030097920624471e+03
1.7034277907621713e+03
1.7041287810221813e+03
1.7044005804552121e+03
1.7044691341305809e+03
1.7048202802132757e+03
1.7055540774270487e+03
1.7059527523468762e+03
1.7060223877113967e+03
1.7065059781545722e+03
1.7067304757382210e+03
1.7074253778869702e+03
1.7074899422532005e+03
1.7077013267353966e+03
1.7080399468977389e+03
1.7084295042524616e+03
1.7085004748320982e+03
1.7089461724443618e+03
1.7089930897165329e+03
1.7093447042308376e+03
1.7094208952118970e+03
1.7099320205818130e+03
1.7101895993563412e+03
1.7105697577645540e+03
1.7107645069260600e+03
1.7112001460506074e+03
1.7114263324698395e+03
1.7116831747684746e+03
1.7119808801177410e+03
1.7124421675710960e+03
1.7127124397259181e+03
1.7130623139071693e+03
1.7136169640384435e+03
1.7137493608876423e+03
1.7139467333734156e+03
1.7142461213665551e+03
1.7146453846239081e+03
1.7149538312544162e+03
1.7150480636159461e+03
1.7153430799452231e+03
1.7158688177909146e+03
1.7162150062494632e+03
1.7165761400369477e+03
1.7170846124509469e+03
1.7175825172707709e+03
1.7178055532245789e+03
1.7183955443041816e+03
1.7184921444761389e+03
1.7187130869338266e+03
1.7191892644226634e+03
1.7193932852725093e+03
1.7197569750763421e+03
1.7199669501198857e+03
1.7201864007070199e+03
1.7208262709969645e+03
1.7210875364216233e+03
1.7211979597640045e+03
1.7214261884208897e+03
1.7214577715211408e+03
1.7217663415144114e+03
1.7222928803817397e+03
1.7224041932748348e+03
1.7230347963189349e+03
1.7234840112991355e+03
1.7236894579014306e+03
1.7242476535998096e+03
1.7243028878239109e+03
1.7245864038739642e+03
1.7246949995749053e+03
1.7251609387299668e+03
1.7255729355053784e+03
1.7258441202491549e+03
1.7260500072266027e+03
1.7265407672419565e+03
1.7268972802194737e+03
1.7270533673098666e+03
1.7277943592290339e+03
1.7279257836103047e+03
1.7280634770160505e+03
1.7286231868276484e+03
1.7287571664533295e+03
1.7289830404626045e+03
1.7293088948425877e+03
1.7295987398974964e+03
1.7299664537891329e+03
1.7302810167159334e+03
1.7304616531473716e+03
1.7308930909866242e+03
1.7312417267990004e+03
1.7314956862900933e+03
1.7318507174993636e+03
1.7320480622714499e+03
1.7324017746784318e+03
1.7327620939220569e+03
1.7330089791999153e+03
1.7334616777952726e+03
1.7337200164912770e+03
1.7339783037489544e+03
1.7342913732471511e+03
1.7346581274605762e+03
1.7351191229301037e+03
1.7353362358302097e+03
1.7356897713635301e+03
1.7365727987669327e+03
1.7367637381093680e+03
1.7370062096951087e+03
1.7374373629561383e+03
1.7376314407548014e+03
1.7379947722469110e+03
1.7382163822584364e+03
1.7387318326291929e+03
1.7391525059886360e+03
1.7392960088582302e+03
1.7397121391058379e+03
1.7401209607808335e+03
1.7403637889240651e+03
1.7407334813461489e+03
1.7415151056156537e+03
1.7415718174663236e+03
1.7418528903487938e+03
1.7422426906851904e+03
1.7425271938747994e+03
1.7426149893980385e+03
1.7430814711857813e+03
1.7432944477655294e+03
1.7436328137764881e+03
1.7441127340484538e+03
1.7443921821302060e+03
1.7449554949582709e+03
1.7452117375717130e+03
1.7454634944644301e+03
1.7457720232859979e+03
1.7462846423267347e+03
1.7463585165127620e+03
1.7464922759979536e+03
1.7471502003643975e+03
1.7474023438077672e+03
1.7477715438882005e+03
1.7478605757864354e+03
1.7487556202973335e+03
1.7489088851119616e+03
1.7492804488066565e+03
1.7495608537453700e+03
1.7497688291465397e+03
1.7502997803572880e+03
1.7506091767619173e+03
1.7511096329159275e+03
1.7513931896862277e+03
1.7516130011277742e+03
1.7518632869332250e+03
1.7523001814255972e+03
1.7525891611559566e+03
1.7527136866475739e+03
1.7536053178412647e+03
1.7538239329463227e+03
1.7540854286175581e+03
1.7546925893389032e+03
1.7549508762643648e+03
1.7551647317397226e+03
1.7557761239483214e+03
1.7563255387794895e+03
1.7568162959788849e+03
1.7570786221407961e+03
1.7575999182632665e+03
1.7576668676695588e+03
1.7578112425061036e+03
1.7587006960554720e+03
1.7592186756172794e+03
1.7596324347668344e+03
1.7597861731727035e+03
1.7603473128242235e+03
1.7612181139552060e+03
1.7617538050197963e+03
1.7622284741176775e+03
1.7625783793981634e+03
1.7633571948385620e+03
1.7636177123571911e+03
1.7641506498060028e+03
1.7645305621384477e+03
1.7655280577246542e+03
1.7659352803397333e+03
1.7663055846086177e+03
1.7666007972381722e+03
1.7672056646852334e+03
1.7678266261357860e+03
1.7685229090884266e+03
1.7689715702395554e+03
1.7697126038601086e+03
1.7703571046440973e+03
1.7715214261605618e+03
1.7719968673867941e+03
1.7724339271271440e+03
1.7741298170542375e+03
1.7765356719237780e+03
1.7795350456106221e+03
1.7803162763992987e+03
1.7828575721243797e+03
1.7835676285493557e+03
1.7873902383763489e+03
1.7879542283413550e+03
1.7892267938854477e+03
1.7898878931688334e+03
1.7906395881244969e+03
1.7920309874537354e+03
1.7927166290615598e+03
1.7929078288966680e+03
1.7931513329776565e+03
1.7935007139003701e+03
1.7944776315871152e+03
1.7955396630723269e+03
1.7960909890031078e+03
1.7974645997346859e+03
1.7979889888965222e+03
1.7983688748100546e+03
1.7990210728527622e+03
1.7995590941904009e+03
1.8002153762095854e+03
1.8009615794436120e+03
1.8016626770104301e+03
1.8024166588772614e+03
1.8026609701074142e+03
1.8032653679084483e+03
1.8037124339692198e+03
1.8042904589739055e+03
1.8047383576391946e+03
1.8053344861028941e+03
1.8058317090654575e+03
1.8062963851900583e+03
1.8071329090774914e+03
1.8077109785780103e+03
1.8080784752017257e+03
1.8083945853010580e+03
1.8086839362134692e+03
1.8091243405496637e+03
1.8098881344894646e+03
1.8106009761458267e+03
1.8108491222951300e+03
1.8115584555244302e+03
1.8119340896134759e+03
1.8127571695532065e+03
1.8128974699734049e+03
1.8135862346794795e+03
1.8140341837552576e+03
1.8144754998082894e+03
1.8151060651161367e+03
1.8153845107594670e+03
1.8159783348369012e+03
1.8162933197953030e+03
1.8165682957461486e+03
1.8173038603776035e+03
1.8173332690304128e+03
1.8174893718134210e+03
1.8184477527981039e+03
1.8186888469463815e+03
1.8192559310963188e+03
1.8194345188187740e+03
1.8196181798797375e+03
1.8199988641315999e+03
1.8205483456110037e+03
1.8210474481931367e+03
1.8211584442453964e+03
1.8214393330336331e+03
1.8217560968831576e+03
1.8223172779889753e+03
1.8226477415116262e+03
1.8227820811479128e+03
1.8231450253687565e+03
1.8240172719579421e+03
1.8242612596274816e+03
1.8247994104547154e+03
1.8250542348743170e+03
1.8258153816174759e+03
1.8258846451083818e+03
1.8262235789409199e+03
1.8265622713945108e+03
1.8271090323673968e+03
1.8279740377887413e+03
1.8282839907572500e+03
1.8286005209996374e+03
1.8287335277240923e+03
1.8288224700391092e+03
1.8291276905660914e+03
1.8292339256151622e+03
1.8299017159140171e+03
1.8303917011758506e+03
1.8308676149383939e+03
1.8312198688214019e+03
1.8314553704736236e+03
1.8317981239259407e+03
1.8321317191959704e+03
1.8325922604573038e+03
1.8328041978844603e+03
1.8329974071354657e+03
1.8332626734026737e+03
1.8337670385452061e+03
1.8338837950922043e+03
1.8344160022301612e+03
1.8344643783072536e+03
1.8351000883736212e+03
1.8354180535862645e+03
1.8356099906751283e+03
1.8358098230144647e+03
1.8362025111881387e+03
1.8369781478706252e+03
1.8374137011083699e+03
1.8376417640449504e+03
1.8377652652538216e+03
1.8380086506335292e+03
1.8384850408762034e+03
1.8387199657725484e+03
1.8388824852826735e+03
1.8391347327346421e+03
1.8395634485806697e+03
1.8397926273689743e+03
1.8400641690098096e+03
1.8404663380760933e+03
1.8411367031925711e+03
1.8412955717089214e+03
1.8417110461056868e+03
1.8419462947656875e+03
1.8426645471623358e+03
1.8428770672618384e+03
1.8431399722510087e+03
1.8433544078200789e+03
1.8437115760647393e+03
1.8438910086966700e+03
1.8442780974245884e+03
1.8445852887249400e+03
1.8448637953730031e+03
1.8452423281068452e+03
1.8454563872594110e+03
1.8457653523470271e+03
1.8462232599519725e+03
1.8465250594942211e+03
1.8468493993416525e+03
1.8471042940234813e+03
1.8473562309011743e+03
1.8477977770264790e+03
1.8481461212342492e+03
1.8482951921962961e+03
1.8483906756314666e+03
1.8496523351493177e+03
1.8498918487135168e+03
1.8501194470406745e+03
1.8505105299224583e+03
1.8505665698294172e+03
1.8509750506128255e+03
1.8512478878603965e+03
1.8514703173452265e+03
1.8517236850937736e+03
1.8522266395460822e+03
1.8524665242141218e+03
1.8528898704631531e+03
1.8530238279528235e+03
1.8532090417857257e+03
1.8538690745912079e+03
1.8541144492016492e+03
1.8541852152261467e+03
1.8543454513849827e+03
1.8550360707253355e+03
1.8552954960742791e+03
1.8554871027086747e+03
1.8561511673947009e+03
1.8562093100267259e+03
1.8567076116218311e+03
1.8570091561055165e+03
1.8573095954841451e+03
1.8574971088961838e+03
1.8579729178933185e+03
1.8583326651323962e+03
1.8585656639726155e+03
1.8586542926203456e+03
1.8592042654515947e+03
1.8594606260096805e+03
1.8594889368735403e+03
1.8598708120260594e+03
1.8605570534901285e+03
1.8609027025933012e+03
1.8612598613184050e+03
1.8615934165551375e+03
1.8618023147279710e+03
1.8621517611211814e+03
1.8626242493770719e+03
1.8627467445667178e+03
1.8630798723856062e+03
1.8632670369494322e+03
1.8636332279318062e+03
1.8638185278372605e+03
1.8640023197891569e+03
1.8640938587309181e+03
1.8645143633901384e+03
1.8651133095707589e+03
1.8656003143128728e+03
1.8658328106868037e+03
1.8662216884354011e+03
1.8664883412019990e+03
1.8672351466897876e+03
1.8674695612558230e+03
1.8677428056682484e+03
1.8679671013484979e+03
1.8680898187073487e+03
1.8684663058156032e+03
1.8686783641372067e+03
1.8689932858410227e+03
1.8696203325627221e+03
1.8698904165691908e+03
1.8701691704867530e+03
1.8703930146281321e+03
1.8706041385277190e+03
1.8711390869915547e+03
1.8712268779870469e+03
1.8715803811781675e+03
1.8722175541748190e+03
1.8727370566319862e+03
1.8729149930124072e+03
1.8734221429344277e+03
1.8737642327215119e+03
1.8740377210205982e+03
1.8742154096037580e+03
1.8745777467356299e+03
1.8750434769998865e+03
1.8751383836265670e+03
1.8753043768900741e+03
1.8755342405554657e+03
1.8760616146080765e+03
1.8763242101044627e+03
1.8767368613884667e+03
1.8770234681886891e+03
1.8773255581700591e+03
1.8774484985715180e+03
1.8783594707762475e+03
1.8784989794313863e+03
1.8789792780520124e+03
1.8793370750346928e+03
1.8795771472703882e+03
1.8798106127863473e+03
1.8805488862688910e+03
1.8809869623526868e+03
1.8811197819510437e+03
1.8815899308513633e+03
1.8818556696308299e+03
1.8822286271636199e+03
1.8822866566038144e+03
1.8828349353152898e+03
1.8830399128835652e+03
1.8834128880130490e+03
1.8838721240399973e+03
1.8843341649369552e+03
1.8845331843277643e+03
1.8848500376675813e+03
1.8854465826506266e+03
1.8856189318110803e+03
1.8858640717712960e+03
1.8862369311744485e+03
1.8867537656889338e+03
1.8871123826819705e+03
1.8877249079612327e+03
1.8878526700910127e+03
1.8884037083389414e+03
1.8887426256383555e+03
1.8889735084304652e+03
1.8892213748128172e+03
1.8894775363908559e+03
1.8898213843064445e+03
1.8904061465985887e+03
1.8905094115658567e+03
1.8911448196068438e+03
1.8913520903159640e+03
1.8919748898206221e+03
1.8922937418712363e+03
1.8925877149451217e+03
1.8928002514436791e+03
1.8931587053669236e+03
1.8935171880857881e+03
1.8943934638671039e+03
1.8945991292491215e+03
1.8953864528725449e+03
1.8962185630972217e+03
1.8963198992136470e+03
1.8965968310494000e+03
1.8970500807590927e+03
1.8979820849205635e+03
1.8982305671213792e+03
1.8982936457552510e+03
1.8988125379019637e+03
1.8994344351868313e+03
1.8994957779650249e+03
1.9002937042184835e+03
1.9005350219909703e+03
1.9006272211236726e+03
1.9014843221629199e+03
1.9018716601048525e+03
1.9021693447192424e+03
1.9029080776938922e+03
1.9031661835847931e+03
1.9038215990483059e+03
1.9042042885392755e+03
1.9049588464485516e+03
1.9052620452144413e+03
1.9058427784607259e+03
1.9061667510628561e+03
1.9068193765470035e+03
1.9072242272355654e+03
1.9081386948829104e+03
1.9088781202789294e+03
1.9096101788264164e+03
1.9096784699997086e+03
1.9106494568915793e+03
1.9112410623353644e+03
1.9117841632277100e+03
1.9119789630282360e+03
1.9127002011990965e+03
1.9133996406820272e+03
1.9138582320046967e+03
1.9146463884926393e+03
1.9147912912660915e+03
1.9150844342094040e+03
1.9155193928909473e+03
1.9161505020406553e+03
1.9173030802811568e+03
1.9184664841134218e+03
1.9191573263695861e+03
1.9202565288027454e+03
1.9210152759055568e+03
1.9221116356176703e+03
1.9222463111644870e+03
1.9237343084430549e+03
1.9240957796555954e+03
1.9254422916357360e+03
1.9262628975457819e+03
1.9269650657246380e+03
1.9276040133656413e+03
1.9295618311597311e+03
1.9305522272902328e+03
1.9309436995442488e+03
1.9336171059004901e+03
1.9343047898420562e+03
1.9358492507939359e+03
1.9365248119259045e+03
1.9370663317527337e+03
1.9380188644489156e+03
1.9393324042158083e+03
1.9402634559140015e+03
1.9408143207019054e+03
1.9414182382016429e+03
1.9432771918645089e+03
1.9436927500331560e+03
1.9443077081379952e+03
1.9451730083508728e+03
1.9457202721474321e+03
1.9463270954548725e+03
1.9467385533670640e+03
1.9475031207188777e+03
1.9478190827982771e+03
1.9488085834101223e+03
1.9494164650439272e+03
1.9497218109399239e+03
1.9501182661764460e+03
1.9512327612618924e+03
1.9512921549983591e+03
1.9514691869782005e+03
1.9521974046100795e+03
1.9523369236858380e+03
1.9532030511465273e+03
1.9539675933952253e+03
1.9540975266100947e+03
1.9546721769422277e+03
1.9549593879617100e+03
1.9555721844292364e+03
1.9559523397557880e+03
1.9560883606339416e+03
1.9569564402319988e+03
1.9573356472449643e+03
1.9577922386354035e+03
1.9580773317405219e+03
1.9586237275530088e+03
1.9591322746661831e+03
1.9592607523029599e+03
1.9594366165449135e+03
1.9599437580831348e+03
1.9604889406243540e+03
1.9609307530065244e+03
1.9613032409126868e+03
1.9616653442922870e+03
1.9619183116016120e+03
1.9626314518545976e+03
1.9632187615613318e+03
1.9635514553968953e+03
1.9639142641966739e+03
1.9642497969416588e+03
1.9647512129090030e+03
1.9650890557358473e+03
1.9653651144743599e+03
1.9661165157499045e+03
1.9665801174158514e+03
1.9667327761732417e+03
1.9668853247606119e+03
1.9674348431884921e+03
1.9679406082670671e+03
1.9684396369003052e+03
1.9687789375581954e+03
1.9689471319373824e+03
1.9696617734669683e+03
1.9697293191833305e+03
1.9700558693638518e+03
1.9708505203538659e+03
1.9711764910343732e+03
1.9714434856761109e+03
1.9715996778406673e+03
1.9720647906703466e+03
1.9727516616188793e+03
1.9731199965661126e+03
1.9733929891870575e+03
1.9736687902333440e+03
1.9740032370228353e+03
1.9740165979609274e+03
1.9744859054909439e+03
1.9747655350315265e+03
1.9749085838240230e+03
1.9754123988954259e+03
1.9758866497851354e+03
1.9764364302672393e+03
1.9765680630475204e+03
1.9769332672547180e+03
1.9774218557256959e+03
1.9776053100358624e+03
1.9777626007590979e+03
1.9780879544465702e+03
1.9786428091557398e+03
1.9788816982647211e+03
1.9792168029353998e+03
1.9797455151398551e+03
1.9798295809256758e+03
1.9802172842705388e+03
1.9804840265172445e+03
1.9808548426288887e+03
1.9809791324485941e+03
1.9811459271993720e+03
1.9823278371569459e+03
1.9825648614934078e+03
1.9827819384176039e+03
1.9831305423967060e+03
1.9834238407346506e+03
1.9836078237791639e+03
1.9839651466310108e+03
1.9843865631714061e+03
1.9847438520023059e+03
1.9849975606585031e+03
1.9858592672278301e+03
1.9859952967027118e+03
1.9861962621823457e+03
1.9863846249657954e+03
1.9866887849649063e+03
1.9872000027573943e+03
1.9877538488399257e+03
1.9882208395605810e+03
1.9884062038980462e+03
1.9885220407815705e+03
1.9893252138713797e+03
1.9894415293962975e+03
1.9900005767564585e+03
1.9902304040114789e+03
1.9905248305097637e+03
1.9908570623729361e+03
1.9913568850011868e+03
1.9916695436183461e+03
1.9920494647730511e+03
1.9923270375125012e+03
1.9925235907095753e+03
1.9926212069414657e+03
1.9931194308525862e+03
1.9933897304118673e+03
1.9937201556643338e+03
1.9939685534674168e+03
1.9944342147057976e+03
1.9946025288147355e+03
1.9949533344527761e+03
1.9950955787473983e+03
1.9956910500443546e+03
1.9960755705857637e+03
1.9962141955302159e+03
1.9964131412287343e+03
1.9971011999182701e+03
1.9972164022196432e+03
1.9974396831742913e+03
1.9976478847103340e+03
1.9979040794325795e+03
1.9980182986603529e+03
1.9984545454648439e+03
1.9989569266103538e+03
1.9996544821399900e+03
2.0000047620322018e+03
2.0001499756483340e+03
2.0003701781922623e+03
2.0008607662058544e+03
2.0010815880949058e+03
2.0015612314976033e+03
2.0021261101397160e+03
2.0026265576522360e+03
2.0027315099665045e+03
2.0027527245242868e+03
2.0030620257480398e+03
2.0033610296651941e+03
2.0036303193837148e+03
2.0041330543369359e+03
2.0044335162301920e+03
2.0049602804905883e+03
2.0051847332128000e+03
2.0055184380519399e+03
2.0058981960588217e+03
2.0064671642751377e+03
2.0065657972742993e+03
2.0070791215954400e+03
2.0074014184192620e+03
2.0081056169769504e+03
2.0085257158897496e+03
2.0087576203806482e+03
2.0087828917839529e+03
2.0089009440328873e+03
2.0092826034420257e+03
2.0097254845290381e+03
2.0102198418327939e+03
2.0105119949657856e+03
2.0107904564992684e+03
2.0111947258877001e+03
2.0115085143367442e+03
2.0118068403743819e+03
2.0119798774448529e+03
2.0124813855494535e+03
2.0127237613252437e+03
2.0130506610815323e+03
2.0133381820751858e+03
2.0136031681598165e+03
2.0141721595018787e+03
2.0145677252831090e+03
2.0147910509822791e+03
2.0151670159455894e+03
2.0152867275462672e+03
2.0155891142225964e+03
2.0158374331217385e+03
2.0161238225913337e+03
2.0166578325036360e+03
2.0167693307459219e+03
2.0173608220900589e+03
2.0176513253856256e+03
2.0180602789648385e+03
2.0186283649411316e+03
2.0187847938571972e+03
2.0192325756735179e+03
2.0198586405488163e+03
2.0201588589528790e+03
2.0203238030999946e+03
2.0203981564289606e+03
2.0207085730048245e+03
2.0208996586021133e+03
2.0215931801198578e+03
2.0223329005539749e+03
2.0227101251373958e+03
2.0231489006722763e+03
2.0237392551750274e+03
2.0243377432797452e+03
2.0244299317742907e+03
2.0244959311844395e+03
2.0250166977993674e+03
2.0253344450149225e+03
2.0256516441942147e+03
2.0259331163359718e+03
2.0267065822419147e+03
2.0268388896849315e+03
2.0270074780525360e+03
2.0273651706678229e+03
2.0279866770452179e+03
2.0285839586010004e+03
2.0286996335109077e+03
2.0292573978143660e+03
2.0293924823742723e+03
2.0297479863013098e+03
2.0300679142877816e+03
2.0304571638013113e+03
2.0311870803680770e+03
2.0316212178555995e+03
2.0318096348790521e+03
2.0324070564998838e+03
2.0324794590774397e+03
2.0326843620324780e+03
2.0333298300959711e+03
2.0335495147939414e+03
2.0340588142419920e+03
2.0341835547674707e+03
2.0346910636588584e+03
2.0351996715198679e+03
2.0354694857394343e+03
2.0362242845378832e+03
2.0364598734848594e+03
2.0367111600978892e+03
2.0370850760762121e+03
2.0372946225065332e+03
2.0381036749652892e+03
2.0382135532089158e+03
2.0386322515282886e+03
2.0388833120714373e+03
2.0397241254399753e+03
2.0399658877012093e+03
2.0402686493549024e+03
2.0406650338872887e+03
2.0411595724235815e+03
2.0416908483597103e+03
2.0421858914261254e+03
2.0426900909805388e+03
2.0433470019986614e+03
2.0434833488190727e+03
2.0440043357140410e+03
2.0440652044931535e+03
2.0445264587981210e+03
2.0447637358741060e+03
2.0452459107706441e+03
2.0454225185547205e+03
2.0459910188034169e+03
2.0466689719914027e+03
2.0471151549936803e+03
2.0471966699814063e+03
2.0477987617869085e+03
2.0482806160175305e+03
2.0488639087295273e+03
2.0491648649943809e+03
2.0501039127399831e+03
2.0504471040651238e+03
2.0507344478528539e+03
2.0517498884626812e+03
2.0520770162449303e+03
2.0522528023547520e+03
2.0526637325436291e+03
2.0534258438243619e+03
2.0536232745367297e+03
2.0543546973344287e+03
2.0546801829929263e+03
2.0548307967452597e+03
2.0550607059336553e+03
2.0565354846254795e+03
2.0567033293673508e+03
2.0573667207728281e+03
2.0577077079436399e+03
2.0589440702940651e+03
2.0589713692276823e+03
2.0592021497307828e+03
2.0597402619361587e+03
2.0605874388194429e+03
2.0608807843267350e+03
2.0614190073285599e+03
2.0624028272236974e+03
2.0625109988742533e+03
2.0636024028948891e+03
2.0638607249393049e+03
2.0646328667078187e+03
2.0649499391532022e+03
2.0654912285420796e+03
2.0662670386062364e+03
2.0666028999071309e+03
2.0674847128122469e+03
2.0681646364738585e+03
2.0685885659352430e+03
2.0689528034396321e+03
2.0695480241435307e+03
2.0705534110485319e+03
2.0719984171059200e+03
2.0725171459893645e+03
2.0739529217567128e+03
2.0740581975241626e+03
2.0754569588512772e+03
2.0757209883887722e+03
2.0760282646693854e+03
2.0766854984188412e+03
2.0774110517764534e+03
2.0781311489385403e+03
2.0793054441053923e+03
2.0798829338367850e+03
2.0803838949473266e+03
2.0806828042532679e+03
2.0821037469974049e+03
2.0825299976166671e+03
2.0835724496068801e+03
2.0841367412982117e+03
2.0851210591445897e+03
2.0856091899376529e+03
2.0866323336470109e+03
2.0880376043046745e+03
2.0884334747903831e+03
2.0890004830467315e+03
2.0895674713894650e+03
2.0903202020420122e+03
2.0905129424508359e+03
2.0911305990783007e+03
2.0922041486986955e+03
2.0925170631175761e+03
2.0931685143731893e+03
2.0938272885273909e+03
2.0945346721682863e+03
2.0952821306539463e+03
2.0957532596548740e+03
2.0960127816879140e+03
2.0968573231485134e+03
2.0970946944157845e+03
2.0977780367161190e+03
2.0979955337656256e+03
2.0989003840874202e+03
2.0996558655332105e+03
2.0997638751777254e+03
2.1002283209671941e+03
2.1007629393627276e+03
2.1017903256176896e+03
2.1018317204092177e+03
2.1023579820981699e+03
2.1027415042071684e+03
2.1029836434976637e+03
2.1038928772774161e+03
2.1040882606204559e+03
2.1052430951931910e+03
2.1056549443882600e+03
2.1058617003248205e+03
2.1064409029097824e+03
2.1068841348950477e+03
2.1074993074459626e+03
2.1079282125586396e+03
2.1087874283304645e+03
2.1088749725215262e+03
2.1090218059053968e+03
2.1091933493498059e+03
2.1097086806412030e+03
2.1106004584125922e+03
2.1113157693671678e+03
2.1118304179476604e+03
2.1121665036464447e+03
2.1125487874115793e+03
2.1131025633281770e+03
2.1134148435733955e+03
2.1141912151014308e+03
2.1144513578181563e+03
2.1146955257897635e+03
2.1153468919762172e+03
2.1155777420911941e+03
2.1157238167232017e+03
2.1163101185607293e+03
2.1166724590637382e+03
2.1172604026090157e+03
2.1176736664861396e+03
2.1182771957944506e+03
2.1189608001721663e+03
2.1194743224746121e+03
2.1197606643746217e+03
2.1199522747183705e+03
2.1204598528462693e+03
2.1207721299838704e+03
2.1212866845193435e+03
2.1216857778717590e+03
2.1218614319170997e+03
2.1223539188224227e+03
2.1225835845798292e+03
2.1229389327618710e+03
2.1232423199444729e+03
2.1235081370652683e+03
2.1239392342954861e+03
2.1243138478285696e+03
2.1250535569960366e+03
2.1252414237430812e+03
2.1257482474368744e+03
2.1258773564668672e+03
2.1263567156454233e+03
2.1267466527645602e+03
2.1271877613873839e+03
2.1274520475610998e+03
2.1276997317780947e+03
2.1284237871157875e+03
2.1287023823777686e+03
2.1293428516425861e+03
2.1294616121700824e+03
2.1300578778911186e+03
2.1304595552271066e+03
2.1310499350178980e+03
2.1312595427625097e+03
2.1317121101045959e+03
2.1319075393573357e+03
2.1321860752670818e+03
2.1324924692986619e+03
2.1330375242869486e+03
2.1338120242998584e+03
2.1340799598781714e+03
2.1343543425855310e+03
2.1349439483562865e+03
2.1352417353617720e+03
2.1357234258270487e+03
2.1361543360784517e+03
2.1363149163865319e+03
2.1366724717962024e+03
2.1368299222488654e+03
2.1368773276700108e+03
2.1376013762386578e+03
2.1376983940248001e+03
2.1381300009364086e+03
2.1384598182604600e+03
2.1397735001655365e+03
2.1398083690578414e+03
2.1400917755404757e+03
2.1403456877055696e+03
2.1409285990606754e+03
2.1412082655032355e+03
2.1415754139254977e+03
2.1419871194350394e+03
2.1422614898538150e+03
2.1425296457630761e+03
2.1428578623060489e+03
2.1435862979927479e+03
2.1437570652244481e+03
2.1440711857100273e+03
2.1441843591118459e+03
2.1450545169065076e+03
2.1451642714630825e+03
2.1459895437582531e+03
2.1462202421368020e+03
2.1462815363618179e+03
2.1466481221213735e+03
2.1470510901190951e+03
2.1473139530327467e+03
2.1476491377922207e+03
2.1484348201499984e+03
2.1486630474763551e+03
2.1491686388161438e+03
2.1493918663165005e+03
2.1497929726429898e+03
2.1500444573689374e+03
2.1503093679580998e+03
2.1505423902458861e+03
2.1512038082475706e+03
2.1515308368696592e+03
2.1519038796364907e+03
2.1519930137811216e+03
2.1520458806916331e+03
2.1527831768174738e+03
2.1530013127747625e+03
2.1536043992051068e+03
2.1538873584472126e+03
2.1540649375023377e+03
2.1544640680061952e+03
2.1547395438555750e+03
2.1549724192508675e+03
2.1554046172880649e+03
2.1562793922216651e+03
2.1566456303587206e+03
2.1568712393736078e+03
2.1572643040093599e+03
2.1575858940141311e+03
2.1582945517181824e+03
2.1583954864870889e+03
2.1584608899586319e+03
2.1588872733045996e+03
2.1592384312021800e+03
2.1599295710011329e+03
2.1603455116846512e+03
2.1605877512427032e+03
2.1611752986980086e+03
2.1613109979065284e+03
2.1614570839369744e+03
2.1616573894827065e+03
2.1622557582336999e+03
2.1628513003668086e+03
2.1633536810116220e+03
2.1635207629808456e+03
2.1640874692232910e+03
2.1641318870139794e+03
2.1645370203203147e+03
2.1649492176899325e+03
2.1652554846114440e+03
2.1655414823729798e+03
2.1659755345108661e+03
2.1664954183490149e+03
2.1667338699561283e+03
2.1670935328729615e+03
2.1677581335259683e+03
2.1680614635132770e+03
2.1684025076739540e+03
2.1685700649823411e+03
2.1690053795905915e+03
2.1691993543305252e+03
2.1696795982104695e+03
2.1703667905001748e+03
2.1706016338876248e+03
2.1708374320719663e+03
2.1711651547414403e+03
2.1713761453792281e+03
2.1718556296722968e+03
2.1724215057174579e+03
2.1728232188676357e+03
2.1734814281542094e+03
2.1737748734768966e+03
2.1741801460704578e+03
2.1746969573718679e+03
2.1748175058055458e+03
2.1751270582902243e+03
2.1755088981399308e+03
2.1759304393852540e+03
2.1764985305327273e+03
2.1771323544088623e+03
2.1774065018272422e+03
2.1776490206881522e+03
2.1781281466708069e+03
2.1783103105978093e+03
2.1785466586528619e+03
2.1790224207475708e+03
2.1791484825718280e+03
2.1794422423709243e+03
2.1796874423773411e+03
2.1801832414556748e+03
2.1805953727697179e+03
2.1811866893494325e+03
2.1817405975280453e+03
2.1822124899214546e+03
2.1823700655646248e+03
2.1827767403996022e+03
2.1832666483590165e+03
2.1835756334268353e+03
2.1841638751374685e+03
2.1844305679925737e+03
2.1846214280557947e+03
2.1849277700974708e+03
2.1850231809176298e+03
2.1856998989442382e+03
2.1864136274578727e+03
2.1869030373495179e+03
2.1870936209738215e+03
2.1874585470855573e+03
2.1879331185541105e+03
2.1883312332944279e+03
2.1883779858056978e+03
2.1889940745584800e+03
2.1895493281523968e+03
2.1900870006548453e+03
2.1903886510030206e+03
2.1908784776731341e+03
2.1910233660576250e+03
2.1913806783840178e+03
2.1917023481212186e+03
2.1920044704014299e+03
2.1922904926577426e+03
2.1929372117974794e+03
2.1933729819757295e+03
2.1936320468897347e+03
2.1940316511870137e+03
2.1943251553774880e+03
2.1948163788008678e+03
2.1950463171760935e+03
2.1957271967921793e+03
2.1959131626259964e+03
2.1962254892434275e+03
2.1965982945231526e+03
2.1974892751125794e+03
2.1979565646595502e+03
2.1981467389230688e+03
2.1983175235770623e+03
2.1985973915016357e+03
2.1991936366864102e+03
2.1994464322525082e+03
2.2004970573716319e+03
2.2009474927078777e+03
2.2012931827158845e+03
2.2019303150236851e+03
2.2024685873019139e+03
2.2028504012135918e+03
2.2029139461878635e+03
2.2031971636849394e+03
2.2035627846706006e+03
2.2039557939110900e+03
2.2042984732165169e+03
2.2045898395085615e+03
2.2049104518634294e+03
2.2056336602864285e+03
2.2058866786403451e+03
2.2062623152388742e+03
2.2070655648249985e+03
2.2072038764671852e+03
2.2075260886046849e+03
2.2080324830133977e+03
2.2082093841975416e+03
2.2092705156789611e+03
2.2097292654712719e+03
2.2104757770299875e+03
2.2107127388008075e+03
2.2109844093531228e+03
2.2110870939180109e+03
2.2113992844653144e+03
2.2121507900535516e+03
2.2125214395913135e+03
2.2130668649174918e+03
2.2132147903061450e+03
2.2134776290935974e+03
2.2135761949114640e+03
2.2147536517611270e+03
2.2157263271954816e+03
2.2162734462199942e+03
2.2168131115253595e+03
2.2171506290536199e+03
2.2176280269611393e+03
2.2180794266495905e+03
2.2185592368995208e+03
2.2188657285788704e+03
2.2198081817051811e+03
2.2202961964657861e+03
2.2205905246381835e+03
2.2214856099433005e+03
2.2215199357397214e+03
2.2217805696176606e+03
2.2226248755410616e+03
2.2237679384693970e+03
2.2238835684460237e+03
2.2246183210748195e+03
2.2252642743949405e+03
2.2260105518109972e+03
2.2263497524963259e+03
2.2268818014313129e+03
2.2273688421515840e+03
2.2275558245852808e+03
2.2281737885019702e+03
2.2285440897350568e+03
2.2293172470203112e+03
2.2298243472974832e+03
2.2301359297214526e+03
2.2308713886041319e+03
2.2316978284395555e+03
2.2320432507052806e+03
2.2323849822072466e+03
2.2333932197914346e+03
2.2335746705963779e+03
2.2339283454594133e+03
2.2345455320919300e+03
2.2350534244711034e+03
2.2355896143747459e+03
2.2359632944688756e+03
2.2365831914808969e+03
2.2375555696869064e+03
2.2379478245337509e+03
2.2387033858819627e+03
2.2394674159607671e+03
2.2401550653684462e+03
2.2407525705557000e+03
2.2412919433329043e+03
2.2419650941272889e+03
2.2423115757995865e+03
2.2433721518405569e+03
2.2434258159413821e+03
2.2445826093506357e+03
2.2448911315689434e+03
2.2456521524646632e+03
2.2461156138182314e+03
2.2464383899975405e+03
2.2471050049856422e+03
2.2474744999472455e+03
2.2479941788271931e+03
2.2486279629455976e+03
2.2492005896654441e+03
2.2496847578684078e+03
2.2505401564138338e+03
2.2508192923979668e+03
2.2515765643498080e+03
2.2517497219670131e+03
2.2521450380745855e+03
2.2527710949125599e+03
2.2528846712228437e+03
2.2536690833426842e+03
2.2543525254301449e+03
2.2551043133933999e+03
2.2557018418635912e+03
2.2561417003608258e+03
2.2564994960252370e+03
2.2574334276054547e+03
2.2576979441865178e+03
2.2581289173516616e+03
2.2587506343349492e+03
2.2590899604289025e+03
2.2594942211324314e+03
2.2597692639774341e+03
2.2603477286196344e+03
2.2609103263562770e+03
2.2620850464009327e+03
2.2626031614145595e+03
2.2631332371119056e+03
2.2634474970512861e+03
2.2642961502000444e+03
2.2644777989592108e+03
2.2654177545235962e+03
2.2656220592146528e+03
2.2661542896103492e+03
2.2663247865736475e+03
2.2665416039609922e+03
2.2675539521633959e+03
2.2677604582562276e+03
2.2683904239704875e+03
2.2691277251304755e+03
2.2695306673958930e+03
2.2699764398479583e+03
2.2704837432082609e+03
2.2708602925423156e+03
2.2710694423256491e+03
2.2715619904431592e+03
2.2725124533118487e+03
2.2733518485857344e+03
2.2736713552986030e+03
2.2740144217318857e+03
2.2742723807158477e+03
2.2746466328969236e+03
2.2749797848082662e+03
2.2756868833460840e+03
2.2763988749476330e+03
2.2764876542315001e+03
2.2775809928012986e+03
2.2776802042411241e+03
2.2784636960989137e+03
2.2787475914063325e+03
2.2791832533516008e+03
2.2795378970797942e+03
2.2796986126750062e+03
2.2799270905140766e+03
2.2808298385007070e+03
2.2813395575994687e+03
2.2818675854342191e+03
2.2821850325085247e+03
2.2824315305516816e+03
2.2829811911136712e+03
2.2833660132185555e+03
2.2839275451496837e+03
2.2840242106037040e+03
2.2843485172259561e+03
2.2848854403342971e+03
2.2853478603872295e+03
2.2856544849184884e+03
2.2861320888843570e+03
2.2865068152928125e+03
2.2871281011113610e+03
2.2875219225244932e+03
2.2881929684579341e+03
2.2883646070975738e+03
2.2889263443540717e+03
2.2893154038138173e+03
2.2897999744156582e+03
2.2902323210416939e+03
2.2904956739445010e+03
2.2912990187852793e+03
2.2915676918281588e+03
2.2922107933281472e+03
2.2922505718439711e+03
2.2926298492109436e+03
2.2934290029014619e+03
2.2937909711983757e+03
2.2944035099135408e+03
2.2948359901387089e+03
2.2950714505841925e+03
2.2954698341287262e+03
2.2957639290541151e+03
2.2962195882428896e+03
2.2966080551406135e+03
2.2968522413770747e+03
2.2974725413270899e+03
2.2978208688104105e+03
2.2981689508897148e+03
2.2987860471532804e+03
2.2993607445092689e+03
2.2995828952651291e+03
2.2999698000116382e+03
2.3005084799111673e+03
2.3008520071369339e+03
2.3010757015756758e+03
2.3014823162996909e+03
2.3021712638339818e+03
2.3025106252675309e+03
2.3029825359015081e+03
2.3035330811301201e+03
2.3040308605738724e+03
2.3042888423498971e+03
2.3044238437321919e+03
2.3047767067773993e+03
2.3055284177918966e+03
2.3056442479547354e+03
2.3061653397352020e+03
2.3065271239964477e+03
2.3069860628973779e+03
2.3072144482766289e+03
2.3078127564839147e+03
2.3081913219221033e+03
2.3088305062580180e+03
2.3095547628083045e+03
2.3098077148951784e+03
2.3100370778210954e+03
2.3104634562812853e+03
2.3107650939284495e+03
2.3114737452793497e+03
2.3119967548737750e+03
2.3123731966276973e+03
2.3128973739684384e+03
2.3130666450630920e+03
2.3136243726858961e+03
2.3139380387857891e+03
2.3142254617186732e+03
2.3145251705155288e+03
2.3152490845027755e+03
2.3152681201770251e+03
2.3157383453693506e+03
2.3158698597320672e+03
2.3168255178702025e+03
2.3170906034985314e+03
2.3176127524764474e+03
2.3176702886942476e+03
2.3183088816373543e+03
2.3185144965039535e+03
2.3190392970149360e+03
2.3193241050590509e+03
2.3200216929717585e+03
2.3202077365114246e+03
2.3203846204070560e+03
2.3212676800231097e+03
2.3213929960799042e+03
2.3216624138036454e+03
2.3222155681483628e+03
2.3224849508026646e+03
2.3233979039055585e+03
2.3235032479793372e+03
2.3237481658080869e+03
2.3241967474352673e+03
2.3246512240643683e+03
2.3251146959529315e+03
2.3253778895845271e+03
2.3259617334399718e+03
2.3261521932646733e+03
2.3264884070278836e+03
2.3270550741013408e+03
2.3275180372111190e+03
2.3276955218276953e+03
2.3286485017390696e+03
2.3289163833343359e+03
2.3292633777546425e+03
2.3300848539406447e+03
2.3301767854919267e+03
2.3306685760404343e+03
2.3308505157450068e+03
2.3317164004307015e+03
2.3319002636339433e+03
2.3320020170134012e+03
2.3326147085989742e+03
2.3326634301026493e+03
2.3332426412529003e+03
2.3335866125095281e+03
2.3338086257030031e+03
2.3341310972357437e+03
2.3347691974623585e+03
2.3352769464548010e+03
2.3355306993355462e+03
2.3359002088627890e+03
2.3365732119644763e+03
2.3368045632545172e+03
2.3373976845707143e+03
2.3376504481318657e+03
2.3383666133391935e+03
2.3388476808933060e+03
2.3392955900008765e+03
2.3393753886676013e+03
2.3398496278585258e+03
2.3404614362006023e+03
2.3409170022405665e+03
2.3412854023732189e+03
2.3416262697478651e+03
2.3417937067713897e+03
2.3424739489304452e+03
2.3427218686539750e+03
2.3430075320654933e+03
2.3432587829438908e+03
2.3436363454212883e+03
2.3442199194639397e+03
2.3444817315804175e+03
2.3447801548088837e+03
2.3451974876771069e+03
2.3454677092295515e+03
2.3456592052819769e+03
2.3461091248774651e+03
2.3468263585079276e+03
2.3472316254641992e+03
2.3475618642821214e+03
2.3479530424347208e+03
2.3481429627898187e+03
2.3492430818923367e+03
2.3496141243485304e+03
2.3499253178415797e+03
2.3503443021088256e+03
2.3506919850771224e+03
2.3508961297632973e+03
2.3515224204261367e+03
2.3520917711950060e+03
2.3524624923338915e+03
2.3528378482995331e+03
2.3531389138179043e+03
2.3536839214488687e+03
2.3540366175154504e+03
2.3544281334353532e+03
2.3551006299485116e+03
2.3559141469614665e+03
2.3567717133458450e+03
2.3569549679715979e+03
2.3570545028660999e+03
2.3576729966033231e+03
2.3580436368321280e+03
2.3581909986947762e+03
2.3585858017398223e+03
2.3587257635025830e+03
2.3592946735448136e+03
2.3600843898656644e+03
2.3602767405722811e+03
2.3608805539321747e+03
2.3609885903316822e+03
2.3612171650113037e+03
2.3620034185673467e+03
2.3621998544245912e+03
2.3627867682067149e+03
2.3631270856561364e+03
2.3633880675690598e+03
2.3638415990164526e+03
2.3642346830349893e+03
2.3646646365750335e+03
2.3653250191170187e+03
2.3655701808868275e+03
2.3658602652763911e+03
2.3664420748764087e+03
2.3674427146383073e+03
2.3677835412963018e+03
2.3682848868025035e+03
2.3683251816732031e+03
2.3687771748830919e+03
2.3688938053770844e+03
2.3692507478033372e+03
2.3699768719298486e+03
2.3701883249599746e+03
2.3705949758764109e+03
2.3713514217400025e+03
2.3717463955526955e+03
2.3720010607766153e+03
2.3725711978107406e+03
2.3729404310315022e+03
2.3733162799607740e+03
2.3735229263718079e+03
2.3745023789136908e+03
2.3746105497113303e+03
2.3751675546131319e+03
2.3754800812826666e+03
2.3756349037001851e+03
2.3761366684737318e+03
2.3764291787518869e+03
2.3774058811674745e+03
2.3775828208231515e+03
2.3781238075487413e+03
2.3790227672565584e+03
2.3791307003976890e+03
2.3795439770963335e+03
2.3801952629123425e+03
2.3807081943396547e+03
2.3809696453257970e+03
2.3810984692910069e+03
2.3815211488073796e+03
2.3817874465749592e+03
2.3822960460414456e+03
2.3829925203453208e+03
2.3832759782463309e+03
2.3836983343263773e+03
2.3838968521102061e+03
2.3846543045925728e+03
2.3847840366663581e+03
2.3852876309982371e+03
2.3862005457225850e+03
2.3868405210202523e+03
2.3870013666083855e+03
2.3875614615715563e+03
2.3877132859573667e+03
2.3885065712512524e+03
2.3890703414768395e+03
2.3897787508528036e+03
2.3900678600397405e+03
2.3906214535389340e+03
2.3911501841075005e+03
2.3912893140720103e+03
2.3916603187439432e+03
2.3922463616108485e+03
2.3928106510294433e+03
2.3928837829470908e+03
2.3938869459475709e+03
2.3942987854626044e+03
2.3945195178808062e+03
2.3946219250068075e+03
2.3955976342776407e+03
2.3958353031205279e+03
2.3965683825097030e+03
2.3968506099657102e+03
2.3972175743089515e+03
2.3976449269460395e+03
2.3977368636961251e+03
2.3986853491837023e+03
2.3987426274512814e+03
2.3988849127439166e+03
2.3995492874688648e+03
2.4003201362731720e+03
2.4007567973800024e+03
2.4015585349405033e+03
2.4021421963592306e+03
2.4028903678305305e+03
2.4031329494857523e+03
2.4038342869472158e+03
2.4042037333549788e+03
2.4044759709657005e+03
2.4047129390771834e+03
2.4050008345399656e+03
2.4057959075427066e+03
2.4062621722509029e+03
2.4067077033509217e+03
2.4077148820119855e+03
2.4079301371659017e+03
2.4088779453595280e+03
2.4094127039977125e+03
2.4098975875286046e+03
2.4101362566997605e+03
2.4107230344874156e+03
2.4107551607608630e+03
2.4112579619899470e+03
2.4122186281783502e+03
2.4130168646836432e+03
2.4132514831566800e+03
2.4137180970501872e+03
2.4140822013639149e+03
2.4147038886035448e+03
2.4150969035706439e+03
2.4154035403440453e+03
2.4159092758174879e+03
2.4165238852249136e+03
2.4172160497506220e+03
2.4173669129089831e+03
2.4176663956817870e+03
2.4182377180690160e+03
2.4186506260242227e+03
2.4189852767267289e+03
2.4197526623513168e+03
2.4200901600802849e+03
2.4207338869116443e+03
2.4212838539193740e+03
2.4217625033503837e+03
2.4224735341471232e+03
2.4229840419467782e+03
2.4233597061975129e+03
2.4237361034245428e+03
2.4242926693102631e+03
2.4245025391286213e+03
2.4247671734737569e+03
2.4253112812325003e+03
2.4257028838124274e+03
2.4264914458927210e+03
2.4266790868191906e+03
2.4276625213391567e+03
2.4281906226164197e+03
2.4286213410675491e+03
2.4289030240779016e+03
2.4293554418811177e+03
2.4294664615508773e+03
2.4296957702252848e+03
2.4310725827721426e+03
2.4313391121541958e+03
2.4316114327420269e+03
2.4320384050043795e+03
2.4325306278070120e+03
2.4328343171886308e+03
2.4335048474059290e+03
2.4338634183987228e+03
2.4344237579520686e+03
2.4351688065773087e+03
2.4354288614463035e+03
2.4361277962609315e+03
2.4361819559206965e+03
2.4370671627930369e+03
2.4375888316336791e+03
2.4380271921397507e+03
2.4387068321860684e+03
2.4389037635550571e+03
2.4397843835946451e+03
2.4400037372771276e+03
2.4408029977953092e+03
2.4410309770390977e+03
2.4412969795038675e+03
2.4415507253696833e+03
2.4422959642967089e+03
2.4427473097478282e+03
2.4431219047706827e+03
2.4440902754450967e+03
2.4444271832325744e+03
2.4449444803872816e+03
2.4450781290814962e+03
2.4455534661996248e+03
2.4458918204120400e+03
2.4469230639581283e+03
2.4473296408662163e+03
2.4474440167833036e+03
2.4483602777407900e+03
2.4487221833184362e+03
2.4490727993498649e+03
2.4495464476246402e+03
2.4500878485130811e+03
2.4502749765381996e+03
2.4509219704650914e+03
2.4513562580302510e+03
2.4517259560755806e+03
2.4520604198046453e+03
2.4527448428507309e+03
2.4532537555887793e+03
2.4540066570595750e+03
2.4545035754840833e+03
2.4547381992121800e+03
2.4551566159309459e+03
2.4557021125689480e+03
2.4558145156716578e+03
2.4560282363163928e+03
2.4568245059280857e+03
2.4574691829880185e+03
2.4577003789684773e+03
