k,lambda_true,lambda_num,method,delta,abs_delta,rel_err,abs_rel_err
1,9.869604401089347,9.884878240529629,loaded:unit_ball_P2_h008_N5000_slepc_eigs.txt,0.015273839440281378,0.015273839440281378,0.0015475634908523328,0.0015475634908523328
2,20.190728556426624,20.2224282924869,loaded:unit_ball_P2_h008_N5000_slepc_eigs.txt,0.03169973606027554,0.03169973606027554,0.0015700144733106051,0.0015700144733106051
3,20.190728556426624,20.222480469643102,loaded:unit_ball_P2_h008_N5000_slepc_eigs.txt,0.0317519132164783,0.0317519132164783,0.0015725986869538594,0.0015725986869538594
4,20.190728556426624,20.22274371300628,loaded:unit_ball_P2_h008_N5000_slepc_eigs.txt,0.032015156579657145,0.032015156579657145,0.0015856365207518406,0.0015856365207518406
5,33.21746191426835,33.27145548375727,loaded:unit_ball_P2_h008_N5000_slepc_eigs.txt,0.053993569488923754,0.053993569488923754,0.0016254574063568404,0.0016254574063568404
6,33.21746191426835,33.271588272920056,loaded:unit_ball_P2_h008_N5000_slepc_eigs.txt,0.05412635865170756,0.05412635865170756,0.0016294549773671278,0.0016294549773671278
7,33.21746191426835,33.2717045369839,loaded:unit_ball_P2_h008_N5000_slepc_eigs.txt,0.054242622715548805,0.054242622715548805,0.0016329550660897794,0.0016329550660897794
8,33.21746191426835,33.27204722299453,loaded:unit_ball_P2_h008_N5000_slepc_eigs.txt,0.054585308726181836,0.054585308726181836,0.0016432715078310985,0.0016432715078310985
9,33.21746191426835,33.272281829943914,loaded:unit_ball_P2_h008_N5000_slepc_eigs.txt,0.05481991567556577,0.05481991567556577,0.00165033426747208,0.00165033426747208
10,39.47841760435743,39.54519404558026,loaded:unit_ball_P2_h008_N5000_slepc_eigs.txt,0.066776441222828,0.066776441222828,0.0016914670160299826,0.0016914670160299826
11,48.831193643619166,48.91569935681926,loaded:unit_ball_P2_h008_N5000_slepc_eigs.txt,0.08450571320009459,0.08450571320009459,0.001730568247355081,0.001730568247355081
12,48.831193643619166,48.91592588765221,loaded:unit_ball_P2_h008_N5000_slepc_eigs.txt,0.08473224403304158,0.08473224403304158,0.0017352073072683049,0.0017352073072683049
13,48.831193643619166,48.916043526265184,loaded:unit_ball_P2_h008_N5000_slepc_eigs.txt,0.08484988264601867,0.08484988264601867,0.0017376163946609998,0.0017376163946609998
14,48.831193643619166,48.91629380909738,loaded:unit_ball_P2_h008_N5000_slepc_eigs.txt,0.08510016547821664,0.08510016547821664,0.0017427418649500243,0.0017427418649500243
15,48.831193643619166,48.91669613265489,loaded:unit_ball_P2_h008_N5000_slepc_eigs.txt,0.08550248903572566,0.08550248903572566,0.0017509809336167719,0.0017509809336167719
16,48.831193643619166,48.916955608597384,loaded:unit_ball_P2_h008_N5000_slepc_eigs.txt,0.08576196497821797,0.08576196497821797,0.0017562946669730773,0.0017562946669730773
17,48.831193643619166,48.91720077211204,loaded:unit_ball_P2_h008_N5000_slepc_eigs.txt,0.08600712849287362,0.08600712849287362,0.0017613153002274046,0.0017613153002274046
18,59.67951594410941,59.79084767360896,loaded:unit_ball_P2_h008_N5000_slepc_eigs.txt,0.11133172949954684,0.11133172949954684,0.0018654931719588735,0.0018654931719588735
19,59.67951594410941,59.79144322330572,loaded:unit_ball_P2_h008_N5000_slepc_eigs.txt,0.1119272791963084,0.1119272791963084,0.00187547230277688,0.00187547230277688
20,59.67951594410941,59.792209942603,loaded:unit_ball_P2_h008_N5000_slepc_eigs.txt,0.11269399849359019,0.11269399849359019,0.0018883195801911242,0.0018883195801911242
21,66.95431192510478,67.08153889793772,loaded:unit_ball_P2_h008_N5000_slepc_eigs.txt,0.12722697283294337,0.12722697283294337,0.001900205814604737,0.001900205814604737
22,66.95431192510478,67.08177993793296,loaded:unit_ball_P2_h008_N5000_slepc_eigs.txt,0.12746801282818865,0.12746801282818865,0.0019038058814012549,0.0019038058814012549
23,66.95431192510478,67.08231422109142,loaded:unit_ball_P2_h008_N5000_slepc_eigs.txt,0.12800229598664714,0.12800229598664714,0.0019117856984301588,0.0019117856984301588
24,66.95431192510478,67.0824810881912,loaded:unit_ball_P2_h008_N5000_slepc_eigs.txt,0.1281691630864259,0.1281691630864259,0.001914277951654498,0.001914277951654498
25,66.95431192510478,67.0828291862992,loaded:unit_ball_P2_h008_N5000_slepc_eigs.txt,0.12851726119441764,0.12851726119441764,0.0019194769910887487,0.0019194769910887487
26,66.95431192510478,67.08307100194335,loaded:unit_ball_P2_h008_N5000_slepc_eigs.txt,0.1287590768385769,0.1287590768385769,0.0019230886426345037,0.0019230886426345037
27,66.95431192510478,67.08355001332043,loaded:unit_ball_P2_h008_N5000_slepc_eigs.txt,0.12923808821565785,0.12923808821565785,0.0019302429447743982,0.0019302429447743982
28,66.95431192510478,67.08361185783265,loaded:unit_ball_P2_h008_N5000_slepc_eigs.txt,0.129299932727875,0.129299932727875,0.0019311666270651867,0.0019311666270651867
29,66.95431192510478,67.08437105512073,loaded:unit_ball_P2_h008_N5000_slepc_eigs.txt,0.13005913001595104,0.13005913001595104,0.001942505662091419,0.001942505662091419
30,82.71923110149302,82.89728599553308,loaded:unit_ball_P2_h008_N5000_slepc_eigs.txt,0.17805489404005925,0.17805489404005925,0.002152521144951086,0.002152521144951086
31,82.71923110149302,82.8974429862635,loaded:unit_ball_P2_h008_N5000_slepc_eigs.txt,0.17821188477047656,0.17821188477047656,0.0021544190195846727,0.0021544190195846727
32,82.71923110149302,82.89832119769478,loaded:unit_ball_P2_h008_N5000_slepc_eigs.txt,0.17909009620176164,0.17909009620176164,0.0021650357941797793,0.0021650357941797793
33,82.71923110149302,82.89872506976269,loaded:unit_ball_P2_h008_N5000_slepc_eigs.txt,0.1794939682696679,0.1794939682696679,0.0021699182388365814,0.0021699182388365814
34,82.71923110149302,82.90058002746463,loaded:unit_ball_P2_h008_N5000_slepc_eigs.txt,0.181348925971605,0.181348925971605,0.0021923429842946375,0.0021923429842946375
35,87.53122025713421,87.71929806835416,loaded:unit_ball_P2_h008_N5000_slepc_eigs.txt,0.18807781121995504,0.18807781121995504,0.0021486940393090864,0.0021486940393090864
36,87.53122025713421,87.72043539064308,loaded:unit_ball_P2_h008_N5000_slepc_eigs.txt,0.18921513350886698,0.18921513350886698,0.002161687372265841,0.002161687372265841
37,87.53122025713421,87.72099986077507,loaded:unit_ball_P2_h008_N5000_slepc_eigs.txt,0.18977960364085789,0.18977960364085789,0.0021681361585426996,0.0021681361585426996
38,87.53122025713421,87.72122686113855,loaded:unit_ball_P2_h008_N5000_slepc_eigs.txt,0.19000660400433844,0.19000660400433844,0.002170729523090957,0.002170729523090957
39,87.53122025713421,87.72137404988175,loaded:unit_ball_P2_h008_N5000_slepc_eigs.txt,0.1901537927475374,0.1901537927475374,0.00217241108017158,0.00217241108017158
40,87.53122025713421,87.72167930690013,loaded:unit_ball_P2_h008_N5000_slepc_eigs.txt,0.19045904976591999,0.19045904976591999,0.0021758984874930575,0.0021758984874930575
41,87.53122025713421,87.72238024971894,loaded:unit_ball_P2_h008_N5000_slepc_eigs.txt,0.19115999258472982,0.19115999258472982,0.0021839064053165574,0.0021839064053165574
42,87.53122025713421,87.72289432956686,loaded:unit_ball_P2_h008_N5000_slepc_eigs.txt,0.19167407243264734,0.19167407243264734,0.0021897795080381617,0.0021897795080381617
43,87.53122025713421,87.72320708602267,loaded:unit_ball_P2_h008_N5000_slepc_eigs.txt,0.19198682888846008,0.19198682888846008,0.0021933525926460763,0.0021933525926460763
44,87.53122025713421,87.72352940890765,loaded:unit_ball_P2_h008_N5000_slepc_eigs.txt,0.19230915177344343,0.19230915177344343,0.0021970349688775113,0.0021970349688775113
45,87.53122025713421,87.72458094047826,loaded:unit_ball_P2_h008_N5000_slepc_eigs.txt,0.19336068334405354,0.19336068334405354,0.0022090481861903864,0.0022090481861903864
46,88.82643960980423,89.0285919944131,loaded:unit_ball_P2_h008_N5000_slepc_eigs.txt,0.20215238460887974,0.20215238460887974,0.0022758132094103114,0.0022758132094103114
47,108.51635883015048,108.79478379979578,loaded:unit_ball_P2_h008_N5000_slepc_eigs.txt,0.2784249696453003,0.2784249696453003,0.002565741908840586,0.002565741908840586
48,108.51635883015048,108.79524007607661,loaded:unit_ball_P2_h008_N5000_slepc_eigs.txt,0.2788812459261294,0.2788812459261294,0.0025699465862343723,0.0025699465862343723
49,108.51635883015048,108.79588598213226,loaded:unit_ball_P2_h008_N5000_slepc_eigs.txt,0.2795271519817817,0.2795271519817817,0.002575898740016672,0.002575898740016672
50,108.51635883015048,108.79675646624582,loaded:unit_ball_P2_h008_N5000_slepc_eigs.txt,0.2803976360953442,0.2803976360953442,0.002583920425621927,0.002583920425621927
51,108.51635883015048,108.79854083005374,loaded:unit_ball_P2_h008_N5000_slepc_eigs.txt,0.28218199990325843,0.28218199990325843,0.002600363695808564,0.002600363695808564
52,108.51635883015048,108.79938764295453,loaded:unit_ball_P2_h008_N5000_slepc_eigs.txt,0.2830288128040479,0.2830288128040479,0.0026081672464429427,0.0026081672464429427
53,108.51635883015048,108.79968432503806,loaded:unit_ball_P2_h008_N5000_slepc_eigs.txt,0.28332549488757763,0.28332549488757763,0.0026109012313160814,0.0026109012313160814
54,110.51970831767494,110.79692413225403,loaded:unit_ball_P2_h008_N5000_slepc_eigs.txt,0.27721581457909394,0.27721581457909394,0.0025082930347795716,0.0025082930347795716
55,110.51970831767494,110.79723999602942,loaded:unit_ball_P2_h008_N5000_slepc_eigs.txt,0.2775316783544781,0.2775316783544781,0.0025111510207459866,0.0025111510207459866
56,110.51970831767494,110.79836101970758,loaded:unit_ball_P2_h008_N5000_slepc_eigs.txt,0.2786527020326446,0.2786527020326446,0.002521294222309134,0.002521294222309134
57,110.51970831767494,110.79902817179236,loaded:unit_ball_P2_h008_N5000_slepc_eigs.txt,0.2793198541174178,0.2793198541174178,0.002527330721092279,0.002527330721092279
58,110.51970831767494,110.79976800376036,loaded:unit_ball_P2_h008_N5000_slepc_eigs.txt,0.28005968608542275,0.28005968608542275,0.0025340248390850486,0.0025340248390850486
59,110.51970831767494,110.80030674896456,loaded:unit_ball_P2_h008_N5000_slepc_eigs.txt,0.2805984312896186,0.2805984312896186,0.0025388994918722897,0.0025388994918722897
60,110.51970831767494,110.80058614170886,loaded:unit_ball_P2_h008_N5000_slepc_eigs.txt,0.28087782403392225,0.28087782403392225,0.002541427482115447,0.002541427482115447
61,110.51970831767494,110.80108458642906,loaded:unit_ball_P2_h008_N5000_slepc_eigs.txt,0.2813762687541157,0.2813762687541157,0.0025459374896768198,0.0025459374896768198
62,110.51970831767494,110.80173439101311,loaded:unit_ball_P2_h008_N5000_slepc_eigs.txt,0.282026073338173,0.282026073338173,0.002551817025498517,0.002551817025498517
63,110.51970831767494,110.8033519966612,loaded:unit_ball_P2_h008_N5000_slepc_eigs.txt,0.28364367898626597,0.28364367898626597,0.00256645338016065,0.00256645338016065
64,110.51970831767494,110.8036527010641,loaded:unit_ball_P2_h008_N5000_slepc_eigs.txt,0.28394438338915506,0.28394438338915506,0.00256917420169978,0.00256917420169978
65,110.51970831767494,110.80448655715377,loaded:unit_ball_P2_h008_N5000_slepc_eigs.txt,0.2847782394788254,0.2847782394788254,0.0025767190649858243,0.0025767190649858243
66,110.51970831767494,110.80505151151002,loaded:unit_ball_P2_h008_N5000_slepc_eigs.txt,0.2853431938350752,0.2853431938350752,0.002581830862373363,0.002581830862373363
67,118.89986916362645,119.2327434877354,loaded:unit_ball_P2_h008_N5000_slepc_eigs.txt,0.3328743241089569,0.3328743241089569,0.0027996189268372127,0.0027996189268372127
68,118.89986916362645,119.23592457538837,loaded:unit_ball_P2_h008_N5000_slepc_eigs.txt,0.3360554117619188,0.3360554117619188,0.0028263732679087252,0.0028263732679087252
69,118.89986916362645,119.23872612277263,loaded:unit_ball_P2_h008_N5000_slepc_eigs.txt,0.3388569591461845,0.3388569591461845,0.002849935509011029,0.002849935509011029
70,135.88639953736077,136.29197979000188,loaded:unit_ball_P2_h008_N5000_slepc_eigs.txt,0.4055802526411014,0.4055802526411014,0.0029847008532269685,0.0029847008532269685
71,135.88639953736077,136.29384910144515,loaded:unit_ball_P2_h008_N5000_slepc_eigs.txt,0.4074495640843736,0.4074495640843736,0.0029984572810198636,0.0029984572810198636
72,135.88639953736077,136.29461565865384,loaded:unit_ball_P2_h008_N5000_slepc_eigs.txt,0.4082161212930657,0.4082161212930657,0.0030040984431324953,0.0030040984431324953
73,135.88639953736077,136.29515038295665,loaded:unit_ball_P2_h008_N5000_slepc_eigs.txt,0.4087508455958755,0.4087508455958755,0.0030080335264420117,0.0030080335264420117
74,135.88639953736077,136.29551161665808,loaded:unit_ball_P2_h008_N5000_slepc_eigs.txt,0.40911207929730153,0.40911207929730153,0.0030106918771132776,0.0030106918771132776
75,135.88639953736077,136.29655744933777,loaded:unit_ball_P2_h008_N5000_slepc_eigs.txt,0.41015791197699514,0.41015791197699514,0.0030183882520503887,0.0030183882520503887
76,135.88639953736077,136.29812061662486,loaded:unit_ball_P2_h008_N5000_slepc_eigs.txt,0.4117210792640833,0.4117210792640833,0.003029891737994605,0.003029891737994605
77,135.88639953736077,136.29874406691522,loaded:unit_ball_P2_h008_N5000_slepc_eigs.txt,0.41234452955444567,0.41234452955444567,0.0030344797636725606,0.0030344797636725606
78,135.88639953736077,136.2999150514257,loaded:unit_ball_P2_h008_N5000_slepc_eigs.txt,0.41351551406492604,0.41351551406492604,0.0030430971419713976,0.0030430971419713976
79,135.88639953736077,136.3006023658537,loaded:unit_ball_P2_h008_N5000_slepc_eigs.txt,0.41420282849293244,0.41420282849293244,0.003048155149471386,0.003048155149471386
80,135.88639953736077,136.30168450727936,loaded:unit_ball_P2_h008_N5000_slepc_eigs.txt,0.4152849699185879,0.4152849699185879,0.003056118723672629,0.003056118723672629
81,135.88639953736077,136.3029096382796,loaded:unit_ball_P2_h008_N5000_slepc_eigs.txt,0.4165101009188277,0.4165101009188277,0.0030651345707655743,0.0030651345707655743
82,135.88639953736077,136.30404735551053,loaded:unit_ball_P2_h008_N5000_slepc_eigs.txt,0.41764781814976004,0.41764781814976004,0.003073507132219891,0.003073507132219891
83,135.88639953736077,136.3056697008317,loaded:unit_ball_P2_h008_N5000_slepc_eigs.txt,0.4192701634709124,0.4192701634709124,0.00308544611453656,0.00308544611453656
84,135.88639953736077,136.30618756895282,loaded:unit_ball_P2_h008_N5000_slepc_eigs.txt,0.4197880315920486,0.4197880315920486,0.003089257151718348,0.003089257151718348
85,137.00485149711312,137.43015431971,loaded:unit_ball_P2_h008_N5000_slepc_eigs.txt,0.42530282259687624,0.42530282259687624,0.0031042902346114214,0.0031042902346114214
86,137.00485149711312,137.43500071079032,loaded:unit_ball_P2_h008_N5000_slepc_eigs.txt,0.43014921367719694,0.43014921367719694,0.0031396640993130143,0.0031396640993130143
87,137.00485149711312,137.43627524461942,loaded:unit_ball_P2_h008_N5000_slepc_eigs.txt,0.43142374750630097,0.43142374750630097,0.0031489669365131327,0.0031489669365131327
88,137.00485149711312,137.43764994019318,loaded:unit_ball_P2_h008_N5000_slepc_eigs.txt,0.43279844308005977,0.43279844308005977,0.003159000855449118,0.003159000855449118
89,137.00485149711312,137.4385942405879,loaded:unit_ball_P2_h008_N5000_slepc_eigs.txt,0.4337427434747667,0.4337427434747667,0.0031658933149816687,0.0031658933149816687
90,137.00485149711312,137.4396475820574,loaded:unit_ball_P2_h008_N5000_slepc_eigs.txt,0.43479608494428135,0.43479608494428135,0.0031735816665838515,0.0031735816665838515
91,137.00485149711312,137.44068423731733,loaded:unit_ball_P2_h008_N5000_slepc_eigs.txt,0.43583274020420504,0.43583274020420504,0.0031811482253487106,0.0031811482253487106
92,137.00485149711312,137.44394602389423,loaded:unit_ball_P2_h008_N5000_slepc_eigs.txt,0.43909452678110483,0.43909452678110483,0.0032049560434022815,0.0032049560434022815
93,137.00485149711312,137.4443016573182,loaded:unit_ball_P2_h008_N5000_slepc_eigs.txt,0.43945016020506955,0.43945016020506955,0.0032075518158882817,0.0032075518158882817
94,151.85487416406846,152.38920871581354,loaded:unit_ball_P2_h008_N5000_slepc_eigs.txt,0.5343345517450757,0.5343345517450757,0.003518718478326649,0.003518718478326649
95,151.85487416406846,152.39186167781202,loaded:unit_ball_P2_h008_N5000_slepc_eigs.txt,0.5369875137435542,0.5369875137435542,0.0035361888559690036,0.0035361888559690036
96,151.85487416406846,152.3955809023033,loaded:unit_ball_P2_h008_N5000_slepc_eigs.txt,0.5407067382348316,0.5407067382348316,0.003560680822471567,0.003560680822471567
97,151.85487416406846,152.3991337080682,loaded:unit_ball_P2_h008_N5000_slepc_eigs.txt,0.5442595439997433,0.5442595439997433,0.003584076882587972,0.003584076882587972
98,151.85487416406846,152.40688587907604,loaded:unit_ball_P2_h008_N5000_slepc_eigs.txt,0.5520117150075805,0.5520117150075805,0.003635126748787601,0.003635126748787601
99,157.91367041742973,158.50326605077933,loaded:unit_ball_P2_h008_N5000_slepc_eigs.txt,0.5895956333496031,0.5895956333496031,0.003733657965083474,0.003733657965083474
100,163.60409680331102,164.19479832173488,loaded:unit_ball_P2_h008_N5000_slepc_eigs.txt,0.590701518423856,0.590701518423856,0.003610554564131803,0.003610554564131803
101,163.60409680331102,164.19589152624192,loaded:unit_ball_P2_h008_N5000_slepc_eigs.txt,0.5917947229308993,0.5917947229308993,0.003617236575942043,0.003617236575942043
102,163.60409680331102,164.1973295199972,loaded:unit_ball_P2_h008_N5000_slepc_eigs.txt,0.5932327166861739,0.5932327166861739,0.003626026048720365,0.003626026048720365
103,163.60409680331102,164.1988227641497,loaded:unit_ball_P2_h008_N5000_slepc_eigs.txt,0.594725960838673,0.594725960838673,0.003635153229406398,0.003635153229406398
104,163.60409680331102,164.1999895868714,loaded:unit_ball_P2_h008_N5000_slepc_eigs.txt,0.5958927835603731,0.5958927835603731,0.003642285219035624,0.003642285219035624
105,163.60409680331102,164.20147032232154,loaded:unit_ball_P2_h008_N5000_slepc_eigs.txt,0.5973735190105174,0.5973735190105174,0.003651335942575417,0.003651335942575417
106,163.60409680331102,164.20214093125944,loaded:unit_ball_P2_h008_N5000_slepc_eigs.txt,0.5980441279484126,0.5980441279484126,0.003655434916568112,0.003655434916568112
107,163.60409680331102,164.20433459940557,loaded:unit_ball_P2_h008_N5000_slepc_eigs.txt,0.6002377960945466,0.6002377960945466,0.0036688433103002774,0.0036688433103002774
108,163.60409680331102,164.20658428913848,loaded:unit_ball_P2_h008_N5000_slepc_eigs.txt,0.6024874858274529,0.6024874858274529,0.0036825941256946556,0.0036825941256946556
109,163.60409680331102,164.20714833238313,loaded:unit_ball_P2_h008_N5000_slepc_eigs.txt,0.6030515290721041,0.6030515290721041,0.0036860417364554623,0.0036860417364554623
110,163.60409680331102,164.2082440029878,loaded:unit_ball_P2_h008_N5000_slepc_eigs.txt,0.6041471996767882,0.6041471996767882,0.0036927388218346954,0.0036927388218346954
111,163.60409680331102,164.20967141317612,loaded:unit_ball_P2_h008_N5000_slepc_eigs.txt,0.6055746098651014,0.6055746098651014,0.003701463604503367,0.003701463604503367
112,163.60409680331102,164.2104288783455,loaded:unit_ball_P2_h008_N5000_slepc_eigs.txt,0.6063320750344872,0.6063320750344872,0.003706093471262122,0.003706093471262122
113,163.60409680331102,164.21281685755824,loaded:unit_ball_P2_h008_N5000_slepc_eigs.txt,0.6087200542472146,0.6087200542472146,0.003720689555708579,0.003720689555708579
114,163.60409680331102,164.2142416441497,loaded:unit_ball_P2_h008_N5000_slepc_eigs.txt,0.6101448408386716,0.6101448408386716,0.0037293983021232232,0.0037293983021232232
115,163.60409680331102,164.21614184402537,loaded:unit_ball_P2_h008_N5000_slepc_eigs.txt,0.6120450407143494,0.6120450407143494,0.0037410129249401706,0.0037410129249401706
116,163.60409680331102,164.2229127039641,loaded:unit_ball_P2_h008_N5000_slepc_eigs.txt,0.6188159006530896,0.6188159006530896,0.0037823985630203727,0.0037823985630203727
117,168.1309047214675,168.77688554412123,loaded:unit_ball_P2_h008_N5000_slepc_eigs.txt,0.6459808226537405,0.6459808226537405,0.0038421301766257587,0.0038421301766257587
118,168.1309047214675,168.7831122866254,loaded:unit_ball_P2_h008_N5000_slepc_eigs.txt,0.6522075651579087,0.6522075651579087,0.0038791652625576618,0.0038791652625576618
119,168.1309047214675,168.78461794093462,loaded:unit_ball_P2_h008_N5000_slepc_eigs.txt,0.6537132194671358,0.6537132194671358,0.0038881205127046913,0.0038881205127046913
120,168.1309047214675,168.78733954329354,loaded:unit_ball_P2_h008_N5000_slepc_eigs.txt,0.6564348218260534,0.6564348218260534,0.003904307913607734,0.003904307913607734
121,168.1309047214675,168.7896174194132,loaded:unit_ball_P2_h008_N5000_slepc_eigs.txt,0.6587126979457025,0.6587126979457025,0.00391785614332447,0.00391785614332447
122,168.1309047214675,168.79226453761163,loaded:unit_ball_P2_h008_N5000_slepc_eigs.txt,0.6613598161441416,0.6613598161441416,0.003933600531322765,0.003933600531322765
123,168.1309047214675,168.79303687085024,loaded:unit_ball_P2_h008_N5000_slepc_eigs.txt,0.6621321493827566,0.6621321493827566,0.003938194173639116,0.003938194173639116
124,168.1309047214675,168.79442881586886,loaded:unit_ball_P2_h008_N5000_slepc_eigs.txt,0.6635240944013674,0.6635240944013674,0.003946473109750931,0.003946473109750931
125,168.1309047214675,168.79802018726673,loaded:unit_ball_P2_h008_N5000_slepc_eigs.txt,0.6671154657992417,0.6671154657992417,0.003967833676410726,0.003967833676410726
126,168.1309047214675,168.79940632358196,loaded:unit_ball_P2_h008_N5000_slepc_eigs.txt,0.6685016021144747,0.6685016021144747,0.003976078063827359,0.003976078063827359
127,168.1309047214675,168.80520642938737,loaded:unit_ball_P2_h008_N5000_slepc_eigs.txt,0.6743017079198808,0.6743017079198808,0.00401057562282768,0.00401057562282768
128,187.6358383069525,188.47690937313803,loaded:unit_ball_P2_h008_N5000_slepc_eigs.txt,0.8410710661855205,0.8410710661855205,0.004482464937266497,0.004482464937266497
129,187.6358383069525,188.48278256677872,loaded:unit_ball_P2_h008_N5000_slepc_eigs.txt,0.8469442598262162,0.8469442598262162,0.0045137659600012255,0.0045137659600012255
130,187.6358383069525,188.4879733718531,loaded:unit_ball_P2_h008_N5000_slepc_eigs.txt,0.8521350649005797,0.8521350649005797,0.004541430211783829,0.004541430211783829
131,187.6358383069525,188.48993856354926,loaded:unit_ball_P2_h008_N5000_slepc_eigs.txt,0.8541002565967517,0.8541002565967517,0.004551903646464027,0.004551903646464027
132,187.6358383069525,188.4925582785665,loaded:unit_ball_P2_h008_N5000_slepc_eigs.txt,0.8567199716139839,0.8567199716139839,0.004565865345043947,0.004565865345043947
133,187.6358383069525,188.49751092255232,loaded:unit_ball_P2_h008_N5000_slepc_eigs.txt,0.8616726155998151,0.8616726155998151,0.004592260323905763,0.004592260323905763
134,187.6358383069525,188.50232427481362,loaded:unit_ball_P2_h008_N5000_slepc_eigs.txt,0.8664859678611094,0.8664859678611094,0.004617912951382078,0.004617912951382078
135,193.65011892703492,194.50190507106063,loaded:unit_ball_P2_h008_N5000_slepc_eigs.txt,0.8517861440257093,0.8517861440257093,0.004398583118591589,0.004398583118591589
136,193.65011892703492,194.50564720072737,loaded:unit_ball_P2_h008_N5000_slepc_eigs.txt,0.8555282736924426,0.8555282736924426,0.004417907298134919,0.004417907298134919
137,193.65011892703492,194.5064304845694,loaded:unit_ball_P2_h008_N5000_slepc_eigs.txt,0.8563115575344682,0.8563115575344682,0.004421952138625416,0.004421952138625416
138,193.65011892703492,194.5093820205385,loaded:unit_ball_P2_h008_N5000_slepc_eigs.txt,0.8592630935035857,0.8592630935035857,0.0044371937299317946,0.0044371937299317946
139,193.65011892703492,194.51106683872194,loaded:unit_ball_P2_h008_N5000_slepc_eigs.txt,0.8609479116870205,0.8609479116870205,0.0044458940508650836,0.0044458940508650836
140,193.65011892703492,194.5120516021679,loaded:unit_ball_P2_h008_N5000_slepc_eigs.txt,0.8619326751329766,0.8619326751329766,0.0044509793224436,0.0044509793224436
141,193.65011892703492,194.51538594877724,loaded:unit_ball_P2_h008_N5000_slepc_eigs.txt,0.8652670217423122,0.8652670217423122,0.004468197729681408,0.004468197729681408
142,193.65011892703492,194.51592290456296,loaded:unit_ball_P2_h008_N5000_slepc_eigs.txt,0.8658039775280315,0.8658039775280315,0.0044709705438097675,0.0044709705438097675
143,193.65011892703492,194.51773428515813,loaded:unit_ball_P2_h008_N5000_slepc_eigs.txt,0.8676153581232029,0.8676153581232029,0.00448032442701525,0.00448032442701525
144,193.65011892703492,194.51926378159126,loaded:unit_ball_P2_h008_N5000_slepc_eigs.txt,0.8691448545563389,0.8691448545563389,0.00448822267382042,0.00448822267382042
145,193.65011892703492,194.52130666525957,loaded:unit_ball_P2_h008_N5000_slepc_eigs.txt,0.8711877382246485,0.8711877382246485,0.004498772027880353,0.004498772027880353
146,193.65011892703492,194.52439028124144,loaded:unit_ball_P2_h008_N5000_slepc_eigs.txt,0.8742713542065133,0.8742713542065133,0.00451469567408801,0.00451469567408801
147,193.65011892703492,194.5255780797828,loaded:unit_ball_P2_h008_N5000_slepc_eigs.txt,0.8754591527478794,0.8754591527478794,0.004520829409238536,0.004520829409238536
148,193.65011892703492,194.52752144472552,loaded:unit_ball_P2_h008_N5000_slepc_eigs.txt,0.877402517690598,0.877402517690598,0.004530864853334755,0.004530864853334755
149,193.65011892703492,194.53018035290725,loaded:unit_ball_P2_h008_N5000_slepc_eigs.txt,0.8800614258723272,0.8800614258723272,0.004544595328670693,0.004544595328670693
150,193.65011892703492,194.53243599647757,loaded:unit_ball_P2_h008_N5000_slepc_eigs.txt,0.8823170694426494,0.8823170694426494,0.004556243364741212,0.004556243364741212
151,193.65011892703492,194.53537836310093,loaded:unit_ball_P2_h008_N5000_slepc_eigs.txt,0.8852594360660078,0.8852594360660078,0.00457143760598238,0.00457143760598238
152,193.65011892703492,194.53747629188382,loaded:unit_ball_P2_h008_N5000_slepc_eigs.txt,0.8873573648488957,0.8873573648488957,0.004582271210394875,0.004582271210394875
153,193.65011892703492,194.54294857749412,loaded:unit_ball_P2_h008_N5000_slepc_eigs.txt,0.8928296504591913,0.8928296504591913,0.004610529832907559,0.004610529832907559
154,197.8578111933772,198.80748773065196,loaded:unit_ball_P2_h008_N5000_slepc_eigs.txt,0.9496765372747689,0.9496765372747689,0.00479979300057352,0.00479979300057352
155,197.8578111933772,198.83522952242419,loaded:unit_ball_P2_h008_N5000_slepc_eigs.txt,0.9774183290469978,0.9774183290469978,0.004940003748912969,0.004940003748912969
156,197.8578111933772,198.83962265521924,loaded:unit_ball_P2_h008_N5000_slepc_eigs.txt,0.9818114618420566,0.9818114618420566,0.004962207233165432,0.004962207233165432
157,201.8500004795736,202.8150567966534,loaded:unit_ball_P2_h008_N5000_slepc_eigs.txt,0.9650563170798137,0.9650563170798137,0.004781056798548155,0.004781056798548155
158,201.8500004795736,202.82452354679972,loaded:unit_ball_P2_h008_N5000_slepc_eigs.txt,0.97452306722613,0.97452306722613,0.004827956724848994,0.004827956724848994
159,201.8500004795736,202.82988317781093,loaded:unit_ball_P2_h008_N5000_slepc_eigs.txt,0.9798826982373328,0.9798826982373328,0.004854509268809702,0.004854509268809702
160,201.8500004795736,202.83068334075583,loaded:unit_ball_P2_h008_N5000_slepc_eigs.txt,0.9806828611822311,0.9806828611822311,0.004858473415170848,0.004858473415170848
161,201.8500004795736,202.8324393379433,loaded:unit_ball_P2_h008_N5000_slepc_eigs.txt,0.9824388583697043,0.9824388583697043,0.004867172930569912,0.004867172930569912
162,201.8500004795736,202.8376768598969,loaded:unit_ball_P2_h008_N5000_slepc_eigs.txt,0.9876763803233075,0.9876763803233075,0.004893120525026981,0.004893120525026981
163,201.8500004795736,202.83888961634668,loaded:unit_ball_P2_h008_N5000_slepc_eigs.txt,0.9888891367730821,0.9888891367730821,0.004899128731352932,0.004899128731352932
164,201.8500004795736,202.840938405036,loaded:unit_ball_P2_h008_N5000_slepc_eigs.txt,0.9909379254624184,0.9909379254624184,0.004909278786762734,0.004909278786762734
165,201.8500004795736,202.84625085190802,loaded:unit_ball_P2_h008_N5000_slepc_eigs.txt,0.9962503723344298,0.9962503723344298,0.004935597572293522,0.004935597572293522
166,201.8500004795736,202.85034147284756,loaded:unit_ball_P2_h008_N5000_slepc_eigs.txt,1.0003409932739658,1.0003409932739658,0.00495586321970406,0.00495586321970406
167,201.8500004795736,202.85248079464176,loaded:unit_ball_P2_h008_N5000_slepc_eigs.txt,1.0024803150681691,1.0024803150681691,0.004966461791857247,0.004966461791857247
168,201.8500004795736,202.85471070815652,loaded:unit_ball_P2_h008_N5000_slepc_eigs.txt,1.0047102285829226,1.0047102285829226,0.004977509171146101,0.004977509171146101
169,201.8500004795736,202.86115732278776,loaded:unit_ball_P2_h008_N5000_slepc_eigs.txt,1.0111568432141667,1.0111568432141667,0.005009446820964916,0.005009446820964916
170,226.00519930659925,227.20961405766568,loaded:unit_ball_P2_h008_N5000_slepc_eigs.txt,1.2044147510664232,1.2044147510664232,0.0053291462088556245,0.0053291462088556245
171,226.00519930659925,227.21885003254602,loaded:unit_ball_P2_h008_N5000_slepc_eigs.txt,1.2136507259467635,1.2136507259467635,0.005370012414184869,0.005370012414184869
172,226.00519930659925,227.22015788183842,loaded:unit_ball_P2_h008_N5000_slepc_eigs.txt,1.2149585752391658,1.2149585752391658,0.00537579922482646,0.00537579922482646
173,226.00519930659925,227.22338777469957,loaded:unit_ball_P2_h008_N5000_slepc_eigs.txt,1.2181884681003226,1.2181884681003226,0.005390090457378039,0.005390090457378039
174,226.00519930659925,227.23205179125534,loaded:unit_ball_P2_h008_N5000_slepc_eigs.txt,1.2268524846560922,1.2268524846560922,0.0054284259318819516,0.0054284259318819516
175,226.00519930659925,227.23325299805367,loaded:unit_ball_P2_h008_N5000_slepc_eigs.txt,1.22805369145442,1.22805369145442,0.00543374088393621,0.00543374088393621
176,226.00519930659925,227.23655292831438,loaded:unit_ball_P2_h008_N5000_slepc_eigs.txt,1.2313536217151295,1.2313536217151295,0.005448342009356484,0.005448342009356484
177,226.00519930659925,227.2406745809104,loaded:unit_ball_P2_h008_N5000_slepc_eigs.txt,1.235475274311142,1.235475274311142,0.00546657899066779,0.00546657899066779
178,226.00519930659925,227.2439220829808,loaded:unit_ball_P2_h008_N5000_slepc_eigs.txt,1.238722776381536,1.238722776381536,0.005480948138281905,0.005480948138281905
179,226.00519930659925,227.24572001328048,loaded:unit_ball_P2_h008_N5000_slepc_eigs.txt,1.2405207066812238,1.2405207066812238,0.005488903399068842,0.005488903399068842
180,226.00519930659925,227.251037891615,loaded:unit_ball_P2_h008_N5000_slepc_eigs.txt,1.245838585015747,1.245838585015747,0.005512433292853759,0.005512433292853759
181,226.00519930659925,227.25563779831234,loaded:unit_ball_P2_h008_N5000_slepc_eigs.txt,1.2504384917130835,1.2504384917130835,0.005532786394072003,0.005532786394072003
182,226.00519930659925,227.25621369730385,loaded:unit_ball_P2_h008_N5000_slepc_eigs.txt,1.2510143907045972,1.2510143907045972,0.005535334561075596,0.005535334561075596
183,226.00519930659925,227.25892445832358,loaded:unit_ball_P2_h008_N5000_slepc_eigs.txt,1.2537251517243249,1.2537251517243249,0.005547328802925095,0.005547328802925095
184,226.00519930659925,227.25984995141832,loaded:unit_ball_P2_h008_N5000_slepc_eigs.txt,1.2546506448190655,1.2546506448190655,0.005551423810905355,0.005551423810905355
185,226.00519930659925,227.26509041354646,loaded:unit_ball_P2_h008_N5000_slepc_eigs.txt,1.259891106947208,1.259891106947208,0.005574611162984956,0.005574611162984956
186,226.00519930659925,227.26960652614784,loaded:unit_ball_P2_h008_N5000_slepc_eigs.txt,1.2644072195485876,1.2644072195485876,0.005594593502396772,0.005594593502396772
187,226.00519930659925,227.27440611145693,loaded:unit_ball_P2_h008_N5000_slepc_eigs.txt,1.2692068048576743,1.2692068048576743,0.005615830116969411,0.005615830116969411
188,226.00519930659925,227.27837927314323,loaded:unit_ball_P2_h008_N5000_slepc_eigs.txt,1.273179966543978,1.273179966543978,0.005633410073972584,0.005633410073972584
189,226.00519930659925,227.28342227913177,loaded:unit_ball_P2_h008_N5000_slepc_eigs.txt,1.278222972532518,1.278222972532518,0.005655723746419114,0.005655723746419114
190,226.00519930659925,227.28677163133403,loaded:unit_ball_P2_h008_N5000_slepc_eigs.txt,1.2815723247347819,1.2815723247347819,0.005670543547965892,0.005670543547965892
191,226.19151451752592,227.47843734391685,loaded:unit_ball_P2_h008_N5000_slepc_eigs.txt,1.286922826390935,1.286922826390935,0.005689527430487322,0.005689527430487322
192,226.19151451752592,227.4875501126628,loaded:unit_ball_P2_h008_N5000_slepc_eigs.txt,1.2960355951368854,1.2960355951368854,0.005729815275791281,0.005729815275791281
193,226.19151451752592,227.49334254836108,loaded:unit_ball_P2_h008_N5000_slepc_eigs.txt,1.3018280308351677,1.3018280308351677,0.005755423821322434,0.005755423821322434
194,226.19151451752592,227.4966333123351,loaded:unit_ball_P2_h008_N5000_slepc_eigs.txt,1.3051187948091751,1.3051187948091751,0.005769972395264417,0.005769972395264417
195,226.19151451752592,227.5010607076858,loaded:unit_ball_P2_h008_N5000_slepc_eigs.txt,1.3095461901598924,1.3095461901598924,0.005789546053277897,0.005789546053277897
196,226.19151451752592,227.5058709384035,loaded:unit_ball_P2_h008_N5000_slepc_eigs.txt,1.3143564208775729,1.3143564208775729,0.005810812238828407,0.005810812238828407
197,226.19151451752592,227.51737854556492,loaded:unit_ball_P2_h008_N5000_slepc_eigs.txt,1.3258640280390068,1.3258640280390068,0.005861687742208717,0.005861687742208717
198,226.19151451752592,227.52050326743097,loaded:unit_ball_P2_h008_N5000_slepc_eigs.txt,1.3289887499050508,1.3289887499050508,0.005875502238622118,0.005875502238622118
199,226.19151451752592,227.52850901002552,loaded:unit_ball_P2_h008_N5000_slepc_eigs.txt,1.3369944924995991,1.3369944924995991,0.005910895885513005,0.005910895885513005
200,238.12468669094528,239.5459248695517,loaded:unit_ball_P2_h008_N5000_slepc_eigs.txt,1.4212381786064157,1.4212381786064157,0.005968462146266242,0.005968462146266242
201,238.12468669094528,239.55497142189594,loaded:unit_ball_P2_h008_N5000_slepc_eigs.txt,1.4302847309506603,1.4302847309506603,0.006006452967251493,0.006006452967251493
202,238.12468669094528,239.56236220131103,loaded:unit_ball_P2_h008_N5000_slepc_eigs.txt,1.4376755103657501,1.4376755103657501,0.006037490401957631,0.006037490401957631
203,238.12468669094528,239.568714112232,loaded:unit_ball_P2_h008_N5000_slepc_eigs.txt,1.4440274212867052,1.4440274212867052,0.006064165128586034,0.006064165128586034
204,238.12468669094528,239.57071919418803,loaded:unit_ball_P2_h008_N5000_slepc_eigs.txt,1.4460325032427477,1.4460325032427477,0.006072585431343827,0.006072585431343827
205,238.12468669094528,239.57233945781633,loaded:unit_ball_P2_h008_N5000_slepc_eigs.txt,1.4476527668710446,1.4476527668710446,0.006079389697003187,0.006079389697003187
206,238.12468669094528,239.57836197264953,loaded:unit_ball_P2_h008_N5000_slepc_eigs.txt,1.4536752817042498,1.4536752817042498,0.006104681131154328,0.006104681131154328
207,238.12468669094528,239.58247740490427,loaded:unit_ball_P2_h008_N5000_slepc_eigs.txt,1.4577907139589854,1.4577907139589854,0.006121963809031725,0.006121963809031725
208,238.12468669094528,239.5855332186049,loaded:unit_ball_P2_h008_N5000_slepc_eigs.txt,1.460846527659612,1.460846527659612,0.006134796639357262,0.006134796639357262
209,238.12468669094528,239.59070996329595,loaded:unit_ball_P2_h008_N5000_slepc_eigs.txt,1.466023272350668,1.466023272350668,0.006156536278211989,0.006156536278211989
210,238.12468669094528,239.59289607364235,loaded:unit_ball_P2_h008_N5000_slepc_eigs.txt,1.4682093826970686,1.4682093826970686,0.006165716806181513,0.006165716806181513
211,238.12468669094528,239.5941601214455,loaded:unit_ball_P2_h008_N5000_slepc_eigs.txt,1.4694734305002157,1.4694734305002157,0.006171025150396944,0.006171025150396944
212,238.12468669094528,239.59949929784483,loaded:unit_ball_P2_h008_N5000_slepc_eigs.txt,1.4748126068995475,1.4748126068995475,0.00619344691805794,0.00619344691805794
213,238.12468669094528,239.6042999312818,loaded:unit_ball_P2_h008_N5000_slepc_eigs.txt,1.479613240336505,1.479613240336505,0.006213607085001017,0.006213607085001017
214,238.12468669094528,239.61968975522456,loaded:unit_ball_P2_h008_N5000_slepc_eigs.txt,1.495003064279274,1.495003064279274,0.006278236351947804,0.006278236351947804
215,240.70290658541617,242.19521856679378,loaded:unit_ball_P2_h008_N5000_slepc_eigs.txt,1.4923119813776111,1.4923119813776111,0.006199808729139908,0.006199808729139908
216,240.70290658541617,242.22040348622178,loaded:unit_ball_P2_h008_N5000_slepc_eigs.txt,1.517496900805611,1.517496900805611,0.006304439453318815,0.006304439453318815
217,240.70290658541617,242.22612259654534,loaded:unit_ball_P2_h008_N5000_slepc_eigs.txt,1.5232160111291648,1.5232160111291648,0.00632819949180229,0.00632819949180229
218,240.70290658541617,242.24241960932017,loaded:unit_ball_P2_h008_N5000_slepc_eigs.txt,1.539513023903993,1.539513023903993,0.006395905416113782,0.006395905416113782
219,240.70290658541617,242.26971710227988,loaded:unit_ball_P2_h008_N5000_slepc_eigs.txt,1.5668105168637112,1.5668105168637112,0.006509312825051868,0.006509312825051868
220,246.74011002723395,248.3612548986033,loaded:unit_ball_P2_h008_N5000_slepc_eigs.txt,1.6211448713693528,1.6211448713693528,0.00657025268891393,0.00657025268891393
221,260.652724672989,262.3472414484356,loaded:unit_ball_P2_h008_N5000_slepc_eigs.txt,1.6945167754466297,1.6945167754466297,0.006501051456770862,0.006501051456770862
222,260.652724672989,262.3600180700336,loaded:unit_ball_P2_h008_N5000_slepc_eigs.txt,1.707293397044623,1.707293397044623,0.006550069250902969,0.006550069250902969
223,260.652724672989,262.3695193511706,loaded:unit_ball_P2_h008_N5000_slepc_eigs.txt,1.7167946781816,1.7167946781816,0.006586521128200232,0.006586521128200232
224,260.652724672989,262.3756898571352,loaded:unit_ball_P2_h008_N5000_slepc_eigs.txt,1.7229651841462328,1.7229651841462328,0.006610194412154483,0.006610194412154483
225,260.652724672989,262.38178430296085,loaded:unit_ball_P2_h008_N5000_slepc_eigs.txt,1.7290596299718572,1.7290596299718572,0.006633575889686592,0.006633575889686592
226,260.652724672989,262.38410545129193,loaded:unit_ball_P2_h008_N5000_slepc_eigs.txt,1.7313807783029347,1.7313807783029347,0.006642481027102629,0.006642481027102629
227,260.652724672989,262.38547947077967,loaded:unit_ball_P2_h008_N5000_slepc_eigs.txt,1.732754797790676,1.732754797790676,0.006647752483556672,0.006647752483556672
228,260.652724672989,262.39012541728584,loaded:unit_ball_P2_h008_N5000_slepc_eigs.txt,1.737400744296849,1.737400744296849,0.006665576761096843,0.006665576761096843
229,260.652724672989,262.394790992533,loaded:unit_ball_P2_h008_N5000_slepc_eigs.txt,1.7420663195439943,1.7420663195439943,0.006683476344740169,0.006683476344740169
230,260.652724672989,262.3979619479906,loaded:unit_ball_P2_h008_N5000_slepc_eigs.txt,1.7452372750016139,1.7452372750016139,0.006695641786177997,0.006695641786177997
231,260.652724672989,262.3988075142073,loaded:unit_ball_P2_h008_N5000_slepc_eigs.txt,1.7460828412183105,1.7460828412183105,0.006698885819854444,0.006698885819854444
232,260.652724672989,262.41055385064254,loaded:unit_ball_P2_h008_N5000_slepc_eigs.txt,1.757829177653548,1.757829177653548,0.00674395090194777,0.00674395090194777
233,260.652724672989,262.4116058185448,loaded:unit_ball_P2_h008_N5000_slepc_eigs.txt,1.7588811455557902,1.7588811455557902,0.006747986800300884,0.006747986800300884
234,260.652724672989,262.4142209515712,loaded:unit_ball_P2_h008_N5000_slepc_eigs.txt,1.7614962785822286,1.7614962785822286,0.006758019816566949,0.006758019816566949
235,260.652724672989,262.4228904814111,loaded:unit_ball_P2_h008_N5000_slepc_eigs.txt,1.7701658084221208,1.7701658084221208,0.006791280661435419,0.006791280661435419
236,260.652724672989,262.42750454353086,loaded:unit_ball_P2_h008_N5000_slepc_eigs.txt,1.7747798705418631,1.7747798705418631,0.006808982613814896,0.006808982613814896
237,260.652724672989,262.431454260348,loaded:unit_ball_P2_h008_N5000_slepc_eigs.txt,1.7787295873590097,1.7787295873590097,0.006824135790602524,0.006824135790602524
238,260.652724672989,262.43435973877024,loaded:unit_ball_P2_h008_N5000_slepc_eigs.txt,1.781635065781245,1.781635065781245,0.006835282723464555,0.006835282723464555
239,260.652724672989,262.43872022203345,loaded:unit_ball_P2_h008_N5000_slepc_eigs.txt,1.7859955490444577,1.7859955490444577,0.006852011814897163,0.006852011814897163
240,260.652724672989,262.4426387065634,loaded:unit_ball_P2_h008_N5000_slepc_eigs.txt,1.789914033574405,1.789914033574405,0.006867045168317363,0.006867045168317363
241,260.652724672989,262.4508351906751,loaded:unit_ball_P2_h008_N5000_slepc_eigs.txt,1.7981105176860979,1.7981105176860979,0.006898491162683914,0.006898491162683914
242,260.652724672989,262.4667593248147,loaded:unit_ball_P2_h008_N5000_slepc_eigs.txt,1.8140346518256933,1.8140346518256933,0.00695958445898294,0.00695958445898294
243,260.652724672989,262.4713961628282,loaded:unit_ball_P2_h008_N5000_slepc_eigs.txt,1.8186714898392324,1.8186714898392324,0.0069773737915876785,0.0069773737915876785
244,267.47652738746297,269.3984848148391,loaded:unit_ball_P2_h008_N5000_slepc_eigs.txt,1.9219574273761282,1.9219574273761282,0.007185518094423314,0.007185518094423314
245,267.47652738746297,269.40054253145735,loaded:unit_ball_P2_h008_N5000_slepc_eigs.txt,1.9240151439943816,1.9240151439943816,0.007193211168048696,0.007193211168048696
246,267.47652738746297,269.4079612299371,loaded:unit_ball_P2_h008_N5000_slepc_eigs.txt,1.9314338424741209,1.9314338424741209,0.007220947054080268,0.007220947054080268
247,267.47652738746297,269.4215800651401,loaded:unit_ball_P2_h008_N5000_slepc_eigs.txt,1.945052677677154,1.945052677677154,0.007271863055331118,0.007271863055331118
248,267.47652738746297,269.4343427580364,loaded:unit_ball_P2_h008_N5000_slepc_eigs.txt,1.957815370573428,1.957815370573428,0.007319578243728888,0.007319578243728888
249,267.47652738746297,269.43878717640627,loaded:unit_ball_P2_h008_N5000_slepc_eigs.txt,1.9622597889432996,1.9622597889432996,0.007336194349872039,0.007336194349872039
250,267.47652738746297,269.44493196860986,loaded:unit_ball_P2_h008_N5000_slepc_eigs.txt,1.968404581146899,1.968404581146899,0.007359167551534323,0.007359167551534323
251,267.47652738746297,269.4584740710571,loaded:unit_ball_P2_h008_N5000_slepc_eigs.txt,1.981946683594117,1.981946683594117,0.007409796676188693,0.007409796676188693
252,267.47652738746297,269.4649608648367,loaded:unit_ball_P2_h008_N5000_slepc_eigs.txt,1.9884334773737464,1.9884334773737464,0.0074340485006122725,0.0074340485006122725
253,267.47652738746297,269.4856108148591,loaded:unit_ball_P2_h008_N5000_slepc_eigs.txt,2.009083427396149,2.009083427396149,0.007511251349864496,0.007511251349864496
254,267.47652738746297,269.49010474035873,loaded:unit_ball_P2_h008_N5000_slepc_eigs.txt,2.0135773528957657,2.0135773528957657,0.007528052545631132,0.007528052545631132
255,276.922976902497,278.9697178754899,loaded:unit_ball_P2_h008_N5000_slepc_eigs.txt,2.046740972992893,2.046740972992893,0.007391011738666737,0.007391011738666737
256,276.922976902497,278.97951866298445,loaded:unit_ball_P2_h008_N5000_slepc_eigs.txt,2.0565417604874483,2.0565417604874483,0.007426403484068947,0.007426403484068947
257,276.922976902497,278.98233624765857,loaded:unit_ball_P2_h008_N5000_slepc_eigs.txt,2.0593593451615675,2.0593593451615675,0.0074365780990670784,0.0074365780990670784
258,276.922976902497,278.99285878268324,loaded:unit_ball_P2_h008_N5000_slepc_eigs.txt,2.0698818801862444,2.0698818801862444,0.007474576155936089,0.007474576155936089
259,276.922976902497,279.00022422208724,loaded:unit_ball_P2_h008_N5000_slepc_eigs.txt,2.077247319590242,2.077247319590242,0.007501173585612685,0.007501173585612685
260,276.922976902497,279.00704457914907,loaded:unit_ball_P2_h008_N5000_slepc_eigs.txt,2.0840676766520687,2.0840676766520687,0.007525802661676056,0.007525802661676056
261,276.922976902497,279.0101122103654,loaded:unit_ball_P2_h008_N5000_slepc_eigs.txt,2.0871353078683796,2.0871353078683796,0.007536880222847121,0.007536880222847121
262,276.922976902497,279.0142269472541,loaded:unit_ball_P2_h008_N5000_slepc_eigs.txt,2.091250044757089,2.091250044757089,0.007551739000312013,0.007551739000312013
263,276.922976902497,279.02651215459474,loaded:unit_ball_P2_h008_N5000_slepc_eigs.txt,2.1035352520977426,2.1035352520977426,0.007596102265065514,0.007596102265065514
264,276.922976902497,279.0357901508868,loaded:unit_ball_P2_h008_N5000_slepc_eigs.txt,2.1128132483897843,2.1128132483897843,0.00762960615266567,0.00762960615266567
265,276.922976902497,279.0432286019928,loaded:unit_ball_P2_h008_N5000_slepc_eigs.txt,2.120251699495782,2.120251699495782,0.007656467235805826,0.007656467235805826
266,276.922976902497,279.053835424752,loaded:unit_ball_P2_h008_N5000_slepc_eigs.txt,2.1308585222549823,2.1308585222549823,0.00769476966515944,0.00769476966515944
267,276.922976902497,279.06257240172266,loaded:unit_ball_P2_h008_N5000_slepc_eigs.txt,2.1395954992256634,2.1395954992256634,0.007726319871171263,0.007726319871171263
268,276.922976902497,279.0677085254367,loaded:unit_ball_P2_h008_N5000_slepc_eigs.txt,2.1447316229396733,2.1447316229396733,0.0077448669912819155,0.0077448669912819155
269,276.922976902497,279.06952157439616,loaded:unit_ball_P2_h008_N5000_slepc_eigs.txt,2.1465446718991643,2.1465446718991643,0.007751414114889247,0.007751414114889247
270,276.922976902497,279.0780122164766,loaded:unit_ball_P2_h008_N5000_slepc_eigs.txt,2.1550353139796243,2.1550353139796243,0.007782074777920649,0.007782074777920649
271,276.922976902497,279.08610260850463,loaded:unit_ball_P2_h008_N5000_slepc_eigs.txt,2.1631257060076337,2.1631257060076337,0.007811290093018384,0.007811290093018384
272,286.40895740534296,288.6837508266014,loaded:unit_ball_P2_h008_N5000_slepc_eigs.txt,2.274793421258437,2.274793421258437,0.007942466052271592,0.007942466052271592
273,286.40895740534296,288.71814481310315,loaded:unit_ball_P2_h008_N5000_slepc_eigs.txt,2.3091874077601915,2.3091874077601915,0.008062553031440607,0.008062553031440607
274,286.40895740534296,288.7347808871913,loaded:unit_ball_P2_h008_N5000_slepc_eigs.txt,2.3258234818483174,2.3258234818483174,0.008120638065647764,0.008120638065647764
275,286.40895740534296,288.75027056498857,loaded:unit_ball_P2_h008_N5000_slepc_eigs.txt,2.3413131596456083,2.3413131596456083,0.008174720444696299,0.008174720444696299
276,286.40895740534296,288.7592474416144,loaded:unit_ball_P2_h008_N5000_slepc_eigs.txt,2.350290036271417,2.350290036271417,0.008206063307388628,0.008206063307388628
277,286.40895740534296,288.7933754230368,loaded:unit_ball_P2_h008_N5000_slepc_eigs.txt,2.3844180176938607,2.3844180176938607,0.00832522152692065,0.00832522152692065
278,286.40895740534296,288.79766635416644,loaded:unit_ball_P2_h008_N5000_slepc_eigs.txt,2.388708948823478,2.388708948823478,0.008340203359781221,0.008340203359781221
279,296.5544121357314,299.0663415069427,loaded:unit_ball_P2_h008_N5000_slepc_eigs.txt,2.511929371211295,2.511929371211295,0.008470382730510845,0.008470382730510845
280,296.5544121357314,299.11747602100064,loaded:unit_ball_P2_h008_N5000_slepc_eigs.txt,2.56306388526923,2.56306388526923,0.008642811505687964,0.008642811505687964
281,296.5544121357314,299.14829903315433,loaded:unit_ball_P2_h008_N5000_slepc_eigs.txt,2.5938868974229194,2.5938868974229194,0.008746748627822508,0.008746748627822508
282,297.57819025917433,299.93043456145483,loaded:unit_ball_P2_h008_N5000_slepc_eigs.txt,2.3522443022804964,2.3522443022804964,0.007904626008484763,0.007904626008484763
283,297.57819025917433,299.94266589553115,loaded:unit_ball_P2_h008_N5000_slepc_eigs.txt,2.364475636356815,2.364475636356815,0.007945728933620727,0.007945728933620727
284,297.57819025917433,299.9512065236824,loaded:unit_ball_P2_h008_N5000_slepc_eigs.txt,2.373016264508067,2.373016264508067,0.007974429384227719,0.007974429384227719
285,297.57819025917433,299.9544537976265,loaded:unit_ball_P2_h008_N5000_slepc_eigs.txt,2.3762635384521786,2.3762635384521786,0.007985341722733722,0.007985341722733722
286,297.57819025917433,299.960079066182,loaded:unit_ball_P2_h008_N5000_slepc_eigs.txt,2.3818888070076696,2.3818888070076696,0.008004245220166083,0.008004245220166083
287,297.57819025917433,299.97084653500826,loaded:unit_ball_P2_h008_N5000_slepc_eigs.txt,2.3926562758339287,2.3926562758339287,0.008040428882741897,0.008040428882741897
288,297.57819025917433,299.98251046656463,loaded:unit_ball_P2_h008_N5000_slepc_eigs.txt,2.404320207390299,2.404320207390299,0.00807962507365297,0.00807962507365297
289,297.57819025917433,299.9913498000636,loaded:unit_ball_P2_h008_N5000_slepc_eigs.txt,2.4131595408892395,2.4131595408892395,0.008109329312028913,0.008109329312028913
290,297.57819025917433,299.99715770090387,loaded:unit_ball_P2_h008_N5000_slepc_eigs.txt,2.418967441729535,2.418967441729535,0.008128846538191346,0.008128846538191346
291,297.57819025917433,300.0000810693505,loaded:unit_ball_P2_h008_N5000_slepc_eigs.txt,2.421890810176137,2.421890810176137,0.0081386704047995,0.0081386704047995
292,297.57819025917433,300.00287175868283,loaded:unit_ball_P2_h008_N5000_slepc_eigs.txt,2.4246814995084947,2.4246814995084947,0.00814804840837539,0.00814804840837539
293,297.57819025917433,300.0153587045846,loaded:unit_ball_P2_h008_N5000_slepc_eigs.txt,2.4371684454102933,2.4371684454102933,0.008190010307165497,0.008190010307165497
294,297.57819025917433,300.0191103029824,loaded:unit_ball_P2_h008_N5000_slepc_eigs.txt,2.4409200438080916,2.4409200438080916,0.008202617408494163,0.008202617408494163
295,297.57819025917433,300.02276756093283,loaded:unit_ball_P2_h008_N5000_slepc_eigs.txt,2.4445773017584997,2.4445773017584997,0.008214907482397841,0.008214907482397841
296,297.57819025917433,300.0294017561998,loaded:unit_ball_P2_h008_N5000_slepc_eigs.txt,2.45121149702544,2.45121149702544,0.008237201439025383,0.008237201439025383
297,297.57819025917433,300.04116459878,loaded:unit_ball_P2_h008_N5000_slepc_eigs.txt,2.462974339605637,2.462974339605637,0.008276730016606799,0.008276730016606799
298,297.57819025917433,300.0463157626077,loaded:unit_ball_P2_h008_N5000_slepc_eigs.txt,2.4681255034333844,2.4681255034333844,0.008294040303436829,0.008294040303436829
299,297.57819025917433,300.0572482270437,loaded:unit_ball_P2_h008_N5000_slepc_eigs.txt,2.4790579678693803,2.4790579678693803,0.008330778427378217,0.008330778427378217
300,297.57819025917433,300.06774403039446,loaded:unit_ball_P2_h008_N5000_slepc_eigs.txt,2.4895537712201303,2.4895537712201303,0.008366049168629815,0.008366049168629815
301,297.57819025917433,300.07072019891655,loaded:unit_ball_P2_h008_N5000_slepc_eigs.txt,2.4925299397422123,2.4925299397422123,0.00837605046784966,0.00837605046784966
302,297.57819025917433,300.0794937615971,loaded:unit_ball_P2_h008_N5000_slepc_eigs.txt,2.501303502422786,2.501303502422786,0.008405533685934065,0.008405533685934065
303,297.57819025917433,300.08497281570584,loaded:unit_ball_P2_h008_N5000_slepc_eigs.txt,2.5067825565315047,2.5067825565315047,0.00842394583537266,0.00842394583537266
304,297.57819025917433,300.09631009238126,loaded:unit_ball_P2_h008_N5000_slepc_eigs.txt,2.5181198332069243,2.5181198332069243,0.00846204431518916,0.00846204431518916
305,297.57819025917433,300.1083745891726,loaded:unit_ball_P2_h008_N5000_slepc_eigs.txt,2.530184329998292,2.530184329998292,0.008502586590081214,0.008502586590081214
306,297.57819025917433,300.11363153845315,loaded:unit_ball_P2_h008_N5000_slepc_eigs.txt,2.535441279278814,2.535441279278814,0.008520252364834207,0.008520252364834207
307,311.451017018007,314.21838047137555,loaded:unit_ball_P2_h008_N5000_slepc_eigs.txt,2.767363453368546,2.767363453368546,0.008885389040834458,0.008885389040834458
308,311.451017018007,314.28070382530666,loaded:unit_ball_P2_h008_N5000_slepc_eigs.txt,2.8296868072996517,2.8296868072996517,0.009085495479811034,0.009085495479811034
309,311.451017018007,314.2843055785515,loaded:unit_ball_P2_h008_N5000_slepc_eigs.txt,2.8332885605444744,2.8332885605444744,0.009097059909040733,0.009097059909040733
310,311.451017018007,314.29332597048773,loaded:unit_ball_P2_h008_N5000_slepc_eigs.txt,2.842308952480721,2.842308952480721,0.009126022382891718,0.009126022382891718
311,311.451017018007,314.29990748856716,loaded:unit_ball_P2_h008_N5000_slepc_eigs.txt,2.84889047056015,2.84889047056015,0.009147154174794161,0.009147154174794161
312,311.451017018007,314.30728446631235,loaded:unit_ball_P2_h008_N5000_slepc_eigs.txt,2.8562674483053456,2.8562674483053456,0.009170840010903564,0.009170840010903564
313,311.451017018007,314.32331898583885,loaded:unit_ball_P2_h008_N5000_slepc_eigs.txt,2.872301967831845,2.872301967831845,0.009222323289654819,0.009222323289654819
314,311.451017018007,314.333335838909,loaded:unit_ball_P2_h008_N5000_slepc_eigs.txt,2.8823188209020145,2.8823188209020145,0.00925448517875724,0.00925448517875724
315,311.451017018007,314.34196510430684,loaded:unit_ball_P2_h008_N5000_slepc_eigs.txt,2.8909480862998294,2.8909480862998294,0.009282191832215738,0.009282191832215738
316,311.451017018007,314.35884565232544,loaded:unit_ball_P2_h008_N5000_slepc_eigs.txt,2.9078286343184345,2.9078286343184345,0.00933639152043711,0.00933639152043711
317,311.451017018007,314.36626735612094,loaded:unit_ball_P2_h008_N5000_slepc_eigs.txt,2.9152503381139354,2.9152503381139354,0.009360220961954303,0.009360220961954303
318,311.451017018007,314.38163146538,loaded:unit_ball_P2_h008_N5000_slepc_eigs.txt,2.9306144473729887,2.9306144473729887,0.009409551702326118,0.009409551702326118
319,311.451017018007,314.41872697359173,loaded:unit_ball_P2_h008_N5000_slepc_eigs.txt,2.9677099555847235,2.9677099555847235,0.009528657135234658,0.009528657135234658
320,318.2171911885543,321.0887882553238,loaded:unit_ball_P2_h008_N5000_slepc_eigs.txt,2.871597066769482,2.871597066769482,0.009024016132013323,0.009024016132013323
321,318.2171911885543,321.1281672198416,loaded:unit_ball_P2_h008_N5000_slepc_eigs.txt,2.910976031287305,2.910976031287305,0.009147764834497753,0.009147764834497753
322,318.2171911885543,321.15151529862595,loaded:unit_ball_P2_h008_N5000_slepc_eigs.txt,2.934324110071657,2.934324110071657,0.009221136353796084,0.009221136353796084
323,318.2171911885543,321.1606701767682,loaded:unit_ball_P2_h008_N5000_slepc_eigs.txt,2.943478988213883,2.943478988213883,0.009249905629610606,0.009249905629610606
324,318.2171911885543,321.16695811749116,loaded:unit_ball_P2_h008_N5000_slepc_eigs.txt,2.9497669289368673,2.9497669289368673,0.009269665532271737,0.009269665532271737
325,318.2171911885543,321.17291331282087,loaded:unit_ball_P2_h008_N5000_slepc_eigs.txt,2.955722124266572,2.955722124266572,0.009288379779944723,0.009288379779944723
326,318.2171911885543,321.1832630907736,loaded:unit_ball_P2_h008_N5000_slepc_eigs.txt,2.966071902219312,2.966071902219312,0.009320904037713712,0.009320904037713712
327,318.2171911885543,321.19036593367485,loaded:unit_ball_P2_h008_N5000_slepc_eigs.txt,2.9731747451205592,2.9731747451205592,0.009343224776812433,0.009343224776812433
328,318.2171911885543,321.1912936061891,loaded:unit_ball_P2_h008_N5000_slepc_eigs.txt,2.9741024176348105,2.9741024176348105,0.009346139994908558,0.009346139994908558
329,318.2171911885543,321.19951292614286,loaded:unit_ball_P2_h008_N5000_slepc_eigs.txt,2.9823217375885633,2.9823217375885633,0.009371969271834337,0.009371969271834337
330,318.2171911885543,321.20593470943624,loaded:unit_ball_P2_h008_N5000_slepc_eigs.txt,2.9887435208819397,2.9887435208819397,0.009392149775814625,0.009392149775814625
331,318.2171911885543,321.22093080277017,loaded:unit_ball_P2_h008_N5000_slepc_eigs.txt,3.003739614215874,3.003739614215874,0.009439275115831371,0.009439275115831371
332,318.2171911885543,321.22647895627426,loaded:unit_ball_P2_h008_N5000_slepc_eigs.txt,3.009287767719968,3.009287767719968,0.009456710231399362,0.009456710231399362
333,318.2171911885543,321.2379148311478,loaded:unit_ball_P2_h008_N5000_slepc_eigs.txt,3.0207236425935093,3.0207236425935093,0.009492647557195078,0.009492647557195078
334,318.2171911885543,321.2451314454937,loaded:unit_ball_P2_h008_N5000_slepc_eigs.txt,3.0279402569394165,3.0279402569394165,0.009515325823944128,0.009515325823944128
335,318.2171911885543,321.246794586589,loaded:unit_ball_P2_h008_N5000_slepc_eigs.txt,3.0296033980346806,3.0296033980346806,0.009520552257780252,0.009520552257780252
336,318.2171911885543,321.2606137185964,loaded:unit_ball_P2_h008_N5000_slepc_eigs.txt,3.0434225300421076,3.0434225300421076,0.009563978987668137,0.009563978987668137
337,318.2171911885543,321.27476236897496,loaded:unit_ball_P2_h008_N5000_slepc_eigs.txt,3.0575711804206662,3.0575711804206662,0.009608441231601952,0.009608441231601952
338,318.2171911885543,321.3030372486402,loaded:unit_ball_P2_h008_N5000_slepc_eigs.txt,3.085846060085885,3.085846060085885,0.009697295261013783,0.009697295261013783
339,334.93596969667124,338.31638473979217,loaded:unit_ball_P2_h008_N5000_slepc_eigs.txt,3.3804150431209337,3.3804150431209337,0.010092720247939765,0.010092720247939765
340,334.93596969667124,338.34548696779615,loaded:unit_ball_P2_h008_N5000_slepc_eigs.txt,3.409517271124912,3.409517271124912,0.01017960917787564,0.01017960917787564
341,334.93596969667124,338.37099287156104,loaded:unit_ball_P2_h008_N5000_slepc_eigs.txt,3.435023174889807,3.435023174889807,0.010255760759289825,0.010255760759289825
342,334.93596969667124,338.3874220295959,loaded:unit_ball_P2_h008_N5000_slepc_eigs.txt,3.451452332924646,3.451452332924646,0.010304812397576742,0.010304812397576742
343,334.93596969667124,338.4117939974884,loaded:unit_ball_P2_h008_N5000_slepc_eigs.txt,3.4758243008171803,3.4758243008171803,0.010377578448695727,0.010377578448695727
344,334.93596969667124,338.44474641766,loaded:unit_ball_P2_h008_N5000_slepc_eigs.txt,3.508776720988749,3.508776720988749,0.010475962686738035,0.010475962686738035
345,334.93596969667124,338.4736991630272,loaded:unit_ball_P2_h008_N5000_slepc_eigs.txt,3.5377294663559837,3.5377294663559837,0.010562405314543747,0.010562405314543747
346,334.93596969667124,338.4938944274705,loaded:unit_ball_P2_h008_N5000_slepc_eigs.txt,3.557924730799243,3.557924730799243,0.010622701210686371,0.010622701210686371
347,334.93596969667124,338.50520699623723,loaded:unit_ball_P2_h008_N5000_slepc_eigs.txt,3.569237299565998,3.569237299565998,0.01065647652832992,0.01065647652832992
348,336.76879849263696,339.9779406462435,loaded:unit_ball_P2_h008_N5000_slepc_eigs.txt,3.2091421536065354,3.2091421536065354,0.009529214606491223,0.009529214606491223
349,336.76879849263696,340.0077346918344,loaded:unit_ball_P2_h008_N5000_slepc_eigs.txt,3.2389361991974397,3.2389361991974397,0.009617684933089949,0.009617684933089949
350,336.76879849263696,340.00992198925746,loaded:unit_ball_P2_h008_N5000_slepc_eigs.txt,3.241123496620503,3.241123496620503,0.009624179885807818,0.009624179885807818
351,336.76879849263696,340.024915327428,loaded:unit_ball_P2_h008_N5000_slepc_eigs.txt,3.256116834791044,3.256116834791044,0.009668701047618682,0.009668701047618682
352,336.76879849263696,340.0366394759868,loaded:unit_ball_P2_h008_N5000_slepc_eigs.txt,3.2678409833498563,3.2678409833498563,0.009703514690127398,0.009703514690127398
353,336.76879849263696,340.04851465289926,loaded:unit_ball_P2_h008_N5000_slepc_eigs.txt,3.2797161602622964,3.2797161602622964,0.009738776795659718,0.009738776795659718
354,336.76879849263696,340.0574158872825,loaded:unit_ball_P2_h008_N5000_slepc_eigs.txt,3.2886173946455415,3.2886173946455415,0.009765208087463135,0.009765208087463135
355,336.76879849263696,340.0586615402303,loaded:unit_ball_P2_h008_N5000_slepc_eigs.txt,3.2898630475933146,3.2898630475933146,0.009768906924627827,0.009768906924627827
356,336.76879849263696,340.07626738549965,loaded:unit_ball_P2_h008_N5000_slepc_eigs.txt,3.307468892862687,3.307468892862687,0.009821185655163956,0.009821185655163956
357,336.76879849263696,340.0915967095033,loaded:unit_ball_P2_h008_N5000_slepc_eigs.txt,3.3227982168663175,3.3227982168663175,0.009866704492040305,0.009866704492040305
358,336.76879849263696,340.096573189578,loaded:unit_ball_P2_h008_N5000_slepc_eigs.txt,3.3277746969410487,3.3277746969410487,0.009881481633203636,0.009881481633203636
359,336.76879849263696,340.101748805834,loaded:unit_ball_P2_h008_N5000_slepc_eigs.txt,3.3329503131970455,3.3329503131970455,0.009896850088592505,0.009896850088592505
360,336.76879849263696,340.1121031128925,loaded:unit_ball_P2_h008_N5000_slepc_eigs.txt,3.3433046202555374,3.3433046202555374,0.009927596128917016,0.009927596128917016
361,336.76879849263696,340.1173218447146,loaded:unit_ball_P2_h008_N5000_slepc_eigs.txt,3.3485233520776205,3.3485233520776205,0.009943092611505196,0.009943092611505196
362,336.76879849263696,340.1262426022991,loaded:unit_ball_P2_h008_N5000_slepc_eigs.txt,3.35744410966214,3.35744410966214,0.009969581875428837,0.009969581875428837
363,336.76879849263696,340.1309748316114,loaded:unit_ball_P2_h008_N5000_slepc_eigs.txt,3.36217633897445,3.36217633897445,0.009983633739299516,0.009983633739299516
364,336.76879849263696,340.1448461469999,loaded:unit_ball_P2_h008_N5000_slepc_eigs.txt,3.376047654362935,3.376047654362935,0.010024823170893453,0.010024823170893453
365,336.76879849263696,340.15714008441,loaded:unit_ball_P2_h008_N5000_slepc_eigs.txt,3.3883415917730417,3.3883415917730417,0.010061328742268038,0.010061328742268038
366,336.76879849263696,340.1628038923892,loaded:unit_ball_P2_h008_N5000_slepc_eigs.txt,3.3940053997522455,3.3940053997522455,0.010078146832318408,0.010078146832318408
367,336.76879849263696,340.16797378085425,loaded:unit_ball_P2_h008_N5000_slepc_eigs.txt,3.399175288217293,3.399175288217293,0.010093498279626436,0.010093498279626436
368,336.76879849263696,340.1785403197256,loaded:unit_ball_P2_h008_N5000_slepc_eigs.txt,3.4097418270886237,3.4097418270886237,0.010124874520295483,0.010124874520295483
369,336.76879849263696,340.1836336872791,loaded:unit_ball_P2_h008_N5000_slepc_eigs.txt,3.414835194642137,3.414835194642137,0.010139998746697427,0.010139998746697427
370,336.76879849263696,340.1977192793856,loaded:unit_ball_P2_h008_N5000_slepc_eigs.txt,3.4289207867486198,3.4289207867486198,0.010181824450769565,0.010181824450769565
371,336.76879849263696,340.21333160381613,loaded:unit_ball_P2_h008_N5000_slepc_eigs.txt,3.444533111179169,3.444533111179169,0.010228183628046169,0.010228183628046169
372,336.76879849263696,340.222721986369,loaded:unit_ball_P2_h008_N5000_slepc_eigs.txt,3.4539234937320202,3.4539234937320202,0.010256067394579418,0.010256067394579418
373,336.76879849263696,340.23294056619926,loaded:unit_ball_P2_h008_N5000_slepc_eigs.txt,3.4641420735623,3.4641420735623,0.010286410406984421,0.010286410406984421
374,336.76879849263696,340.25139096165236,loaded:unit_ball_P2_h008_N5000_slepc_eigs.txt,3.482592469015401,3.482592469015401,0.01034119694165059,0.01034119694165059
375,349.28007989207333,353.0668933085688,loaded:unit_ball_P2_h008_N5000_slepc_eigs.txt,3.7868134164954768,3.7868134164954768,0.010841767494056897,0.010841767494056897
376,349.28007989207333,353.1228503841789,loaded:unit_ball_P2_h008_N5000_slepc_eigs.txt,3.842770492105558,3.842770492105558,0.011001974384834556,0.011001974384834556
377,349.28007989207333,353.1446430809515,loaded:unit_ball_P2_h008_N5000_slepc_eigs.txt,3.864563188878151,3.864563188878151,0.011064367570209819,0.011064367570209819
378,349.28007989207333,353.24996618974126,loaded:unit_ball_P2_h008_N5000_slepc_eigs.txt,3.9698862976679266,3.9698862976679266,0.011365910987235835,0.011365910987235835
379,349.28007989207333,353.2805159512102,loaded:unit_ball_P2_h008_N5000_slepc_eigs.txt,4.0004360591368595,4.0004360591368595,0.011453375927917172,0.011453375927917172
380,355.3057584392169,359.38506659901435,loaded:unit_ball_P2_h008_N5000_slepc_eigs.txt,4.079308159797449,4.079308159797449,0.011481120310903453,0.011481120310903453
381,358.07989866817815,362.0606078622445,loaded:unit_ball_P2_h008_N5000_slepc_eigs.txt,3.980709194066378,3.980709194066378,0.011116818366157943,0.011116818366157943
382,358.07989866817815,362.09549376179393,loaded:unit_ball_P2_h008_N5000_slepc_eigs.txt,4.0155950936157865,4.0155950936157865,0.011214243269591957,0.011214243269591957
383,358.07989866817815,362.10112347171787,loaded:unit_ball_P2_h008_N5000_slepc_eigs.txt,4.021224803539724,4.021224803539724,0.011229965207474747,0.011229965207474747
384,358.07989866817815,362.1278451784653,loaded:unit_ball_P2_h008_N5000_slepc_eigs.txt,4.047946510287147,4.047946510287147,0.011304590191582514,0.011304590191582514
385,358.07989866817815,362.14190507340385,loaded:unit_ball_P2_h008_N5000_slepc_eigs.txt,4.062006405225702,4.062006405225702,0.011343854878013806,0.011343854878013806
386,358.07989866817815,362.14931544087057,loaded:unit_ball_P2_h008_N5000_slepc_eigs.txt,4.069416772692421,4.069416772692421,0.011364549609816067,0.011364549609816067
387,358.07989866817815,362.1605587540393,loaded:unit_ball_P2_h008_N5000_slepc_eigs.txt,4.080660085861155,4.080660085861155,0.01139594850489661,0.01139594850489661
388,358.07989866817815,362.18204279605055,loaded:unit_ball_P2_h008_N5000_slepc_eigs.txt,4.102144127872407,4.102144127872407,0.011455946405061236,0.011455946405061236
389,358.07989866817815,362.1968178925749,loaded:unit_ball_P2_h008_N5000_slepc_eigs.txt,4.116919224396781,4.116919224396781,0.01149720841552127,0.01149720841552127
390,358.07989866817815,362.2052247188778,loaded:unit_ball_P2_h008_N5000_slepc_eigs.txt,4.125326050699641,4.125326050699641,0.01152068593083036,0.01152068593083036
391,358.07989866817815,362.21962687187926,loaded:unit_ball_P2_h008_N5000_slepc_eigs.txt,4.139728203701111,4.139728203701111,0.011560906432051,0.011560906432051
392,358.07989866817815,362.247339530141,loaded:unit_ball_P2_h008_N5000_slepc_eigs.txt,4.167440861962859,4.167440861962859,0.011638298819517655,0.011638298819517655
393,358.07989866817815,362.26916206512476,loaded:unit_ball_P2_h008_N5000_slepc_eigs.txt,4.189263396946615,4.189263396946615,0.011699242019805973,0.011699242019805973
394,358.07989866817815,362.2795885506838,loaded:unit_ball_P2_h008_N5000_slepc_eigs.txt,4.199689882505652,4.199689882505652,0.011728359782623201,0.011728359782623201
395,358.07989866817815,362.32003502010605,loaded:unit_ball_P2_h008_N5000_slepc_eigs.txt,4.240136351927902,4.240136351927902,0.011841313538398613,0.011841313538398613
396,361.9831027781851,365.98389996619824,loaded:unit_ball_P2_h008_N5000_slepc_eigs.txt,4.0007971880131095,4.0007971880131095,0.01105244183307834,0.01105244183307834
397,361.9831027781851,366.01729901953763,loaded:unit_ball_P2_h008_N5000_slepc_eigs.txt,4.034196241352504,4.034196241352504,0.011144708718143029,0.011144708718143029
398,361.9831027781851,366.0320496210342,loaded:unit_ball_P2_h008_N5000_slepc_eigs.txt,4.048946842849091,4.048946842849091,0.01118545813816672,0.01118545813816672
399,361.9831027781851,366.0439053375686,loaded:unit_ball_P2_h008_N5000_slepc_eigs.txt,4.0608025593834896,4.0608025593834896,0.011218210265112445,0.011218210265112445
400,361.9831027781851,366.06206929108635,loaded:unit_ball_P2_h008_N5000_slepc_eigs.txt,4.078966512901218,4.078966512901218,0.0112683892745146,0.0112683892745146
401,361.9831027781851,366.0826358750101,loaded:unit_ball_P2_h008_N5000_slepc_eigs.txt,4.099533096824985,4.099533096824985,0.01132520569430304,0.01132520569430304
402,361.9831027781851,366.1064762373301,loaded:unit_ball_P2_h008_N5000_slepc_eigs.txt,4.123373459145,4.123373459145,0.011391066122972342,0.011391066122972342
403,361.9831027781851,366.1181013682034,loaded:unit_ball_P2_h008_N5000_slepc_eigs.txt,4.134998590018256,4.134998590018256,0.011423181243219763,0.011423181243219763
404,361.9831027781851,366.12216438236527,loaded:unit_ball_P2_h008_N5000_slepc_eigs.txt,4.139061604180142,4.139061604180142,0.011434405563169239,0.011434405563169239
405,361.9831027781851,366.1286736441783,loaded:unit_ball_P2_h008_N5000_slepc_eigs.txt,4.145570865993193,4.145570865993193,0.011452387788756822,0.011452387788756822
406,361.9831027781851,366.1368791335135,loaded:unit_ball_P2_h008_N5000_slepc_eigs.txt,4.153776355328375,4.153776355328375,0.011475055944458582,0.011475055944458582
407,361.9831027781851,366.15656798821533,loaded:unit_ball_P2_h008_N5000_slepc_eigs.txt,4.173465210030201,4.173465210030201,0.011529447584705643,0.011529447584705643
408,361.9831027781851,366.1640603971278,loaded:unit_ball_P2_h008_N5000_slepc_eigs.txt,4.180957618942671,4.180957618942671,0.011550145813034441,0.011550145813034441
409,361.9831027781851,366.17140876035614,loaded:unit_ball_P2_h008_N5000_slepc_eigs.txt,4.188305982171016,4.188305982171016,0.011570446106534186,0.011570446106534186
410,361.9831027781851,366.1801120331419,loaded:unit_ball_P2_h008_N5000_slepc_eigs.txt,4.197009254956754,4.197009254956754,0.011594489418829542,0.011594489418829542
411,361.9831027781851,366.1954650744082,loaded:unit_ball_P2_h008_N5000_slepc_eigs.txt,4.212362296223091,4.212362296223091,0.011636903114796298,0.011636903114796298
412,361.9831027781851,366.2008274015562,loaded:unit_ball_P2_h008_N5000_slepc_eigs.txt,4.217724623371055,4.217724623371055,0.01165171686468354,0.01165171686468354
413,361.9831027781851,366.22602422914116,loaded:unit_ball_P2_h008_N5000_slepc_eigs.txt,4.2429214509560325,4.2429214509560325,0.011721324609883784,0.011721324609883784
414,361.9831027781851,366.2442028451187,loaded:unit_ball_P2_h008_N5000_slepc_eigs.txt,4.2611000669335795,4.2611000669335795,0.0117715441252093,0.0117715441252093
415,361.9831027781851,366.26756316004565,loaded:unit_ball_P2_h008_N5000_slepc_eigs.txt,4.2844603818605265,4.2844603818605265,0.011836078394206,0.011836078394206
416,361.9831027781851,366.31154685655497,loaded:unit_ball_P2_h008_N5000_slepc_eigs.txt,4.3284440783698415,4.3284440783698415,0.01195758598992454,0.01195758598992454
417,378.21315618059765,382.4993990813931,loaded:unit_ball_P2_h008_N5000_slepc_eigs.txt,4.2862429007954574,4.2862429007954574,0.01133287626501487,0.01133287626501487
418,378.21315618059765,382.55044200161944,loaded:unit_ball_P2_h008_N5000_slepc_eigs.txt,4.337285821021794,4.337285821021794,0.011467834341941109,0.011467834341941109
419,378.21315618059765,382.5942525342336,loaded:unit_ball_P2_h008_N5000_slepc_eigs.txt,4.3810963536359395,4.3810963536359395,0.011583669901593683,0.011583669901593683
420,378.21315618059765,382.5970198926707,loaded:unit_ball_P2_h008_N5000_slepc_eigs.txt,4.383863712073037,4.383863712073037,0.011590986829606032,0.011590986829606032
421,378.21315618059765,382.60382944671994,loaded:unit_ball_P2_h008_N5000_slepc_eigs.txt,4.390673266122292,4.390673266122292,0.011608991370003362,0.011608991370003362
422,378.21315618059765,382.6194376982823,loaded:unit_ball_P2_h008_N5000_slepc_eigs.txt,4.406281517684647,4.406281517684647,0.011650259769336627,0.011650259769336627
423,378.21315618059765,382.6454938930579,loaded:unit_ball_P2_h008_N5000_slepc_eigs.txt,4.432337712460253,4.432337712460253,0.011719152652489438,0.011719152652489438
424,378.21315618059765,382.64734185951147,loaded:unit_ball_P2_h008_N5000_slepc_eigs.txt,4.4341856789138205,4.4341856789138205,0.011724038697364844,0.011724038697364844
425,378.21315618059765,382.6611600010134,loaded:unit_ball_P2_h008_N5000_slepc_eigs.txt,4.4480038204157495,4.4480038204157495,0.011760574024801553,0.011760574024801553
426,378.21315618059765,382.67113604803814,loaded:unit_ball_P2_h008_N5000_slepc_eigs.txt,4.457979867440486,4.457979867440486,0.011786950809590002,0.011786950809590002
427,378.21315618059765,382.6831783548995,loaded:unit_ball_P2_h008_N5000_slepc_eigs.txt,4.470022174301846,4.470022174301846,0.011818790809506902,0.011818790809506902
428,378.21315618059765,382.69878979361283,loaded:unit_ball_P2_h008_N5000_slepc_eigs.txt,4.485633613015182,4.485633613015182,0.011860067635704564,0.011860067635704564
429,378.21315618059765,382.7150875507548,loaded:unit_ball_P2_h008_N5000_slepc_eigs.txt,4.501931370157138,4.501931370157138,0.011903159095839213,0.011903159095839213
430,378.21315618059765,382.7194800509173,loaded:unit_ball_P2_h008_N5000_slepc_eigs.txt,4.5063238703196475,4.5063238703196475,0.011914772917544591,0.011914772917544591
431,378.21315618059765,382.73382491423365,loaded:unit_ball_P2_h008_N5000_slepc_eigs.txt,4.5206687336360005,4.5206687336360005,0.011952700903607305,0.011952700903607305
432,378.21315618059765,382.73674384377557,loaded:unit_ball_P2_h008_N5000_slepc_eigs.txt,4.523587663177921,4.523587663177921,0.011960418587390168,0.011960418587390168
433,378.21315618059765,382.7513156732908,loaded:unit_ball_P2_h008_N5000_slepc_eigs.txt,4.538159492693126,4.538159492693126,0.01199894667473213,0.01199894667473213
434,378.21315618059765,382.78489226020906,loaded:unit_ball_P2_h008_N5000_slepc_eigs.txt,4.571736079611412,4.571736079611412,0.012087723562499231,0.012087723562499231
435,378.21315618059765,382.79557987837387,loaded:unit_ball_P2_h008_N5000_slepc_eigs.txt,4.582423697776221,4.582423697776221,0.012115981749688537,0.012115981749688537
436,378.21315618059765,382.8082432055715,loaded:unit_ball_P2_h008_N5000_slepc_eigs.txt,4.59508702497385,4.59508702497385,0.01214946373462399,0.01214946373462399
437,378.21315618059765,382.8120270107046,loaded:unit_ball_P2_h008_N5000_slepc_eigs.txt,4.598870830106932,4.598870830106932,0.01215946815956598,0.01215946815956598
438,378.21315618059765,382.8239977851625,loaded:unit_ball_P2_h008_N5000_slepc_eigs.txt,4.6108416045648255,4.6108416045648255,0.01219111902697308,0.01219111902697308
439,378.21315618059765,382.8283734577918,loaded:unit_ball_P2_h008_N5000_slepc_eigs.txt,4.615217277194176,4.615217277194176,0.01220268835648435,0.01220268835648435
440,378.21315618059765,382.8436036555221,loaded:unit_ball_P2_h008_N5000_slepc_eigs.txt,4.630447474924438,4.630447474924438,0.01224295717707236,0.01224295717707236
441,378.21315618059765,382.87396256776304,loaded:unit_ball_P2_h008_N5000_slepc_eigs.txt,4.660806387165394,4.660806387165394,0.012323226495431185,0.012323226495431185
442,378.21315618059765,382.88072862021795,loaded:unit_ball_P2_h008_N5000_slepc_eigs.txt,4.667572439620301,4.667572439620301,0.012341116017105244,0.012341116017105244
443,378.21315618059765,382.9088062334307,loaded:unit_ball_P2_h008_N5000_slepc_eigs.txt,4.695650052833059,4.695650052833059,0.012415353554202847,0.012415353554202847
444,378.21315618059765,382.9360320150093,loaded:unit_ball_P2_h008_N5000_slepc_eigs.txt,4.722875834411639,4.722875834411639,0.012487338838515851,0.012487338838515851
445,378.21315618059765,382.972014224251,loaded:unit_ball_P2_h008_N5000_slepc_eigs.txt,4.758858043653333,4.758858043653333,0.012582476219787997,0.012582476219787997
446,386.24638753731847,391.1318310036006,loaded:unit_ball_P2_h008_N5000_slepc_eigs.txt,4.88544346628214,4.88544346628214,0.012648515620900446,0.012648515620900446
447,386.24638753731847,391.16410137796026,loaded:unit_ball_P2_h008_N5000_slepc_eigs.txt,4.917713840641795,4.917713840641795,0.012732064297084601,0.012732064297084601
448,386.24638753731847,391.1848527738898,loaded:unit_ball_P2_h008_N5000_slepc_eigs.txt,4.938465236571346,4.938465236571346,0.012785790096468411,0.012785790096468411
449,386.24638753731847,391.20125384396954,loaded:unit_ball_P2_h008_N5000_slepc_eigs.txt,4.95486630665107,4.95486630665107,0.012828252810966003,0.012828252810966003
450,386.24638753731847,391.227820848282,loaded:unit_ball_P2_h008_N5000_slepc_eigs.txt,4.981433310963553,4.981433310963553,0.012897035342452892,0.012897035342452892
451,386.24638753731847,391.25717608864824,loaded:unit_ball_P2_h008_N5000_slepc_eigs.txt,5.010788551329767,5.010788551329767,0.012973036675574432,0.012973036675574432
452,386.24638753731847,391.2755703896266,loaded:unit_ball_P2_h008_N5000_slepc_eigs.txt,5.029182852308111,5.029182852308111,0.013020659906682492,0.013020659906682492
453,386.24638753731847,391.3475104935974,loaded:unit_ball_P2_h008_N5000_slepc_eigs.txt,5.101122956278914,5.101122956278914,0.013206914345020384,0.013206914345020384
454,386.24638753731847,391.3497957260046,loaded:unit_ball_P2_h008_N5000_slepc_eigs.txt,5.103408188686103,5.103408188686103,0.013212830859662138,0.013212830859662138
455,386.24638753731847,391.41772394172204,loaded:unit_ball_P2_h008_N5000_slepc_eigs.txt,5.171336404403576,5.171336404403576,0.013388698435150878,0.013388698435150878
456,386.24638753731847,391.43732803100426,loaded:unit_ball_P2_h008_N5000_slepc_eigs.txt,5.190940493685787,5.190940493685787,0.013439453833556558,0.013439453833556558
457,404.88708372228785,410.38837163004484,loaded:unit_ball_P2_h008_N5000_slepc_eigs.txt,5.501287907756989,5.501287907756989,0.013587215124724314,0.013587215124724314
458,404.88708372228785,410.41996428674076,loaded:unit_ball_P2_h008_N5000_slepc_eigs.txt,5.53288056445291,5.53288056445291,0.013665243439200234,0.013665243439200234
459,404.88708372228785,410.53649413595434,loaded:unit_ball_P2_h008_N5000_slepc_eigs.txt,5.649410413666487,5.649410413666487,0.013953051704512805,0.013953051704512805
460,404.88708372228785,410.5856566312604,loaded:unit_ball_P2_h008_N5000_slepc_eigs.txt,5.698572908972551,5.698572908972551,0.01407447443515191,0.01407447443515191
461,404.88708372228785,410.6262885407951,loaded:unit_ball_P2_h008_N5000_slepc_eigs.txt,5.739204818507233,5.739204818507233,0.01417482811687753,0.01417482811687753
462,404.88708372228785,410.71615366032654,loaded:unit_ball_P2_h008_N5000_slepc_eigs.txt,5.8290699380386855,5.8290699380386855,0.014396779182111045,0.014396779182111045
463,404.88708372228785,410.7240246270283,loaded:unit_ball_P2_h008_N5000_slepc_eigs.txt,5.836940904740459,5.836940904740459,0.014416219087749458,0.014416219087749458
464,407.33212617802803,412.8673406323933,loaded:unit_ball_P2_h008_N5000_slepc_eigs.txt,5.535214454365246,5.535214454365246,0.013588946460721913,0.013588946460721913
465,407.33212617802803,412.89485784458833,loaded:unit_ball_P2_h008_N5000_slepc_eigs.txt,5.562731666560296,5.562731666560296,0.013656501191681247,0.013656501191681247
466,407.33212617802803,412.9277580114616,loaded:unit_ball_P2_h008_N5000_slepc_eigs.txt,5.595631833433572,5.595631833433572,0.013737271071489098,0.013737271071489098
467,407.33212617802803,412.971939633498,loaded:unit_ball_P2_h008_N5000_slepc_eigs.txt,5.639813455469948,5.639813455469948,0.013845736913481307,0.013845736913481307
468,407.33212617802803,412.9890709922047,loaded:unit_ball_P2_h008_N5000_slepc_eigs.txt,5.656944814176654,5.656944814176654,0.013887794383554803,0.013887794383554803
469,407.33212617802803,412.9982304884374,loaded:unit_ball_P2_h008_N5000_slepc_eigs.txt,5.6661043104093665,5.6661043104093665,0.013910280938491325,0.013910280938491325
470,407.33212617802803,413.0285975446902,loaded:unit_ball_P2_h008_N5000_slepc_eigs.txt,5.696471366662138,5.696471366662138,0.013984832034025339,0.013984832034025339
471,407.33212617802803,413.04185853318455,loaded:unit_ball_P2_h008_N5000_slepc_eigs.txt,5.709732355156518,5.709732355156518,0.014017387748741013,0.014017387748741013
472,407.33212617802803,413.05205645151307,loaded:unit_ball_P2_h008_N5000_slepc_eigs.txt,5.7199302734850335,5.7199302734850335,0.014042423628980073,0.014042423628980073
473,407.33212617802803,413.0755297582944,loaded:unit_ball_P2_h008_N5000_slepc_eigs.txt,5.743403580266374,5.743403580266374,0.014100050575819718,0.014100050575819718
474,407.33212617802803,413.08064728098987,loaded:unit_ball_P2_h008_N5000_slepc_eigs.txt,5.748521102961831,5.748521102961831,0.014112614089391491,0.014112614089391491
475,407.33212617802803,413.0964615044688,loaded:unit_ball_P2_h008_N5000_slepc_eigs.txt,5.764335326440744,5.764335326440744,0.014151437993676422,0.014151437993676422
476,407.33212617802803,413.108531697063,loaded:unit_ball_P2_h008_N5000_slepc_eigs.txt,5.776405519034938,5.776405519034938,0.014181070305538116,0.014181070305538116
477,407.33212617802803,413.15986409268936,loaded:unit_ball_P2_h008_N5000_slepc_eigs.txt,5.827737914661327,5.827737914661327,0.014307091290202491,0.014307091290202491
478,407.33212617802803,413.1819149230235,loaded:unit_ball_P2_h008_N5000_slepc_eigs.txt,5.849788744995465,5.849788744995465,0.014361226058655545,0.014361226058655545
479,407.33212617802803,413.2127369610272,loaded:unit_ball_P2_h008_N5000_slepc_eigs.txt,5.880610782999156,5.880610782999156,0.014436894133975045,0.014436894133975045
480,407.33212617802803,413.26421316180733,loaded:unit_ball_P2_h008_N5000_slepc_eigs.txt,5.9320869837793,5.9320869837793,0.014563268160161347,0.014563268160161347
481,408.1992979099472,413.6760000894239,loaded:unit_ball_P2_h008_N5000_slepc_eigs.txt,5.4767021794767174,5.4767021794767174,0.01341673591189011,0.01341673591189011
482,408.1992979099472,413.7306981017477,loaded:unit_ball_P2_h008_N5000_slepc_eigs.txt,5.531400191800515,5.531400191800515,0.013550734212729579,0.013550734212729579
483,408.1992979099472,413.7381898852772,loaded:unit_ball_P2_h008_N5000_slepc_eigs.txt,5.538891975330046,5.538891975330046,0.013569087462154284,0.013569087462154284
484,408.1992979099472,413.77537557185923,loaded:unit_ball_P2_h008_N5000_slepc_eigs.txt,5.576077661912052,5.576077661912052,0.01366018435225773,0.01366018435225773
485,408.1992979099472,413.80386364801694,loaded:unit_ball_P2_h008_N5000_slepc_eigs.txt,5.604565738069766,5.604565738069766,0.013729973977824404,0.013729973977824404
486,408.1992979099472,413.80564458056307,loaded:unit_ball_P2_h008_N5000_slepc_eigs.txt,5.606346670615892,5.606346670615892,0.013734336877406163,0.013734336877406163
487,408.1992979099472,413.82135511600075,loaded:unit_ball_P2_h008_N5000_slepc_eigs.txt,5.622057206053569,5.622057206053569,0.013772824291564192,0.013772824291564192
488,408.1992979099472,413.8384998634575,loaded:unit_ball_P2_h008_N5000_slepc_eigs.txt,5.639201953510337,5.639201953510337,0.01381482521499682,0.01381482521499682
489,408.1992979099472,413.840741914631,loaded:unit_ball_P2_h008_N5000_slepc_eigs.txt,5.6414440046838195,5.6414440046838195,0.01382031775549104,0.01382031775549104
490,408.1992979099472,413.8583804261442,loaded:unit_ball_P2_h008_N5000_slepc_eigs.txt,5.6590825161970315,5.6590825161970315,0.013863528294077275,0.013863528294077275
491,408.1992979099472,413.88203148739746,loaded:unit_ball_P2_h008_N5000_slepc_eigs.txt,5.6827335774502785,5.6827335774502785,0.013921468279212833,0.013921468279212833
492,408.1992979099472,413.88949958473194,loaded:unit_ball_P2_h008_N5000_slepc_eigs.txt,5.69020167478476,5.69020167478476,0.013939763502582199,0.013939763502582199
493,408.1992979099472,413.90617340537375,loaded:unit_ball_P2_h008_N5000_slepc_eigs.txt,5.706875495426573,5.706875495426573,0.013980610757163933,0.013980610757163933
494,408.1992979099472,413.92110214960485,loaded:unit_ball_P2_h008_N5000_slepc_eigs.txt,5.721804239657672,5.721804239657672,0.014017182951941183,0.014017182951941183
495,408.1992979099472,413.93558380374446,loaded:unit_ball_P2_h008_N5000_slepc_eigs.txt,5.736285893797287,5.736285893797287,0.014052659872684958,0.014052659872684958
496,408.1992979099472,413.96014525203367,loaded:unit_ball_P2_h008_N5000_slepc_eigs.txt,5.7608473420864925,5.7608473420864925,0.01411283010917229,0.01411283010917229
497,408.1992979099472,413.9635046878574,loaded:unit_ball_P2_h008_N5000_slepc_eigs.txt,5.7642067779102035,5.7642067779102035,0.014121060000406579,0.014121060000406579
498,408.1992979099472,413.98323203864044,loaded:unit_ball_P2_h008_N5000_slepc_eigs.txt,5.783934128693261,5.783934128693261,0.014169387743457742,0.014169387743457742
499,408.1992979099472,413.9976144241436,loaded:unit_ball_P2_h008_N5000_slepc_eigs.txt,5.798316514196415,5.798316514196415,0.014204621477510677,0.014204621477510677
500,408.1992979099472,414.0298364513559,loaded:unit_ball_P2_h008_N5000_slepc_eigs.txt,5.830538541408714,5.830538541408714,0.014283558475632138,0.014283558475632138
501,408.1992979099472,414.05011513801554,loaded:unit_ball_P2_h008_N5000_slepc_eigs.txt,5.850817228068365,5.850817228068365,0.014333236872345414,0.014333236872345414
502,408.1992979099472,414.08280097560487,loaded:unit_ball_P2_h008_N5000_slepc_eigs.txt,5.883503065657692,5.883503065657692,0.014413310105583893,0.014413310105583893
503,408.1992979099472,414.11505144699424,loaded:unit_ball_P2_h008_N5000_slepc_eigs.txt,5.915753537047067,5.915753537047067,0.014492316785787664,0.014492316785787664
504,414.98998425907814,420.820738057088,loaded:unit_ball_P2_h008_N5000_slepc_eigs.txt,5.83075379800988,5.83075379800988,0.014050348247368163,0.014050348247368163
505,414.98998425907814,421.08879093289926,loaded:unit_ball_P2_h008_N5000_slepc_eigs.txt,6.098806673821116,6.098806673821116,0.014696274380476692,0.014696274380476692
506,414.98998425907814,421.2160321814767,loaded:unit_ball_P2_h008_N5000_slepc_eigs.txt,6.22604792239855,6.22604792239855,0.01500288719862605,0.01500288719862605
507,421.9010412658001,427.59156773653046,loaded:unit_ball_P2_h008_N5000_slepc_eigs.txt,5.69052647073039,5.69052647073039,0.013487822769191332,0.013487822769191332
508,421.9010412658001,427.6523669704438,loaded:unit_ball_P2_h008_N5000_slepc_eigs.txt,5.751325704643705,5.751325704643705,0.013631930576393947,0.013631930576393947
509,421.9010412658001,427.69150565141433,loaded:unit_ball_P2_h008_N5000_slepc_eigs.txt,5.790464385614257,5.790464385614257,0.013724698019804676,0.013724698019804676
510,421.9010412658001,427.72391510955424,loaded:unit_ball_P2_h008_N5000_slepc_eigs.txt,5.8228738437541665,5.8228738437541665,0.013801515697340321,0.013801515697340321
511,421.9010412658001,427.73202380450687,loaded:unit_ball_P2_h008_N5000_slepc_eigs.txt,5.830982538706792,5.830982538706792,0.013820735121232467,0.013820735121232467
512,421.9010412658001,427.7516965922944,loaded:unit_ball_P2_h008_N5000_slepc_eigs.txt,5.850655326494348,5.850655326494348,0.013867364036222896,0.013867364036222896
513,421.9010412658001,427.78556357383366,loaded:unit_ball_P2_h008_N5000_slepc_eigs.txt,5.884522308033581,5.884522308033581,0.013947636370791269,0.013947636370791269
514,421.9010412658001,427.80665600948936,loaded:unit_ball_P2_h008_N5000_slepc_eigs.txt,5.905614743689284,5.905614743689284,0.013997630169319049,0.013997630169319049
515,421.9010412658001,427.8262864883016,loaded:unit_ball_P2_h008_N5000_slepc_eigs.txt,5.92524522250153,5.92524522250153,0.014044158802558137,0.014044158802558137
516,421.9010412658001,427.8432909528058,loaded:unit_ball_P2_h008_N5000_slepc_eigs.txt,5.942249687005699,5.942249687005699,0.014084463193495765,0.014084463193495765
517,421.9010412658001,427.84753188618447,loaded:unit_ball_P2_h008_N5000_slepc_eigs.txt,5.946490620384395,5.946490620384395,0.01409451515583739,0.01409451515583739
518,421.9010412658001,427.8555791522362,loaded:unit_ball_P2_h008_N5000_slepc_eigs.txt,5.954537886436128,5.954537886436128,0.014113588979470508,0.014113588979470508
519,421.9010412658001,427.87685180653506,loaded:unit_ball_P2_h008_N5000_slepc_eigs.txt,5.975810540734983,5.975810540734983,0.014164009936562798,0.014164009936562798
520,421.9010412658001,427.87892558963085,loaded:unit_ball_P2_h008_N5000_slepc_eigs.txt,5.977884323830779,5.977884323830779,0.014168925267156848,0.014168925267156848
521,421.9010412658001,427.9063219682154,loaded:unit_ball_P2_h008_N5000_slepc_eigs.txt,6.005280702415348,6.005280702415348,0.014233860822903224,0.014233860822903224
522,421.9010412658001,427.91942281462735,loaded:unit_ball_P2_h008_N5000_slepc_eigs.txt,6.0183815488272785,6.0183815488272785,0.014264912764307835,0.014264912764307835
523,421.9010412658001,427.9383356325626,loaded:unit_ball_P2_h008_N5000_slepc_eigs.txt,6.037294366762524,6.037294366762524,0.014309740380467546,0.014309740380467546
524,421.9010412658001,427.9466140156,loaded:unit_ball_P2_h008_N5000_slepc_eigs.txt,6.0455727497999305,6.0455727497999305,0.01432936200314136,0.01432936200314136
525,421.9010412658001,427.9656182585203,loaded:unit_ball_P2_h008_N5000_slepc_eigs.txt,6.0645769927202196,6.0645769927202196,0.014374406317000534,0.014374406317000534
526,421.9010412658001,427.9946860400522,loaded:unit_ball_P2_h008_N5000_slepc_eigs.txt,6.093644774252141,6.093644774252141,0.01444330347223085,0.01444330347223085
527,421.9010412658001,428.0085214130301,loaded:unit_ball_P2_h008_N5000_slepc_eigs.txt,6.107480147230035,6.107480147230035,0.01447609640617665,0.01447609640617665
528,421.9010412658001,428.0304932486422,loaded:unit_ball_P2_h008_N5000_slepc_eigs.txt,6.129451982842113,6.129451982842113,0.014528174579641588,0.014528174579641588
529,421.9010412658001,428.043241141592,loaded:unit_ball_P2_h008_N5000_slepc_eigs.txt,6.142199875791903,6.142199875791903,0.014558389942257293,0.014558389942257293
530,421.9010412658001,428.0537737645954,loaded:unit_ball_P2_h008_N5000_slepc_eigs.txt,6.152732498795331,6.152732498795331,0.014583354618741209,0.014583354618741209
531,421.9010412658001,428.08077617711325,loaded:unit_ball_P2_h008_N5000_slepc_eigs.txt,6.179734911313176,6.179734911313176,0.014647356386636428,0.014647356386636428
532,421.9010412658001,428.110773727143,loaded:unit_ball_P2_h008_N5000_slepc_eigs.txt,6.209732461342924,6.209732461342924,0.014718457301532841,0.014718457301532841
533,421.9010412658001,428.1292305778275,loaded:unit_ball_P2_h008_N5000_slepc_eigs.txt,6.228189312027439,6.228189312027439,0.01476220417314316,0.01476220417314316
534,421.9010412658001,428.13972182755964,loaded:unit_ball_P2_h008_N5000_slepc_eigs.txt,6.2386805617595655,6.2386805617595655,0.014787070785703894,0.014787070785703894
535,421.9010412658001,428.1752250410036,loaded:unit_ball_P2_h008_N5000_slepc_eigs.txt,6.274183775203539,6.274183775203539,0.014871221356504706,0.014871221356504706
536,421.9010412658001,428.21621181904874,loaded:unit_ball_P2_h008_N5000_slepc_eigs.txt,6.315170553248663,6.315170553248663,0.01496836920407141,0.01496836920407141
537,421.9010412658001,428.2473172399242,loaded:unit_ball_P2_h008_N5000_slepc_eigs.txt,6.346275974124126,6.346275974124126,0.015042096021104474,0.015042096021104474
538,440.305722365769,447.0986947036984,loaded:unit_ball_P2_h008_N5000_slepc_eigs.txt,6.792972337929427,6.792972337929427,0.015427853858974825,0.015427853858974825
539,440.305722365769,447.1855621146833,loaded:unit_ball_P2_h008_N5000_slepc_eigs.txt,6.879839748914321,6.879839748914321,0.015625142712088418,0.015625142712088418
540,440.305722365769,447.2220052802265,loaded:unit_ball_P2_h008_N5000_slepc_eigs.txt,6.916282914457497,6.916282914457497,0.015707910579258907,0.015707910579258907
541,440.305722365769,447.23385671703033,loaded:unit_ball_P2_h008_N5000_slepc_eigs.txt,6.928134351261349,6.928134351261349,0.01573482696076804,0.01573482696076804
542,440.305722365769,447.32807234000825,loaded:unit_ball_P2_h008_N5000_slepc_eigs.txt,7.022349974239262,7.022349974239262,0.015948804699852808,0.015948804699852808
543,440.305722365769,447.34229783525564,loaded:unit_ball_P2_h008_N5000_slepc_eigs.txt,7.03657546948665,7.03657546948665,0.01598111292235547,0.01598111292235547
544,440.305722365769,447.3866821301201,loaded:unit_ball_P2_h008_N5000_slepc_eigs.txt,7.080959764351121,7.080959764351121,0.016081916279227584,0.016081916279227584
545,440.305722365769,447.42989538629087,loaded:unit_ball_P2_h008_N5000_slepc_eigs.txt,7.12417302052188,7.12417302052188,0.016180060032478332,0.016180060032478332
546,440.305722365769,447.46615355204875,loaded:unit_ball_P2_h008_N5000_slepc_eigs.txt,7.160431186279766,7.160431186279766,0.016262407737529884,0.016262407737529884
547,440.305722365769,447.48842369668995,loaded:unit_ball_P2_h008_N5000_slepc_eigs.txt,7.182701330920963,7.182701330920963,0.016312986559266607,0.016312986559266607
548,440.305722365769,447.5457230460717,loaded:unit_ball_P2_h008_N5000_slepc_eigs.txt,7.240000680302728,7.240000680302728,0.01644312193219316,0.01644312193219316
549,440.305722365769,447.5705206201751,loaded:unit_ball_P2_h008_N5000_slepc_eigs.txt,7.2647982544061165,7.2647982544061165,0.016499440923393525,0.016499440923393525
550,440.305722365769,447.60139345890025,loaded:unit_ball_P2_h008_N5000_slepc_eigs.txt,7.295671093131261,7.295671093131261,0.01656955774712969,0.01656955774712969
551,456.84668680111906,464.1671626128034,loaded:unit_ball_P2_h008_N5000_slepc_eigs.txt,7.320475811684332,7.320475811684332,0.016023922298622657,0.016023922298622657
552,456.84668680111906,464.2092338455996,loaded:unit_ball_P2_h008_N5000_slepc_eigs.txt,7.36254704448055,7.36254704448055,0.016116012783268182,0.016116012783268182
553,456.84668680111906,464.2548790776851,loaded:unit_ball_P2_h008_N5000_slepc_eigs.txt,7.408192276566012,7.408192276566012,0.016215926459790767,0.016215926459790767
554,456.84668680111906,464.26738902395033,loaded:unit_ball_P2_h008_N5000_slepc_eigs.txt,7.420702222831267,7.420702222831267,0.01624330970810291,0.01624330970810291
555,456.84668680111906,464.3209860746348,loaded:unit_ball_P2_h008_N5000_slepc_eigs.txt,7.474299273515726,7.474299273515726,0.01636062926460391,0.01636062926460391
556,456.84668680111906,464.3284509663528,loaded:unit_ball_P2_h008_N5000_slepc_eigs.txt,7.481764165233756,7.481764165233756,0.016376969301499657,0.016376969301499657
557,456.84668680111906,464.3723122305118,loaded:unit_ball_P2_h008_N5000_slepc_eigs.txt,7.525625429392733,7.525625429392733,0.01647297801826654,0.01647297801826654
558,456.84668680111906,464.37423752189056,loaded:unit_ball_P2_h008_N5000_slepc_eigs.txt,7.527550720771501,7.527550720771501,0.016477192323490573,0.016477192323490573
559,456.84668680111906,464.4148206304591,loaded:unit_ball_P2_h008_N5000_slepc_eigs.txt,7.568133829340013,7.568133829340013,0.016566025426019298,0.016566025426019298
560,456.84668680111906,464.4334344715532,loaded:unit_ball_P2_h008_N5000_slepc_eigs.txt,7.586747670434136,7.586747670434136,0.01660676960044783,0.01660676960044783
561,456.84668680111906,464.44729042539365,loaded:unit_ball_P2_h008_N5000_slepc_eigs.txt,7.600603624274584,7.600603624274584,0.016637099149158074,0.016637099149158074
562,456.84668680111906,464.48437136195327,loaded:unit_ball_P2_h008_N5000_slepc_eigs.txt,7.637684560834202,7.637684560834202,0.016718266283846657,0.016718266283846657
563,456.84668680111906,464.50447357062046,loaded:unit_ball_P2_h008_N5000_slepc_eigs.txt,7.657786769501399,7.657786769501399,0.016762268373055084,0.016762268373055084
564,456.84668680111906,464.5113617496574,loaded:unit_ball_P2_h008_N5000_slepc_eigs.txt,7.664674948538334,7.664674948538334,0.016777346033101534,0.016777346033101534
565,456.84668680111906,464.5331903754637,loaded:unit_ball_P2_h008_N5000_slepc_eigs.txt,7.686503574344613,7.686503574344613,0.01682512710810314,0.01682512710810314
566,456.84668680111906,464.5358487931348,loaded:unit_ball_P2_h008_N5000_slepc_eigs.txt,7.689161992015727,7.689161992015727,0.0168309461667675,0.0168309461667675
567,456.84668680111906,464.5641720709788,loaded:unit_ball_P2_h008_N5000_slepc_eigs.txt,7.717485269859765,7.717485269859765,0.016892943503428424,0.016892943503428424
568,456.84668680111906,464.57596816060783,loaded:unit_ball_P2_h008_N5000_slepc_eigs.txt,7.729281359488766,7.729281359488766,0.016918764178000017,0.016918764178000017
569,456.84668680111906,464.6162009680891,loaded:unit_ball_P2_h008_N5000_slepc_eigs.txt,7.769514166970055,7.769514166970055,0.017006830500124408,0.017006830500124408
570,456.84668680111906,464.62855337779314,loaded:unit_ball_P2_h008_N5000_slepc_eigs.txt,7.781866576674076,7.781866576674076,0.017033868913799932,0.017033868913799932
571,456.84668680111906,464.6581505594356,loaded:unit_ball_P2_h008_N5000_slepc_eigs.txt,7.811463758316563,7.811463758316563,0.017098654721594074,0.017098654721594074
572,456.84668680111906,464.6890720534319,loaded:unit_ball_P2_h008_N5000_slepc_eigs.txt,7.842385252312852,7.842385252312852,0.017166339340722654,0.017166339340722654
573,456.84668680111906,464.72651126526563,loaded:unit_ball_P2_h008_N5000_slepc_eigs.txt,7.879824464146566,7.879824464146566,0.017248290710657865,0.017248290710657865
574,456.84668680111906,464.76851265884727,loaded:unit_ball_P2_h008_N5000_slepc_eigs.txt,7.921825857728209,7.921825857728209,0.017340228322979715,0.017340228322979715
575,456.84668680111906,464.8400177762949,loaded:unit_ball_P2_h008_N5000_slepc_eigs.txt,7.993330975175866,7.993330975175866,0.01749674717167345,0.01749674717167345
576,459.18005391411765,466.7865699065805,loaded:unit_ball_P2_h008_N5000_slepc_eigs.txt,7.606515992462846,7.606515992462846,0.016565432073156916,0.016565432073156916
577,459.18005391411765,466.8187979264458,loaded:unit_ball_P2_h008_N5000_slepc_eigs.txt,7.638744012328175,7.638744012328175,0.01663561809188881,0.01663561809188881
578,459.18005391411765,466.83563343215013,loaded:unit_ball_P2_h008_N5000_slepc_eigs.txt,7.655579518032482,7.655579518032482,0.016672282371098673,0.016672282371098673
579,459.18005391411765,466.8734588904734,loaded:unit_ball_P2_h008_N5000_slepc_eigs.txt,7.693404976355737,7.693404976355737,0.01675465846300603,0.01675465846300603
580,459.18005391411765,466.9060079948778,loaded:unit_ball_P2_h008_N5000_slepc_eigs.txt,7.725954080760175,7.725954080760175,0.016825543738023935,0.016825543738023935
581,459.18005391411765,466.9206748053449,loaded:unit_ball_P2_h008_N5000_slepc_eigs.txt,7.740620891227252,7.740620891227252,0.016857485043710135,0.016857485043710135
582,459.18005391411765,466.9537124907635,loaded:unit_ball_P2_h008_N5000_slepc_eigs.txt,7.7736585766458575,7.7736585766458575,0.01692943434799064,0.01692943434799064
583,459.18005391411765,466.96910814534857,loaded:unit_ball_P2_h008_N5000_slepc_eigs.txt,7.789054231230921,7.789054231230921,0.016962962926712274,0.016962962926712274
584,459.18005391411765,467.0005138662622,loaded:unit_ball_P2_h008_N5000_slepc_eigs.txt,7.820459952144574,7.820459952144574,0.017031358146944394,0.017031358146944394
585,459.18005391411765,467.03636717331426,loaded:unit_ball_P2_h008_N5000_slepc_eigs.txt,7.856313259196611,7.856313259196611,0.01710943929778363,0.01710943929778363
586,459.18005391411765,467.0955137627772,loaded:unit_ball_P2_h008_N5000_slepc_eigs.txt,7.915459848659566,7.915459848659566,0.017238248441296684,0.017238248441296684
587,459.18005391411765,467.1098703404816,loaded:unit_ball_P2_h008_N5000_slepc_eigs.txt,7.9298164263639705,7.9298164263639705,0.01726951412364074,0.01726951412364074
588,459.18005391411765,467.1385227595061,loaded:unit_ball_P2_h008_N5000_slepc_eigs.txt,7.958468845388438,7.958468845388438,0.017331913216938086,0.017331913216938086
589,459.18005391411765,467.15843669882247,loaded:unit_ball_P2_h008_N5000_slepc_eigs.txt,7.97838278470482,7.97838278470482,0.017375281693305107,0.017375281693305107
590,459.18005391411765,467.1602050494062,loaded:unit_ball_P2_h008_N5000_slepc_eigs.txt,7.9801511352885655,7.9801511352885655,0.01737913279826638,0.01737913279826638
591,459.18005391411765,467.20471625750486,loaded:unit_ball_P2_h008_N5000_slepc_eigs.txt,8.024662343387206,8.024662343387206,0.017476069082234334,0.017476069082234334
592,459.18005391411765,467.22239091876685,loaded:unit_ball_P2_h008_N5000_slepc_eigs.txt,8.042337004649198,8.042337004649198,0.01751456087017532,0.01751456087017532
593,459.18005391411765,467.23967514677685,loaded:unit_ball_P2_h008_N5000_slepc_eigs.txt,8.059621232659197,8.059621232659197,0.01755220237455397,0.01755220237455397
594,459.18005391411765,467.33983000287617,loaded:unit_ball_P2_h008_N5000_slepc_eigs.txt,8.15977608875852,8.15977608875852,0.01777031911382779,0.01777031911382779
595,463.3436085973688,471.2263130643263,loaded:unit_ball_P2_h008_N5000_slepc_eigs.txt,7.8827044669574775,7.8827044669574775,0.01701265393693453,0.01701265393693453
596,463.3436085973688,471.2422052397954,loaded:unit_ball_P2_h008_N5000_slepc_eigs.txt,7.8985966424265825,7.8985966424265825,0.01704695283557956,0.01704695283557956
597,463.3436085973688,471.31489389870484,loaded:unit_ball_P2_h008_N5000_slepc_eigs.txt,7.9712853013360245,7.9712853013360245,0.017203831354157782,0.017203831354157782
598,463.3436085973688,471.33483787293943,loaded:unit_ball_P2_h008_N5000_slepc_eigs.txt,7.991229275570618,7.991229275570618,0.017246874948295115,0.017246874948295115
599,463.3436085973688,471.48454257290445,loaded:unit_ball_P2_h008_N5000_slepc_eigs.txt,8.140933975535631,8.140933975535631,0.017569971452028488,0.017569971452028488
600,463.3436085973688,471.51325177714534,loaded:unit_ball_P2_h008_N5000_slepc_eigs.txt,8.169643179776529,8.169643179776529,0.017631932389242676,0.017631932389242676
601,463.3436085973688,471.52446723480415,loaded:unit_ball_P2_h008_N5000_slepc_eigs.txt,8.180858637435335,8.180858637435335,0.017656137876165778,0.017656137876165778
602,463.3436085973688,471.56868545816405,loaded:unit_ball_P2_h008_N5000_slepc_eigs.txt,8.225076860795241,8.225076860795241,0.01775157077421257,0.01775157077421257
603,463.3436085973688,471.76454056879703,loaded:unit_ball_P2_h008_N5000_slepc_eigs.txt,8.420931971428217,8.420931971428217,0.018174270271947887,0.018174270271947887
604,467.8232199530598,475.3361969012953,loaded:unit_ball_P2_h008_N5000_slepc_eigs.txt,7.512976948235519,7.512976948235519,0.016059435760775946,0.016059435760775946
605,467.8232199530598,475.4032444221913,loaded:unit_ball_P2_h008_N5000_slepc_eigs.txt,7.5800244691315015,7.5800244691315015,0.01620275383058597,0.01620275383058597
606,467.8232199530598,475.41977330485406,loaded:unit_ball_P2_h008_N5000_slepc_eigs.txt,7.5965533517942845,7.5965533517942845,0.016238085301872155,0.016238085301872155
607,467.8232199530598,475.4429288451646,loaded:unit_ball_P2_h008_N5000_slepc_eigs.txt,7.619708892104825,7.619708892104825,0.01628758164861797,0.01628758164861797
608,467.8232199530598,475.47724680968577,loaded:unit_ball_P2_h008_N5000_slepc_eigs.txt,7.65402685662599,7.65402685662599,0.016360938342038635,0.016360938342038635
609,467.8232199530598,475.4905208196654,loaded:unit_ball_P2_h008_N5000_slepc_eigs.txt,7.667300866605615,7.667300866605615,0.01638931232907792,0.01638931232907792
610,467.8232199530598,475.5253118244457,loaded:unit_ball_P2_h008_N5000_slepc_eigs.txt,7.702091871385903,7.702091871385903,0.016463680174230583,0.016463680174230583
611,467.8232199530598,475.5374329866453,loaded:unit_ball_P2_h008_N5000_slepc_eigs.txt,7.714213033585509,7.714213033585509,0.0164895898804671,0.0164895898804671
612,467.8232199530598,475.5811544569259,loaded:unit_ball_P2_h008_N5000_slepc_eigs.txt,7.7579345038661245,7.7579345038661245,0.016583047127597762,0.016583047127597762
613,467.8232199530598,475.59243540388997,loaded:unit_ball_P2_h008_N5000_slepc_eigs.txt,7.769215450830188,7.769215450830188,0.016607160823718266,0.016607160823718266
614,467.8232199530598,475.6048512478731,loaded:unit_ball_P2_h008_N5000_slepc_eigs.txt,7.781631294813337,7.781631294813337,0.01663370042982075,0.01663370042982075
615,467.8232199530598,475.645699339433,loaded:unit_ball_P2_h008_N5000_slepc_eigs.txt,7.822479386373232,7.822479386373232,0.016721015658774097,0.016721015658774097
616,467.8232199530598,475.67537108513284,loaded:unit_ball_P2_h008_N5000_slepc_eigs.txt,7.852151132073061,7.852151132073061,0.016784440782697634,0.016784440782697634
617,467.8232199530598,475.6859776314416,loaded:unit_ball_P2_h008_N5000_slepc_eigs.txt,7.862757678381797,7.862757678381797,0.016807112907244594,0.016807112907244594
618,467.8232199530598,475.7089980522193,loaded:unit_ball_P2_h008_N5000_slepc_eigs.txt,7.885778099159495,7.885778099159495,0.01685632042794014,0.01685632042794014
619,467.8232199530598,475.7212967283545,loaded:unit_ball_P2_h008_N5000_slepc_eigs.txt,7.898076775294726,7.898076775294726,0.01688260958078823,0.01688260958078823
620,467.8232199530598,475.74705496909115,loaded:unit_ball_P2_h008_N5000_slepc_eigs.txt,7.923835016031376,7.923835016031376,0.01693766935473283,0.01693766935473283
621,467.8232199530598,475.7502627764161,loaded:unit_ball_P2_h008_N5000_slepc_eigs.txt,7.927042823356317,7.927042823356317,0.016944526233972943,0.016944526233972943
622,467.8232199530598,475.76496225214635,loaded:unit_ball_P2_h008_N5000_slepc_eigs.txt,7.94174229908657,7.94174229908657,0.016975947238966515,0.016975947238966515
623,467.8232199530598,475.7942444806592,loaded:unit_ball_P2_h008_N5000_slepc_eigs.txt,7.971024527599411,7.971024527599411,0.017038539746700054,0.017038539746700054
624,467.8232199530598,475.8099388617605,loaded:unit_ball_P2_h008_N5000_slepc_eigs.txt,7.986718908700709,7.986718908700709,0.01707208742118888,0.01707208742118888
625,467.8232199530598,475.83465369498,loaded:unit_ball_P2_h008_N5000_slepc_eigs.txt,8.0114337419202,8.0114337419202,0.017124916849411722,0.017124916849411722
626,467.8232199530598,475.8444727233763,loaded:unit_ball_P2_h008_N5000_slepc_eigs.txt,8.02125277031655,8.02125277031655,0.017145905607509997,0.017145905607509997
627,467.8232199530598,475.8683116978928,loaded:unit_ball_P2_h008_N5000_slepc_eigs.txt,8.04509174483303,8.04509174483303,0.0171968628355819,0.0171968628355819
628,467.8232199530598,475.88771979917686,loaded:unit_ball_P2_h008_N5000_slepc_eigs.txt,8.064499846117087,8.064499846117087,0.017238348808180703,0.017238348808180703
629,467.8232199530598,475.9222593386902,loaded:unit_ball_P2_h008_N5000_slepc_eigs.txt,8.09903938563042,8.09903938563042,0.01731217913134593,0.01731217913134593
630,467.8232199530598,475.948883903061,loaded:unit_ball_P2_h008_N5000_slepc_eigs.txt,8.12566395000124,8.12566395000124,0.01736909072366384,0.01736909072366384
631,467.8232199530598,475.9683181503354,loaded:unit_ball_P2_h008_N5000_slepc_eigs.txt,8.145098197275615,8.145098197275615,0.01741063258487442,0.01741063258487442
632,467.8232199530598,476.0546850027413,loaded:unit_ball_P2_h008_N5000_slepc_eigs.txt,8.231465049681503,8.231465049681503,0.01759524687660315,0.01759524687660315
633,467.8232199530598,476.0722591721202,loaded:unit_ball_P2_h008_N5000_slepc_eigs.txt,8.249039219060421,8.249039219060421,0.017632812710510842,0.017632812710510842
634,467.8232199530598,476.1061741242668,loaded:unit_ball_P2_h008_N5000_slepc_eigs.txt,8.282954171206995,8.282954171206995,0.01770530794097413,0.01770530794097413
635,467.8232199530598,476.1696318974891,loaded:unit_ball_P2_h008_N5000_slepc_eigs.txt,8.346411944429349,8.346411944429349,0.017840952711297244,0.017840952711297244
636,467.8232199530598,476.18211640062634,loaded:unit_ball_P2_h008_N5000_slepc_eigs.txt,8.358896447566565,8.358896447566565,0.01786763908043144,0.01786763908043144
637,477.5918185420184,486.0571785265114,loaded:unit_ball_P2_h008_N5000_slepc_eigs.txt,8.465359984492977,8.465359984492977,0.01772509422446942,0.01772509422446942
638,477.5918185420184,486.1939867111136,loaded:unit_ball_P2_h008_N5000_slepc_eigs.txt,8.602168169095194,8.602168169095194,0.018011548429275232,0.018011548429275232
639,477.5918185420184,486.3716135126347,loaded:unit_ball_P2_h008_N5000_slepc_eigs.txt,8.779794970616308,8.779794970616308,0.018383470213997947,0.018383470213997947
640,477.5918185420184,486.4925753556228,loaded:unit_ball_P2_h008_N5000_slepc_eigs.txt,8.900756813604403,8.900756813604403,0.018636744743191862,0.018636744743191862
641,477.5918185420184,486.5973328640578,loaded:unit_ball_P2_h008_N5000_slepc_eigs.txt,9.005514322039403,9.005514322039403,0.018856090017478178,0.018856090017478178
642,483.61061565337855,492.669165309679,loaded:unit_ball_P2_h008_N5000_slepc_eigs.txt,9.058549656300443,9.058549656300443,0.018731081086923528,0.018731081086923528
643,497.0825432941582,506.4490819410384,loaded:unit_ball_P2_h008_N5000_slepc_eigs.txt,9.366538646880201,9.366538646880201,0.018843024711365435,0.018843024711365435
644,497.0825432941582,506.480294087438,loaded:unit_ball_P2_h008_N5000_slepc_eigs.txt,9.397750793279783,9.397750793279783,0.01890581538229252,0.01890581538229252
645,497.0825432941582,506.58766212507555,loaded:unit_ball_P2_h008_N5000_slepc_eigs.txt,9.505118830917354,9.505118830917354,0.019121811777832873,0.019121811777832873
646,497.0825432941582,506.63317110452147,loaded:unit_ball_P2_h008_N5000_slepc_eigs.txt,9.550627810363267,9.550627810363267,0.019213363935638147,0.019213363935638147
647,497.0825432941582,506.67456372150934,loaded:unit_ball_P2_h008_N5000_slepc_eigs.txt,9.592020427351144,9.592020427351144,0.01929663504935212,0.01929663504935212
648,497.0825432941582,506.72727388316605,loaded:unit_ball_P2_h008_N5000_slepc_eigs.txt,9.64473058900785,9.64473058900785,0.019402674101352206,0.019402674101352206
649,497.0825432941582,506.7521563951413,loaded:unit_ball_P2_h008_N5000_slepc_eigs.txt,9.6696131009831,9.6696131009831,0.019452731204163246,0.019452731204163246
650,497.0825432941582,506.781975176153,loaded:unit_ball_P2_h008_N5000_slepc_eigs.txt,9.699431881994826,9.699431881994826,0.019512718788547358,0.019512718788547358
651,497.0825432941582,506.8629861499632,loaded:unit_ball_P2_h008_N5000_slepc_eigs.txt,9.780442855805006,9.780442855805006,0.019675691668812518,0.019675691668812518
652,497.0825432941582,506.8815412872632,loaded:unit_ball_P2_h008_N5000_slepc_eigs.txt,9.79899799310499,9.79899799310499,0.019713019749531303,0.019713019749531303
653,497.0825432941582,506.94782694102,loaded:unit_ball_P2_h008_N5000_slepc_eigs.txt,9.865283646861826,9.865283646861826,0.01984636913918712,0.01984636913918712
654,497.0825432941582,506.98207268265196,loaded:unit_ball_P2_h008_N5000_slepc_eigs.txt,9.899529388493761,9.899529388493761,0.019915262609887154,0.019915262609887154
655,497.0825432941582,507.0478573148008,loaded:unit_ball_P2_h008_N5000_slepc_eigs.txt,9.965314020642609,9.965314020642609,0.02004760407517558,0.02004760407517558
656,497.0825432941582,507.1149821128856,loaded:unit_ball_P2_h008_N5000_slepc_eigs.txt,10.032438818727428,10.032438818727428,0.020182641603631087,0.020182641603631087
657,497.0825432941582,507.17299248445784,loaded:unit_ball_P2_h008_N5000_slepc_eigs.txt,10.090449190299637,10.090449190299637,0.020299343291016396,0.020299343291016396
658,507.9081236971186,517.6199473102578,loaded:unit_ball_P2_h008_N5000_slepc_eigs.txt,9.711823613139188,9.711823613139188,0.019121221260344816,0.019121221260344816
659,507.9081236971186,517.6597395285766,loaded:unit_ball_P2_h008_N5000_slepc_eigs.txt,9.751615831457968,9.751615831457968,0.019199566568210986,0.019199566568210986
660,507.9081236971186,517.7123072336104,loaded:unit_ball_P2_h008_N5000_slepc_eigs.txt,9.804183536491848,9.804183536491848,0.019303065021142266,0.019303065021142266
661,507.9081236971186,517.7686035353489,loaded:unit_ball_P2_h008_N5000_slepc_eigs.txt,9.860479838230333,9.860479838230333,0.019413904559066362,0.019413904559066362
662,507.9081236971186,517.7879630679696,loaded:unit_ball_P2_h008_N5000_slepc_eigs.txt,9.879839370851016,9.879839370851016,0.01945202076890322,0.01945202076890322
663,507.9081236971186,517.8070411330826,loaded:unit_ball_P2_h008_N5000_slepc_eigs.txt,9.898917435964051,9.898917435964051,0.01948958280861655,0.01948958280861655
664,507.9081236971186,517.8124807418793,loaded:unit_ball_P2_h008_N5000_slepc_eigs.txt,9.90435704476073,9.90435704476073,0.019500292636915974,0.019500292636915974
665,507.9081236971186,517.8538946907606,loaded:unit_ball_P2_h008_N5000_slepc_eigs.txt,9.945770993642043,9.945770993642043,0.019581830905254463,0.019581830905254463
666,507.9081236971186,517.8759701551301,loaded:unit_ball_P2_h008_N5000_slepc_eigs.txt,9.96784645801148,9.96784645801148,0.019625294404536076,0.019625294404536076
667,507.9081236971186,517.9006114390829,loaded:unit_ball_P2_h008_N5000_slepc_eigs.txt,9.99248774196434,9.99248774196434,0.0196738096434212,0.0196738096434212
668,507.9081236971186,517.9099181704175,loaded:unit_ball_P2_h008_N5000_slepc_eigs.txt,10.001794473298958,10.001794473298958,0.019692133294688823,0.019692133294688823
669,507.9081236971186,517.927700248114,loaded:unit_ball_P2_h008_N5000_slepc_eigs.txt,10.019576550995396,10.019576550995396,0.01972714371658757,0.01972714371658757
670,507.9081236971186,517.971960822083,loaded:unit_ball_P2_h008_N5000_slepc_eigs.txt,10.063837124964436,10.063837124964436,0.01981428659126117,0.01981428659126117
671,507.9081236971186,518.0090869828063,loaded:unit_ball_P2_h008_N5000_slepc_eigs.txt,10.10096328568767,10.10096328568767,0.019887382804909,0.019887382804909
672,507.9081236971186,518.0479314186169,loaded:unit_ball_P2_h008_N5000_slepc_eigs.txt,10.139807721498357,10.139807721498357,0.019963862061684684,0.019963862061684684
673,507.9081236971186,518.0617285136203,loaded:unit_ball_P2_h008_N5000_slepc_eigs.txt,10.15360481650174,10.15360481650174,0.019991026610467547,0.019991026610467547
674,507.9081236971186,518.0752031076687,loaded:unit_ball_P2_h008_N5000_slepc_eigs.txt,10.167079410550116,10.167079410550116,0.020017556200012783,0.020017556200012783
675,507.9081236971186,518.1237880050905,loaded:unit_ball_P2_h008_N5000_slepc_eigs.txt,10.215664307971963,10.215664307971963,0.02011321306225825,0.02011321306225825
676,507.9081236971186,518.1847062638932,loaded:unit_ball_P2_h008_N5000_slepc_eigs.txt,10.276582566774607,10.276582566774607,0.020233152586673044,0.020233152586673044
677,507.9081236971186,518.1955161984276,loaded:unit_ball_P2_h008_N5000_slepc_eigs.txt,10.287392501309057,10.287392501309057,0.020254435834626952,0.020254435834626952
678,507.9081236971186,518.2206179724358,loaded:unit_ball_P2_h008_N5000_slepc_eigs.txt,10.312494275317192,10.312494275317192,0.0203038577139728,0.0203038577139728
679,507.9081236971186,518.2498659409202,loaded:unit_ball_P2_h008_N5000_slepc_eigs.txt,10.341742243801662,10.341742243801662,0.020361442869869836,0.020361442869869836
680,507.9081236971186,518.3406197838916,loaded:unit_ball_P2_h008_N5000_slepc_eigs.txt,10.432496086773028,10.432496086773028,0.020540124483211162,0.020540124483211162
681,507.9081236971186,518.3621198547074,loaded:unit_ball_P2_h008_N5000_slepc_eigs.txt,10.453996157588847,10.453996157588847,0.020582455113127684,0.020582455113127684
682,507.9081236971186,518.3905852837604,loaded:unit_ball_P2_h008_N5000_slepc_eigs.txt,10.482461586641818,10.482461586641818,0.020638499558421782,0.020638499558421782
683,507.9081236971186,518.4809631787474,loaded:unit_ball_P2_h008_N5000_slepc_eigs.txt,10.572839481628819,10.572839481628819,0.02081644098280604,0.02081644098280604
684,507.9081236971186,518.5565045221464,loaded:unit_ball_P2_h008_N5000_slepc_eigs.txt,10.6483808250278,10.6483808250278,0.020965171313892514,0.020965171313892514
685,513.5989076287068,523.6671017334638,loaded:unit_ball_P2_h008_N5000_slepc_eigs.txt,10.068194104757026,10.068194104757026,0.01960322336206285,0.01960322336206285
686,513.5989076287068,523.7623710264539,loaded:unit_ball_P2_h008_N5000_slepc_eigs.txt,10.163463397747137,10.163463397747137,0.019788716928297194,0.019788716928297194
687,513.5989076287068,523.8986403195045,loaded:unit_ball_P2_h008_N5000_slepc_eigs.txt,10.299732690797669,10.299732690797669,0.020054039324872545,0.020054039324872545
688,513.5989076287068,523.900643718166,loaded:unit_ball_P2_h008_N5000_slepc_eigs.txt,10.301736089459155,10.301736089459155,0.020057940031497364,0.020057940031497364
689,513.5989076287068,523.9290918963106,loaded:unit_ball_P2_h008_N5000_slepc_eigs.txt,10.33018426760384,10.33018426760384,0.0201133299042602,0.0201133299042602
690,513.5989076287068,523.9353045397307,loaded:unit_ball_P2_h008_N5000_slepc_eigs.txt,10.33639691102394,10.33639691102394,0.020125426198329015,0.020125426198329015
691,513.5989076287068,523.9824084308707,loaded:unit_ball_P2_h008_N5000_slepc_eigs.txt,10.383500802163894,10.383500802163894,0.0202171395770771,0.0202171395770771
692,513.5989076287068,524.0448568243279,loaded:unit_ball_P2_h008_N5000_slepc_eigs.txt,10.445949195621097,10.445949195621097,0.020338729386809227,0.020338729386809227
693,513.5989076287068,524.097092019719,loaded:unit_ball_P2_h008_N5000_slepc_eigs.txt,10.49818439101216,10.49818439101216,0.02044043364399356,0.02044043364399356
694,513.5989076287068,524.1253967833222,loaded:unit_ball_P2_h008_N5000_slepc_eigs.txt,10.526489154615433,10.526489154615433,0.0204955442822423,0.0204955442822423
695,513.5989076287068,524.158884011845,loaded:unit_ball_P2_h008_N5000_slepc_eigs.txt,10.559976383138178,10.559976383138178,0.020560745411032384,0.020560745411032384
696,513.5989076287068,524.1933126011463,loaded:unit_ball_P2_h008_N5000_slepc_eigs.txt,10.59440497243952,10.59440497243952,0.020627779411280356,0.020627779411280356
697,513.5989076287068,524.2290451411898,loaded:unit_ball_P2_h008_N5000_slepc_eigs.txt,10.630137512482975,10.630137512482975,0.020697352261831056,0.020697352261831056
698,513.5989076287068,524.2673070438595,loaded:unit_ball_P2_h008_N5000_slepc_eigs.txt,10.668399415152749,10.668399415152749,0.02077184989432492,0.02077184989432492
699,513.5989076287068,524.3148647690014,loaded:unit_ball_P2_h008_N5000_slepc_eigs.txt,10.715957140294563,10.715957140294563,0.020864446908133594,0.020864446908133594
700,513.5989076287068,524.3476995668568,loaded:unit_ball_P2_h008_N5000_slepc_eigs.txt,10.74879193815002,10.74879193815002,0.02092837772529023,0.02092837772529023
701,513.5989076287068,524.3709235245524,loaded:unit_ball_P2_h008_N5000_slepc_eigs.txt,10.772015895845584,10.772015895845584,0.020973595807631543,0.020973595807631543
702,513.5989076287068,524.4328210299258,loaded:unit_ball_P2_h008_N5000_slepc_eigs.txt,10.833913401218979,10.833913401218979,0.021094113013673074,0.021094113013673074
703,513.5989076287068,524.4784897231375,loaded:unit_ball_P2_h008_N5000_slepc_eigs.txt,10.879582094430702,10.879582094430702,0.02118303199798824,0.02118303199798824
704,513.5989076287068,524.4911742196189,loaded:unit_ball_P2_h008_N5000_slepc_eigs.txt,10.892266590912072,10.892266590912072,0.021207729278868246,0.021207729278868246
705,513.5989076287068,524.6174279579781,loaded:unit_ball_P2_h008_N5000_slepc_eigs.txt,11.018520329271269,11.018520329271269,0.02145355094336927,0.02145355094336927
706,515.9713010939918,525.6108291171586,loaded:unit_ball_P2_h008_N5000_slepc_eigs.txt,9.639528023166804,9.639528023166804,0.018682294931381894,0.018682294931381894
707,515.9713010939918,525.7353126626808,loaded:unit_ball_P2_h008_N5000_slepc_eigs.txt,9.764011568689057,9.764011568689057,0.018923555531067025,0.018923555531067025
708,515.9713010939918,525.8357373346033,loaded:unit_ball_P2_h008_N5000_slepc_eigs.txt,9.864436240611553,9.864436240611553,0.019118187813346232,0.019118187813346232
709,515.9713010939918,525.8993643585758,loaded:unit_ball_P2_h008_N5000_slepc_eigs.txt,9.928063264584011,9.928063264584011,0.01924150285787982,0.01924150285787982
710,515.9713010939918,525.906055471621,loaded:unit_ball_P2_h008_N5000_slepc_eigs.txt,9.934754377629247,9.934754377629247,0.019254470852477674,0.019254470852477674
711,515.9713010939918,525.9265087988783,loaded:unit_ball_P2_h008_N5000_slepc_eigs.txt,9.955207704886561,9.955207704886561,0.019294111288319645,0.019294111288319645
712,515.9713010939918,525.9701178167305,loaded:unit_ball_P2_h008_N5000_slepc_eigs.txt,9.998816722738752,9.998816722738752,0.019378629589550216,0.019378629589550216
713,515.9713010939918,526.0014848411817,loaded:unit_ball_P2_h008_N5000_slepc_eigs.txt,10.03018374718988,10.03018374718988,0.01943942177776809,0.01943942177776809
714,515.9713010939918,526.0077811231711,loaded:unit_ball_P2_h008_N5000_slepc_eigs.txt,10.036480029179302,10.036480029179302,0.019451624553341214,0.019451624553341214
715,515.9713010939918,526.0217589942122,loaded:unit_ball_P2_h008_N5000_slepc_eigs.txt,10.050457900220408,10.050457900220408,0.019478714957422736,0.019478714957422736
716,515.9713010939918,526.059541863911,loaded:unit_ball_P2_h008_N5000_slepc_eigs.txt,10.088240769919253,10.088240769919253,0.019551941645842685,0.019551941645842685
717,515.9713010939918,526.0693538151965,loaded:unit_ball_P2_h008_N5000_slepc_eigs.txt,10.098052721204681,10.098052721204681,0.019570958112969102,0.019570958112969102
718,515.9713010939918,526.080382750001,loaded:unit_ball_P2_h008_N5000_slepc_eigs.txt,10.109081656009266,10.109081656009266,0.019592333206469845,0.019592333206469845
719,515.9713010939918,526.1029701041367,loaded:unit_ball_P2_h008_N5000_slepc_eigs.txt,10.131669010144947,10.131669010144947,0.019636109583349316,0.019636109583349316
720,515.9713010939918,526.1238293005773,loaded:unit_ball_P2_h008_N5000_slepc_eigs.txt,10.152528206585544,10.152528206585544,0.01967653663112575,0.01967653663112575
721,515.9713010939918,526.15642434818,loaded:unit_ball_P2_h008_N5000_slepc_eigs.txt,10.185123254188284,10.185123254188284,0.019739708841544492,0.019739708841544492
722,515.9713010939918,526.2046804703104,loaded:unit_ball_P2_h008_N5000_slepc_eigs.txt,10.23337937631868,10.23337937631868,0.01983323365974287,0.01983323365974287
723,515.9713010939918,526.227612339629,loaded:unit_ball_P2_h008_N5000_slepc_eigs.txt,10.256311245637221,10.256311245637221,0.019877677738841686,0.019877677738841686
724,515.9713010939918,526.252805633977,loaded:unit_ball_P2_h008_N5000_slepc_eigs.txt,10.281504539985235,10.281504539985235,0.019926504668352295,0.019926504668352295
725,515.9713010939918,526.2793811283029,loaded:unit_ball_P2_h008_N5000_slepc_eigs.txt,10.30808003431116,10.30808003431116,0.019978010428981965,0.019978010428981965
726,515.9713010939918,526.3285423455967,loaded:unit_ball_P2_h008_N5000_slepc_eigs.txt,10.357241251604933,10.357241251604933,0.0200732894051373,0.0200732894051373
727,515.9713010939918,526.3616892826616,loaded:unit_ball_P2_h008_N5000_slepc_eigs.txt,10.390388188669817,10.390388188669817,0.020137531228267006,0.020137531228267006
728,515.9713010939918,526.3919727331277,loaded:unit_ball_P2_h008_N5000_slepc_eigs.txt,10.42067163913589,10.42067163913589,0.020196223350099875,0.020196223350099875
729,515.9713010939918,526.4125918353622,loaded:unit_ball_P2_h008_N5000_slepc_eigs.txt,10.44129074137038,10.44129074137038,0.020236185073146822,0.020236185073146822
730,515.9713010939918,526.4476783157463,loaded:unit_ball_P2_h008_N5000_slepc_eigs.txt,10.476377221754547,10.476377221754547,0.020304185910227826,0.020304185910227826
731,515.9713010939918,526.4782907933491,loaded:unit_ball_P2_h008_N5000_slepc_eigs.txt,10.506989699357291,10.506989699357291,0.020363515717017153,0.020363515717017153
732,515.9713010939918,526.505023613595,loaded:unit_ball_P2_h008_N5000_slepc_eigs.txt,10.533722519603202,10.533722519603202,0.020415326389799208,0.020415326389799208
733,515.9713010939918,526.5483652156288,loaded:unit_ball_P2_h008_N5000_slepc_eigs.txt,10.577064121637022,10.577064121637022,0.020499326414494232,0.020499326414494232
734,515.9713010939918,526.6271954371025,loaded:unit_ball_P2_h008_N5000_slepc_eigs.txt,10.655894343110731,10.655894343110731,0.02065210665887327,0.02065210665887327
735,515.9713010939918,526.6307634016279,loaded:unit_ball_P2_h008_N5000_slepc_eigs.txt,10.65946230763609,10.65946230763609,0.02065902170340732,0.02065902170340732
736,515.9713010939918,526.6682326790215,loaded:unit_ball_P2_h008_N5000_slepc_eigs.txt,10.696931585029688,10.696931585029688,0.020731640620998578,0.020731640620998578
737,515.9713010939918,526.7109355686755,loaded:unit_ball_P2_h008_N5000_slepc_eigs.txt,10.739634474683726,10.739634474683726,0.020814402762155453,0.020814402762155453
738,515.9713010939918,526.7517739729061,loaded:unit_ball_P2_h008_N5000_slepc_eigs.txt,10.780472878914338,10.780472878914338,0.02089355135849022,0.02089355135849022
739,515.9713010939918,526.7753119495146,loaded:unit_ball_P2_h008_N5000_slepc_eigs.txt,10.804010855522847,10.804010855522847,0.020939170129454038,0.020939170129454038
740,515.9713010939918,526.8547727574779,loaded:unit_ball_P2_h008_N5000_slepc_eigs.txt,10.883471663486148,10.883471663486148,0.0210931725086461,0.0210931725086461
741,524.6184403823868,535.4926787091043,loaded:unit_ball_P2_h008_N5000_slepc_eigs.txt,10.874238326717546,10.874238326717546,0.020727899535501405,0.020727899535501405
742,524.6184403823868,535.5198342868692,loaded:unit_ball_P2_h008_N5000_slepc_eigs.txt,10.901393904482461,10.901393904482461,0.02077966206551297,0.02077966206551297
743,524.6184403823868,535.6528286164795,loaded:unit_ball_P2_h008_N5000_slepc_eigs.txt,11.034388234092717,11.034388234092717,0.021033168841815608,0.021033168841815608
744,524.6184403823868,535.6988004524982,loaded:unit_ball_P2_h008_N5000_slepc_eigs.txt,11.080360070111396,11.080360070111396,0.021120797930844905,0.021120797930844905
745,524.6184403823868,535.727323313804,loaded:unit_ball_P2_h008_N5000_slepc_eigs.txt,11.10888293141727,11.10888293141727,0.02117516670462473,0.02117516670462473
746,524.6184403823868,535.8051444231627,loaded:unit_ball_P2_h008_N5000_slepc_eigs.txt,11.186704040775908,11.186704040775908,0.021323505198601257,0.021323505198601257
747,524.6184403823868,535.8966051641407,loaded:unit_ball_P2_h008_N5000_slepc_eigs.txt,11.278164781753958,11.278164781753958,0.02149784283894685,0.02149784283894685
748,524.6184403823868,535.9655783146248,loaded:unit_ball_P2_h008_N5000_slepc_eigs.txt,11.34713793223807,11.34713793223807,0.02162931582040331,0.02162931582040331
749,524.6184403823868,536.0088458867643,loaded:unit_ball_P2_h008_N5000_slepc_eigs.txt,11.390405504377554,11.390405504377554,0.02171179018426278,0.02171179018426278
750,524.6184403823868,536.1915450437667,loaded:unit_ball_P2_h008_N5000_slepc_eigs.txt,11.573104661379944,11.573104661379944,0.022060041680853754,0.022060041680853754
751,524.6184403823868,536.2639744870506,loaded:unit_ball_P2_h008_N5000_slepc_eigs.txt,11.645534104663852,11.645534104663852,0.02219810286534265,0.02219810286534265
752,543.0879277215029,554.9196715779019,loaded:unit_ball_P2_h008_N5000_slepc_eigs.txt,11.831743856399044,11.831743856399044,0.02178605572404916,0.02178605572404916
753,543.0879277215029,554.9357584222473,loaded:unit_ball_P2_h008_N5000_slepc_eigs.txt,11.847830700744453,11.847830700744453,0.021815676791880477,0.021815676791880477
754,543.0879277215029,555.1054358531122,loaded:unit_ball_P2_h008_N5000_slepc_eigs.txt,12.017508131609361,12.017508131609361,0.022128107656578175,0.022128107656578175
755,543.0879277215029,555.3193435154702,loaded:unit_ball_P2_h008_N5000_slepc_eigs.txt,12.231415793967358,12.231415793967358,0.022521980640010958,0.022521980640010958
756,543.0879277215029,555.5380059485789,loaded:unit_ball_P2_h008_N5000_slepc_eigs.txt,12.450078227076006,12.450078227076006,0.022924608689627222,0.022924608689627222
757,543.0879277215029,555.6482962750849,loaded:unit_ball_P2_h008_N5000_slepc_eigs.txt,12.560368553582066,12.560368553582066,0.02312768874513274,0.02312768874513274
758,543.0879277215029,555.8905619214868,loaded:unit_ball_P2_h008_N5000_slepc_eigs.txt,12.802634199983913,12.802634199983913,0.02357377792155443,0.02357377792155443
759,553.1646458380885,565.4952989868932,loaded:unit_ball_P2_h008_N5000_slepc_eigs.txt,12.330653148804686,12.330653148804686,0.022291108518193103,0.022291108518193103
760,553.1646458380885,566.2042596062413,loaded:unit_ball_P2_h008_N5000_slepc_eigs.txt,13.039613768152776,13.039613768152776,0.02357275336784534,0.02357275336784534
761,553.1646458380885,566.2747570886236,loaded:unit_ball_P2_h008_N5000_slepc_eigs.txt,13.110111250535056,13.110111250535056,0.02370019730865517,0.02370019730865517
762,556.5482475375973,569.0610705356486,loaded:unit_ball_P2_h008_N5000_slepc_eigs.txt,12.51282299805132,12.51282299805132,0.02248290791214112,0.02248290791214112
763,556.5482475375973,569.2511108666346,loaded:unit_ball_P2_h008_N5000_slepc_eigs.txt,12.702863329037314,12.702863329037314,0.022824370367241484,0.022824370367241484
764,556.5482475375973,569.3512610088862,loaded:unit_ball_P2_h008_N5000_slepc_eigs.txt,12.803013471288978,12.803013471288978,0.0230043190827298,0.0230043190827298
765,556.5482475375973,569.3918268860414,loaded:unit_ball_P2_h008_N5000_slepc_eigs.txt,12.84357934844411,12.84357934844411,0.023077207421404143,0.023077207421404143
766,556.5482475375973,569.4512976183762,loaded:unit_ball_P2_h008_N5000_slepc_eigs.txt,12.90305008077894,12.90305008077894,0.02318406380375366,0.02318406380375366
767,556.5482475375973,569.546805475252,loaded:unit_ball_P2_h008_N5000_slepc_eigs.txt,12.99855793765471,12.99855793765471,0.023355671310018096,0.023355671310018096
768,556.5482475375973,569.5714299388234,loaded:unit_ball_P2_h008_N5000_slepc_eigs.txt,13.023182401226109,13.023182401226109,0.023399916285508266,0.023399916285508266
769,556.5482475375973,569.5880572655557,loaded:unit_ball_P2_h008_N5000_slepc_eigs.txt,13.039809727958414,13.039809727958414,0.023429792090177263,0.023429792090177263
770,556.5482475375973,569.6268309444887,loaded:unit_ball_P2_h008_N5000_slepc_eigs.txt,13.078583406891426,13.078583406891426,0.023499460226056878,0.023499460226056878
771,556.5482475375973,569.6481384949019,loaded:unit_ball_P2_h008_N5000_slepc_eigs.txt,13.099890957304638,13.099890957304638,0.023537745407094617,0.023537745407094617
772,556.5482475375973,569.6921581828864,loaded:unit_ball_P2_h008_N5000_slepc_eigs.txt,13.143910645289111,13.143910645289111,0.023616839516507834,0.023616839516507834
773,556.5482475375973,569.7609265204044,loaded:unit_ball_P2_h008_N5000_slepc_eigs.txt,13.21267898280712,13.21267898280712,0.023740401737433456,0.023740401737433456
774,556.5482475375973,569.82254334796,loaded:unit_ball_P2_h008_N5000_slepc_eigs.txt,13.274295810362787,13.274295810362787,0.023851114200958923,0.023851114200958923
775,556.5482475375973,569.8663497251064,loaded:unit_ball_P2_h008_N5000_slepc_eigs.txt,13.318102187509112,13.318102187509112,0.02392982503571609,0.02392982503571609
776,556.5482475375973,569.9000059094739,loaded:unit_ball_P2_h008_N5000_slepc_eigs.txt,13.351758371876599,13.351758371876599,0.023990298111530087,0.023990298111530087
777,556.5482475375973,570.0701307042613,loaded:unit_ball_P2_h008_N5000_slepc_eigs.txt,13.521883166663997,13.521883166663997,0.024295976541998787,0.024295976541998787
778,556.5482475375973,570.2882547455965,loaded:unit_ball_P2_h008_N5000_slepc_eigs.txt,13.74000720799927,13.74000720799927,0.024687899510582992,0.024687899510582992
779,561.3681071068984,574.0590925890531,loaded:unit_ball_P2_h008_N5000_slepc_eigs.txt,12.690985482154701,12.690985482154701,0.022607243485134477,0.022607243485134477
780,561.3681071068984,574.0674023495716,loaded:unit_ball_P2_h008_N5000_slepc_eigs.txt,12.699295242673202,12.699295242673202,0.022622046179504356,0.022622046179504356
781,561.3681071068984,574.1066155758849,loaded:unit_ball_P2_h008_N5000_slepc_eigs.txt,12.738508468986538,12.738508468986538,0.022691899143748133,0.022691899143748133
782,561.3681071068984,574.171794379675,loaded:unit_ball_P2_h008_N5000_slepc_eigs.txt,12.803687272776642,12.803687272776642,0.022808006209619786,0.022808006209619786
783,561.3681071068984,574.2007207221016,loaded:unit_ball_P2_h008_N5000_slepc_eigs.txt,12.832613615203172,12.832613615203172,0.02285953450640103,0.02285953450640103
784,561.3681071068984,574.2394825646596,loaded:unit_ball_P2_h008_N5000_slepc_eigs.txt,12.871375457761246,12.871375457761246,0.02292858339262622,0.02292858339262622
785,561.3681071068984,574.2618514285538,loaded:unit_ball_P2_h008_N5000_slepc_eigs.txt,12.89374432165539,12.89374432165539,0.022968430444161487,0.022968430444161487
786,561.3681071068984,574.334085344845,loaded:unit_ball_P2_h008_N5000_slepc_eigs.txt,12.965978237946615,12.965978237946615,0.023097105221685798,0.023097105221685798
787,561.3681071068984,574.4139878544586,loaded:unit_ball_P2_h008_N5000_slepc_eigs.txt,13.045880747560204,13.045880747560204,0.02323944054248872,0.02323944054248872
788,561.3681071068984,574.4336811643527,loaded:unit_ball_P2_h008_N5000_slepc_eigs.txt,13.065574057454342,13.065574057454342,0.023274521462912985,0.023274521462912985
789,561.3681071068984,574.4466697327933,loaded:unit_ball_P2_h008_N5000_slepc_eigs.txt,13.07856262589496,13.07856262589496,0.023297658809470767,0.023297658809470767
790,561.3681071068984,574.4852659587233,loaded:unit_ball_P2_h008_N5000_slepc_eigs.txt,13.117158851824911,13.117158851824911,0.023366412672473177,0.023366412672473177
791,561.3681071068984,574.5219570462086,loaded:unit_ball_P2_h008_N5000_slepc_eigs.txt,13.153849939310248,13.153849939310248,0.02343177279361442,0.02343177279361442
792,561.3681071068984,574.5318489678548,loaded:unit_ball_P2_h008_N5000_slepc_eigs.txt,13.163741860956407,13.163741860956407,0.023449393890219175,0.023449393890219175
793,561.3681071068984,574.5552796373755,loaded:unit_ball_P2_h008_N5000_slepc_eigs.txt,13.187172530477142,13.187172530477142,0.023491132402300826,0.023491132402300826
794,561.3681071068984,574.5741192969132,loaded:unit_ball_P2_h008_N5000_slepc_eigs.txt,13.206012190014803,13.206012190014803,0.023524692662135957,0.023524692662135957
795,561.3681071068984,574.6145757743169,loaded:unit_ball_P2_h008_N5000_slepc_eigs.txt,13.246468667418526,13.246468667418526,0.023596760307040512,0.023596760307040512
796,561.3681071068984,574.6272217498698,loaded:unit_ball_P2_h008_N5000_slepc_eigs.txt,13.25911464297144,13.25911464297144,0.02361928737153316,0.02361928737153316
797,561.3681071068984,574.6673030068093,loaded:unit_ball_P2_h008_N5000_slepc_eigs.txt,13.299195899910956,13.299195899910956,0.023690686612836843,0.023690686612836843
798,561.3681071068984,574.7135744281668,loaded:unit_ball_P2_h008_N5000_slepc_eigs.txt,13.345467321268416,13.345467321268416,0.023773112779859273,0.023773112779859273
799,561.3681071068984,574.7914023126602,loaded:unit_ball_P2_h008_N5000_slepc_eigs.txt,13.42329520576186,13.42329520576186,0.023911752441621578,0.023911752441621578
800,561.3681071068984,574.8193791386077,loaded:unit_ball_P2_h008_N5000_slepc_eigs.txt,13.451272031709323,13.451272031709323,0.02396158930551405,0.02396158930551405
801,561.3681071068984,574.8668582152088,loaded:unit_ball_P2_h008_N5000_slepc_eigs.txt,13.498751108310444,13.498751108310444,0.024046166744096754,0.024046166744096754
802,561.3681071068984,574.9377964961913,loaded:unit_ball_P2_h008_N5000_slepc_eigs.txt,13.569689389292876,13.569689389292876,0.024172533525686865,0.024172533525686865
803,561.3681071068984,574.9859682523015,loaded:unit_ball_P2_h008_N5000_slepc_eigs.txt,13.61786114540314,13.61786114540314,0.024258344877454825,0.024258344877454825
804,561.3681071068984,575.0545001924636,loaded:unit_ball_P2_h008_N5000_slepc_eigs.txt,13.686393085565214,13.686393085565214,0.024380425094151253,0.024380425094151253
805,561.3681071068984,575.1019897105415,loaded:unit_ball_P2_h008_N5000_slepc_eigs.txt,13.73388260364311,13.73388260364311,0.024465021132787364,0.024465021132787364
806,561.3681071068984,575.1451108784619,loaded:unit_ball_P2_h008_N5000_slepc_eigs.txt,13.7770037715635,13.7770037715635,0.024541835557002917,0.024541835557002917
807,561.3681071068984,575.3095081586303,loaded:unit_ball_P2_h008_N5000_slepc_eigs.txt,13.941401051731873,13.941401051731873,0.02483468667926496,0.02483468667926496
808,566.3376186511613,578.5939514214208,loaded:unit_ball_P2_h008_N5000_slepc_eigs.txt,12.256332770259519,12.256332770259519,0.021641389105407235,0.021641389105407235
809,566.3376186511613,578.8241066268035,loaded:unit_ball_P2_h008_N5000_slepc_eigs.txt,12.486487975642262,12.486487975642262,0.022047781331180443,0.022047781331180443
810,566.3376186511613,578.885834021598,loaded:unit_ball_P2_h008_N5000_slepc_eigs.txt,12.548215370436765,12.548215370436765,0.02215677531773835,0.02215677531773835
811,566.3376186511613,578.9247834251975,loaded:unit_ball_P2_h008_N5000_slepc_eigs.txt,12.587164774036182,12.587164774036182,0.02222554949468987,0.02222554949468987
812,566.3376186511613,578.9710252089455,loaded:unit_ball_P2_h008_N5000_slepc_eigs.txt,12.63340655778427,12.63340655778427,0.022307200054753708,0.022307200054753708
813,566.3376186511613,579.0373497438817,loaded:unit_ball_P2_h008_N5000_slepc_eigs.txt,12.699731092720413,12.699731092720413,0.022424311355066246,0.022424311355066246
814,566.3376186511613,579.0825978447681,loaded:unit_ball_P2_h008_N5000_slepc_eigs.txt,12.74497919360681,12.74497919360681,0.02250420733830353,0.02250420733830353
815,566.3376186511613,579.1259499863448,loaded:unit_ball_P2_h008_N5000_slepc_eigs.txt,12.788331335183557,12.788331335183557,0.022580755567043833,0.022580755567043833
816,566.3376186511613,579.1370377782914,loaded:unit_ball_P2_h008_N5000_slepc_eigs.txt,12.799419127130136,12.799419127130136,0.022600333627164553,0.022600333627164553
817,566.3376186511613,579.1664715440237,loaded:unit_ball_P2_h008_N5000_slepc_eigs.txt,12.828852892862415,12.828852892862415,0.02265230574549634,0.02265230574549634
818,566.3376186511613,579.2162087666272,loaded:unit_ball_P2_h008_N5000_slepc_eigs.txt,12.878590115465954,12.878590115465954,0.02274012831098651,0.02274012831098651
819,566.3376186511613,579.2652746904523,loaded:unit_ball_P2_h008_N5000_slepc_eigs.txt,12.927656039291037,12.927656039291037,0.022826765543282578,0.022826765543282578
820,566.3376186511613,579.2821054911442,loaded:unit_ball_P2_h008_N5000_slepc_eigs.txt,12.944486839982915,12.944486839982915,0.022856484213096467,0.022856484213096467
821,566.3376186511613,579.3226557148702,loaded:unit_ball_P2_h008_N5000_slepc_eigs.txt,12.985037063708887,12.985037063708887,0.02292808500808259,0.02292808500808259
822,566.3376186511613,579.3466717192729,loaded:unit_ball_P2_h008_N5000_slepc_eigs.txt,13.009053068111598,13.009053068111598,0.02297049081622917,0.02297049081622917
823,566.3376186511613,579.4015438720958,loaded:unit_ball_P2_h008_N5000_slepc_eigs.txt,13.063925220934493,13.063925220934493,0.023067380288190407,0.023067380288190407
824,566.3376186511613,579.4783302085713,loaded:unit_ball_P2_h008_N5000_slepc_eigs.txt,13.140711557409986,13.140711557409986,0.023202964317834023,0.023202964317834023
825,566.3376186511613,579.5071563966007,loaded:unit_ball_P2_h008_N5000_slepc_eigs.txt,13.16953774543947,13.16953774543947,0.023253863617262758,0.023253863617262758
826,566.3376186511613,579.5160538926367,loaded:unit_ball_P2_h008_N5000_slepc_eigs.txt,13.178435241475427,13.178435241475427,0.02326957420356841,0.02326957420356841
827,566.3376186511613,579.5316756579532,loaded:unit_ball_P2_h008_N5000_slepc_eigs.txt,13.194057006791923,13.194057006791923,0.023297158041904457,0.023297158041904457
828,566.3376186511613,579.6009462081217,loaded:unit_ball_P2_h008_N5000_slepc_eigs.txt,13.263327556960462,13.263327556960462,0.02341947121321298,0.02341947121321298
829,566.3376186511613,579.6432338545566,loaded:unit_ball_P2_h008_N5000_slepc_eigs.txt,13.305615203395291,13.305615203395291,0.023494139829674562,0.023494139829674562
830,566.3376186511613,579.6853828501517,loaded:unit_ball_P2_h008_N5000_slepc_eigs.txt,13.347764198990376,13.347764198990376,0.02356856362602323,0.02356856362602323
831,566.3376186511613,579.7136492964983,loaded:unit_ball_P2_h008_N5000_slepc_eigs.txt,13.376030645336982,13.376030645336982,0.023618474572101523,0.023618474572101523
832,566.3376186511613,579.75403861163,loaded:unit_ball_P2_h008_N5000_slepc_eigs.txt,13.416419960468716,13.416419960468716,0.0236897912457633,0.0236897912457633
833,566.3376186511613,579.7723345030496,loaded:unit_ball_P2_h008_N5000_slepc_eigs.txt,13.434715851888313,13.434715851888313,0.02372209687197823,0.02372209687197823
834,566.3376186511613,579.8508898852324,loaded:unit_ball_P2_h008_N5000_slepc_eigs.txt,13.513271234071112,13.513271234071112,0.023860804560812136,0.023860804560812136
835,566.3376186511613,579.8620397874485,loaded:unit_ball_P2_h008_N5000_slepc_eigs.txt,13.524421136287174,13.524421136287174,0.023880492290973193,0.023880492290973193
836,566.3376186511613,579.9074321213614,loaded:unit_ball_P2_h008_N5000_slepc_eigs.txt,13.569813470200074,13.569813470200074,0.023960642950964686,0.023960642950964686
837,566.3376186511613,579.9649794244752,loaded:unit_ball_P2_h008_N5000_slepc_eigs.txt,13.627360773313967,13.627360773313967,0.02406225601924532,0.02406225601924532
838,566.3376186511613,579.970406909304,loaded:unit_ball_P2_h008_N5000_slepc_eigs.txt,13.632788258142682,13.632788258142682,0.024071839498516292,0.024071839498516292
839,566.3376186511613,580.0092628445552,loaded:unit_ball_P2_h008_N5000_slepc_eigs.txt,13.671644193393945,13.671644193393945,0.024140448635489756,0.024140448635489756
840,566.3376186511613,580.0553826787103,loaded:unit_ball_P2_h008_N5000_slepc_eigs.txt,13.717764027549038,13.717764027549038,0.02422188386535306,0.02422188386535306
841,566.3376186511613,580.1087983413079,loaded:unit_ball_P2_h008_N5000_slepc_eigs.txt,13.771179690146596,13.771179690146596,0.024316201567088604,0.024316201567088604
842,566.3376186511613,580.1282387085276,loaded:unit_ball_P2_h008_N5000_slepc_eigs.txt,13.790620057366368,13.790620057366368,0.024350528029925513,0.024350528029925513
843,566.3376186511613,580.2222706343341,loaded:unit_ball_P2_h008_N5000_slepc_eigs.txt,13.88465198317283,13.88465198317283,0.024516563134622277,0.024516563134622277
844,566.3376186511613,580.2781171062366,loaded:unit_ball_P2_h008_N5000_slepc_eigs.txt,13.940498455075272,13.940498455075272,0.024615172992175888,0.024615172992175888
845,570.5663515558236,583.9418148268272,loaded:unit_ball_P2_h008_N5000_slepc_eigs.txt,13.375463271003582,13.375463271003582,0.02344243265403102,0.02344243265403102
846,570.5663515558236,584.0571026063917,loaded:unit_ball_P2_h008_N5000_slepc_eigs.txt,13.490751050568065,13.490751050568065,0.023644491151259456,0.023644491151259456
847,570.5663515558236,584.1016427681509,loaded:unit_ball_P2_h008_N5000_slepc_eigs.txt,13.535291212327252,13.535291212327252,0.023722554222517928,0.023722554222517928
848,570.5663515558236,584.2032214525926,loaded:unit_ball_P2_h008_N5000_slepc_eigs.txt,13.636869896768985,13.636869896768985,0.023900585549049447,0.023900585549049447
849,570.5663515558236,584.2681669678196,loaded:unit_ball_P2_h008_N5000_slepc_eigs.txt,13.701815411995995,13.701815411995995,0.02401441195162281,0.02401441195162281
850,570.5663515558236,584.2926860421841,loaded:unit_ball_P2_h008_N5000_slepc_eigs.txt,13.726334486360429,13.726334486360429,0.024057385173400746,0.024057385173400746
851,570.5663515558236,584.3257433147112,loaded:unit_ball_P2_h008_N5000_slepc_eigs.txt,13.759391758887546,13.759391758887546,0.024115322821558538,0.024115322821558538
852,570.5663515558236,584.3441578211502,loaded:unit_ball_P2_h008_N5000_slepc_eigs.txt,13.777806265326603,13.777806265326603,0.024147596905701153,0.024147596905701153
853,570.5663515558236,584.3896661227142,loaded:unit_ball_P2_h008_N5000_slepc_eigs.txt,13.82331456689053,13.82331456689053,0.024227356781901063,0.024227356781901063
854,570.5663515558236,584.4355934562587,loaded:unit_ball_P2_h008_N5000_slepc_eigs.txt,13.8692419004351,13.8692419004351,0.024307851072213373,0.024307851072213373
855,570.5663515558236,584.524455248923,loaded:unit_ball_P2_h008_N5000_slepc_eigs.txt,13.95810369309936,13.95810369309936,0.02446359420782232,0.02446359420782232
856,570.5663515558236,584.53826799534,loaded:unit_ball_P2_h008_N5000_slepc_eigs.txt,13.971916439516349,13.971916439516349,0.02448780304239401,0.02448780304239401
857,570.5663515558236,584.5800514693289,loaded:unit_ball_P2_h008_N5000_slepc_eigs.txt,14.013699913505206,14.013699913505206,0.02456103461988701,0.02456103461988701
858,570.5663515558236,584.6141743342774,loaded:unit_ball_P2_h008_N5000_slepc_eigs.txt,14.047822778453792,14.047822778453792,0.02462083987278273,0.02462083987278273
859,570.5663515558236,584.6552955293556,loaded:unit_ball_P2_h008_N5000_slepc_eigs.txt,14.088943973531968,14.088943973531968,0.024692910710759852,0.024692910710759852
860,570.5663515558236,584.7118887276263,loaded:unit_ball_P2_h008_N5000_slepc_eigs.txt,14.14553717180263,14.14553717180263,0.024792098470634478,0.024792098470634478
861,570.5663515558236,584.7157672247623,loaded:unit_ball_P2_h008_N5000_slepc_eigs.txt,14.149415668938673,14.149415668938673,0.02479889609745819,0.02479889609745819
862,570.5663515558236,584.7745855182105,loaded:unit_ball_P2_h008_N5000_slepc_eigs.txt,14.208233962386885,14.208233962386885,0.02490198365824376,0.02490198365824376
863,570.5663515558236,584.8218401745406,loaded:unit_ball_P2_h008_N5000_slepc_eigs.txt,14.255488618716981,14.255488618716981,0.02498480427358717,0.02498480427358717
864,570.5663515558236,584.9504285036145,loaded:unit_ball_P2_h008_N5000_slepc_eigs.txt,14.384076947790845,14.384076947790845,0.02521017390627446,0.02521017390627446
865,570.5663515558236,584.9938697530536,loaded:unit_ball_P2_h008_N5000_slepc_eigs.txt,14.427518197229915,14.427518197229915,0.025286310974856605,0.025286310974856605
866,570.5663515558236,585.0754663444405,loaded:unit_ball_P2_h008_N5000_slepc_eigs.txt,14.509114788616898,14.509114788616898,0.025429320795124635,0.025429320795124635
867,570.5663515558236,585.2357714900397,loaded:unit_ball_P2_h008_N5000_slepc_eigs.txt,14.66941993421608,14.66941993421608,0.025710278733078844,0.025710278733078844
868,588.6819130791614,603.1380673355467,loaded:unit_ball_P2_h008_N5000_slepc_eigs.txt,14.456154256385275,14.456154256385275,0.024556817417356804,0.024556817417356804
869,588.6819130791614,603.4226306669135,loaded:unit_ball_P2_h008_N5000_slepc_eigs.txt,14.740717587752101,14.740717587752101,0.025040208065250823,0.025040208065250823
870,588.6819130791614,603.5192441173549,loaded:unit_ball_P2_h008_N5000_slepc_eigs.txt,14.837331038193497,14.837331038193497,0.025204326323846622,0.025204326323846622
871,588.6819130791614,603.6939689976665,loaded:unit_ball_P2_h008_N5000_slepc_eigs.txt,15.012055918505098,15.012055918505098,0.02550113326903997,0.02550113326903997
872,588.6819130791614,603.7204861603872,loaded:unit_ball_P2_h008_N5000_slepc_eigs.txt,15.038573081225763,15.038573081225763,0.02554617824516632,0.02554617824516632
873,588.6819130791614,603.7837730005583,loaded:unit_ball_P2_h008_N5000_slepc_eigs.txt,15.101859921396908,15.101859921396908,0.02565368424928341,0.02565368424928341
874,588.6819130791614,603.836920426812,loaded:unit_ball_P2_h008_N5000_slepc_eigs.txt,15.155007347650553,15.155007347650553,0.025743966327045325,0.025743966327045325
875,588.6819130791614,603.8865925097525,loaded:unit_ball_P2_h008_N5000_slepc_eigs.txt,15.204679430591113,15.204679430591113,0.02582834480349748,0.02582834480349748
876,588.6819130791614,604.0156504795435,loaded:unit_ball_P2_h008_N5000_slepc_eigs.txt,15.33373740038212,15.33373740038212,0.02604757689968327,0.02604757689968327
877,588.6819130791614,604.1260106233354,loaded:unit_ball_P2_h008_N5000_slepc_eigs.txt,15.444097544174042,15.444097544174042,0.026235046807183353,0.026235046807183353
878,588.6819130791614,604.1928729557936,loaded:unit_ball_P2_h008_N5000_slepc_eigs.txt,15.510959876632228,15.510959876632228,0.02634862653669883,0.02634862653669883
879,588.6819130791614,604.215827297346,loaded:unit_ball_P2_h008_N5000_slepc_eigs.txt,15.533914218184577,15.533914218184577,0.026387619311986056,0.026387619311986056
880,588.6819130791614,604.439286017433,loaded:unit_ball_P2_h008_N5000_slepc_eigs.txt,15.757372938271601,15.757372938271601,0.02676721093034953,0.02676721093034953
881,611.4524979224782,627.4334645442468,loaded:unit_ball_P2_h008_N5000_slepc_eigs.txt,15.98096662176863,15.98096662176863,0.026136072182331237,0.026136072182331237
882,611.4524979224782,627.6898897272806,loaded:unit_ball_P2_h008_N5000_slepc_eigs.txt,16.237391804802428,16.237391804802428,0.026555442753070663,0.026555442753070663
883,611.4524979224782,627.7461274888674,loaded:unit_ball_P2_h008_N5000_slepc_eigs.txt,16.2936295663892,16.2936295663892,0.026647416801386516,0.026647416801386516
884,611.4524979224782,627.893527363668,loaded:unit_ball_P2_h008_N5000_slepc_eigs.txt,16.441029441189812,16.441029441189812,0.026888481929587694,0.026888481929587694
885,611.4524979224782,628.1125116831153,loaded:unit_ball_P2_h008_N5000_slepc_eigs.txt,16.66001376063707,16.66001376063707,0.027246619839223028,0.027246619839223028
886,611.4524979224782,628.251178062457,loaded:unit_ball_P2_h008_N5000_slepc_eigs.txt,16.798680139978842,16.798680139978842,0.02747340177210075,0.02747340177210075
887,611.4524979224782,628.3830589691263,loaded:unit_ball_P2_h008_N5000_slepc_eigs.txt,16.93056104664811,16.93056104664811,0.02768908640356003,0.02768908640356003
888,611.4524979224782,628.5210576249244,loaded:unit_ball_P2_h008_N5000_slepc_eigs.txt,17.068559702446237,17.068559702446237,0.0279147763079549,0.0279147763079549
889,611.4524979224782,628.7305438681517,loaded:unit_ball_P2_h008_N5000_slepc_eigs.txt,17.27804594567351,17.27804594567351,0.02825738058864562,0.02825738058864562
890,617.2125400052304,633.2065362376384,loaded:unit_ball_P2_h008_N5000_slepc_eigs.txt,15.993996232407994,15.993996232407994,0.02591327167829814,0.02591327167829814
891,617.2125400052304,633.3737738624408,loaded:unit_ball_P2_h008_N5000_slepc_eigs.txt,16.16123385721039,16.16123385721039,0.02618422797610923,0.02618422797610923
892,617.2125400052304,633.4181964897657,loaded:unit_ball_P2_h008_N5000_slepc_eigs.txt,16.205656484535325,16.205656484535325,0.026256200958583886,0.026256200958583886
893,617.2125400052304,633.4757226919772,loaded:unit_ball_P2_h008_N5000_slepc_eigs.txt,16.26318268674686,16.26318268674686,0.026349404188400063,0.026349404188400063
894,617.2125400052304,633.5450321294288,loaded:unit_ball_P2_h008_N5000_slepc_eigs.txt,16.33249212419844,16.33249212419844,0.02646169846785685,0.02646169846785685
895,617.2125400052304,633.6270175161949,loaded:unit_ball_P2_h008_N5000_slepc_eigs.txt,16.414477510964502,16.414477510964502,0.026594530161077743,0.026594530161077743
896,617.2125400052304,633.6866261692933,loaded:unit_ball_P2_h008_N5000_slepc_eigs.txt,16.474086164062896,16.474086164062896,0.026691107351647928,0.026691107351647928
897,617.2125400052304,633.724008637785,loaded:unit_ball_P2_h008_N5000_slepc_eigs.txt,16.511468632554624,16.511468632554624,0.0267516739572639,0.0267516739572639
898,617.2125400052304,633.7786294534575,loaded:unit_ball_P2_h008_N5000_slepc_eigs.txt,16.566089448227103,16.566089448227103,0.02684016991632529,0.02684016991632529
899,617.2125400052304,633.8229993463774,loaded:unit_ball_P2_h008_N5000_slepc_eigs.txt,16.61045934114702,16.61045934114702,0.026912057459179718,0.026912057459179718
900,617.2125400052304,633.9029072473046,loaded:unit_ball_P2_h008_N5000_slepc_eigs.txt,16.690367242074217,16.690367242074217,0.02704152323595496,0.02704152323595496
901,617.2125400052304,633.9671050059691,loaded:unit_ball_P2_h008_N5000_slepc_eigs.txt,16.754565000738694,16.754565000738694,0.027145535637686027,0.027145535637686027
902,617.2125400052304,634.027627511482,loaded:unit_ball_P2_h008_N5000_slepc_eigs.txt,16.815087506251643,16.815087506251643,0.0272435934404527,0.0272435934404527
903,617.2125400052304,634.0984597734357,loaded:unit_ball_P2_h008_N5000_slepc_eigs.txt,16.885919768205326,16.885919768205326,0.027358354981028468,0.027358354981028468
904,617.2125400052304,634.1227053056939,loaded:unit_ball_P2_h008_N5000_slepc_eigs.txt,16.910165300463518,16.910165300463518,0.027397637287667906,0.027397637287667906
905,617.2125400052304,634.1366804001489,loaded:unit_ball_P2_h008_N5000_slepc_eigs.txt,16.92414039491848,16.92414039491848,0.027420279560060563,0.027420279560060563
906,617.2125400052304,634.1834208406989,loaded:unit_ball_P2_h008_N5000_slepc_eigs.txt,16.970880835468506,16.970880835468506,0.027496007834391524,0.027496007834391524
907,617.2125400052304,634.2335528863678,loaded:unit_ball_P2_h008_N5000_slepc_eigs.txt,17.02101288113738,17.02101288113738,0.02757723114470931,0.02757723114470931
908,617.2125400052304,634.2622448143937,loaded:unit_ball_P2_h008_N5000_slepc_eigs.txt,17.04970480916336,17.04970480916336,0.02762371744588805,0.02762371744588805
909,617.2125400052304,634.2926995280801,loaded:unit_ball_P2_h008_N5000_slepc_eigs.txt,17.080159522849726,17.080159522849726,0.027673059790238524,0.027673059790238524
910,617.2125400052304,634.3504300231612,loaded:unit_ball_P2_h008_N5000_slepc_eigs.txt,17.137890017930772,17.137890017930772,0.027766594012794268,0.027766594012794268
911,617.2125400052304,634.363298695975,loaded:unit_ball_P2_h008_N5000_slepc_eigs.txt,17.150758690744624,17.150758690744624,0.027787443674749845,0.027787443674749845
912,617.2125400052304,634.409887202696,loaded:unit_ball_P2_h008_N5000_slepc_eigs.txt,17.19734719746566,17.19734719746566,0.027862925787800627,0.027862925787800627
913,617.2125400052304,634.4561931667378,loaded:unit_ball_P2_h008_N5000_slepc_eigs.txt,17.243653161507382,17.243653161507382,0.02793795012875347,0.02793795012875347
914,617.2125400052304,634.4914239685927,loaded:unit_ball_P2_h008_N5000_slepc_eigs.txt,17.27888396336232,17.27888396336232,0.027995030631127314,0.027995030631127314
915,617.2125400052304,634.5255016486229,loaded:unit_ball_P2_h008_N5000_slepc_eigs.txt,17.312961643392555,17.312961643392555,0.028050242860013574,0.028050242860013574
916,617.2125400052304,634.6227321640614,loaded:unit_ball_P2_h008_N5000_slepc_eigs.txt,17.410192158831023,17.410192158831023,0.028207774519104046,0.028207774519104046
917,617.2125400052304,634.6885799709299,loaded:unit_ball_P2_h008_N5000_slepc_eigs.txt,17.476039965699556,17.476039965699556,0.028314460308197013,0.028314460308197013
918,617.2125400052304,634.7285556520842,loaded:unit_ball_P2_h008_N5000_slepc_eigs.txt,17.516015646853816,17.516015646853816,0.028379228404376525,0.028379228404376525
919,617.2125400052304,634.7495524199537,loaded:unit_ball_P2_h008_N5000_slepc_eigs.txt,17.537012414723335,17.537012414723335,0.028413247103784903,0.028413247103784903
920,617.2125400052304,634.7744871409427,loaded:unit_ball_P2_h008_N5000_slepc_eigs.txt,17.56194713571233,17.56194713571233,0.028453646025344052,0.028453646025344052
921,618.6767709028564,634.842955644765,loaded:unit_ball_P2_h008_N5000_slepc_eigs.txt,16.166184741908523,16.166184741908523,0.026130259777357813,0.026130259777357813
922,618.6767709028564,634.8889948225944,loaded:unit_ball_P2_h008_N5000_slepc_eigs.txt,16.212223919737994,16.212223919737994,0.02620467533649103,0.02620467533649103
923,618.6767709028564,634.93379970217,loaded:unit_ball_P2_h008_N5000_slepc_eigs.txt,16.257028799313503,16.257028799313503,0.02627709583404765,0.02627709583404765
924,618.6767709028564,634.9935996425149,loaded:unit_ball_P2_h008_N5000_slepc_eigs.txt,16.31682873965849,16.31682873965849,0.026373753641738926,0.026373753641738926
925,618.6767709028564,635.0554652222205,loaded:unit_ball_P2_h008_N5000_slepc_eigs.txt,16.378694319364058,16.378694319364058,0.02647375025162503,0.02647375025162503
926,618.6767709028564,635.0975022147113,loaded:unit_ball_P2_h008_N5000_slepc_eigs.txt,16.420731311854865,16.420731311854865,0.02654169686683326,0.02654169686683326
927,618.6767709028564,635.1331450821075,loaded:unit_ball_P2_h008_N5000_slepc_eigs.txt,16.456374179251043,16.456374179251043,0.026599308319327532,0.026599308319327532
928,618.6767709028564,635.1599245698343,loaded:unit_ball_P2_h008_N5000_slepc_eigs.txt,16.48315366697784,16.48315366697784,0.026642593422286413,0.026642593422286413
929,618.6767709028564,635.1963778008553,loaded:unit_ball_P2_h008_N5000_slepc_eigs.txt,16.51960689799887,16.51960689799887,0.02670151470838518,0.02670151470838518
930,618.6767709028564,635.2446080055709,loaded:unit_ball_P2_h008_N5000_slepc_eigs.txt,16.567837102714407,16.567837102714407,0.02677947174020513,0.02677947174020513
931,618.6767709028564,635.2805989083937,loaded:unit_ball_P2_h008_N5000_slepc_eigs.txt,16.603828005537252,16.603828005537252,0.02683764574077464,0.02683764574077464
932,618.6767709028564,635.3251240548241,loaded:unit_ball_P2_h008_N5000_slepc_eigs.txt,16.648353151967626,16.648353151967626,0.026909614090847644,0.026909614090847644
933,618.6767709028564,635.3288502424052,loaded:unit_ball_P2_h008_N5000_slepc_eigs.txt,16.652079339548777,16.652079339548777,0.02691563692499368,0.02691563692499368
934,618.6767709028564,635.3487589838826,loaded:unit_ball_P2_h008_N5000_slepc_eigs.txt,16.671988081026143,16.671988081026143,0.026947816477247293,0.026947816477247293
935,618.6767709028564,635.4071405667487,loaded:unit_ball_P2_h008_N5000_slepc_eigs.txt,16.730369663892247,16.730369663892247,0.027042181718697857,0.027042181718697857
936,618.6767709028564,635.4124920176735,loaded:unit_ball_P2_h008_N5000_slepc_eigs.txt,16.73572111481701,16.73572111481701,0.027050831551981486,0.027050831551981486
937,618.6767709028564,635.4369119687755,loaded:unit_ball_P2_h008_N5000_slepc_eigs.txt,16.760141065919015,16.760141065919015,0.02709030281104681,0.02709030281104681
938,618.6767709028564,635.48516562836,loaded:unit_ball_P2_h008_N5000_slepc_eigs.txt,16.808394725503604,16.808394725503604,0.02716829775421264,0.02716829775421264
939,618.6767709028564,635.5038241374031,loaded:unit_ball_P2_h008_N5000_slepc_eigs.txt,16.82705323454661,16.82705323454661,0.02719845648963078,0.02719845648963078
940,618.9151356761826,635.5567688939868,loaded:unit_ball_P2_h008_N5000_slepc_eigs.txt,16.64163321780427,16.64163321780427,0.0268883927028587,0.0268883927028587
941,618.9151356761826,635.5682697812873,loaded:unit_ball_P2_h008_N5000_slepc_eigs.txt,16.653134105104755,16.653134105104755,0.026906975036102045,0.026906975036102045
942,618.9151356761826,635.616066294824,loaded:unit_ball_P2_h008_N5000_slepc_eigs.txt,16.70093061864145,16.70093061864145,0.026984201316057985,0.026984201316057985
943,618.9151356761826,635.6237663080159,loaded:unit_ball_P2_h008_N5000_slepc_eigs.txt,16.70863063183333,16.70863063183333,0.026996642461455837,0.026996642461455837
944,618.9151356761826,635.6578812428279,loaded:unit_ball_P2_h008_N5000_slepc_eigs.txt,16.74274556664534,16.74274556664534,0.027051762998740382,0.027051762998740382
945,618.9151356761826,635.6852941789464,loaded:unit_ball_P2_h008_N5000_slepc_eigs.txt,16.77015850276382,16.77015850276382,0.027096054912992135,0.027096054912992135
946,618.9151356761826,635.7001336416852,loaded:unit_ball_P2_h008_N5000_slepc_eigs.txt,16.784997965502612,16.784997965502612,0.02712003148406529,0.02712003148406529
947,618.9151356761826,635.7293300554046,loaded:unit_ball_P2_h008_N5000_slepc_eigs.txt,16.814194379222045,16.814194379222045,0.02716720501729539,0.02716720501729539
948,618.9151356761826,635.7632912620548,loaded:unit_ball_P2_h008_N5000_slepc_eigs.txt,16.84815558587229,16.84815558587229,0.027222077171315577,0.027222077171315577
949,618.9151356761826,635.7806405612804,loaded:unit_ball_P2_h008_N5000_slepc_eigs.txt,16.865504885097835,16.865504885097835,0.027250108961500492,0.027250108961500492
950,618.9151356761826,635.814286493834,loaded:unit_ball_P2_h008_N5000_slepc_eigs.txt,16.89915081765139,16.89915081765139,0.02730447171757818,0.02730447171757818
951,618.9151356761826,635.8408961121315,loaded:unit_ball_P2_h008_N5000_slepc_eigs.txt,16.925760435948973,16.925760435948973,0.0273474656868055,0.0273474656868055
952,618.9151356761826,635.8630497271065,loaded:unit_ball_P2_h008_N5000_slepc_eigs.txt,16.94791405092394,16.94791405092394,0.02738325995600004,0.02738325995600004
953,618.9151356761826,635.8820297255643,loaded:unit_ball_P2_h008_N5000_slepc_eigs.txt,16.96689404938172,16.96689404938172,0.027413926516508442,0.027413926516508442
954,618.9151356761826,635.9365028842058,loaded:unit_ball_P2_h008_N5000_slepc_eigs.txt,17.021367208023207,17.021367208023207,0.02750194045493309,0.02750194045493309
955,618.9151356761826,635.9647179814875,loaded:unit_ball_P2_h008_N5000_slepc_eigs.txt,17.049582305304966,17.049582305304966,0.027547528445362398,0.027547528445362398
956,618.9151356761826,635.9736564199362,loaded:unit_ball_P2_h008_N5000_slepc_eigs.txt,17.05852074375366,17.05852074375366,0.02756197055209635,0.02756197055209635
957,618.9151356761826,636.0384122051144,loaded:unit_ball_P2_h008_N5000_slepc_eigs.txt,17.123276528931797,17.123276528931797,0.02766659844281256,0.02766659844281256
958,618.9151356761826,636.0509799876165,loaded:unit_ball_P2_h008_N5000_slepc_eigs.txt,17.13584431143397,17.13584431143397,0.02768690459106735,0.02768690459106735
959,618.9151356761826,636.0616040696258,loaded:unit_ball_P2_h008_N5000_slepc_eigs.txt,17.14646839344323,17.14646839344323,0.0277040702433464,0.0277040702433464
960,618.9151356761826,636.0931256027555,loaded:unit_ball_P2_h008_N5000_slepc_eigs.txt,17.17798992657299,17.17798992657299,0.027755000542692407,0.027755000542692407
961,618.9151356761826,636.1107177612992,loaded:unit_ball_P2_h008_N5000_slepc_eigs.txt,17.195582085116598,17.195582085116598,0.027783424728060547,0.027783424728060547
962,618.9151356761826,636.1561969117943,loaded:unit_ball_P2_h008_N5000_slepc_eigs.txt,17.24106123561171,17.24106123561171,0.027856906774101357,0.027856906774101357
963,618.9151356761826,636.2065259842178,loaded:unit_ball_P2_h008_N5000_slepc_eigs.txt,17.29139030803526,17.29139030803526,0.027938224986441672,0.027938224986441672
964,618.9151356761826,636.2175232959698,loaded:unit_ball_P2_h008_N5000_slepc_eigs.txt,17.302387619787282,17.302387619787282,0.02795599367736245,0.02795599367736245
965,618.9151356761826,636.2462756093266,loaded:unit_ball_P2_h008_N5000_slepc_eigs.txt,17.331139933144073,17.331139933144073,0.028002449664135787,0.028002449664135787
966,618.9151356761826,636.2784152125049,loaded:unit_ball_P2_h008_N5000_slepc_eigs.txt,17.363279536322352,17.363279536322352,0.02805437859804878,0.02805437859804878
967,618.9151356761826,636.3291030055983,loaded:unit_ball_P2_h008_N5000_slepc_eigs.txt,17.413967329415755,17.413967329415755,0.028136276406280636,0.028136276406280636
968,618.9151356761826,636.3519671031652,loaded:unit_ball_P2_h008_N5000_slepc_eigs.txt,17.43683142698262,17.43683142698262,0.028173218623797885,0.028173218623797885
969,618.9151356761826,636.3904366152071,loaded:unit_ball_P2_h008_N5000_slepc_eigs.txt,17.475300939024578,17.475300939024578,0.02823537498389389,0.02823537498389389
970,618.9151356761826,636.4933022354497,loaded:unit_ball_P2_h008_N5000_slepc_eigs.txt,17.578166559267174,17.578166559267174,0.028401578093679228,0.028401578093679228
971,618.9151356761826,636.5621313536939,loaded:unit_ball_P2_h008_N5000_slepc_eigs.txt,17.646995677511313,17.646995677511313,0.02851278739246127,0.02851278739246127
972,618.9151356761826,636.5844212219384,loaded:unit_ball_P2_h008_N5000_slepc_eigs.txt,17.669285545755884,17.669285545755884,0.02854880181020566,0.02854880181020566
973,618.9151356761826,636.6233260089149,loaded:unit_ball_P2_h008_N5000_slepc_eigs.txt,17.70819033273233,17.70819033273233,0.028611661457245866,0.028611661457245866
974,618.9151356761826,636.6805874887036,loaded:unit_ball_P2_h008_N5000_slepc_eigs.txt,17.765451812521064,17.765451812521064,0.028704180570914294,0.028704180570914294
975,618.9151356761826,636.7154903455482,loaded:unit_ball_P2_h008_N5000_slepc_eigs.txt,17.800354669365674,17.800354669365674,0.028760574177780086,0.028760574177780086
976,618.9151356761826,636.7604279669071,loaded:unit_ball_P2_h008_N5000_slepc_eigs.txt,17.8452922907245,17.8452922907245,0.02883318125873268,0.02883318125873268
977,618.9151356761826,636.841724024194,loaded:unit_ball_P2_h008_N5000_slepc_eigs.txt,17.926588348011478,17.926588348011478,0.028964533769926575,0.028964533769926575
978,618.9151356761826,636.8669076507063,loaded:unit_ball_P2_h008_N5000_slepc_eigs.txt,17.951771974523695,17.951771974523695,0.02900522372087551,0.02900522372087551
979,625.6403240364695,642.810407624579,loaded:unit_ball_P2_h008_N5000_slepc_eigs.txt,17.170083588109605,17.170083588109605,0.027444016839152357,0.027444016839152357
980,625.6403240364695,643.0088384970313,loaded:unit_ball_P2_h008_N5000_slepc_eigs.txt,17.36851446056187,17.36851446056187,0.02776118129423741,0.02776118129423741
981,625.6403240364695,643.2420785526078,loaded:unit_ball_P2_h008_N5000_slepc_eigs.txt,17.601754516138385,17.601754516138385,0.0281339834404797,0.0281339834404797
982,625.6403240364695,643.4147152521389,loaded:unit_ball_P2_h008_N5000_slepc_eigs.txt,17.774391215669425,17.774391215669425,0.0284099194581859,0.0284099194581859
983,625.6403240364695,643.6379636827625,loaded:unit_ball_P2_h008_N5000_slepc_eigs.txt,17.99763964629301,17.99763964629301,0.028766751366307238,0.028766751366307238
984,630.0621348331304,647.5289350076309,loaded:unit_ball_P2_h008_N5000_slepc_eigs.txt,17.466800174500577,17.466800174500577,0.027722345478079863,0.027722345478079863
985,630.0621348331304,647.5483483986864,loaded:unit_ball_P2_h008_N5000_slepc_eigs.txt,17.486213565556,17.486213565556,0.027753157345643632,0.027753157345643632
986,630.0621348331304,647.615508621274,loaded:unit_ball_P2_h008_N5000_slepc_eigs.txt,17.55337378814363,17.55337378814363,0.02785975036064114,0.02785975036064114
987,630.0621348331304,647.6716701434373,loaded:unit_ball_P2_h008_N5000_slepc_eigs.txt,17.60953531030691,17.60953531030691,0.0279488868426774,0.0279488868426774
988,630.0621348331304,647.7591062935534,loaded:unit_ball_P2_h008_N5000_slepc_eigs.txt,17.696971460423015,17.696971460423015,0.028087660695734387,0.028087660695734387
989,630.0621348331304,647.8368127745385,loaded:unit_ball_P2_h008_N5000_slepc_eigs.txt,17.774677941408186,17.774677941408186,0.0282109921525688,0.0282109921525688
990,630.0621348331304,647.8741745217793,loaded:unit_ball_P2_h008_N5000_slepc_eigs.txt,17.81203968864895,17.81203968864895,0.028270290664850706,0.028270290664850706
991,630.0621348331304,647.9746193485067,loaded:unit_ball_P2_h008_N5000_slepc_eigs.txt,17.912484515376377,17.912484515376377,0.02842971117462952,0.02842971117462952
992,630.0621348331304,648.0097224843443,loaded:unit_ball_P2_h008_N5000_slepc_eigs.txt,17.947587651213894,17.947587651213894,0.02848542494299748,0.02848542494299748
993,630.0621348331304,648.060477850464,loaded:unit_ball_P2_h008_N5000_slepc_eigs.txt,17.998343017333696,17.998343017333696,0.028565981071216873,0.028565981071216873
994,630.0621348331304,648.1562468633045,loaded:unit_ball_P2_h008_N5000_slepc_eigs.txt,18.094112030174188,18.094112030174188,0.028717980386119134,0.028717980386119134
995,630.0621348331304,648.186375129217,loaded:unit_ball_P2_h008_N5000_slepc_eigs.txt,18.12424029608667,18.12424029608667,0.028765798314299283,0.028765798314299283
996,630.0621348331304,648.2431374062594,loaded:unit_ball_P2_h008_N5000_slepc_eigs.txt,18.181002573129035,18.181002573129035,0.028855888281469583,0.028855888281469583
997,630.0621348331304,648.339276089829,loaded:unit_ball_P2_h008_N5000_slepc_eigs.txt,18.277141256698656,18.277141256698656,0.029008474317440594,0.029008474317440594
998,630.0621348331304,648.3701044130202,loaded:unit_ball_P2_h008_N5000_slepc_eigs.txt,18.3079695798898,18.3079695798898,0.029057403338066966,0.029057403338066966
999,630.0621348331304,648.4231321555878,loaded:unit_ball_P2_h008_N5000_slepc_eigs.txt,18.36099732245748,18.36099732245748,0.029141566057322776,0.029141566057322776
1000,630.0621348331304,648.4580013040572,loaded:unit_ball_P2_h008_N5000_slepc_eigs.txt,18.395866470926876,18.395866470926876,0.029196908453797105,0.029196908453797105
1001,630.0621348331304,648.5267361040153,loaded:unit_ball_P2_h008_N5000_slepc_eigs.txt,18.46460127088494,18.46460127088494,0.02930600055147771,0.02930600055147771
1002,630.0621348331304,648.578016946875,loaded:unit_ball_P2_h008_N5000_slepc_eigs.txt,18.515882113744624,18.515882113744624,0.02938739068750495,0.02938739068750495
1003,630.0621348331304,648.6537621763913,loaded:unit_ball_P2_h008_N5000_slepc_eigs.txt,18.59162734326094,18.59162734326094,0.029507609353774073,0.029507609353774073
1004,630.0621348331304,648.7504791193903,loaded:unit_ball_P2_h008_N5000_slepc_eigs.txt,18.688344286259962,18.688344286259962,0.02966111317133746,0.02966111317133746
1005,630.0621348331304,648.7842275505901,loaded:unit_ball_P2_h008_N5000_slepc_eigs.txt,18.72209271745976,18.72209271745976,0.029714676826942215,0.029714676826942215
1006,630.0621348331304,648.9029544917379,loaded:unit_ball_P2_h008_N5000_slepc_eigs.txt,18.84081965860753,18.84081965860753,0.029903113704170543,0.029903113704170543
1007,630.0621348331304,649.0933748418194,loaded:unit_ball_P2_h008_N5000_slepc_eigs.txt,19.031240008688997,19.031240008688997,0.030205338420677113,0.030205338420677113
1008,630.0621348331304,649.3399535766371,loaded:unit_ball_P2_h008_N5000_slepc_eigs.txt,19.277818743506714,19.277818743506714,0.030596694639668156,0.030596694639668156
1009,631.6546816697189,649.7461788240661,loaded:unit_ball_P2_h008_N5000_slepc_eigs.txt,18.091497154347167,18.091497154347167,0.028641436024069385,0.028641436024069385
1010,655.5062329915772,674.7549698205436,loaded:unit_ball_P2_h008_N5000_slepc_eigs.txt,19.248736828966344,19.248736828966344,0.029364689243486834,0.029364689243486834
1011,655.5062329915772,674.8142038984591,loaded:unit_ball_P2_h008_N5000_slepc_eigs.txt,19.307970906881906,19.307970906881906,0.029455053110273015,0.029455053110273015
1012,655.5062329915772,675.0397489335138,loaded:unit_ball_P2_h008_N5000_slepc_eigs.txt,19.53351594193657,19.53351594193657,0.02979913074630911,0.02979913074630911
1013,655.5062329915772,675.1199569432024,loaded:unit_ball_P2_h008_N5000_slepc_eigs.txt,19.61372395162516,19.61372395162516,0.029921491153658004,0.029921491153658004
1014,655.5062329915772,675.2410780499986,loaded:unit_ball_P2_h008_N5000_slepc_eigs.txt,19.734845058421342,19.734845058421342,0.030106266066084714,0.030106266066084714
1015,655.5062329915772,675.4258192950622,loaded:unit_ball_P2_h008_N5000_slepc_eigs.txt,19.919586303484948,19.919586303484948,0.03038809594925835,0.03038809594925835
1016,655.5062329915772,675.4671493392829,loaded:unit_ball_P2_h008_N5000_slepc_eigs.txt,19.96091634770562,19.96091634770562,0.030451146523212545,0.030451146523212545
1017,655.5062329915772,675.5207090478204,loaded:unit_ball_P2_h008_N5000_slepc_eigs.txt,20.01447605624321,20.01447605624321,0.030532853921009753,0.030532853921009753
1018,655.5062329915772,675.6688566844282,loaded:unit_ball_P2_h008_N5000_slepc_eigs.txt,20.162623692850957,20.162623692850957,0.03075885884537429,0.03075885884537429
1019,655.5062329915772,675.6915449522933,loaded:unit_ball_P2_h008_N5000_slepc_eigs.txt,20.185311960716035,20.185311960716035,0.030793470671659353,0.030793470671659353
1020,655.5062329915772,675.8698565354347,loaded:unit_ball_P2_h008_N5000_slepc_eigs.txt,20.363623543857443,20.363623543857443,0.03106549185798375,0.03106549185798375
1021,655.5062329915772,675.9228697872269,loaded:unit_ball_P2_h008_N5000_slepc_eigs.txt,20.41663679564965,20.41663679564965,0.031146365614973474,0.031146365614973474
1022,655.5062329915772,676.1245615892616,loaded:unit_ball_P2_h008_N5000_slepc_eigs.txt,20.618328597684354,20.618328597684354,0.03145405422552143,0.03145405422552143
1023,655.5062329915772,676.2582723701173,loaded:unit_ball_P2_h008_N5000_slepc_eigs.txt,20.752039378540076,20.752039378540076,0.03165803517051641,0.03165803517051641
1024,655.5062329915772,676.4526940067626,loaded:unit_ball_P2_h008_N5000_slepc_eigs.txt,20.946461015185378,20.946461015185378,0.03195463286381065,0.03195463286381065
1025,673.6973650149018,693.0625315383392,loaded:unit_ball_P2_h008_N5000_slepc_eigs.txt,19.365166523437324,19.365166523437324,0.02874460778543935,0.02874460778543935
1026,673.6973650149018,693.3685013767432,loaded:unit_ball_P2_h008_N5000_slepc_eigs.txt,19.671136361841377,19.671136361841377,0.02919877289620431,0.02919877289620431
1027,673.6973650149018,693.3988407150667,loaded:unit_ball_P2_h008_N5000_slepc_eigs.txt,19.701475700164906,19.701475700164906,0.029243806972184195,0.029243806972184195
1028,673.6973650149018,693.5573615941504,loaded:unit_ball_P2_h008_N5000_slepc_eigs.txt,19.85999657924856,19.85999657924856,0.02947910680756376,0.02947910680756376
1029,673.6973650149018,693.6239826674278,loaded:unit_ball_P2_h008_N5000_slepc_eigs.txt,19.92661765252592,19.92661765252592,0.029577995532289417,0.029577995532289417
1030,673.6973650149018,693.6393614887262,loaded:unit_ball_P2_h008_N5000_slepc_eigs.txt,19.94199647382436,19.94199647382436,0.029600823024420252,0.029600823024420252
1031,673.6973650149018,693.7461876294285,loaded:unit_ball_P2_h008_N5000_slepc_eigs.txt,20.04882261452667,20.04882261452667,0.029759389980816092,0.029759389980816092
1032,673.6973650149018,693.7762827530953,loaded:unit_ball_P2_h008_N5000_slepc_eigs.txt,20.078917738193468,20.078917738193468,0.029804061557743115,0.029804061557743115
1033,673.6973650149018,693.9298198191069,loaded:unit_ball_P2_h008_N5000_slepc_eigs.txt,20.232454804205076,20.232454804205076,0.03003196369004285,0.03003196369004285
1034,673.6973650149018,693.9514977046472,loaded:unit_ball_P2_h008_N5000_slepc_eigs.txt,20.254132689745347,20.254132689745347,0.030064141173087915,0.030064141173087915
1035,673.6973650149018,693.9977415541196,loaded:unit_ball_P2_h008_N5000_slepc_eigs.txt,20.300376539217723,20.300376539217723,0.03013278304683393,0.03013278304683393
1036,673.6973650149018,694.0495740020854,loaded:unit_ball_P2_h008_N5000_slepc_eigs.txt,20.35220898718353,20.35220898718353,0.03020972033449077,0.03020972033449077
1037,673.6973650149018,694.0989687251422,loaded:unit_ball_P2_h008_N5000_slepc_eigs.txt,20.40160371024035,20.40160371024035,0.030283039194889946,0.030283039194889946
1038,673.6973650149018,694.1586750541094,loaded:unit_ball_P2_h008_N5000_slepc_eigs.txt,20.461310039207547,20.461310039207547,0.030371664046444584,0.030371664046444584
1039,673.6973650149018,694.2082747389741,loaded:unit_ball_P2_h008_N5000_slepc_eigs.txt,20.510909724072235,20.510909724072235,0.030445287141086776,0.030445287141086776
1040,673.6973650149018,694.2685286528855,loaded:unit_ball_P2_h008_N5000_slepc_eigs.txt,20.57116363798366,20.57116363798366,0.030534724798172003,0.030534724798172003
1041,673.6973650149018,694.3095119786292,loaded:unit_ball_P2_h008_N5000_slepc_eigs.txt,20.612146963727355,20.612146963727355,0.030595558234477325,0.030595558234477325
1042,673.6973650149018,694.37411899978,loaded:unit_ball_P2_h008_N5000_slepc_eigs.txt,20.676753984878133,20.676753984878133,0.030691457408952124,0.030691457408952124
1043,673.6973650149018,694.4151825517474,loaded:unit_ball_P2_h008_N5000_slepc_eigs.txt,20.717817536845587,20.717817536845587,0.03075240992873309,0.03075240992873309
1044,673.6973650149018,694.4822568461998,loaded:unit_ball_P2_h008_N5000_slepc_eigs.txt,20.784891831297955,20.784891831297955,0.030851971390504405,0.030851971390504405
1045,673.6973650149018,694.5479250935454,loaded:unit_ball_P2_h008_N5000_slepc_eigs.txt,20.850560078643525,20.850560078643525,0.030949445791853915,0.030949445791853915
1046,673.6973650149018,694.5791980138738,loaded:unit_ball_P2_h008_N5000_slepc_eigs.txt,20.88183299897196,20.88183299897196,0.030995865626563736,0.030995865626563736
1047,673.6973650149018,694.6541418559895,loaded:unit_ball_P2_h008_N5000_slepc_eigs.txt,20.956776841087617,20.956776841087617,0.031107108220059704,0.031107108220059704
1048,673.6973650149018,694.6882326372031,loaded:unit_ball_P2_h008_N5000_slepc_eigs.txt,20.990867622301266,20.990867622301266,0.031157710735349186,0.031157710735349186
1049,673.6973650149018,694.7645399059782,loaded:unit_ball_P2_h008_N5000_slepc_eigs.txt,21.06717489107632,21.06717489107632,0.031270977125775645,0.031270977125775645
1050,673.6973650149018,694.802398380873,loaded:unit_ball_P2_h008_N5000_slepc_eigs.txt,21.105033365971167,21.105033365971167,0.03132717220217172,0.03132717220217172
1051,673.6973650149018,694.8402370995013,loaded:unit_ball_P2_h008_N5000_slepc_eigs.txt,21.142872084599503,21.142872084599503,0.0313833379534323,0.0313833379534323
1052,673.6973650149018,694.906876555369,loaded:unit_ball_P2_h008_N5000_slepc_eigs.txt,21.209511540467133,21.209511540467133,0.0314822539642826,0.0314822539642826
1053,673.6973650149018,694.9435828503616,loaded:unit_ball_P2_h008_N5000_slepc_eigs.txt,21.246217835459788,21.246217835459788,0.03153673880703071,0.03153673880703071
1054,673.6973650149018,694.9804473344587,loaded:unit_ball_P2_h008_N5000_slepc_eigs.txt,21.28308231955691,21.28308231955691,0.03159145845714587,0.03159145845714587
1055,673.6973650149018,695.0826726408679,loaded:unit_ball_P2_h008_N5000_slepc_eigs.txt,21.385307625966107,21.385307625966107,0.03174319618348674,0.03174319618348674
1056,673.6973650149018,695.108301091824,loaded:unit_ball_P2_h008_N5000_slepc_eigs.txt,21.410936076922212,21.410936076922212,0.03178123767256921,0.03178123767256921
1057,673.6973650149018,695.1666687494902,loaded:unit_ball_P2_h008_N5000_slepc_eigs.txt,21.46930373458838,21.46930373458838,0.03186787547271094,0.03186787547271094
1058,673.6973650149018,695.216082208212,loaded:unit_ball_P2_h008_N5000_slepc_eigs.txt,21.51871719331018,21.51871719331018,0.03194122214331979,0.03194122214331979
1059,673.6973650149018,695.2592849201338,loaded:unit_ball_P2_h008_N5000_slepc_eigs.txt,21.561919905232003,21.561919905232003,0.032005349916657405,0.032005349916657405
1060,673.6973650149018,695.3745904974439,loaded:unit_ball_P2_h008_N5000_slepc_eigs.txt,21.6772254825421,21.6772254825421,0.03217650329100309,0.03217650329100309
1061,673.6973650149018,695.5083474150551,loaded:unit_ball_P2_h008_N5000_slepc_eigs.txt,21.810982400153307,21.810982400153307,0.03237504483882145,0.03237504483882145
1062,673.6973650149018,695.6137734077748,loaded:unit_ball_P2_h008_N5000_slepc_eigs.txt,21.916408392872995,21.916408392872995,0.03253153349113695,0.03253153349113695
1063,673.6973650149018,695.7065531519806,loaded:unit_ball_P2_h008_N5000_slepc_eigs.txt,22.00918813707881,22.00918813707881,0.03266925073484884,0.03266925073484884
1064,673.6973650149018,695.9670764298869,loaded:unit_ball_P2_h008_N5000_slepc_eigs.txt,22.269711414985068,22.269711414985068,0.0330559574245811,0.0330559574245811
1065,673.6973650149018,696.063671147323,loaded:unit_ball_P2_h008_N5000_slepc_eigs.txt,22.366306132421187,22.366306132421187,0.033199337408609954,0.033199337408609954
1066,675.428535598089,696.132442515177,loaded:unit_ball_P2_h008_N5000_slepc_eigs.txt,20.703906917088034,20.703906917088034,0.030652994100633928,0.030652994100633928
1067,675.428535598089,696.2611573064455,loaded:unit_ball_P2_h008_N5000_slepc_eigs.txt,20.832621708356555,20.832621708356555,0.030843561695108664,0.030843561695108664
1068,675.428535598089,696.3559897611865,loaded:unit_ball_P2_h008_N5000_slepc_eigs.txt,20.927454163097536,20.927454163097536,0.030983965083095533,0.030983965083095533
1069,675.428535598089,696.3889782015717,loaded:unit_ball_P2_h008_N5000_slepc_eigs.txt,20.96044260348276,20.96044260348276,0.031032805839217886,0.031032805839217886
1070,675.428535598089,696.4587353026325,loaded:unit_ball_P2_h008_N5000_slepc_eigs.txt,21.03019970454352,21.03019970454352,0.031136084124608936,0.031136084124608936
1071,675.428535598089,696.4793250776399,loaded:unit_ball_P2_h008_N5000_slepc_eigs.txt,21.050789479550986,21.050789479550986,0.031166568141677054,0.031166568141677054
1072,675.428535598089,696.5502141084237,loaded:unit_ball_P2_h008_N5000_slepc_eigs.txt,21.121678510334732,21.121678510334732,0.03127152229603622,0.03127152229603622
1073,675.428535598089,696.5789405936026,loaded:unit_ball_P2_h008_N5000_slepc_eigs.txt,21.150404995513668,21.150404995513668,0.03131405305046089,0.03131405305046089
1074,675.428535598089,696.6594456035018,loaded:unit_ball_P2_h008_N5000_slepc_eigs.txt,21.230910005412852,21.230910005412852,0.03143324406128766,0.03143324406128766
1075,675.428535598089,696.6930174902532,loaded:unit_ball_P2_h008_N5000_slepc_eigs.txt,21.264481892164213,21.264481892164213,0.03148294863398777,0.03148294863398777
1076,675.428535598089,696.827566916525,loaded:unit_ball_P2_h008_N5000_slepc_eigs.txt,21.399031318436073,21.399031318436073,0.03168215464791893,0.03168215464791893
1077,675.428535598089,696.911029353349,loaded:unit_ball_P2_h008_N5000_slepc_eigs.txt,21.482493755260066,21.482493755260066,0.031805724252140774,0.031805724252140774
1078,675.428535598089,697.0203650743313,loaded:unit_ball_P2_h008_N5000_slepc_eigs.txt,21.59182947624231,21.59182947624231,0.03196760032817216,0.03196760032817216
1079,675.428535598089,697.0759622969962,loaded:unit_ball_P2_h008_N5000_slepc_eigs.txt,21.647426698907225,21.647426698907225,0.032049914325486005,0.032049914325486005
1080,675.428535598089,697.0890911117334,loaded:unit_ball_P2_h008_N5000_slepc_eigs.txt,21.660555513644454,21.660555513644454,0.03206935208099274,0.03206935208099274
1081,675.428535598089,697.1682260191145,loaded:unit_ball_P2_h008_N5000_slepc_eigs.txt,21.739690421025557,21.739690421025557,0.03218651459813607,0.03218651459813607
1082,675.428535598089,697.229945890208,loaded:unit_ball_P2_h008_N5000_slepc_eigs.txt,21.801410292119044,21.801410292119044,0.032277893430744664,0.032277893430744664
1083,675.428535598089,697.2634898011939,loaded:unit_ball_P2_h008_N5000_slepc_eigs.txt,21.834954203104985,21.834954203104985,0.03232755658416213,0.03232755658416213
1084,675.428535598089,697.2862871403631,loaded:unit_ball_P2_h008_N5000_slepc_eigs.txt,21.857751542274173,21.857751542274173,0.03236130899165999,0.03236130899165999
1085,675.428535598089,697.386329125739,loaded:unit_ball_P2_h008_N5000_slepc_eigs.txt,21.957793527650097,21.957793527650097,0.032509425306122976,0.032509425306122976
1086,675.428535598089,697.4520251759437,loaded:unit_ball_P2_h008_N5000_slepc_eigs.txt,22.023489577854775,22.023489577854775,0.032606691037051126,0.032606691037051126
1087,675.428535598089,697.5011374421554,loaded:unit_ball_P2_h008_N5000_slepc_eigs.txt,22.072601844066412,22.072601844066412,0.03267940378699165,0.03267940378699165
1088,675.428535598089,697.5414117903488,loaded:unit_ball_P2_h008_N5000_slepc_eigs.txt,22.11287619225982,22.11287619225982,0.03273903163223473,0.03273903163223473
1089,675.428535598089,697.6445985612954,loaded:unit_ball_P2_h008_N5000_slepc_eigs.txt,22.21606296320647,22.21606296320647,0.03289180393234977,0.03289180393234977
1090,675.428535598089,697.7348031276948,loaded:unit_ball_P2_h008_N5000_slepc_eigs.txt,22.30626752960586,22.30626752960586,0.03302535553943359,0.03302535553943359
1091,675.428535598089,697.7499122828699,loaded:unit_ball_P2_h008_N5000_slepc_eigs.txt,22.321376684780944,22.321376684780944,0.03304772527120943,0.03304772527120943
1092,675.428535598089,697.8694664888944,loaded:unit_ball_P2_h008_N5000_slepc_eigs.txt,22.440930890805475,22.440930890805475,0.03322473023875743,0.03322473023875743
1093,675.428535598089,697.9392237481696,loaded:unit_ball_P2_h008_N5000_slepc_eigs.txt,22.510688150080682,22.510688150080682,0.03332800875839154,0.03332800875839154
1094,675.428535598089,698.0652882998343,loaded:unit_ball_P2_h008_N5000_slepc_eigs.txt,22.63675270174531,22.63675270174531,0.03351465256305845,0.03351465256305845
1095,675.428535598089,698.2268258446148,loaded:unit_ball_P2_h008_N5000_slepc_eigs.txt,22.79829024652588,22.79829024652588,0.03375381560735822,0.03375381560735822
1096,675.428535598089,698.3926471654871,loaded:unit_ball_P2_h008_N5000_slepc_eigs.txt,22.964111567398163,22.964111567398163,0.03399932096008284,0.03399932096008284
1097,675.428535598089,698.4826859622168,loaded:unit_ball_P2_h008_N5000_slepc_eigs.txt,23.05415036412785,23.05415036412785,0.034132627138285625,0.034132627138285625
1098,675.428535598089,698.5919933191724,loaded:unit_ball_P2_h008_N5000_slepc_eigs.txt,23.163457721083432,23.163457721083432,0.03429446122019748,0.03429446122019748
1099,682.6593272332874,703.4850613051509,loaded:unit_ball_P2_h008_N5000_slepc_eigs.txt,20.825734071863508,20.825734071863508,0.030506774376418445,0.030506774376418445
1100,682.6593272332874,703.6193932415256,loaded:unit_ball_P2_h008_N5000_slepc_eigs.txt,20.960066008238186,20.960066008238186,0.030703551789420486,0.030703551789420486
1101,682.6593272332874,704.1287104017524,loaded:unit_ball_P2_h008_N5000_slepc_eigs.txt,21.469383168465015,21.469383168465015,0.03144962986952379,0.03144962986952379
1102,682.6593272332874,704.2710966905322,loaded:unit_ball_P2_h008_N5000_slepc_eigs.txt,21.611769457244804,21.611769457244804,0.03165820577715383,0.03165820577715383
1103,682.6593272332874,704.3658882924924,loaded:unit_ball_P2_h008_N5000_slepc_eigs.txt,21.706561059205,21.706561059205,0.03179706215569973,0.03179706215569973
1104,682.6593272332874,704.4187663924464,loaded:unit_ball_P2_h008_N5000_slepc_eigs.txt,21.759439159159,21.759439159159,0.03187452114270033,0.03187452114270033
1105,682.6593272332874,704.6922894289912,loaded:unit_ball_P2_h008_N5000_slepc_eigs.txt,22.032962195703817,22.032962195703817,0.03227519396094682,0.03227519396094682
1106,682.6593272332874,704.7076480170723,loaded:unit_ball_P2_h008_N5000_slepc_eigs.txt,22.048320783784902,22.048320783784902,0.03229769213458686,0.03229769213458686
1107,682.6593272332874,704.9235268479691,loaded:unit_ball_P2_h008_N5000_slepc_eigs.txt,22.26419961468173,22.26419961468173,0.03261392429063422,0.03261392429063422
1108,682.6593272332874,704.955644919011,loaded:unit_ball_P2_h008_N5000_slepc_eigs.txt,22.29631768572358,22.29631768572358,0.03266097275208574,0.03266097275208574
1109,682.6593272332874,705.1242195192104,loaded:unit_ball_P2_h008_N5000_slepc_eigs.txt,22.464892285923042,22.464892285923042,0.03290791085645863,0.03290791085645863
1110,683.4443000557092,705.1616176385312,loaded:unit_ball_P2_h008_N5000_slepc_eigs.txt,21.717317582822034,21.717317582822034,0.031776280204622094,0.031776280204622094
1111,683.4443000557092,705.229603879706,loaded:unit_ball_P2_h008_N5000_slepc_eigs.txt,21.785303823996855,21.785303823996855,0.03187575611095313,0.03187575611095313
1112,683.4443000557092,705.327528985695,loaded:unit_ball_P2_h008_N5000_slepc_eigs.txt,21.883228929985876,21.883228929985876,0.032019037876535254,0.032019037876535254
1113,683.4443000557092,705.5092543468915,loaded:unit_ball_P2_h008_N5000_slepc_eigs.txt,22.06495429118229,22.06495429118229,0.032284934250506915,0.032284934250506915
1114,683.4443000557092,705.536236970805,loaded:unit_ball_P2_h008_N5000_slepc_eigs.txt,22.091936915095857,22.091936915095857,0.03232441460598192,0.03232441460598192
1115,683.4443000557092,705.6158718990683,loaded:unit_ball_P2_h008_N5000_slepc_eigs.txt,22.171571843359175,22.171571843359175,0.03244093460367131,0.03244093460367131
1116,683.4443000557092,705.6880370689544,loaded:unit_ball_P2_h008_N5000_slepc_eigs.txt,22.24373701324521,22.24373701324521,0.03254652502249571,0.03254652502249571
1117,683.4443000557092,705.8657591990814,loaded:unit_ball_P2_h008_N5000_slepc_eigs.txt,22.421459143372203,22.421459143372203,0.03280656396072742,0.03280656396072742
1118,683.4443000557092,705.9097223673568,loaded:unit_ball_P2_h008_N5000_slepc_eigs.txt,22.46542231164767,22.46542231164767,0.03287088985864168,0.03287088985864168
1119,683.4443000557092,705.9973928276614,loaded:unit_ball_P2_h008_N5000_slepc_eigs.txt,22.553092771952265,22.553092771952265,0.03299916726222445,0.03299916726222445
1120,683.4443000557092,706.0491292229219,loaded:unit_ball_P2_h008_N5000_slepc_eigs.txt,22.604829167212756,22.604829167212756,0.03307486676729937,0.03307486676729937
1121,683.4443000557092,706.1369673600462,loaded:unit_ball_P2_h008_N5000_slepc_eigs.txt,22.69266730433708,22.69266730433708,0.03320338951175296,0.03320338951175296
1122,683.4443000557092,706.2205415557008,loaded:unit_ball_P2_h008_N5000_slepc_eigs.txt,22.77624149999167,22.77624149999167,0.0333256733549978,0.0333256733549978
1123,683.4443000557092,706.260967987178,loaded:unit_ball_P2_h008_N5000_slepc_eigs.txt,22.816667931468828,22.816667931468828,0.03338482438087345,0.03338482438087345
1124,683.4443000557092,706.3472367697324,loaded:unit_ball_P2_h008_N5000_slepc_eigs.txt,22.902936714023213,22.902936714023213,0.03351105088177096,0.03351105088177096
1125,683.4443000557092,706.4134457664138,loaded:unit_ball_P2_h008_N5000_slepc_eigs.txt,22.96914571070465,22.96914571070465,0.03360792636478552,0.03360792636478552
1126,683.4443000557092,706.4224363489785,loaded:unit_ball_P2_h008_N5000_slepc_eigs.txt,22.97813629326936,22.97813629326936,0.033621081178665704,0.033621081178665704
1127,683.4443000557092,706.6282862856652,loaded:unit_ball_P2_h008_N5000_slepc_eigs.txt,23.183986229956076,23.183986229956076,0.03392227607731353,0.03392227607731353
1128,683.4443000557092,706.7650975160211,loaded:unit_ball_P2_h008_N5000_slepc_eigs.txt,23.32079746031195,23.32079746031195,0.0341224551267909,0.0341224551267909
1129,683.4443000557092,706.9584963306452,loaded:unit_ball_P2_h008_N5000_slepc_eigs.txt,23.514196274936012,23.514196274936012,0.03440543182965944,0.03440543182965944
1130,683.4443000557092,707.3317114934101,loaded:unit_ball_P2_h008_N5000_slepc_eigs.txt,23.887411437700962,23.887411437700962,0.03495151168244997,0.03495151168244997
1131,692.0678016948419,714.274453736054,loaded:unit_ball_P2_h008_N5000_slepc_eigs.txt,22.206652041212124,22.206652041212124,0.032087393730540655,0.032087393730540655
1132,692.0678016948419,714.5639779853689,loaded:unit_ball_P2_h008_N5000_slepc_eigs.txt,22.496176290526932,22.496176290526932,0.03250574038473519,0.03250574038473519
1133,692.0678016948419,714.6527233628335,loaded:unit_ball_P2_h008_N5000_slepc_eigs.txt,22.58492166799158,22.58492166799158,0.03263397258575266,0.03263397258575266
1134,692.0678016948419,714.7483943001429,loaded:unit_ball_P2_h008_N5000_slepc_eigs.txt,22.680592605300944,22.680592605300944,0.03277221184074339,0.03277221184074339
1135,692.0678016948419,714.8937161781296,loaded:unit_ball_P2_h008_N5000_slepc_eigs.txt,22.825914483287647,22.825914483287647,0.03298219398068808,0.03298219398068808
1136,692.0678016948419,714.9336558470218,loaded:unit_ball_P2_h008_N5000_slepc_eigs.txt,22.86585415217985,22.86585415217985,0.03303990461076564,0.03303990461076564
1137,692.0678016948419,714.9897950107805,loaded:unit_ball_P2_h008_N5000_slepc_eigs.txt,22.921993315938607,22.921993315938607,0.03312102262206638,0.03312102262206638
1138,692.0678016948419,715.0467603399962,loaded:unit_ball_P2_h008_N5000_slepc_eigs.txt,22.978958645154307,22.978958645154307,0.033203334397121066,0.033203334397121066
1139,692.0678016948419,715.0752219791567,loaded:unit_ball_P2_h008_N5000_slepc_eigs.txt,23.007420284314776,23.007420284314776,0.033244459904030604,0.033244459904030604
1140,692.0678016948419,715.1164363636611,loaded:unit_ball_P2_h008_N5000_slepc_eigs.txt,23.048634668819204,23.048634668819204,0.03330401242822476,0.03330401242822476
1141,692.0678016948419,715.2088904185426,loaded:unit_ball_P2_h008_N5000_slepc_eigs.txt,23.141088723700705,23.141088723700705,0.03343760346461611,0.03343760346461611
1142,692.0678016948419,715.2438890592338,loaded:unit_ball_P2_h008_N5000_slepc_eigs.txt,23.176087364391833,23.176087364391833,0.03348817458005512,0.03348817458005512
1143,692.0678016948419,715.3799756099238,loaded:unit_ball_P2_h008_N5000_slepc_eigs.txt,23.31217391508187,23.31217391508187,0.03368481217879439,0.03368481217879439
1144,692.0678016948419,715.3995429764236,loaded:unit_ball_P2_h008_N5000_slepc_eigs.txt,23.331741281581685,23.331741281581685,0.03371308594973402,0.03371308594973402
1145,692.0678016948419,715.4904001944899,loaded:unit_ball_P2_h008_N5000_slepc_eigs.txt,23.42259849964796,23.42259849964796,0.03384436964454509,0.03384436964454509
1146,692.0678016948419,715.5102115042566,loaded:unit_ball_P2_h008_N5000_slepc_eigs.txt,23.4424098094147,23.4424098094147,0.03387299590012037,0.03387299590012037
1147,692.0678016948419,715.6340941805937,loaded:unit_ball_P2_h008_N5000_slepc_eigs.txt,23.566292485751774,23.566292485751774,0.03405199957004071,0.03405199957004071
1148,692.0678016948419,715.6694161746215,loaded:unit_ball_P2_h008_N5000_slepc_eigs.txt,23.601614479779528,23.601614479779528,0.03410303791330888,0.03410303791330888
1149,692.0678016948419,715.7896878662731,loaded:unit_ball_P2_h008_N5000_slepc_eigs.txt,23.72188617143115,23.72188617143115,0.03427682390849185,0.03427682390849185
1150,692.0678016948419,715.8697683558871,loaded:unit_ball_P2_h008_N5000_slepc_eigs.txt,23.801966661045185,23.801966661045185,0.034392535822003675,0.034392535822003675
1151,692.0678016948419,715.8943178720207,loaded:unit_ball_P2_h008_N5000_slepc_eigs.txt,23.826516177178746,23.826516177178746,0.03442800852579576,0.03442800852579576
1152,692.0678016948419,716.0449401009058,loaded:unit_ball_P2_h008_N5000_slepc_eigs.txt,23.977138406063887,23.977138406063887,0.034645649381960825,0.034645649381960825
1153,692.0678016948419,716.0886744751244,loaded:unit_ball_P2_h008_N5000_slepc_eigs.txt,24.020872780282502,24.020872780282502,0.03470884315302128,0.03470884315302128
1154,692.0678016948419,716.2841357516795,loaded:unit_ball_P2_h008_N5000_slepc_eigs.txt,24.21633405683758,24.21633405683758,0.03499127397277103,0.03499127397277103
1155,692.0678016948419,716.342803917198,loaded:unit_ball_P2_h008_N5000_slepc_eigs.txt,24.27500222235608,24.27500222235608,0.035076046252849394,0.035076046252849394
1156,692.0678016948419,716.6428782446563,loaded:unit_ball_P2_h008_N5000_slepc_eigs.txt,24.575076549814412,24.575076549814412,0.035509637191083285,0.035509637191083285
1157,692.0678016948419,716.6850742232508,loaded:unit_ball_P2_h008_N5000_slepc_eigs.txt,24.617272528408876,24.617272528408876,0.03557060806487792,0.03557060806487792
1158,701.0190141478594,723.0984196720331,loaded:unit_ball_P2_h008_N5000_slepc_eigs.txt,22.079405524173694,22.079405524173694,0.031496157848175985,0.031496157848175985
1159,701.0190141478594,723.2839754542115,loaded:unit_ball_P2_h008_N5000_slepc_eigs.txt,22.26496130635212,22.26496130635212,0.03176085221228533,0.03176085221228533
1160,701.0190141478594,723.952716688836,loaded:unit_ball_P2_h008_N5000_slepc_eigs.txt,22.933702540976583,22.933702540976583,0.032714808126644325,0.032714808126644325
1161,701.0190141478594,724.2301530814178,loaded:unit_ball_P2_h008_N5000_slepc_eigs.txt,23.21113893355846,23.21113893355846,0.03311056970654829,0.03311056970654829
1162,701.0190141478594,724.356918888287,loaded:unit_ball_P2_h008_N5000_slepc_eigs.txt,23.33790474042769,23.33790474042769,0.03329140047477406,0.03329140047477406
1163,701.0190141478594,724.5214338572388,loaded:unit_ball_P2_h008_N5000_slepc_eigs.txt,23.50241970937941,23.50241970937941,0.033526080227578914,0.033526080227578914
1164,701.0190141478594,724.8814724848942,loaded:unit_ball_P2_h008_N5000_slepc_eigs.txt,23.86245833703481,23.86245833703481,0.03403967346883079,0.03403967346883079
1165,711.0784497339416,733.7828235227956,loaded:unit_ball_P2_h008_N5000_slepc_eigs.txt,22.704373788854014,22.704373788854014,0.03192949216411933,0.03192949216411933
1166,711.0784497339416,734.5798610642466,loaded:unit_ball_P2_h008_N5000_slepc_eigs.txt,23.501411330305018,23.501411330305018,0.03305037768912607,0.03305037768912607
1167,711.0784497339416,735.1825859792366,loaded:unit_ball_P2_h008_N5000_slepc_eigs.txt,24.104136245294967,24.104136245294967,0.03389799853210825,0.03389799853210825
1168,725.0655251041285,749.5803419947274,loaded:unit_ball_P2_h008_N5000_slepc_eigs.txt,24.514816890598922,24.514816890598922,0.033810484765605546,0.033810484765605546
1169,725.0655251041285,749.9548896328103,loaded:unit_ball_P2_h008_N5000_slepc_eigs.txt,24.889364528681767,24.889364528681767,0.034327055510062134,0.034327055510062134
1170,725.0655251041285,750.1937457718514,loaded:unit_ball_P2_h008_N5000_slepc_eigs.txt,25.12822066772287,25.12822066772287,0.034656482480137425,0.034656482480137425
1171,725.0655251041285,750.3350925376074,loaded:unit_ball_P2_h008_N5000_slepc_eigs.txt,25.26956743347887,25.26956743347887,0.034851425917471174,0.034851425917471174
1172,725.0655251041285,750.5578081021548,loaded:unit_ball_P2_h008_N5000_slepc_eigs.txt,25.492282998026326,25.492282998026326,0.03515859203809934,0.03515859203809934
1173,725.0655251041285,750.7576075406764,loaded:unit_ball_P2_h008_N5000_slepc_eigs.txt,25.692082436547935,25.692082436547935,0.03543415256553293,0.03543415256553293
1174,725.0655251041285,750.8405748699747,loaded:unit_ball_P2_h008_N5000_slepc_eigs.txt,25.775049765846234,25.775049765846234,0.035548579919235046,0.035548579919235046
1175,725.0655251041285,751.0250326050357,loaded:unit_ball_P2_h008_N5000_slepc_eigs.txt,25.959507500907193,25.959507500907193,0.03580298138872219,0.03580298138872219
1176,725.0655251041285,751.1454797018679,loaded:unit_ball_P2_h008_N5000_slepc_eigs.txt,26.079954597739402,26.079954597739402,0.03596910030165066,0.03596910030165066
1177,725.0655251041285,751.2411737772338,loaded:unit_ball_P2_h008_N5000_slepc_eigs.txt,26.175648673105343,26.175648673105343,0.036101080201470334,0.036101080201470334
1178,725.0655251041285,751.3775318002669,loaded:unit_ball_P2_h008_N5000_slepc_eigs.txt,26.312006696138383,26.312006696138383,0.03628914323620565,0.03628914323620565
1179,725.0655251041285,751.4755640309994,loaded:unit_ball_P2_h008_N5000_slepc_eigs.txt,26.410038926870925,26.410038926870925,0.03642434788645911,0.03642434788645911
1180,725.0655251041285,751.6017961999961,loaded:unit_ball_P2_h008_N5000_slepc_eigs.txt,26.53627109586762,26.53627109586762,0.03659844548816009,0.03659844548816009
1181,725.0655251041285,751.8829348244793,loaded:unit_ball_P2_h008_N5000_slepc_eigs.txt,26.817409720350838,26.817409720350838,0.03698618785729679,0.03698618785729679
1182,725.0655251041285,751.9578865473402,loaded:unit_ball_P2_h008_N5000_slepc_eigs.txt,26.892361443211712,26.892361443211712,0.03708956020126544,0.03708956020126544
1183,725.0655251041285,752.0220875828714,loaded:unit_ball_P2_h008_N5000_slepc_eigs.txt,26.956562478742967,26.956562478742967,0.03717810535106005,0.03717810535106005
1184,725.0655251041285,752.2551205931568,loaded:unit_ball_P2_h008_N5000_slepc_eigs.txt,27.189595489028306,27.189595489028306,0.03749950114525655,0.03749950114525655
1185,730.6783031896466,754.6510480843917,loaded:unit_ball_P2_h008_N5000_slepc_eigs.txt,23.97274489474512,23.97274489474512,0.032808891122257704,0.032808891122257704
1186,730.6783031896466,754.9635928118819,loaded:unit_ball_P2_h008_N5000_slepc_eigs.txt,24.28528962223527,24.28528962223527,0.0332366371304884,0.0332366371304884
1187,730.6783031896466,755.1748703952062,loaded:unit_ball_P2_h008_N5000_slepc_eigs.txt,24.496567205559586,24.496567205559586,0.03352578980191989,0.03352578980191989
1188,730.6783031896466,755.2400133140904,loaded:unit_ball_P2_h008_N5000_slepc_eigs.txt,24.561710124443835,24.561710124443835,0.03361494383673915,0.03361494383673915
1189,730.6783031896466,755.3342621474924,loaded:unit_ball_P2_h008_N5000_slepc_eigs.txt,24.65595895784577,24.65595895784577,0.03374393197418693,0.03374393197418693
1190,730.6783031896466,755.3863735532493,loaded:unit_ball_P2_h008_N5000_slepc_eigs.txt,24.7080703636027,24.7080703636027,0.033815251192958654,0.033815251192958654
1191,730.6783031896466,755.5039809673615,loaded:unit_ball_P2_h008_N5000_slepc_eigs.txt,24.825677777714873,24.825677777714873,0.03397620768174281,0.03397620768174281
1192,730.6783031896466,755.6995062529393,loaded:unit_ball_P2_h008_N5000_slepc_eigs.txt,25.02120306329266,25.02120306329266,0.03424380189485172,0.03424380189485172
1193,730.6783031896466,755.7745319615879,loaded:unit_ball_P2_h008_N5000_slepc_eigs.txt,25.09622877194124,25.09622877194124,0.034346481430183574,0.034346481430183574
1194,730.6783031896466,755.7948562461255,loaded:unit_ball_P2_h008_N5000_slepc_eigs.txt,25.116553056478892,25.116553056478892,0.03437429707004715,0.03437429707004715
1195,730.6783031896466,755.8903994565737,loaded:unit_ball_P2_h008_N5000_slepc_eigs.txt,25.21209626692712,25.21209626692712,0.034505056680714595,0.034505056680714595
1196,730.6783031896466,755.9676562592156,loaded:unit_ball_P2_h008_N5000_slepc_eigs.txt,25.28935306956896,25.28935306956896,0.03461078967197024,0.03461078967197024
1197,730.6783031896466,756.0122579629211,loaded:unit_ball_P2_h008_N5000_slepc_eigs.txt,25.333954773274513,25.333954773274513,0.03467183117752864,0.03467183117752864
1198,730.6783031896466,756.0766611651663,loaded:unit_ball_P2_h008_N5000_slepc_eigs.txt,25.39835797551973,25.39835797551973,0.03475997284255972,0.03475997284255972
1199,730.6783031896466,756.1758412410442,loaded:unit_ball_P2_h008_N5000_slepc_eigs.txt,25.497538051397555,25.497538051397555,0.03489570983576845,0.03489570983576845
1200,730.6783031896466,756.193719514225,loaded:unit_ball_P2_h008_N5000_slepc_eigs.txt,25.515416324578382,25.515416324578382,0.03492017788566508,0.03492017788566508
1201,730.6783031896466,756.3088706744242,loaded:unit_ball_P2_h008_N5000_slepc_eigs.txt,25.630567484777544,25.630567484777544,0.03507777276660857,0.03507777276660857
1202,730.6783031896466,756.381609411305,loaded:unit_ball_P2_h008_N5000_slepc_eigs.txt,25.70330622165841,25.70330622165841,0.035177322372178264,0.035177322372178264
1203,730.6783031896466,756.4135070351294,loaded:unit_ball_P2_h008_N5000_slepc_eigs.txt,25.73520384548283,25.73520384548283,0.035220977183995146,0.035220977183995146
1204,730.6783031896466,756.456941715414,loaded:unit_ball_P2_h008_N5000_slepc_eigs.txt,25.778638525767406,25.778638525767406,0.03528042151140294,0.03528042151140294
1205,730.6783031896466,756.5720078868536,loaded:unit_ball_P2_h008_N5000_slepc_eigs.txt,25.893704697207,25.893704697207,0.035437900077465855,0.035437900077465855
1206,730.6783031896466,756.5971352596074,loaded:unit_ball_P2_h008_N5000_slepc_eigs.txt,25.918832069960786,25.918832069960786,0.03547228918227997,0.03547228918227997
1207,730.6783031896466,756.6299696325369,loaded:unit_ball_P2_h008_N5000_slepc_eigs.txt,25.951666442890314,25.951666442890314,0.03551722602081232,0.03551722602081232
1208,730.6783031896466,756.6882586791263,loaded:unit_ball_P2_h008_N5000_slepc_eigs.txt,26.009955489479694,26.009955489479694,0.03559699990534527,0.03559699990534527
1209,730.6783031896466,756.8069578579452,loaded:unit_ball_P2_h008_N5000_slepc_eigs.txt,26.128654668298623,26.128654668298623,0.035759450573855295,0.035759450573855295
1210,730.6783031896466,756.8598530899743,loaded:unit_ball_P2_h008_N5000_slepc_eigs.txt,26.181549900327695,26.181549900327695,0.0358318425304772,0.0358318425304772
1211,730.6783031896466,756.8714117010925,loaded:unit_ball_P2_h008_N5000_slepc_eigs.txt,26.19310851144587,26.19310851144587,0.035847661545586475,0.035847661545586475
1212,730.6783031896466,757.0287230884232,loaded:unit_ball_P2_h008_N5000_slepc_eigs.txt,26.350419898776636,26.350419898776636,0.036062956548385997,0.036062956548385997
1213,730.6783031896466,757.1164151510952,loaded:unit_ball_P2_h008_N5000_slepc_eigs.txt,26.438111961448612,26.438111961448612,0.03618297114617708,0.03618297114617708
1214,730.6783031896466,757.1285298127415,loaded:unit_ball_P2_h008_N5000_slepc_eigs.txt,26.450226623094863,26.450226623094863,0.03619955116722515,0.03619955116722515
1215,730.6783031896466,757.1911934441449,loaded:unit_ball_P2_h008_N5000_slepc_eigs.txt,26.512890254498302,26.512890254498302,0.03628531207066226,0.03628531207066226
1216,730.6783031896466,757.2315984023078,loaded:unit_ball_P2_h008_N5000_slepc_eigs.txt,26.55329521266117,26.55329521266117,0.03634060994660368,0.03634060994660368
1217,730.6783031896466,757.371260694226,loaded:unit_ball_P2_h008_N5000_slepc_eigs.txt,26.69295750457934,26.69295750457934,0.036531750550216104,0.036531750550216104
1218,730.6783031896466,757.4376780264848,loaded:unit_ball_P2_h008_N5000_slepc_eigs.txt,26.75937483683822,26.75937483683822,0.036622648736146825,0.036622648736146825
1219,730.6783031896466,757.4672546536949,loaded:unit_ball_P2_h008_N5000_slepc_eigs.txt,26.788951464048296,26.788951464048296,0.036663127052091016,0.036663127052091016
1220,730.6783031896466,757.7185443823514,loaded:unit_ball_P2_h008_N5000_slepc_eigs.txt,27.040241192704798,27.040241192704798,0.037007039999224584,0.037007039999224584
1221,730.6783031896466,757.7776969127818,loaded:unit_ball_P2_h008_N5000_slepc_eigs.txt,27.099393723135222,27.099393723135222,0.03708799564026689,0.03708799564026689
1222,730.6783031896466,757.9997905599936,loaded:unit_ball_P2_h008_N5000_slepc_eigs.txt,27.321487370346972,27.321487370346972,0.03739195108309616,0.03739195108309616
1223,730.6783031896466,758.0240327974763,loaded:unit_ball_P2_h008_N5000_slepc_eigs.txt,27.34572960782964,27.34572960782964,0.037425128799441154,0.037425128799441154
1224,730.6783031896466,758.1347180858522,loaded:unit_ball_P2_h008_N5000_slepc_eigs.txt,27.456414896205615,27.456414896205615,0.037576611726870095,0.037576611726870095
1225,730.6783031896466,758.2196235362039,loaded:unit_ball_P2_h008_N5000_slepc_eigs.txt,27.541320346557313,27.541320346557313,0.037692812591164346,0.037692812591164346
1226,730.6783031896466,758.4482136449337,loaded:unit_ball_P2_h008_N5000_slepc_eigs.txt,27.769910455287118,27.769910455287118,0.03800565903498502,0.03800565903498502
1227,730.6783031896466,758.9718789313798,loaded:unit_ball_P2_h008_N5000_slepc_eigs.txt,28.293575741733207,28.293575741733207,0.03872234281245607,0.03872234281245607
1228,736.004258213346,761.9172127051131,loaded:unit_ball_P2_h008_N5000_slepc_eigs.txt,25.912954491767096,25.912954491767096,0.03520761490520574,0.03520761490520574
1229,736.004258213346,762.055636119616,loaded:unit_ball_P2_h008_N5000_slepc_eigs.txt,26.051377906269977,26.051377906269977,0.03539568910852476,0.03539568910852476
1230,736.004258213346,762.2654759607204,loaded:unit_ball_P2_h008_N5000_slepc_eigs.txt,26.261217747374417,26.261217747374417,0.0356807959387676,0.0356807959387676
1231,736.004258213346,762.3216860870507,loaded:unit_ball_P2_h008_N5000_slepc_eigs.txt,26.317427873704673,26.317427873704673,0.03575716795116153,0.03575716795116153
1232,736.004258213346,762.3913353412232,loaded:unit_ball_P2_h008_N5000_slepc_eigs.txt,26.387077127877205,26.387077127877205,0.03585179954248086,0.03585179954248086
1233,736.004258213346,762.4435866054532,loaded:unit_ball_P2_h008_N5000_slepc_eigs.txt,26.4393283921072,26.4393283921072,0.03592279269727162,0.03592279269727162
1234,736.004258213346,762.4820795836139,loaded:unit_ball_P2_h008_N5000_slepc_eigs.txt,26.47782137026786,26.47782137026786,0.03597509263675037,0.03597509263675037
1235,736.004258213346,762.5791661734102,loaded:unit_ball_P2_h008_N5000_slepc_eigs.txt,26.574907960064138,26.574907960064138,0.036107003001008255,0.036107003001008255
1236,736.004258213346,762.5944026915506,loaded:unit_ball_P2_h008_N5000_slepc_eigs.txt,26.590144478204593,26.590144478204593,0.03612770467218804,0.03612770467218804
1237,736.004258213346,762.64344891393,loaded:unit_ball_P2_h008_N5000_slepc_eigs.txt,26.63919070058398,26.63919070058398,0.03619434317574568,0.03619434317574568
1238,736.004258213346,762.7415056482905,loaded:unit_ball_P2_h008_N5000_slepc_eigs.txt,26.737247434944493,26.737247434944493,0.03632757166357881,0.03632757166357881
1239,736.004258213346,762.8162696937933,loaded:unit_ball_P2_h008_N5000_slepc_eigs.txt,26.812011480447268,26.812011480447268,0.036429152659433736,0.036429152659433736
1240,736.004258213346,762.9121227118585,loaded:unit_ball_P2_h008_N5000_slepc_eigs.txt,26.90786449851248,26.90786449851248,0.036559386984840896,0.036559386984840896
1241,736.004258213346,762.9977599000109,loaded:unit_ball_P2_h008_N5000_slepc_eigs.txt,26.9935016866649,26.9935016866649,0.036675741186867256,0.036675741186867256
1242,736.004258213346,763.0384639021108,loaded:unit_ball_P2_h008_N5000_slepc_eigs.txt,27.034205688764814,27.034205688764814,0.036731045217578605,0.036731045217578605
1243,736.004258213346,763.2053769309803,loaded:unit_ball_P2_h008_N5000_slepc_eigs.txt,27.201118717634245,27.201118717634245,0.0369578279121171,0.0369578279121171
1244,736.004258213346,763.2522777878205,loaded:unit_ball_P2_h008_N5000_slepc_eigs.txt,27.248019574474483,27.248019574474483,0.037021551533708764,0.037021551533708764
1245,736.004258213346,763.3038182839127,loaded:unit_ball_P2_h008_N5000_slepc_eigs.txt,27.299560070566713,27.299560070566713,0.03709157897650828,0.03709157897650828
1246,736.004258213346,763.4215918990978,loaded:unit_ball_P2_h008_N5000_slepc_eigs.txt,27.417333685751828,27.417333685751828,0.03725159654960087,0.03725159654960087
1247,736.004258213346,763.4366768698555,loaded:unit_ball_P2_h008_N5000_slepc_eigs.txt,27.432418656509526,27.432418656509526,0.0372720923152019,0.0372720923152019
1248,736.004258213346,763.5654383589302,loaded:unit_ball_P2_h008_N5000_slepc_eigs.txt,27.561180145584217,27.561180145584217,0.03744703897840091,0.03744703897840091
1249,736.004258213346,763.6486847835591,loaded:unit_ball_P2_h008_N5000_slepc_eigs.txt,27.644426570213113,27.644426570213113,0.03756014487921591,0.03756014487921591
1250,736.004258213346,763.756212321376,loaded:unit_ball_P2_h008_N5000_slepc_eigs.txt,27.751954108029963,27.751954108029963,0.03770624123207924,0.03770624123207924
1251,736.004258213346,763.8033135515827,loaded:unit_ball_P2_h008_N5000_slepc_eigs.txt,27.799055338236712,27.799055338236712,0.037770237098517685,0.037770237098517685
1252,736.004258213346,763.8879269531864,loaded:unit_ball_P2_h008_N5000_slepc_eigs.txt,27.883668739840346,27.883668739840346,0.03788520029425929,0.03788520029425929
1253,736.004258213346,764.0559447230099,loaded:unit_ball_P2_h008_N5000_slepc_eigs.txt,28.05168650966391,28.05168650966391,0.03811348398684475,0.03811348398684475
1254,736.004258213346,764.0958219867646,loaded:unit_ball_P2_h008_N5000_slepc_eigs.txt,28.091563773418557,28.091563773418557,0.038167664738259756,0.038167664738259756
1255,736.004258213346,764.1969194992839,loaded:unit_ball_P2_h008_N5000_slepc_eigs.txt,28.192661285937902,28.192661285937902,0.03830502469425344,0.03830502469425344
1256,736.004258213346,764.2580048552151,loaded:unit_ball_P2_h008_N5000_slepc_eigs.txt,28.253746641869043,28.253746641869043,0.038388020621586014,0.038388020621586014
1257,736.004258213346,764.3603616611871,loaded:unit_ball_P2_h008_N5000_slepc_eigs.txt,28.356103447841065,28.356103447841065,0.03852709156421954,0.03852709156421954
1258,736.004258213346,764.5266748015042,loaded:unit_ball_P2_h008_N5000_slepc_eigs.txt,28.522416588158194,28.522416588158194,0.03875305919750587,0.03875305919750587
1259,736.004258213346,764.6470844042989,loaded:unit_ball_P2_h008_N5000_slepc_eigs.txt,28.64282619095286,28.64282619095286,0.038916658254781654,0.038916658254781654
1260,736.004258213346,765.055068975232,loaded:unit_ball_P2_h008_N5000_slepc_eigs.txt,29.05081076188594,29.05081076188594,0.03947098191035868,0.03947098191035868
1261,736.004258213346,765.1209636877102,loaded:unit_ball_P2_h008_N5000_slepc_eigs.txt,29.116705474364153,29.116705474364153,0.039560512251715904,0.039560512251715904
1262,736.004258213346,765.2564515387469,loaded:unit_ball_P2_h008_N5000_slepc_eigs.txt,29.252193325400867,29.252193325400867,0.03974459794079278,0.03974459794079278
1263,750.8290089716083,778.1374267842054,loaded:unit_ball_P2_h008_N5000_slepc_eigs.txt,27.3084178125971,27.3084178125971,0.036371021212940016,0.036371021212940016
1264,750.8290089716083,778.3106492374131,loaded:unit_ball_P2_h008_N5000_slepc_eigs.txt,27.4816402658048,27.4816402658048,0.03660172947159529,0.03660172947159529
1265,750.8290089716083,778.5888013931583,loaded:unit_ball_P2_h008_N5000_slepc_eigs.txt,27.759792421549946,27.759792421549946,0.03697218952631017,0.03697218952631017
1266,750.8290089716083,778.7520665343106,loaded:unit_ball_P2_h008_N5000_slepc_eigs.txt,27.923057562702297,27.923057562702297,0.037189636027712636,0.037189636027712636
1267,750.8290089716083,778.9189004582208,loaded:unit_ball_P2_h008_N5000_slepc_eigs.txt,28.089891486612487,28.089891486612487,0.03741183565228321,0.03741183565228321
1268,750.8290089716083,778.9523143146193,loaded:unit_ball_P2_h008_N5000_slepc_eigs.txt,28.123305343010998,28.123305343010998,0.037456338270055366,0.037456338270055366
1269,750.8290089716083,778.9962414111504,loaded:unit_ball_P2_h008_N5000_slepc_eigs.txt,28.16723243954209,28.16723243954209,0.03751484306409796,0.03751484306409796
1270,750.8290089716083,779.154737080622,loaded:unit_ball_P2_h008_N5000_slepc_eigs.txt,28.325728109013653,28.325728109013653,0.03772593729138235,0.03772593729138235
1271,750.8290089716083,779.2368214740236,loaded:unit_ball_P2_h008_N5000_slepc_eigs.txt,28.407812502415254,28.407812502415254,0.03783526230735906,0.03783526230735906
1272,750.8290089716083,779.4003711429514,loaded:unit_ball_P2_h008_N5000_slepc_eigs.txt,28.571362171343026,28.571362171343026,0.038053087760256496,0.038053087760256496
1273,750.8290089716083,779.5368745491621,loaded:unit_ball_P2_h008_N5000_slepc_eigs.txt,28.707865577553775,28.707865577553775,0.038234891346132484,0.038234891346132484
1274,750.8290089716083,779.6928812494598,loaded:unit_ball_P2_h008_N5000_slepc_eigs.txt,28.863872277851442,28.863872277851442,0.03844267061202865,0.03844267061202865
1275,750.8290089716083,779.7176023404509,loaded:unit_ball_P2_h008_N5000_slepc_eigs.txt,28.88859336884252,28.88859336884252,0.03847559567312204,0.03847559567312204
1276,750.8290089716083,779.8365730680085,loaded:unit_ball_P2_h008_N5000_slepc_eigs.txt,29.007564096400188,29.007564096400188,0.038634048165148975,0.038634048165148975
1277,750.8290089716083,779.9173149046476,loaded:unit_ball_P2_h008_N5000_slepc_eigs.txt,29.088305933039237,29.088305933039237,0.03874158508190934,0.03874158508190934
1278,750.8290089716083,779.9876609788295,loaded:unit_ball_P2_h008_N5000_slepc_eigs.txt,29.15865200722112,29.15865200722112,0.03883527628635313,0.03883527628635313
1279,750.8290089716083,780.1174898695791,loaded:unit_ball_P2_h008_N5000_slepc_eigs.txt,29.28848089797077,29.28848089797077,0.039008190344278874,0.039008190344278874
1280,750.8290089716083,780.3270359847568,loaded:unit_ball_P2_h008_N5000_slepc_eigs.txt,29.49802701314843,29.49802701314843,0.03928727667775002,0.03928727667775002
1281,750.8290089716083,780.4505415210332,loaded:unit_ball_P2_h008_N5000_slepc_eigs.txt,29.621532549424842,29.621532549424842,0.03945176890540859,0.03945176890540859
1282,750.8290089716083,780.4984744141495,loaded:unit_ball_P2_h008_N5000_slepc_eigs.txt,29.669465442541195,29.669465442541195,0.03951560886436543,0.03951560886436543
1283,750.8290089716083,780.6882863752068,loaded:unit_ball_P2_h008_N5000_slepc_eigs.txt,29.859277403598412,29.859277403598412,0.03976841204430276,0.03976841204430276
1284,750.8290089716083,780.8076545846849,loaded:unit_ball_P2_h008_N5000_slepc_eigs.txt,29.978645613076537,29.978645613076537,0.039927393927064084,0.039927393927064084
1285,750.8290089716083,781.1923469357555,loaded:unit_ball_P2_h008_N5000_slepc_eigs.txt,30.36333796414715,30.36333796414715,0.04043975073064245,0.04043975073064245
1286,756.5664525444289,783.7778365214349,loaded:unit_ball_P2_h008_N5000_slepc_eigs.txt,27.211383977005994,27.211383977005994,0.03596694498611544,0.03596694498611544
1287,756.5664525444289,784.2602658813079,loaded:unit_ball_P2_h008_N5000_slepc_eigs.txt,27.693813336878975,27.693813336878975,0.03660460127955868,0.03660460127955868
1288,756.5664525444289,784.3083024396685,loaded:unit_ball_P2_h008_N5000_slepc_eigs.txt,27.741849895239625,27.741849895239625,0.03666809412701325,0.03666809412701325
1289,756.5664525444289,784.3759055325861,loaded:unit_ball_P2_h008_N5000_slepc_eigs.txt,27.809452988157204,27.809452988157204,0.03675744925595166,0.03675744925595166
1290,756.5664525444289,784.5774667680206,loaded:unit_ball_P2_h008_N5000_slepc_eigs.txt,28.0110142235917,28.0110142235917,0.037023865027833454,0.037023865027833454
1291,756.5664525444289,784.6345907880042,loaded:unit_ball_P2_h008_N5000_slepc_eigs.txt,28.068138243575277,28.068138243575277,0.03709936932727927,0.03709936932727927
1292,756.5664525444289,784.7900898964967,loaded:unit_ball_P2_h008_N5000_slepc_eigs.txt,28.22363735206784,28.22363735206784,0.03730490197807234,0.03730490197807234
1293,756.5664525444289,784.9391956325759,loaded:unit_ball_P2_h008_N5000_slepc_eigs.txt,28.37274308814699,28.37274308814699,0.037501984118811844,0.037501984118811844
1294,756.5664525444289,784.9721903718475,loaded:unit_ball_P2_h008_N5000_slepc_eigs.txt,28.405737827418648,28.405737827418648,0.03754559527703951,0.03754559527703951
1295,756.5664525444289,785.056636298792,loaded:unit_ball_P2_h008_N5000_slepc_eigs.txt,28.490183754363102,28.490183754363102,0.03765721260643662,0.03765721260643662
1296,756.5664525444289,785.120629634644,loaded:unit_ball_P2_h008_N5000_slepc_eigs.txt,28.55417709021515,28.55417709021515,0.03774179649941367,0.03774179649941367
1297,756.5664525444289,785.1908739975783,loaded:unit_ball_P2_h008_N5000_slepc_eigs.txt,28.624421453149353,28.624421453149353,0.03783464275594271,0.03783464275594271
1298,756.5664525444289,785.2944851630427,loaded:unit_ball_P2_h008_N5000_slepc_eigs.txt,28.728032618613838,28.728032618613838,0.03797159194938901,0.03797159194938901
1299,756.5664525444289,785.3767266516362,loaded:unit_ball_P2_h008_N5000_slepc_eigs.txt,28.810274107207306,28.810274107207306,0.03808029553823686,0.03808029553823686
1300,756.5664525444289,785.4324511982202,loaded:unit_ball_P2_h008_N5000_slepc_eigs.txt,28.86599865379128,28.86599865379128,0.038153950068379676,0.038153950068379676
1301,756.5664525444289,785.4503693013055,loaded:unit_ball_P2_h008_N5000_slepc_eigs.txt,28.8839167568766,28.8839167568766,0.03817763351750045,0.03817763351750045
1302,756.5664525444289,785.5224597646276,loaded:unit_ball_P2_h008_N5000_slepc_eigs.txt,28.95600722019867,28.95600722019867,0.0382729198774489,0.0382729198774489
1303,756.5664525444289,785.5731061263228,loaded:unit_ball_P2_h008_N5000_slepc_eigs.txt,29.006653581893943,29.006653581893943,0.03833986226106231,0.03833986226106231
1304,756.5664525444289,785.617955362636,loaded:unit_ball_P2_h008_N5000_slepc_eigs.txt,29.051502818207155,29.051502818207155,0.038399142230670244,0.038399142230670244
1305,756.5664525444289,785.7380595247189,loaded:unit_ball_P2_h008_N5000_slepc_eigs.txt,29.171606980289994,29.171606980289994,0.0385578912231466,0.0385578912231466
1306,756.5664525444289,785.8912811758443,loaded:unit_ball_P2_h008_N5000_slepc_eigs.txt,29.324828631415357,29.324828631415357,0.0387604136197055,0.0387604136197055
1307,756.5664525444289,785.9252783796288,loaded:unit_ball_P2_h008_N5000_slepc_eigs.txt,29.358825835199923,29.358825835199923,0.03880534979638929,0.03880534979638929
1308,756.5664525444289,785.9988808940114,loaded:unit_ball_P2_h008_N5000_slepc_eigs.txt,29.43242834958255,29.43242834958255,0.03890263472639788,0.03890263472639788
1309,756.5664525444289,786.0557283045326,loaded:unit_ball_P2_h008_N5000_slepc_eigs.txt,29.489275760103737,29.489275760103737,0.038977773414255366,0.038977773414255366
1310,756.5664525444289,786.1991487959865,loaded:unit_ball_P2_h008_N5000_slepc_eigs.txt,29.632696251557604,29.632696251557604,0.039167341020605775,0.039167341020605775
1311,756.5664525444289,786.282312929854,loaded:unit_ball_P2_h008_N5000_slepc_eigs.txt,29.715860385425117,29.715860385425117,0.039277264125956037,0.039277264125956037
1312,756.5664525444289,786.3917284775403,loaded:unit_ball_P2_h008_N5000_slepc_eigs.txt,29.825275933111357,29.825275933111357,0.03942188532521522,0.03942188532521522
1313,756.5664525444289,786.4036457338307,loaded:unit_ball_P2_h008_N5000_slepc_eigs.txt,29.837193189401773,29.837193189401773,0.03943763708932046,0.03943763708932046
1314,756.5664525444289,786.4604769968695,loaded:unit_ball_P2_h008_N5000_slepc_eigs.txt,29.89402445244059,29.89402445244059,0.03951275443406616,0.03951275443406616
1315,756.6828219809,786.4844260547517,loaded:unit_ball_P2_h008_N5000_slepc_eigs.txt,29.80160407385165,29.80160407385165,0.039384538948346696,0.039384538948346696
1316,756.6828219809,786.5436520676099,loaded:unit_ball_P2_h008_N5000_slepc_eigs.txt,29.860830086709825,29.860830086709825,0.03946280954090902,0.03946280954090902
1317,756.6828219809,786.7376010564373,loaded:unit_ball_P2_h008_N5000_slepc_eigs.txt,30.054779075537226,30.054779075537226,0.039719124317977264,0.039719124317977264
1318,756.6828219809,786.756167389788,loaded:unit_ball_P2_h008_N5000_slepc_eigs.txt,30.073345408887917,30.073345408887917,0.039743660798536036,0.039743660798536036
1319,756.6828219809,786.9292253036224,loaded:unit_ball_P2_h008_N5000_slepc_eigs.txt,30.246403322722358,30.246403322722358,0.039972366814857906,0.039972366814857906
1320,756.6828219809,787.1013104179813,loaded:unit_ball_P2_h008_N5000_slepc_eigs.txt,30.418488437081237,30.418488437081237,0.04019978722055494,0.04019978722055494
1321,756.6828219809,787.1310835349826,loaded:unit_ball_P2_h008_N5000_slepc_eigs.txt,30.448261554082592,30.448261554082592,0.04023913411219365,0.04023913411219365
1322,756.6828219809,787.2142258757717,loaded:unit_ball_P2_h008_N5000_slepc_eigs.txt,30.531403894871687,30.531403894871687,0.04034901151177759,0.04034901151177759
1323,756.6828219809,787.3846344403546,loaded:unit_ball_P2_h008_N5000_slepc_eigs.txt,30.701812459454572,30.701812459454572,0.04057421626023055,0.04057421626023055
1324,756.6828219809,787.4863417386225,loaded:unit_ball_P2_h008_N5000_slepc_eigs.txt,30.803519757722484,30.803519757722484,0.04070862832207921,0.04070862832207921
1325,756.6828219809,787.5870045985669,loaded:unit_ball_P2_h008_N5000_slepc_eigs.txt,30.904182617666834,30.904182617666834,0.04084166009843277,0.04084166009843277
1326,756.6828219809,787.6799697503839,loaded:unit_ball_P2_h008_N5000_slepc_eigs.txt,30.99714776948383,30.99714776948383,0.040964518909438453,0.040964518909438453
1327,756.6828219809,787.7893836288217,loaded:unit_ball_P2_h008_N5000_slepc_eigs.txt,31.106561647921694,31.106561647921694,0.04110911566155109,0.04110911566155109
1328,779.2793945457003,807.982901009969,loaded:unit_ball_P2_h008_N5000_slepc_eigs.txt,28.7035064642688,28.7035064642688,0.03683339591059276,0.03683339591059276
1329,779.2793945457003,808.1477926119386,loaded:unit_ball_P2_h008_N5000_slepc_eigs.txt,28.868398066238342,28.868398066238342,0.037044990882978336,0.037044990882978336
1330,779.2793945457003,808.2452177903285,loaded:unit_ball_P2_h008_N5000_slepc_eigs.txt,28.965823244628268,28.965823244628268,0.03717001045756457,0.03717001045756457
1331,779.2793945457003,808.5156090883377,loaded:unit_ball_P2_h008_N5000_slepc_eigs.txt,29.236214542637413,29.236214542637413,0.037516986522762315,0.037516986522762315
1332,779.2793945457003,808.7772618933332,loaded:unit_ball_P2_h008_N5000_slepc_eigs.txt,29.497867347632905,29.497867347632905,0.03785274903210985,0.03785274903210985
1333,779.2793945457003,809.0947750390652,loaded:unit_ball_P2_h008_N5000_slepc_eigs.txt,29.815380493364955,29.815380493364955,0.03826019358659746,0.03826019358659746
1334,779.2793945457003,809.3393025746806,loaded:unit_ball_P2_h008_N5000_slepc_eigs.txt,30.059908028980317,30.059908028980317,0.038573980319990965,0.038573980319990965
1335,779.2793945457003,809.7265759750208,loaded:unit_ball_P2_h008_N5000_slepc_eigs.txt,30.447181429320494,30.447181429320494,0.03907094380067679,0.03907094380067679
1336,779.2793945457003,810.0731696077725,loaded:unit_ball_P2_h008_N5000_slepc_eigs.txt,30.7937750620722,30.7937750620722,0.03951570550639822,0.03951570550639822
1337,789.8523747852632,819.2181251749398,loaded:unit_ball_P2_h008_N5000_slepc_eigs.txt,29.365750389676577,29.365750389676577,0.03717878343742428,0.03717878343742428
1338,789.8523747852632,819.7899347796908,loaded:unit_ball_P2_h008_N5000_slepc_eigs.txt,29.937559994427602,29.937559994427602,0.037902728345365434,0.037902728345365434
1339,789.8523747852632,819.9187657024722,loaded:unit_ball_P2_h008_N5000_slepc_eigs.txt,30.06639091720899,30.06639091720899,0.03806583594229634,0.03806583594229634
1340,789.8523747852632,820.0739089266089,loaded:unit_ball_P2_h008_N5000_slepc_eigs.txt,30.221534141345614,30.221534141345614,0.03826225647490384,0.03826225647490384
1341,789.8523747852632,820.2584160635286,loaded:unit_ball_P2_h008_N5000_slepc_eigs.txt,30.40604127826532,30.40604127826532,0.03849585346442972,0.03849585346442972
1342,789.8523747852632,820.2910445711904,loaded:unit_ball_P2_h008_N5000_slepc_eigs.txt,30.438669785927118,30.438669785927118,0.0385371630922835,0.0385371630922835
1343,789.8523747852632,820.4166010616947,loaded:unit_ball_P2_h008_N5000_slepc_eigs.txt,30.56422627643144,30.56422627643144,0.03869612506354864,0.03869612506354864
1344,789.8523747852632,820.4718473709917,loaded:unit_ball_P2_h008_N5000_slepc_eigs.txt,30.61947258572843,30.61947258572843,0.038766070171091065,0.038766070171091065
1345,789.8523747852632,820.5980236614205,loaded:unit_ball_P2_h008_N5000_slepc_eigs.txt,30.745648876157247,30.745648876157247,0.03892581684585813,0.03892581684585813
1346,789.8523747852632,820.73827715173,loaded:unit_ball_P2_h008_N5000_slepc_eigs.txt,30.88590236646678,30.88590236646678,0.03910338609143729,0.03910338609143729
1347,789.8523747852632,820.7516112098689,loaded:unit_ball_P2_h008_N5000_slepc_eigs.txt,30.899236424605647,30.899236424605647,0.0391202678006839,0.0391202678006839
1348,789.8523747852632,820.8451519574029,loaded:unit_ball_P2_h008_N5000_slepc_eigs.txt,30.992777172139654,30.992777172139654,0.03923869594057452,0.03923869594057452
1349,789.8523747852632,820.9045626848819,loaded:unit_ball_P2_h008_N5000_slepc_eigs.txt,31.052187899618616,31.052187899618616,0.03931391344877675,0.03931391344877675
1350,789.8523747852632,821.0363014308892,loaded:unit_ball_P2_h008_N5000_slepc_eigs.txt,31.183926645626002,31.183926645626002,0.03948070252254918,0.03948070252254918
1351,789.8523747852632,821.0642786543381,loaded:unit_ball_P2_h008_N5000_slepc_eigs.txt,31.21190386907483,31.21190386907483,0.03951612334844267,0.03951612334844267
1352,789.8523747852632,821.1057593368756,loaded:unit_ball_P2_h008_N5000_slepc_eigs.txt,31.253384551612385,31.253384551612385,0.03956864035524262,0.03956864035524262
1353,789.8523747852632,821.2320519134624,loaded:unit_ball_P2_h008_N5000_slepc_eigs.txt,31.379677128199205,31.379677128199205,0.03972853425518962,0.03972853425518962
1354,789.8523747852632,821.4093876573571,loaded:unit_ball_P2_h008_N5000_slepc_eigs.txt,31.55701287209388,31.55701287209388,0.03995305183538034,0.03995305183538034
1355,789.8523747852632,821.4767915488645,loaded:unit_ball_P2_h008_N5000_slepc_eigs.txt,31.62441676360129,31.62441676360129,0.040038389163796595,0.040038389163796595
1356,789.8523747852632,821.5183299171731,loaded:unit_ball_P2_h008_N5000_slepc_eigs.txt,31.665955131909868,31.665955131909868,0.04009097920420746,0.04009097920420746
1357,789.8523747852632,821.6022205808289,loaded:unit_ball_P2_h008_N5000_slepc_eigs.txt,31.749845795565648,31.749845795565648,0.04019718976498293,0.04019718976498293
1358,789.8523747852632,821.6227183439339,loaded:unit_ball_P2_h008_N5000_slepc_eigs.txt,31.770343558670675,31.770343558670675,0.04022314115002574,0.04022314115002574
1359,789.8523747852632,821.772433431626,loaded:unit_ball_P2_h008_N5000_slepc_eigs.txt,31.920058646362804,31.920058646362804,0.04041268933962615,0.04041268933962615
1360,789.8523747852632,821.8581979004449,loaded:unit_ball_P2_h008_N5000_slepc_eigs.txt,32.00582311518167,32.00582311518167,0.040521272248985864,0.040521272248985864
1361,789.8523747852632,821.93101280012,loaded:unit_ball_P2_h008_N5000_slepc_eigs.txt,32.07863801485678,32.07863801485678,0.04061346023499389,0.04061346023499389
1362,789.8523747852632,822.022323828684,loaded:unit_ball_P2_h008_N5000_slepc_eigs.txt,32.16994904342073,32.16994904342073,0.04072906541829004,0.04072906541829004
1363,789.8523747852632,822.0566862399592,loaded:unit_ball_P2_h008_N5000_slepc_eigs.txt,32.204311454695926,32.204311454695926,0.0407725702710602,0.0407725702710602
1364,789.8523747852632,822.1534563978491,loaded:unit_ball_P2_h008_N5000_slepc_eigs.txt,32.301081612585904,32.301081612585904,0.04089508703619152,0.04089508703619152
1365,789.8523747852632,822.2536266094718,loaded:unit_ball_P2_h008_N5000_slepc_eigs.txt,32.40125182420854,32.40125182420854,0.04102190847120952,0.04102190847120952
1366,789.8523747852632,822.2911986864277,loaded:unit_ball_P2_h008_N5000_slepc_eigs.txt,32.43882390116448,32.43882390116448,0.0410694769512893,0.0410694769512893
1367,789.8523747852632,822.4136222654984,loaded:unit_ball_P2_h008_N5000_slepc_eigs.txt,32.561247480235124,32.561247480235124,0.0412244724706785,0.0412244724706785
1368,789.8523747852632,822.5193545707918,loaded:unit_ball_P2_h008_N5000_slepc_eigs.txt,32.66697978552861,32.66697978552861,0.041358335846505195,0.041358335846505195
1369,789.8523747852632,822.575208062658,loaded:unit_ball_P2_h008_N5000_slepc_eigs.txt,32.722833277394784,32.722833277394784,0.04142904968322862,0.04142904968322862
1370,789.8523747852632,822.6672414965271,loaded:unit_ball_P2_h008_N5000_slepc_eigs.txt,32.8148667112639,32.8148667112639,0.04154556947453031,0.04154556947453031
1371,789.8523747852632,822.7660498372736,loaded:unit_ball_P2_h008_N5000_slepc_eigs.txt,32.913675052010376,32.913675052010376,0.041670666700164824,0.041670666700164824
1372,789.8523747852632,822.8286124652801,loaded:unit_ball_P2_h008_N5000_slepc_eigs.txt,32.97623768001688,32.97623768001688,0.0417498747015632,0.0417498747015632
1373,789.8523747852632,822.8811978400327,loaded:unit_ball_P2_h008_N5000_slepc_eigs.txt,33.02882305476942,33.02882305476942,0.04181645090799271,0.04181645090799271
1374,789.8523747852632,822.9674651251763,loaded:unit_ball_P2_h008_N5000_slepc_eigs.txt,33.11509033991308,33.11509033991308,0.04192567041267182,0.04192567041267182
1375,789.8523747852632,823.0367400057066,loaded:unit_ball_P2_h008_N5000_slepc_eigs.txt,33.1843652204434,33.1843652204434,0.04201337652427166,0.04201337652427166
1376,789.8523747852632,823.0950306282318,loaded:unit_ball_P2_h008_N5000_slepc_eigs.txt,33.24265584296859,33.24265584296859,0.0420871759131018,0.0420871759131018
1377,789.8523747852632,823.3128675492354,loaded:unit_ball_P2_h008_N5000_slepc_eigs.txt,33.460492763972184,33.460492763972184,0.04236297038806659,0.04236297038806659
1378,789.8523747852632,823.4474117195488,loaded:unit_ball_P2_h008_N5000_slepc_eigs.txt,33.59503693428553,33.59503693428553,0.04253331129556836,0.04253331129556836
1379,789.8523747852632,823.5904108674739,loaded:unit_ball_P2_h008_N5000_slepc_eigs.txt,33.73803608221067,33.73803608221067,0.04271435670669853,0.04271435670669853
1380,789.8523747852632,823.727233541395,loaded:unit_ball_P2_h008_N5000_slepc_eigs.txt,33.874858756131744,33.874858756131744,0.0428875823350424,0.0428875823350424
1381,789.8523747852632,823.7702966175934,loaded:unit_ball_P2_h008_N5000_slepc_eigs.txt,33.917921832330194,33.917921832330194,0.042942102746163724,0.042942102746163724
1382,793.426630458528,823.9632601690596,loaded:unit_ball_P2_h008_N5000_slepc_eigs.txt,30.536629710531543,30.536629710531543,0.03848702392669145,0.03848702392669145
1383,793.426630458528,824.0549391898613,loaded:unit_ball_P2_h008_N5000_slepc_eigs.txt,30.628308731333277,30.628308731333277,0.03860257212898553,0.03860257212898553
1384,793.426630458528,824.1013044608869,loaded:unit_ball_P2_h008_N5000_slepc_eigs.txt,30.67467400235887,30.67467400235887,0.03866100887568106,0.03866100887568106
1385,793.426630458528,824.2632948854686,loaded:unit_ball_P2_h008_N5000_slepc_eigs.txt,30.8366644269405,30.8366644269405,0.03886517447633404,0.03886517447633404
1386,793.426630458528,824.6045979273713,loaded:unit_ball_P2_h008_N5000_slepc_eigs.txt,31.177967468843235,31.177967468843235,0.03929533780688105,0.03929533780688105
1387,797.335756862891,828.963238361057,loaded:unit_ball_P2_h008_N5000_slepc_eigs.txt,31.62748149816605,31.62748149816605,0.039666453217404966,0.039666453217404966
1388,797.335756862891,829.3901227815954,loaded:unit_ball_P2_h008_N5000_slepc_eigs.txt,32.054365918704434,32.054365918704434,0.040201841749606206,0.040201841749606206
1389,797.335756862891,829.5676462326786,loaded:unit_ball_P2_h008_N5000_slepc_eigs.txt,32.23188936978761,32.23188936978761,0.04042448754161438,0.04042448754161438
1390,797.335756862891,829.5883538293672,loaded:unit_ball_P2_h008_N5000_slepc_eigs.txt,32.252596966476176,32.252596966476176,0.04045045852875541,0.04045045852875541
1391,797.335756862891,829.7689441089492,loaded:unit_ball_P2_h008_N5000_slepc_eigs.txt,32.433187246058196,32.433187246058196,0.04067695066588538,0.04067695066588538
1392,797.335756862891,829.9220208451134,loaded:unit_ball_P2_h008_N5000_slepc_eigs.txt,32.58626398222236,32.58626398222236,0.04086893595545328,0.04086893595545328
1393,797.335756862891,830.0253132722866,loaded:unit_ball_P2_h008_N5000_slepc_eigs.txt,32.68955640939555,32.68955640939555,0.04099848292018442,0.04099848292018442
1394,797.335756862891,830.0918261079033,loaded:unit_ball_P2_h008_N5000_slepc_eigs.txt,32.75606924501233,32.75606924501233,0.04108190177484418,0.04108190177484418
1395,797.335756862891,830.2430140184576,loaded:unit_ball_P2_h008_N5000_slepc_eigs.txt,32.90725715556664,32.90725715556664,0.04127151814317207,0.04127151814317207
1396,797.335756862891,830.3139382481082,loaded:unit_ball_P2_h008_N5000_slepc_eigs.txt,32.978181385217226,32.978181385217226,0.041360469665840054,0.041360469665840054
1397,797.335756862891,830.4376275912703,loaded:unit_ball_P2_h008_N5000_slepc_eigs.txt,33.101870728379254,33.101870728379254,0.041515597969189556,0.041515597969189556
1398,797.335756862891,830.6277411900185,loaded:unit_ball_P2_h008_N5000_slepc_eigs.txt,33.291984327127466,33.291984327127466,0.0417540340321804,0.0417540340321804
1399,797.335756862891,830.6323726760069,loaded:unit_ball_P2_h008_N5000_slepc_eigs.txt,33.296615813115864,33.296615813115864,0.041759842734409705,0.041759842734409705
1400,797.335756862891,830.863970855259,loaded:unit_ball_P2_h008_N5000_slepc_eigs.txt,33.52821399236802,33.52821399236802,0.04205030779540657,0.04205030779540657
1401,797.335756862891,830.9960135231747,loaded:unit_ball_P2_h008_N5000_slepc_eigs.txt,33.66025666028372,33.66025666028372,0.042215912644780466,0.042215912644780466
1402,797.335756862891,831.0489709154077,loaded:unit_ball_P2_h008_N5000_slepc_eigs.txt,33.71321405251672,33.71321405251672,0.042282330576971734,0.042282330576971734
1403,797.335756862891,831.1713263680346,loaded:unit_ball_P2_h008_N5000_slepc_eigs.txt,33.83556950514355,33.83556950514355,0.04243578594577175,0.04243578594577175
1404,797.335756862891,831.2649457847529,loaded:unit_ball_P2_h008_N5000_slepc_eigs.txt,33.92918892186185,33.92918892186185,0.04255320124530208,0.04255320124530208
1405,797.335756862891,831.3529939990412,loaded:unit_ball_P2_h008_N5000_slepc_eigs.txt,34.01723713615024,34.01723713615024,0.04266362927205309,0.04266362927205309
1406,798.9287916312638,831.5102310176791,loaded:unit_ball_P2_h008_N5000_slepc_eigs.txt,32.58143938641524,32.58143938641524,0.04078140596221349,0.04078140596221349
1407,798.9287916312638,831.5239889336065,loaded:unit_ball_P2_h008_N5000_slepc_eigs.txt,32.595197302342626,32.595197302342626,0.0407986264154898,0.0407986264154898
1408,798.9287916312638,831.7167586002641,loaded:unit_ball_P2_h008_N5000_slepc_eigs.txt,32.78796696900031,32.78796696900031,0.041039911582174154,0.041039911582174154
1409,798.9287916312638,831.8109655620596,loaded:unit_ball_P2_h008_N5000_slepc_eigs.txt,32.882173930795716,32.882173930795716,0.04115782817597103,0.04115782817597103
1410,798.9287916312638,831.9503185704266,loaded:unit_ball_P2_h008_N5000_slepc_eigs.txt,33.021526939162754,33.021526939162754,0.04133225299308459,0.04133225299308459
1411,798.9287916312638,832.0122613050157,loaded:unit_ball_P2_h008_N5000_slepc_eigs.txt,33.08346967375189,33.08346967375189,0.04140978522779434,0.04140978522779434
1412,798.9287916312638,832.0759816322031,loaded:unit_ball_P2_h008_N5000_slepc_eigs.txt,33.147190000939304,33.147190000939304,0.04148954243251005,0.04148954243251005
1413,798.9287916312638,832.1277415953939,loaded:unit_ball_P2_h008_N5000_slepc_eigs.txt,33.198949964130065,33.198949964130065,0.041554329136572976,0.041554329136572976
1414,798.9287916312638,832.2990258890726,loaded:unit_ball_P2_h008_N5000_slepc_eigs.txt,33.37023425780876,33.37023425780876,0.041768721577392344,0.041768721577392344
1415,798.9287916312638,832.3688687565966,loaded:unit_ball_P2_h008_N5000_slepc_eigs.txt,33.44007712533278,33.44007712533278,0.04185614221895091,0.04185614221895091
1416,798.9287916312638,832.4059610648765,loaded:unit_ball_P2_h008_N5000_slepc_eigs.txt,33.47716943361263,33.47716943361263,0.04190256977127897,0.04190256977127897
1417,798.9287916312638,832.4123687264187,loaded:unit_ball_P2_h008_N5000_slepc_eigs.txt,33.48357709515483,33.48357709515483,0.04191059008749403,0.04191059008749403
1418,798.9287916312638,832.5431562533654,loaded:unit_ball_P2_h008_N5000_slepc_eigs.txt,33.61436462210156,33.61436462210156,0.0420742936970231,0.0420742936970231
1419,798.9287916312638,832.6223502418968,loaded:unit_ball_P2_h008_N5000_slepc_eigs.txt,33.69355861063298,33.69355861063298,0.04217341891238768,0.04217341891238768
1420,798.9287916312638,832.6544728546431,loaded:unit_ball_P2_h008_N5000_slepc_eigs.txt,33.7256812233793,33.7256812233793,0.04221362601605299,0.04221362601605299
1421,798.9287916312638,832.6824693381508,loaded:unit_ball_P2_h008_N5000_slepc_eigs.txt,33.75367770688695,33.75367770688695,0.04224866854274737,0.04224866854274737
1422,798.9287916312638,832.7807289335291,loaded:unit_ball_P2_h008_N5000_slepc_eigs.txt,33.85193730226524,33.85193730226524,0.04237165772076619,0.04237165772076619
1423,798.9287916312638,832.8239077302771,loaded:unit_ball_P2_h008_N5000_slepc_eigs.txt,33.89511609901331,33.89511609901331,0.04242570358467842,0.04242570358467842
1424,798.9287916312638,832.9532511409492,loaded:unit_ball_P2_h008_N5000_slepc_eigs.txt,34.02445950968536,34.02445950968536,0.04258759962851476,0.04258759962851476
1425,798.9287916312638,833.0713583996269,loaded:unit_ball_P2_h008_N5000_slepc_eigs.txt,34.142566768363054,34.142566768363054,0.04273543165048576,0.04273543165048576
1426,798.9287916312638,833.1939096655985,loaded:unit_ball_P2_h008_N5000_slepc_eigs.txt,34.265118034334705,34.265118034334705,0.04288882612976272,0.04288882612976272
1427,798.9287916312638,833.291159644225,loaded:unit_ball_P2_h008_N5000_slepc_eigs.txt,34.362368012961156,34.362368012961156,0.04301055159471672,0.04301055159471672
1428,798.9287916312638,833.3446583773494,loaded:unit_ball_P2_h008_N5000_slepc_eigs.txt,34.41586674608561,34.41586674608561,0.043077514675387805,0.043077514675387805
1429,798.9287916312638,833.4138835773949,loaded:unit_ball_P2_h008_N5000_slepc_eigs.txt,34.48509194613109,34.48509194613109,0.04316416219738302,0.04316416219738302
1430,798.9287916312638,833.514661393498,loaded:unit_ball_P2_h008_N5000_slepc_eigs.txt,34.58586976223421,34.58586976223421,0.0432903033718641,0.0432903033718641
1431,798.9287916312638,833.6318915441574,loaded:unit_ball_P2_h008_N5000_slepc_eigs.txt,34.70309991289355,34.70309991289355,0.04343703753877274,0.04343703753877274
1432,798.9287916312638,833.6621375933245,loaded:unit_ball_P2_h008_N5000_slepc_eigs.txt,34.73334596206064,34.73334596206064,0.043474895792829815,0.043474895792829815
1433,798.9287916312638,833.787576256787,loaded:unit_ball_P2_h008_N5000_slepc_eigs.txt,34.858784625523185,34.858784625523185,0.04363190435826957,0.04363190435826957
1434,798.9287916312638,833.8575259678614,loaded:unit_ball_P2_h008_N5000_slepc_eigs.txt,34.928734336597586,34.928734336597586,0.04371945873333669,0.04371945873333669
1435,798.9287916312638,834.0390571417521,loaded:unit_ball_P2_h008_N5000_slepc_eigs.txt,35.11026551048826,35.11026551048826,0.04394667694826674,0.04394667694826674
1436,798.9287916312638,834.0895727145675,loaded:unit_ball_P2_h008_N5000_slepc_eigs.txt,35.16078108330362,35.16078108330362,0.04400990607875309,0.04400990607875309
1437,798.9287916312638,834.2626031312338,loaded:unit_ball_P2_h008_N5000_slepc_eigs.txt,35.33381149997001,35.33381149997001,0.0442264840998219,0.0442264840998219
1438,798.9287916312638,834.3311104222911,loaded:unit_ball_P2_h008_N5000_slepc_eigs.txt,35.402318791027255,35.402318791027255,0.044312233032361134,0.044312233032361134
1439,798.9287916312638,834.4058517174715,loaded:unit_ball_P2_h008_N5000_slepc_eigs.txt,35.47706008620764,35.47706008620764,0.04440578491829052,0.04440578491829052
1440,798.9287916312638,834.6686154690739,loaded:unit_ball_P2_h008_N5000_slepc_eigs.txt,35.739823837810036,35.739823837810036,0.04473468000175081,0.04473468000175081
1441,798.9287916312638,834.9143838757263,loaded:unit_ball_P2_h008_N5000_slepc_eigs.txt,35.98559224446251,35.98559224446251,0.04504230241970205,0.04504230241970205
1442,798.9287916312638,835.1790644280362,loaded:unit_ball_P2_h008_N5000_slepc_eigs.txt,36.25027279677238,36.25027279677238,0.0453735967166186,0.0453735967166186
1443,799.4379564882382,835.4359168096881,loaded:unit_ball_P2_h008_N5000_slepc_eigs.txt,35.99796032144991,35.99796032144991,0.045029085783693995,0.045029085783693995
1444,820.8108258385734,855.3871077700938,loaded:unit_ball_P2_h008_N5000_slepc_eigs.txt,34.5762819315205,34.5762819315205,0.04212454422271536,0.04212454422271536
1445,820.8108258385734,855.5075105307723,loaded:unit_ball_P2_h008_N5000_slepc_eigs.txt,34.696684692198914,34.696684692198914,0.04227123181124151,0.04227123181124151
1446,820.8108258385734,855.7573869732784,loaded:unit_ball_P2_h008_N5000_slepc_eigs.txt,34.94656113470501,34.94656113470501,0.04257565815972541,0.04257565815972541
1447,820.8108258385734,855.8882231969535,loaded:unit_ball_P2_h008_N5000_slepc_eigs.txt,35.07739735838015,35.07739735838015,0.042735056914659564,0.042735056914659564
1448,820.8108258385734,856.072336897091,loaded:unit_ball_P2_h008_N5000_slepc_eigs.txt,35.26151105851761,35.26151105851761,0.042959364019709456,0.042959364019709456
1449,820.8108258385734,856.1549923074884,loaded:unit_ball_P2_h008_N5000_slepc_eigs.txt,35.34416646891509,35.34416646891509,0.043060063727602606,0.043060063727602606
1450,820.8108258385734,856.1649730971096,loaded:unit_ball_P2_h008_N5000_slepc_eigs.txt,35.35414725853627,35.35414725853627,0.04307222339863397,0.04307222339863397
1451,820.8108258385734,856.2940993515077,loaded:unit_ball_P2_h008_N5000_slepc_eigs.txt,35.483273512934375,35.483273512934375,0.043229538885142305,0.043229538885142305
1452,820.8108258385734,856.4502204920784,loaded:unit_ball_P2_h008_N5000_slepc_eigs.txt,35.639394653505065,35.639394653505065,0.04341974244442308,0.04341974244442308
1453,820.8108258385734,856.589007861567,loaded:unit_ball_P2_h008_N5000_slepc_eigs.txt,35.77818202299363,35.77818202299363,0.04358882814007869,0.04358882814007869
1454,820.8108258385734,856.8628864201457,loaded:unit_ball_P2_h008_N5000_slepc_eigs.txt,36.05206058157239,36.05206058157239,0.04392249644702256,0.04392249644702256
1455,820.8108258385734,856.9280559889244,loaded:unit_ball_P2_h008_N5000_slepc_eigs.txt,36.11723015035102,36.11723015035102,0.04400189302261237,0.04400189302261237
1456,820.8108258385734,856.9668093591425,loaded:unit_ball_P2_h008_N5000_slepc_eigs.txt,36.15598352056918,36.15598352056918,0.04404910654489818,0.04404910654489818
1457,820.8108258385734,857.1424109198301,loaded:unit_ball_P2_h008_N5000_slepc_eigs.txt,36.331585081256776,36.331585081256776,0.044263043246461777,0.044263043246461777
1458,820.8108258385734,857.22609786403,loaded:unit_ball_P2_h008_N5000_slepc_eigs.txt,36.4152720254566,36.4152720254566,0.044364999679741425,0.044364999679741425
1459,820.8108258385734,857.308466782108,loaded:unit_ball_P2_h008_N5000_slepc_eigs.txt,36.497640943534634,36.497640943534634,0.044465350351887936,0.044465350351887936
1460,820.8108258385734,857.4095374781161,loaded:unit_ball_P2_h008_N5000_slepc_eigs.txt,36.598711639542785,36.598711639542785,0.04458848554068724,0.04458848554068724
1461,820.8108258385734,857.5715331900925,loaded:unit_ball_P2_h008_N5000_slepc_eigs.txt,36.76070735151916,36.76070735151916,0.044785846134476774,0.044785846134476774
1462,820.8108258385734,857.7608266576651,loaded:unit_ball_P2_h008_N5000_slepc_eigs.txt,36.95000081909177,36.95000081909177,0.045016463789134556,0.045016463789134556
1463,820.8108258385734,857.7983006142142,loaded:unit_ball_P2_h008_N5000_slepc_eigs.txt,36.98747477564086,36.98747477564086,0.04506211859212867,0.04506211859212867
1464,820.8108258385734,858.0834944962426,loaded:unit_ball_P2_h008_N5000_slepc_eigs.txt,37.272668657669215,37.272668657669215,0.04540957244270013,0.04540957244270013
1465,820.8108258385734,858.2448204109583,loaded:unit_ball_P2_h008_N5000_slepc_eigs.txt,37.433994572384904,37.433994572384904,0.04560611701745141,0.04560611701745141
1466,820.8108258385734,858.4135492276198,loaded:unit_ball_P2_h008_N5000_slepc_eigs.txt,37.602723389046446,37.602723389046446,0.045811680603298564,0.045811680603298564
1467,820.8108258385734,858.5920771788309,loaded:unit_ball_P2_h008_N5000_slepc_eigs.txt,37.78125134025754,37.78125134025754,0.04602918254843763,0.04602918254843763
1468,820.8108258385734,858.820618144139,loaded:unit_ball_P2_h008_N5000_slepc_eigs.txt,38.00979230556561,38.00979230556561,0.04630761572465041,0.04630761572465041
1469,823.5425456332963,858.973148115342,loaded:unit_ball_P2_h008_N5000_slepc_eigs.txt,35.43060248204574,35.43060248204574,0.043022188313051817,0.043022188313051817
1470,823.5425456332963,859.2268265747997,loaded:unit_ball_P2_h008_N5000_slepc_eigs.txt,35.6842809415034,35.6842809415034,0.04333022152979666,0.04333022152979666
1471,823.5425456332963,859.494599459412,loaded:unit_ball_P2_h008_N5000_slepc_eigs.txt,35.95205382611573,35.95205382611573,0.04365536913271305,0.04365536913271305
1472,823.5425456332963,859.6742051160662,loaded:unit_ball_P2_h008_N5000_slepc_eigs.txt,36.13165948276992,36.13165948276992,0.043873458237649425,0.043873458237649425
1473,823.5425456332963,859.8776785360675,loaded:unit_ball_P2_h008_N5000_slepc_eigs.txt,36.33513290277119,36.33513290277119,0.044120529164440224,0.044120529164440224
1474,823.5425456332963,859.9749730433074,loaded:unit_ball_P2_h008_N5000_slepc_eigs.txt,36.43242741001109,36.43242741001109,0.04423867061050853,0.04423867061050853
1475,823.5425456332963,860.0746440374844,loaded:unit_ball_P2_h008_N5000_slepc_eigs.txt,36.532098404188105,36.532098404188105,0.04435969774469305,0.04435969774469305
1476,823.5425456332963,860.0833855648755,loaded:unit_ball_P2_h008_N5000_slepc_eigs.txt,36.54083993157917,36.54083993157917,0.044370312287241476,0.044370312287241476
1477,823.5425456332963,860.2590823968743,loaded:unit_ball_P2_h008_N5000_slepc_eigs.txt,36.716536763578006,36.716536763578006,0.04458365503793534,0.04458365503793534
1478,823.5425456332963,860.3593444487205,loaded:unit_ball_P2_h008_N5000_slepc_eigs.txt,36.81679881542425,36.81679881542425,0.04470539987355782,0.04470539987355782
1479,823.5425456332963,860.4608454475044,loaded:unit_ball_P2_h008_N5000_slepc_eigs.txt,36.918299814208126,36.918299814208126,0.04482864912075466,0.04482864912075466
1480,823.5425456332963,860.4772100389808,loaded:unit_ball_P2_h008_N5000_slepc_eigs.txt,36.93466440568454,36.93466440568454,0.044848520093496984,0.044848520093496984
1481,823.5425456332963,860.6306781097776,loaded:unit_ball_P2_h008_N5000_slepc_eigs.txt,37.08813247648129,37.08813247648129,0.04503487120748677,0.04503487120748677
1482,823.5425456332963,860.6789423661548,loaded:unit_ball_P2_h008_N5000_slepc_eigs.txt,37.13639673285854,37.13639673285854,0.045093476869857416,0.045093476869857416
1483,823.5425456332963,860.7738249935944,loaded:unit_ball_P2_h008_N5000_slepc_eigs.txt,37.23127936029812,37.23127936029812,0.045208689651446754,0.045208689651446754
1484,823.5425456332963,860.8684006379891,loaded:unit_ball_P2_h008_N5000_slepc_eigs.txt,37.32585500469281,37.32585500469281,0.04532352967385503,0.04532352967385503
1485,823.5425456332963,860.9309700372088,loaded:unit_ball_P2_h008_N5000_slepc_eigs.txt,37.388424403912495,37.388424403912495,0.04539950558979458,0.04539950558979458
1486,823.5425456332963,861.1310183641878,loaded:unit_ball_P2_h008_N5000_slepc_eigs.txt,37.58847273089145,37.58847273089145,0.04564241754138674,0.04564241754138674
1487,823.5425456332963,861.2274391565264,loaded:unit_ball_P2_h008_N5000_slepc_eigs.txt,37.68489352323013,37.68489352323013,0.04575949806485202,0.04575949806485202
1488,823.5425456332963,861.3017925871043,loaded:unit_ball_P2_h008_N5000_slepc_eigs.txt,37.759246953807974,37.759246953807974,0.04584978293352346,0.04584978293352346
1489,823.5425456332963,861.4090764306584,loaded:unit_ball_P2_h008_N5000_slepc_eigs.txt,37.86653079736209,37.86653079736209,0.045980054094525366,0.045980054094525366
1490,823.5425456332963,861.4843410087258,loaded:unit_ball_P2_h008_N5000_slepc_eigs.txt,37.94179537542948,37.94179537542948,0.04607144533893219,0.04607144533893219
1491,823.5425456332963,861.5903482431415,loaded:unit_ball_P2_h008_N5000_slepc_eigs.txt,38.047802609845235,38.047802609845235,0.046200166356416765,0.046200166356416765
1492,823.5425456332963,861.7038115582078,loaded:unit_ball_P2_h008_N5000_slepc_eigs.txt,38.161265924911504,38.161265924911504,0.046337941041729495,0.046337941041729495
1493,823.5425456332963,861.9107424983391,loaded:unit_ball_P2_h008_N5000_slepc_eigs.txt,38.36819686504282,38.36819686504282,0.046589210318864635,0.046589210318864635
1494,823.5425456332963,862.1438188830917,loaded:unit_ball_P2_h008_N5000_slepc_eigs.txt,38.60127324979544,38.60127324979544,0.04687222712957888,0.04687222712957888
1495,823.5425456332963,862.280924643812,loaded:unit_ball_P2_h008_N5000_slepc_eigs.txt,38.7383790105157,38.7383790105157,0.047038710041053505,0.047038710041053505
1496,823.5425456332963,862.43286650004,loaded:unit_ball_P2_h008_N5000_slepc_eigs.txt,38.89032086674365,38.89032086674365,0.04722320792405129,0.04722320792405129
1497,823.5425456332963,862.565508090751,loaded:unit_ball_P2_h008_N5000_slepc_eigs.txt,39.022962457454696,39.022962457454696,0.04738427014410824,0.04738427014410824
1498,823.5425456332963,862.8228529743669,loaded:unit_ball_P2_h008_N5000_slepc_eigs.txt,39.280307341070625,39.280307341070625,0.04769675537632904,0.04769675537632904
1499,823.5425456332963,862.9489448378218,loaded:unit_ball_P2_h008_N5000_slepc_eigs.txt,39.40639920452554,39.40639920452554,0.04784986448298478,0.04784986448298478
1500,833.4984571976311,868.1740977383204,loaded:unit_ball_P2_h008_N5000_slepc_eigs.txt,34.6756405406893,34.6756405406893,0.041602525165163384,0.041602525165163384
1501,833.4984571976311,868.5249582307665,loaded:unit_ball_P2_h008_N5000_slepc_eigs.txt,35.026501033135446,35.026501033135446,0.042023474345592345,0.042023474345592345
1502,833.4984571976311,868.8139119878339,loaded:unit_ball_P2_h008_N5000_slepc_eigs.txt,35.31545479020281,35.31545479020281,0.04237015016073287,0.04237015016073287
1503,833.4984571976311,869.1036176829535,loaded:unit_ball_P2_h008_N5000_slepc_eigs.txt,35.60516048532247,35.60516048532247,0.04271772812277698,0.04271772812277698
1504,833.4984571976311,869.1900739157899,loaded:unit_ball_P2_h008_N5000_slepc_eigs.txt,35.6916167181588,35.6916167181588,0.04282145504883154,0.04282145504883154
1505,833.4984571976311,869.4136215608949,loaded:unit_ball_P2_h008_N5000_slepc_eigs.txt,35.915164363263784,35.915164363263784,0.043089659078694525,0.043089659078694525
1506,833.4984571976311,869.6076453912776,loaded:unit_ball_P2_h008_N5000_slepc_eigs.txt,36.10918819364656,36.10918819364656,0.04332244154962449,0.04332244154962449
1507,833.4984571976311,869.8782500110736,loaded:unit_ball_P2_h008_N5000_slepc_eigs.txt,36.37979281344258,36.37979281344258,0.0436471027622029,0.0436471027622029
1508,833.4984571976311,870.1047349232176,loaded:unit_ball_P2_h008_N5000_slepc_eigs.txt,36.60627772558655,36.60627772558655,0.04391883081423248,0.04391883081423248
1509,833.4984571976311,870.2206709743708,loaded:unit_ball_P2_h008_N5000_slepc_eigs.txt,36.72221377673975,36.72221377673975,0.04405792651399298,0.04405792651399298
1510,833.4984571976311,870.232091945494,loaded:unit_ball_P2_h008_N5000_slepc_eigs.txt,36.73363474786288,36.73363474786288,0.044071628964218894,0.044071628964218894
1511,833.4984571976311,870.7096438776377,loaded:unit_ball_P2_h008_N5000_slepc_eigs.txt,37.211186680006676,37.211186680006676,0.04464457775376964,0.04464457775376964
1512,833.4984571976311,870.927980093566,loaded:unit_ball_P2_h008_N5000_slepc_eigs.txt,37.42952289593495,37.42952289593495,0.04490652930754019,0.04490652930754019
1513,833.4984571976311,871.4454322914935,loaded:unit_ball_P2_h008_N5000_slepc_eigs.txt,37.94697509386242,37.94697509386242,0.04552734893049094,0.04552734893049094
1514,833.4984571976311,872.0410807876624,loaded:unit_ball_P2_h008_N5000_slepc_eigs.txt,38.542623590031326,38.542623590031326,0.04624198552162703,0.04624198552162703
1515,851.2143852979775,886.3677196011996,loaded:unit_ball_P2_h008_N5000_slepc_eigs.txt,35.153334303222096,35.153334303222096,0.04129786210193835,0.04129786210193835
1516,851.2143852979775,887.8228945669155,loaded:unit_ball_P2_h008_N5000_slepc_eigs.txt,36.60850926893795,36.60850926893795,0.043007390266463504,0.043007390266463504
1517,851.2143852979775,887.9159702593578,loaded:unit_ball_P2_h008_N5000_slepc_eigs.txt,36.70158496138026,36.70158496138026,0.04311673486172634,0.04311673486172634
1518,851.2143852979775,887.9934863194816,loaded:unit_ball_P2_h008_N5000_slepc_eigs.txt,36.77910102150406,36.77910102150406,0.043207800122678976,0.043207800122678976
1519,851.2143852979775,888.0949695509457,loaded:unit_ball_P2_h008_N5000_slepc_eigs.txt,36.88058425296822,36.88058425296822,0.043327021829004615,0.043327021829004615
1520,851.2143852979775,888.3702771923722,loaded:unit_ball_P2_h008_N5000_slepc_eigs.txt,37.1558918943947,37.1558918943947,0.043650451092162694,0.043650451092162694
1521,851.2143852979775,888.4204954609328,loaded:unit_ball_P2_h008_N5000_slepc_eigs.txt,37.20611016295527,37.20611016295527,0.043709447121163064,0.043709447121163064
1522,851.2143852979775,888.5154862603487,loaded:unit_ball_P2_h008_N5000_slepc_eigs.txt,37.30110096237115,37.30110096237115,0.043821041569114774,0.043821041569114774
1523,851.2143852979775,888.627909854123,loaded:unit_ball_P2_h008_N5000_slepc_eigs.txt,37.41352455614549,37.41352455614549,0.04395311592748571,0.04395311592748571
1524,851.2143852979775,888.6820360648424,loaded:unit_ball_P2_h008_N5000_slepc_eigs.txt,37.467650766864836,37.467650766864836,0.04401670297635871,0.04401670297635871
1525,851.2143852979775,888.800031938184,loaded:unit_ball_P2_h008_N5000_slepc_eigs.txt,37.585646640206505,37.585646640206505,0.044155323605168176,0.044155323605168176
1526,851.2143852979775,888.954853137346,loaded:unit_ball_P2_h008_N5000_slepc_eigs.txt,37.740467839368534,37.740467839368534,0.044337206338632355,0.044337206338632355
1527,851.2143852979775,889.0628325587444,loaded:unit_ball_P2_h008_N5000_slepc_eigs.txt,37.848447260766875,37.848447260766875,0.0444640597180669,0.0444640597180669
1528,851.2143852979775,889.1965419465284,loaded:unit_ball_P2_h008_N5000_slepc_eigs.txt,37.98215664855093,37.98215664855093,0.044621140460701716,0.044621140460701716
1529,851.2143852979775,889.230880037,loaded:unit_ball_P2_h008_N5000_slepc_eigs.txt,38.016494739022505,38.016494739022505,0.044661480580728656,0.044661480580728656
1530,851.2143852979775,889.3874979502336,loaded:unit_ball_P2_h008_N5000_slepc_eigs.txt,38.17311265225612,38.17311265225612,0.044845474079826766,0.044845474079826766
1531,851.2143852979775,889.4521011123361,loaded:unit_ball_P2_h008_N5000_slepc_eigs.txt,38.23771581435858,38.23771581435858,0.044921369369213635,0.044921369369213635
1532,851.2143852979775,889.5348035720057,loaded:unit_ball_P2_h008_N5000_slepc_eigs.txt,38.32041827402816,38.32041827402816,0.04501852757177459,0.04501852757177459
1533,851.2143852979775,889.6809626608732,loaded:unit_ball_P2_h008_N5000_slepc_eigs.txt,38.46657736289569,38.46657736289569,0.0451902341258366,0.0451902341258366
1534,851.2143852979775,889.7845791481265,loaded:unit_ball_P2_h008_N5000_slepc_eigs.txt,38.57019385014894,38.57019385014894,0.04531196196437281,0.04531196196437281
1535,851.2143852979775,889.9556189240752,loaded:unit_ball_P2_h008_N5000_slepc_eigs.txt,38.74123362609771,38.74123362609771,0.04551289815495293,0.04551289815495293
1536,851.2143852979775,890.0010635917397,loaded:unit_ball_P2_h008_N5000_slepc_eigs.txt,38.78667829376218,38.78667829376218,0.04556628619496891,0.04556628619496891
1537,851.2143852979775,890.037866677358,loaded:unit_ball_P2_h008_N5000_slepc_eigs.txt,38.823481379380496,38.823481379380496,0.04560952217200827,0.04560952217200827
1538,851.2143852979775,890.2257567220886,loaded:unit_ball_P2_h008_N5000_slepc_eigs.txt,39.011371424111076,39.011371424111076,0.04583025392651781,0.04583025392651781
1539,851.2143852979775,890.2699367317155,loaded:unit_ball_P2_h008_N5000_slepc_eigs.txt,39.055551433737946,39.055551433737946,0.045882156256165825,0.045882156256165825
1540,851.2143852979775,890.5325371676414,loaded:unit_ball_P2_h008_N5000_slepc_eigs.txt,39.31815186966389,39.31815186966389,0.04619065719372226,0.04619065719372226
1541,851.2143852979775,890.5613791314669,loaded:unit_ball_P2_h008_N5000_slepc_eigs.txt,39.346993833489364,39.346993833489364,0.0462245405071667,0.0462245405071667
1542,851.2143852979775,890.6442012019651,loaded:unit_ball_P2_h008_N5000_slepc_eigs.txt,39.42981590398756,39.42981590398756,0.04632183922759329,0.04632183922759329
1543,851.2143852979775,890.6943770374559,loaded:unit_ball_P2_h008_N5000_slepc_eigs.txt,39.47999173947835,39.47999173947835,0.04638078540655527,0.04638078540655527
1544,851.2143852979775,890.8311333450127,loaded:unit_ball_P2_h008_N5000_slepc_eigs.txt,39.61674804703523,39.61674804703523,0.046541445646700305,0.046541445646700305
1545,851.2143852979775,890.9134690916311,loaded:unit_ball_P2_h008_N5000_slepc_eigs.txt,39.699083793653585,39.699083793653585,0.04663817303763782,0.04663817303763782
1546,851.2143852979775,890.9916500364238,loaded:unit_ball_P2_h008_N5000_slepc_eigs.txt,39.77726473844632,39.77726473844632,0.04673001939989751,0.04673001939989751
1547,851.2143852979775,891.1224358719215,loaded:unit_ball_P2_h008_N5000_slepc_eigs.txt,39.908050573944024,39.908050573944024,0.04688366557618002,0.04688366557618002
1548,851.2143852979775,891.2222620413098,loaded:unit_ball_P2_h008_N5000_slepc_eigs.txt,40.007876743332304,40.007876743332304,0.04700094057894367,0.04700094057894367
1549,851.2143852979775,891.2953438422963,loaded:unit_ball_P2_h008_N5000_slepc_eigs.txt,40.08095854431883,40.08095854431883,0.04708679650695521,0.04708679650695521
1550,851.2143852979775,891.4761551526324,loaded:unit_ball_P2_h008_N5000_slepc_eigs.txt,40.26176985465486,40.26176985465486,0.0472992122196816,0.0472992122196816
1551,851.2143852979775,891.5889418770007,loaded:unit_ball_P2_h008_N5000_slepc_eigs.txt,40.37455657902319,40.37455657902319,0.047431713181033244,0.047431713181033244
1552,851.2143852979775,891.6923719555377,loaded:unit_ball_P2_h008_N5000_slepc_eigs.txt,40.47798665756022,40.47798665756022,0.04755322202806809,0.04755322202806809
1553,851.2143852979775,891.7175002166439,loaded:unit_ball_P2_h008_N5000_slepc_eigs.txt,40.50311491866637,40.50311491866637,0.04758274251261365,0.04758274251261365
1554,851.2143852979775,891.8228733920616,loaded:unit_ball_P2_h008_N5000_slepc_eigs.txt,40.60848809408412,40.60848809408412,0.0477065340946613,0.0477065340946613
1555,851.2143852979775,892.0605738859259,loaded:unit_ball_P2_h008_N5000_slepc_eigs.txt,40.846188587948404,40.846188587948404,0.047985782775099274,0.047985782775099274
1556,851.2143852979775,892.4021218574246,loaded:unit_ball_P2_h008_N5000_slepc_eigs.txt,41.1877365594471,41.1877365594471,0.048387030659765996,0.048387030659765996
1557,851.2143852979775,892.653611582899,loaded:unit_ball_P2_h008_N5000_slepc_eigs.txt,41.43922628492146,41.43922628492146,0.048682478821613404,0.048682478821613404
1558,851.2143852979775,892.9205520588913,loaded:unit_ball_P2_h008_N5000_slepc_eigs.txt,41.70616676091379,41.70616676091379,0.04899607840428361,0.04899607840428361
1559,851.2143852979775,893.0703036234324,loaded:unit_ball_P2_h008_N5000_slepc_eigs.txt,41.85591832545492,41.85591832545492,0.049172005370659674,0.049172005370659674
1560,851.2143852979775,893.1678267625102,loaded:unit_ball_P2_h008_N5000_slepc_eigs.txt,41.953441464532716,41.953441464532716,0.04928657479143333,0.04928657479143333
1561,851.2143852979775,893.4374573869637,loaded:unit_ball_P2_h008_N5000_slepc_eigs.txt,42.223072088986214,42.223072088986214,0.04960333473946817,0.04960333473946817
1562,860.3992274265945,896.7399966596937,loaded:unit_ball_P2_h008_N5000_slepc_eigs.txt,36.340769233099195,36.340769233099195,0.04223710119056288,0.04223710119056288
1563,860.3992274265945,897.0202753832951,loaded:unit_ball_P2_h008_N5000_slepc_eigs.txt,36.621047956700636,36.621047956700636,0.04256285546214648,0.04256285546214648
1564,860.3992274265945,897.4541158768461,loaded:unit_ball_P2_h008_N5000_slepc_eigs.txt,37.05488845025161,37.05488845025161,0.04306708707896065,0.04306708707896065
1565,860.3992274265945,897.8611926371171,loaded:unit_ball_P2_h008_N5000_slepc_eigs.txt,37.461965210522635,37.461965210522635,0.04354021251572861,0.04354021251572861
1566,860.3992274265945,898.0621754745342,loaded:unit_ball_P2_h008_N5000_slepc_eigs.txt,37.66294804793972,37.66294804793972,0.043773805051624086,0.043773805051624086
1567,860.3992274265945,898.3172011467487,loaded:unit_ball_P2_h008_N5000_slepc_eigs.txt,37.91797372015424,37.91797372015424,0.04407020893494379,0.04407020893494379
1568,860.3992274265945,898.5491492540558,loaded:unit_ball_P2_h008_N5000_slepc_eigs.txt,38.1499218274613,38.1499218274613,0.04433979089168357,0.04433979089168357
1569,860.3992274265945,898.9764498738668,loaded:unit_ball_P2_h008_N5000_slepc_eigs.txt,38.577222447272334,38.577222447272334,0.04483642153265831,0.04483642153265831
1570,860.3992274265945,899.2139824312433,loaded:unit_ball_P2_h008_N5000_slepc_eigs.txt,38.81475500464876,38.81475500464876,0.04511249402296827,0.04511249402296827
1571,860.3992274265945,899.5160269743344,loaded:unit_ball_P2_h008_N5000_slepc_eigs.txt,39.1167995477399,39.1167995477399,0.04546354564349859,0.04546354564349859
1572,860.3992274265945,900.2076936158021,loaded:unit_ball_P2_h008_N5000_slepc_eigs.txt,39.80846618920759,39.80846618920759,0.04626743599976544,0.04626743599976544
1573,864.1920291115534,902.6827239146739,loaded:unit_ball_P2_h008_N5000_slepc_eigs.txt,38.490694803120505,38.490694803120505,0.04453951611043148,0.04453951611043148
1574,864.1920291115534,903.5354019485377,loaded:unit_ball_P2_h008_N5000_slepc_eigs.txt,39.34337283698426,39.34337283698426,0.045526192688252226,0.045526192688252226
1575,864.1920291115534,903.915309297286,loaded:unit_ball_P2_h008_N5000_slepc_eigs.txt,39.723280185732506,39.723280185732506,0.045965802561926734,0.045965802561926734
1576,864.1920291115534,903.9645836488666,loaded:unit_ball_P2_h008_N5000_slepc_eigs.txt,39.77255453731311,39.77255453731311,0.04602282038889196,0.04602282038889196
1577,864.1920291115534,904.204614339178,loaded:unit_ball_P2_h008_N5000_slepc_eigs.txt,40.01258522762453,40.01258522762453,0.046300571955934504,0.046300571955934504
1578,864.1920291115534,904.3003832682552,loaded:unit_ball_P2_h008_N5000_slepc_eigs.txt,40.10835415670181,40.10835415670181,0.04641139099366127,0.04641139099366127
1579,864.1920291115534,904.5002922688924,loaded:unit_ball_P2_h008_N5000_slepc_eigs.txt,40.308263157338956,40.308263157338956,0.04664271573851302,0.04664271573851302
1580,864.1920291115534,904.7676743403493,loaded:unit_ball_P2_h008_N5000_slepc_eigs.txt,40.575645228795906,40.575645228795906,0.04695211696237277,0.04695211696237277
1581,864.1920291115534,904.8885126395896,loaded:unit_ball_P2_h008_N5000_slepc_eigs.txt,40.6964835280362,40.6964835280362,0.047091945027397296,0.047091945027397296
1582,864.1920291115534,904.9198672119775,loaded:unit_ball_P2_h008_N5000_slepc_eigs.txt,40.72783810042404,40.72783810042404,0.04712822697785694,0.04712822697785694
1583,864.1920291115534,905.1232245669278,loaded:unit_ball_P2_h008_N5000_slepc_eigs.txt,40.931195455374336,40.931195455374336,0.04736354198667432,0.04736354198667432
1584,864.1920291115534,905.1888935947354,loaded:unit_ball_P2_h008_N5000_slepc_eigs.txt,40.99686448318198,40.99686448318198,0.04743953091690682,0.04743953091690682
1585,864.1920291115534,905.2259448417667,loaded:unit_ball_P2_h008_N5000_slepc_eigs.txt,41.033915730213266,41.033915730213266,0.04748240477570575,0.04748240477570575
1586,864.1920291115534,905.3194980415954,loaded:unit_ball_P2_h008_N5000_slepc_eigs.txt,41.127468930041914,41.127468930041914,0.0475906598818363,0.0475906598818363
1587,864.1920291115534,905.5777735323619,loaded:unit_ball_P2_h008_N5000_slepc_eigs.txt,41.385744420808464,41.385744420808464,0.04788952342381096,0.04788952342381096
1588,864.1920291115534,905.5989262527204,loaded:unit_ball_P2_h008_N5000_slepc_eigs.txt,41.40689714116695,41.40689714116695,0.047914000298910395,0.047914000298910395
1589,864.1920291115534,905.8089897214684,loaded:unit_ball_P2_h008_N5000_slepc_eigs.txt,41.61696060991494,41.61696060991494,0.048157075288810434,0.048157075288810434
1590,864.1920291115534,905.8641976338234,loaded:unit_ball_P2_h008_N5000_slepc_eigs.txt,41.67216852227,41.67216852227,0.04822095913695448,0.04822095913695448
1591,864.1920291115534,906.00926934597,loaded:unit_ball_P2_h008_N5000_slepc_eigs.txt,41.817240234416545,41.817240234416545,0.048388828901149934,0.048388828901149934
1592,864.1920291115534,906.1517343284332,loaded:unit_ball_P2_h008_N5000_slepc_eigs.txt,41.9597052168798,41.9597052168798,0.04855368228750866,0.04855368228750866
1593,864.1920291115534,906.2841348907601,loaded:unit_ball_P2_h008_N5000_slepc_eigs.txt,42.09210577920669,42.09210577920669,0.04870688962785292,0.04870688962785292
1594,864.1920291115534,906.4172674656082,loaded:unit_ball_P2_h008_N5000_slepc_eigs.txt,42.225238354054795,42.225238354054795,0.04886094401665002,0.04886094401665002
1595,864.1920291115534,906.5855974424394,loaded:unit_ball_P2_h008_N5000_slepc_eigs.txt,42.393568330885955,42.393568330885955,0.04905572708703336,0.04905572708703336
1596,864.1920291115534,906.6462887601772,loaded:unit_ball_P2_h008_N5000_slepc_eigs.txt,42.45425964862375,42.45425964862375,0.049125956058943904,0.049125956058943904
1597,864.1920291115534,906.9357878260059,loaded:unit_ball_P2_h008_N5000_slepc_eigs.txt,42.7437587144525,42.7437587144525,0.04946094996779351,0.04946094996779351
1598,864.1920291115534,907.0443880517947,loaded:unit_ball_P2_h008_N5000_slepc_eigs.txt,42.85235894024129,42.85235894024129,0.04958661674338324,0.04958661674338324
1599,864.1920291115534,907.1272016499796,loaded:unit_ball_P2_h008_N5000_slepc_eigs.txt,42.93517253842617,42.93517253842617,0.04968244451706685,0.04968244451706685
1600,864.1920291115534,907.3472829820336,loaded:unit_ball_P2_h008_N5000_slepc_eigs.txt,43.155253870480124,43.155253870480124,0.04993711167973463,0.04993711167973463
1601,864.1920291115534,907.4473848841604,loaded:unit_ball_P2_h008_N5000_slepc_eigs.txt,43.255355772607004,43.255355772607004,0.050052944618195996,0.050052944618195996
1602,864.1920291115534,907.5555072545365,loaded:unit_ball_P2_h008_N5000_slepc_eigs.txt,43.36347814298301,43.36347814298301,0.050178058443287814,0.050178058443287814
1603,864.1920291115534,907.7100753649692,loaded:unit_ball_P2_h008_N5000_slepc_eigs.txt,43.51804625341572,43.51804625341572,0.05035691696688657,0.05035691696688657
1604,864.1920291115534,907.7990635525533,loaded:unit_ball_P2_h008_N5000_slepc_eigs.txt,43.60703444099988,43.60703444099988,0.0504598896680762,0.0504598896680762
1605,864.1920291115534,907.9699496396723,loaded:unit_ball_P2_h008_N5000_slepc_eigs.txt,43.7779205281189,43.7779205281189,0.05065763054205151,0.05065763054205151
1606,864.1920291115534,908.11288969331,loaded:unit_ball_P2_h008_N5000_slepc_eigs.txt,43.92086058175653,43.92086058175653,0.050823033657126045,0.050823033657126045
1607,864.1920291115534,908.3139919446712,loaded:unit_ball_P2_h008_N5000_slepc_eigs.txt,44.12196283311778,44.12196283311778,0.05105573917232038,0.05105573917232038
1608,864.1920291115534,908.5641085553258,loaded:unit_ball_P2_h008_N5000_slepc_eigs.txt,44.37207944377235,44.37207944377235,0.0513451616643465,0.0513451616643465
1609,864.1920291115534,908.8386344255925,loaded:unit_ball_P2_h008_N5000_slepc_eigs.txt,44.64660531403911,44.64660531403911,0.05166282933659869,0.05166282933659869
1610,864.1920291115534,909.1468208547421,loaded:unit_ball_P2_h008_N5000_slepc_eigs.txt,44.95479174318871,44.95479174318871,0.052019447332099567,0.052019447332099567
1611,864.1920291115534,909.474646225555,loaded:unit_ball_P2_h008_N5000_slepc_eigs.txt,45.282617114001596,45.282617114001596,0.05239879053334375,0.05239879053334375
1612,872.2946118842177,912.3458368084985,loaded:unit_ball_P2_h008_N5000_slepc_eigs.txt,40.051224924280746,40.051224924280746,0.04591479114810452,0.04591479114810452
1613,872.2946118842177,912.8656501062162,loaded:unit_ball_P2_h008_N5000_slepc_eigs.txt,40.57103822199849,40.57103822199849,0.04651070598081788,0.04651070598081788
1614,872.2946118842177,912.9748606563401,loaded:unit_ball_P2_h008_N5000_slepc_eigs.txt,40.680248772122354,40.680248772122354,0.04663590513788702,0.04663590513788702
1615,872.2946118842177,913.1367887091809,loaded:unit_ball_P2_h008_N5000_slepc_eigs.txt,40.84217682496319,40.84217682496319,0.04682153972812146,0.04682153972812146
1616,872.2946118842177,913.2013170664765,loaded:unit_ball_P2_h008_N5000_slepc_eigs.txt,40.90670518225875,40.90670518225875,0.046895515144702526,0.046895515144702526
1617,872.2946118842177,913.4369714846599,loaded:unit_ball_P2_h008_N5000_slepc_eigs.txt,41.142359600442205,41.142359600442205,0.047165669763306016,0.047165669763306016
1618,872.2946118842177,913.5692609712627,loaded:unit_ball_P2_h008_N5000_slepc_eigs.txt,41.27464908704496,41.27464908704496,0.04731732665170179,0.04731732665170179
1619,872.2946118842177,913.673926100316,loaded:unit_ball_P2_h008_N5000_slepc_eigs.txt,41.37931421609824,41.37931421609824,0.0474373149304637,0.0474373149304637
1620,872.2946118842177,913.812286943928,loaded:unit_ball_P2_h008_N5000_slepc_eigs.txt,41.517675059710314,41.517675059710314,0.047595932032675536,0.047595932032675536
1621,872.2946118842177,913.9868942820762,loaded:unit_ball_P2_h008_N5000_slepc_eigs.txt,41.692282397858435,41.692282397858435,0.04779610217676362,0.04779610217676362
1622,872.2946118842177,914.416575143062,loaded:unit_ball_P2_h008_N5000_slepc_eigs.txt,42.12196325884429,42.12196325884429,0.048288689033465296,0.048288689033465296
1623,872.2946118842177,914.5122023854433,loaded:unit_ball_P2_h008_N5000_slepc_eigs.txt,42.21759050122557,42.21759050122557,0.04839831626385105,0.04839831626385105
1624,872.2946118842177,914.5813481258746,loaded:unit_ball_P2_h008_N5000_slepc_eigs.txt,42.286736241656854,42.286736241656854,0.04847758505617102,0.04847758505617102
1625,872.2946118842177,914.7485391753951,loaded:unit_ball_P2_h008_N5000_slepc_eigs.txt,42.453927291177365,42.453927291177365,0.048669253154589476,0.048669253154589476
1626,872.2946118842177,914.8562708147122,loaded:unit_ball_P2_h008_N5000_slepc_eigs.txt,42.561658930494445,42.561658930494445,0.0487927568858396,0.0487927568858396
1627,872.2946118842177,915.295232462226,loaded:unit_ball_P2_h008_N5000_slepc_eigs.txt,43.00062057800824,43.00062057800824,0.04929598325171799,0.04929598325171799
1628,872.2946118842177,915.4226534298089,loaded:unit_ball_P2_h008_N5000_slepc_eigs.txt,43.128041545591145,43.128041545591145,0.049442058861777834,0.049442058861777834
1629,872.2946118842177,915.604893429435,loaded:unit_ball_P2_h008_N5000_slepc_eigs.txt,43.31028154521732,43.31028154521732,0.04965097910173269,0.04965097910173269
1630,872.2946118842177,916.0058187757957,loaded:unit_ball_P2_h008_N5000_slepc_eigs.txt,43.711206891577945,43.711206891577945,0.050110600588439566,0.050110600588439566
1631,872.2946118842177,916.1276540696826,loaded:unit_ball_P2_h008_N5000_slepc_eigs.txt,43.83304218546493,43.83304218546493,0.05025027277284504,0.05025027277284504
1632,872.2946118842177,916.4560234086639,loaded:unit_ball_P2_h008_N5000_slepc_eigs.txt,44.16141152444618,44.16141152444618,0.0506267159315067,0.0506267159315067
1633,878.6840039335514,916.8035970007722,loaded:unit_ball_P2_h008_N5000_slepc_eigs.txt,38.119593067220876,38.119593067220876,0.04338259590088497,0.04338259590088497
1634,878.6840039335514,916.8885044390194,loaded:unit_ball_P2_h008_N5000_slepc_eigs.txt,38.20450050546799,38.20450050546799,0.04347922613185198,0.04347922613185198
1635,878.6840039335514,918.0887892272756,loaded:unit_ball_P2_h008_N5000_slepc_eigs.txt,39.40478529372422,39.40478529372422,0.04484522890746071,0.04484522890746071
1636,878.6840039335514,918.16137763563,loaded:unit_ball_P2_h008_N5000_slepc_eigs.txt,39.47737370207858,39.47737370207858,0.04492783927481622,0.04492783927481622
1637,878.6840039335514,918.4226816477017,loaded:unit_ball_P2_h008_N5000_slepc_eigs.txt,39.7386777141503,39.7386777141503,0.04522522037075282,0.04522522037075282
1638,878.6840039335514,919.1907816880031,loaded:unit_ball_P2_h008_N5000_slepc_eigs.txt,40.50677775445172,40.50677775445172,0.046099368570632314,0.046099368570632314
1639,878.6840039335514,920.4848902175415,loaded:unit_ball_P2_h008_N5000_slepc_eigs.txt,41.80088628399017,41.80088628399017,0.047572148914584396,0.047572148914584396
1640,888.7314224691705,927.906426737814,loaded:unit_ball_P2_h008_N5000_slepc_eigs.txt,39.17500426864342,39.17500426864342,0.04407968850679675,0.04407968850679675
1641,888.7314224691705,929.0070483335675,loaded:unit_ball_P2_h008_N5000_slepc_eigs.txt,40.27562586439694,40.27562586439694,0.0453181071875447,0.0453181071875447
1642,888.7314224691705,930.8461002237779,loaded:unit_ball_P2_h008_N5000_slepc_eigs.txt,42.11467775460733,42.11467775460733,0.047387407139943064,0.047387407139943064
1643,892.9817312774048,935.4719873522029,loaded:unit_ball_P2_h008_N5000_slepc_eigs.txt,42.490256074798026,42.490256074798026,0.04758244719521415,0.04758244719521415
1644,892.9817312774048,935.628945379759,loaded:unit_ball_P2_h008_N5000_slepc_eigs.txt,42.647214102354155,42.647214102354155,0.04775821565951588,0.04775821565951588
1645,892.9817312774048,935.8494430485113,loaded:unit_ball_P2_h008_N5000_slepc_eigs.txt,42.86771177110643,42.86771177110643,0.04800513859313161,0.04800513859313161
1646,892.9817312774048,936.1558963166166,loaded:unit_ball_P2_h008_N5000_slepc_eigs.txt,43.17416503921174,43.17416503921174,0.048348318366436646,0.048348318366436646
1647,892.9817312774048,936.2485410180474,loaded:unit_ball_P2_h008_N5000_slepc_eigs.txt,43.26680974064254,43.26680974064254,0.048452065955201164,0.048452065955201164
1648,892.9817312774048,936.3299697775711,loaded:unit_ball_P2_h008_N5000_slepc_eigs.txt,43.3482385001663,43.3482385001663,0.048543253441654305,0.048543253441654305
1649,892.9817312774048,936.4206899102629,loaded:unit_ball_P2_h008_N5000_slepc_eigs.txt,43.43895863285809,43.43895863285809,0.04864484581416792,0.04864484581416792
1650,892.9817312774048,936.5387899221225,loaded:unit_ball_P2_h008_N5000_slepc_eigs.txt,43.5570586447177,43.5570586447177,0.04877709937291729,0.04877709937291729
1651,892.9817312774048,936.6420213894721,loaded:unit_ball_P2_h008_N5000_slepc_eigs.txt,43.66029011206729,43.66029011206729,0.0488927024852026,0.0488927024852026
1652,892.9817312774048,936.7532734811787,loaded:unit_ball_P2_h008_N5000_slepc_eigs.txt,43.77154220377383,43.77154220377383,0.04901728744344962,0.04901728744344962
1653,892.9817312774048,936.8813842608837,loaded:unit_ball_P2_h008_N5000_slepc_eigs.txt,43.89965298347886,43.89965298347886,0.049160751497884146,0.049160751497884146
1654,892.9817312774048,937.0544450567671,loaded:unit_ball_P2_h008_N5000_slepc_eigs.txt,44.07271377936229,44.07271377936229,0.04935455254646312,0.04935455254646312
1655,892.9817312774048,937.2055703366772,loaded:unit_ball_P2_h008_N5000_slepc_eigs.txt,44.223839059272336,44.223839059272336,0.049523789244837524,0.049523789244837524
1656,892.9817312774048,937.2893312563252,loaded:unit_ball_P2_h008_N5000_slepc_eigs.txt,44.30759997892039,44.30759997892039,0.04961758838620209,0.04961758838620209
1657,892.9817312774048,937.3950485206649,loaded:unit_ball_P2_h008_N5000_slepc_eigs.txt,44.41331724326005,44.41331724326005,0.04973597520268089,0.04973597520268089
1658,892.9817312774048,937.5458856711084,loaded:unit_ball_P2_h008_N5000_slepc_eigs.txt,44.564154393703575,44.564154393703575,0.049904889241076444,0.049904889241076444
1659,892.9817312774048,937.5829996719128,loaded:unit_ball_P2_h008_N5000_slepc_eigs.txt,44.601268394508,44.601268394508,0.04994645112247275,0.04994645112247275
1660,892.9817312774048,937.6358551509094,loaded:unit_ball_P2_h008_N5000_slepc_eigs.txt,44.654123873504545,44.654123873504545,0.0500056409996508,0.0500056409996508
1661,892.9817312774048,937.8312751169971,loaded:unit_ball_P2_h008_N5000_slepc_eigs.txt,44.84954383959223,44.84954383959223,0.0502244808249719,0.0502244808249719
1662,892.9817312774048,937.9850248080214,loaded:unit_ball_P2_h008_N5000_slepc_eigs.txt,45.00329353061659,45.00329353061659,0.05039665645369884,0.05039665645369884
1663,892.9817312774048,938.0583559996007,loaded:unit_ball_P2_h008_N5000_slepc_eigs.txt,45.0766247221959,45.0766247221959,0.05047877592939563,0.05047877592939563
1664,892.9817312774048,938.1108135726084,loaded:unit_ball_P2_h008_N5000_slepc_eigs.txt,45.1290822952036,45.1290822952036,0.050537520214043716,0.050537520214043716
1665,892.9817312774048,938.271759107245,loaded:unit_ball_P2_h008_N5000_slepc_eigs.txt,45.29002782984014,45.29002782984014,0.050717754063180034,0.050717754063180034
1666,892.9817312774048,938.3054329446712,loaded:unit_ball_P2_h008_N5000_slepc_eigs.txt,45.32370166726639,45.32370166726639,0.05075546349915929,0.05075546349915929
1667,892.9817312774048,938.4741795677264,loaded:unit_ball_P2_h008_N5000_slepc_eigs.txt,45.49244829032159,45.49244829032159,0.05094443334831153,0.05094443334831153
1668,892.9817312774048,938.5748582782944,loaded:unit_ball_P2_h008_N5000_slepc_eigs.txt,45.59312700088958,45.59312700088958,0.0510571777719001,0.0510571777719001
1669,892.9817312774048,938.7775849386816,loaded:unit_ball_P2_h008_N5000_slepc_eigs.txt,45.79585366127674,45.79585366127674,0.051284199953078605,0.051284199953078605
1670,892.9817312774048,938.8749522124031,loaded:unit_ball_P2_h008_N5000_slepc_eigs.txt,45.893220934998226,45.893220934998226,0.05139323608485054,0.05139323608485054
1671,892.9817312774048,938.9119601817353,loaded:unit_ball_P2_h008_N5000_slepc_eigs.txt,45.93022890433042,45.93022890433042,0.05143467922756663,0.05143467922756663
1672,892.9817312774048,939.0211464953237,loaded:unit_ball_P2_h008_N5000_slepc_eigs.txt,46.03941521791887,46.03941521791887,0.05155695083712382,0.05155695083712382
1673,892.9817312774048,939.1923224748251,loaded:unit_ball_P2_h008_N5000_slepc_eigs.txt,46.210591197420285,46.210591197420285,0.05174864118587994,0.05174864118587994
1674,892.9817312774048,939.239180724899,loaded:unit_ball_P2_h008_N5000_slepc_eigs.txt,46.257449447494196,46.257449447494196,0.05180111510380308,0.05180111510380308
1675,892.9817312774048,939.37815272669,loaded:unit_ball_P2_h008_N5000_slepc_eigs.txt,46.396421449285185,46.396421449285185,0.05195674202977858,0.05195674202977858
1676,893.3712301371334,939.4345398292191,loaded:unit_ball_P2_h008_N5000_slepc_eigs.txt,46.063309692085795,46.063309692085795,0.051561219052257856,0.051561219052257856
1677,893.3712301371334,939.6020532640679,loaded:unit_ball_P2_h008_N5000_slepc_eigs.txt,46.230823126934524,46.230823126934524,0.05174872613688046,0.05174872613688046
1678,893.3712301371334,939.6796187047684,loaded:unit_ball_P2_h008_N5000_slepc_eigs.txt,46.308388567635006,46.308388567635006,0.05183554943953884,0.05183554943953884
1679,893.3712301371334,939.7979282338565,loaded:unit_ball_P2_h008_N5000_slepc_eigs.txt,46.42669809672316,46.42669809672316,0.051967979861626636,0.051967979861626636
1680,893.3712301371334,939.8021076845797,loaded:unit_ball_P2_h008_N5000_slepc_eigs.txt,46.43087754744636,46.43087754744636,0.05197265815278065,0.05197265815278065
1681,893.3712301371334,940.0101556349309,loaded:unit_ball_P2_h008_N5000_slepc_eigs.txt,46.63892549779757,46.63892549779757,0.05220553777027099,0.05220553777027099
1682,893.3712301371334,940.1722226307558,loaded:unit_ball_P2_h008_N5000_slepc_eigs.txt,46.8009924936224,46.8009924936224,0.05238694835341676,0.05238694835341676
1683,893.3712301371334,940.2334919313181,loaded:unit_ball_P2_h008_N5000_slepc_eigs.txt,46.86226179418475,46.86226179418475,0.05245553048198266,0.05245553048198266
1684,893.3712301371334,940.4419930126397,loaded:unit_ball_P2_h008_N5000_slepc_eigs.txt,47.070762875506375,47.070762875506375,0.05268891731411696,0.05268891731411696
1685,893.3712301371334,940.4910902042649,loaded:unit_ball_P2_h008_N5000_slepc_eigs.txt,47.119860067131526,47.119860067131526,0.05274387452559736,0.05274387452559736
1686,893.3712301371334,940.5901643884738,loaded:unit_ball_P2_h008_N5000_slepc_eigs.txt,47.21893425134044,47.21893425134044,0.05285477375860009,0.05285477375860009
1687,893.3712301371334,940.6909305182006,loaded:unit_ball_P2_h008_N5000_slepc_eigs.txt,47.319700381067264,47.319700381067264,0.052967566880124,0.052967566880124
1688,893.3712301371334,940.8942270703004,loaded:unit_ball_P2_h008_N5000_slepc_eigs.txt,47.522996933167065,47.522996933167065,0.053195127993848915,0.053195127993848915
1689,893.3712301371334,941.0686325461074,loaded:unit_ball_P2_h008_N5000_slepc_eigs.txt,47.697402408974085,47.697402408974085,0.05339034972242445,0.05339034972242445
1690,893.3712301371334,941.1438569259407,loaded:unit_ball_P2_h008_N5000_slepc_eigs.txt,47.772626788807315,47.772626788807315,0.05347455254572522,0.05347455254572522
1691,893.3712301371334,941.2888008234929,loaded:unit_ball_P2_h008_N5000_slepc_eigs.txt,47.91757068635957,47.91757068635957,0.05363679629464246,0.05363679629464246
1692,893.3712301371334,941.3699726693347,loaded:unit_ball_P2_h008_N5000_slepc_eigs.txt,47.99874253220139,47.99874253220139,0.05372765644673104,0.05372765644673104
1693,893.3712301371334,941.5628830930698,loaded:unit_ball_P2_h008_N5000_slepc_eigs.txt,48.19165295593643,48.19165295593643,0.053943591790547106,0.053943591790547106
1694,893.3712301371334,941.7775835961407,loaded:unit_ball_P2_h008_N5000_slepc_eigs.txt,48.40635345900739,48.40635345900739,0.054183917979513364,0.054183917979513364
1695,893.3712301371334,941.8924345568329,loaded:unit_ball_P2_h008_N5000_slepc_eigs.txt,48.52120441969953,48.52120441969953,0.05431247703404494,0.05431247703404494
1696,893.3712301371334,942.135287245832,loaded:unit_ball_P2_h008_N5000_slepc_eigs.txt,48.764057108698694,48.764057108698694,0.05458431552716709,0.05458431552716709
1697,893.3712301371334,942.291970256094,loaded:unit_ball_P2_h008_N5000_slepc_eigs.txt,48.92074011896068,48.92074011896068,0.05475969951646115,0.05475969951646115
1698,893.3712301371334,942.3756567191134,loaded:unit_ball_P2_h008_N5000_slepc_eigs.txt,49.004426581980056,49.004426581980056,0.05485337441911783,0.05485337441911783
1699,893.3712301371334,942.5597507023917,loaded:unit_ball_P2_h008_N5000_slepc_eigs.txt,49.188520565258386,49.188520565258386,0.05505944103181821,0.05505944103181821
1700,893.3712301371334,942.8276128260712,loaded:unit_ball_P2_h008_N5000_slepc_eigs.txt,49.45638268893788,49.45638268893788,0.0553592739732018,0.0553592739732018
1701,893.3712301371334,943.0078135340534,loaded:unit_ball_P2_h008_N5000_slepc_eigs.txt,49.63658339692006,49.63658339692006,0.055560982626786395,0.055560982626786395
1702,893.3712301371334,944.0171656273042,loaded:unit_ball_P2_h008_N5000_slepc_eigs.txt,50.645935490170814,50.645935490170814,0.056690806443807924,0.056690806443807924
1703,913.082965646563,956.9251455182649,loaded:unit_ball_P2_h008_N5000_slepc_eigs.txt,43.84217987170189,43.84217987170189,0.04801554899302804,0.04801554899302804
1704,913.082965646563,957.0981127043517,loaded:unit_ball_P2_h008_N5000_slepc_eigs.txt,44.01514705778868,44.01514705778868,0.048204981051881875,0.048204981051881875
1705,913.082965646563,957.3269360649331,loaded:unit_ball_P2_h008_N5000_slepc_eigs.txt,44.243970418370054,44.243970418370054,0.04845558627527397,0.04845558627527397
1706,913.082965646563,957.4464370956797,loaded:unit_ball_P2_h008_N5000_slepc_eigs.txt,44.36347144911667,44.36347144911667,0.048586462696412765,0.048586462696412765
1707,913.082965646563,957.8141386055569,loaded:unit_ball_P2_h008_N5000_slepc_eigs.txt,44.73117295899385,44.73117295899385,0.048989165981559266,0.048989165981559266
1708,913.082965646563,957.9617646512016,loaded:unit_ball_P2_h008_N5000_slepc_eigs.txt,44.87879900463861,44.87879900463861,0.049150844658304944,0.049150844658304944
1709,913.082965646563,958.2304531772074,loaded:unit_ball_P2_h008_N5000_slepc_eigs.txt,45.14748753064441,45.14748753064441,0.04944510984133302,0.04944510984133302
1710,913.082965646563,958.2891337790215,loaded:unit_ball_P2_h008_N5000_slepc_eigs.txt,45.206168132458515,45.206168132458515,0.049509376292490116,0.049509376292490116
1711,913.082965646563,958.3605019009642,loaded:unit_ball_P2_h008_N5000_slepc_eigs.txt,45.277536254401184,45.277536254401184,0.049587537998082916,0.049587537998082916
1712,913.082965646563,958.4461502141564,loaded:unit_ball_P2_h008_N5000_slepc_eigs.txt,45.36318456759341,45.36318456759341,0.049681339236759596,0.049681339236759596
1713,913.082965646563,958.533730658849,loaded:unit_ball_P2_h008_N5000_slepc_eigs.txt,45.450765012285956,45.450765012285956,0.049777256527945214,0.049777256527945214
1714,913.082965646563,958.6491966360315,loaded:unit_ball_P2_h008_N5000_slepc_eigs.txt,45.56623098946852,45.56623098946852,0.04990371379582427,0.04990371379582427
1715,913.082965646563,958.917737270789,loaded:unit_ball_P2_h008_N5000_slepc_eigs.txt,45.83477162422594,45.83477162422594,0.05019781700972801,0.05019781700972801
1716,913.082965646563,958.950999643152,loaded:unit_ball_P2_h008_N5000_slepc_eigs.txt,45.86803399658902,45.86803399658902,0.0502342456516089,0.0502342456516089
1717,913.082965646563,959.0895227356939,loaded:unit_ball_P2_h008_N5000_slepc_eigs.txt,46.006557089130865,46.006557089130865,0.05038595485849763,0.05038595485849763
1718,913.082965646563,959.2179724690951,loaded:unit_ball_P2_h008_N5000_slepc_eigs.txt,46.13500682253209,46.13500682253209,0.050526631815832244,0.050526631815832244
1719,913.082965646563,959.3660409250003,loaded:unit_ball_P2_h008_N5000_slepc_eigs.txt,46.28307527843731,46.28307527843731,0.05068879501619419,0.05068879501619419
1720,914.7594808692697,959.5145914774859,loaded:unit_ball_P2_h008_N5000_slepc_eigs.txt,44.755110608216114,44.755110608216114,0.04892554987862669,0.04892554987862669
1721,914.7594808692697,959.6356831194975,loaded:unit_ball_P2_h008_N5000_slepc_eigs.txt,44.87620225022772,44.87620225022772,0.04905792526750655,0.04905792526750655
1722,914.7594808692697,959.7741348945746,loaded:unit_ball_P2_h008_N5000_slepc_eigs.txt,45.01465402530482,45.01465402530482,0.04920927846796262,0.04920927846796262
1723,914.7594808692697,959.8375880310246,loaded:unit_ball_P2_h008_N5000_slepc_eigs.txt,45.078107161754815,45.078107161754815,0.04927864439176775,0.04927864439176775
1724,914.7594808692697,959.9300412585364,loaded:unit_ball_P2_h008_N5000_slepc_eigs.txt,45.17056038926671,45.17056038926671,0.04937971273754104,0.04937971273754104
1725,914.7594808692697,959.9866281212958,loaded:unit_ball_P2_h008_N5000_slepc_eigs.txt,45.22714725202604,45.22714725202604,0.04944157256402304,0.04944157256402304
1726,914.7594808692697,960.1525002566673,loaded:unit_ball_P2_h008_N5000_slepc_eigs.txt,45.393019387397544,45.393019387397544,0.049622901250787645,0.049622901250787645
1727,914.7594808692697,960.297660806531,loaded:unit_ball_P2_h008_N5000_slepc_eigs.txt,45.53817993726125,45.53817993726125,0.049781588373358665,0.049781588373358665
1728,914.7594808692697,960.3666804401789,loaded:unit_ball_P2_h008_N5000_slepc_eigs.txt,45.60719957090919,45.60719957090919,0.04985703950023013,0.04985703950023013
1729,914.7594808692697,960.4242620519093,loaded:unit_ball_P2_h008_N5000_slepc_eigs.txt,45.66478118263956,45.66478118263956,0.049919986769905486,0.049919986769905486
1730,914.7594808692697,960.5744469228293,loaded:unit_ball_P2_h008_N5000_slepc_eigs.txt,45.8149660535596,45.8149660535596,0.05008416639751353,0.05008416639751353
1731,914.7594808692697,960.7094150394553,loaded:unit_ball_P2_h008_N5000_slepc_eigs.txt,45.94993417018554,45.94993417018554,0.050231711319920554,0.050231711319920554
1732,914.7594808692697,960.8111967650634,loaded:unit_ball_P2_h008_N5000_slepc_eigs.txt,46.05171589579368,46.05171589579368,0.05034297742618863,0.05034297742618863
1733,914.7594808692697,960.9182195298373,loaded:unit_ball_P2_h008_N5000_slepc_eigs.txt,46.158738660567565,46.158738660567565,0.050459972950161976,0.050459972950161976
1734,914.7594808692697,960.9651748924492,loaded:unit_ball_P2_h008_N5000_slepc_eigs.txt,46.20569402317949,46.20569402317949,0.050511303779296766,0.050511303779296766
1735,914.7594808692697,961.1400552511176,loaded:unit_ball_P2_h008_N5000_slepc_eigs.txt,46.38057438184785,46.38057438184785,0.050702480107419845,0.050702480107419845
1736,914.7594808692697,961.2586184122122,loaded:unit_ball_P2_h008_N5000_slepc_eigs.txt,46.499137542942435,46.499137542942435,0.050832091402600865,0.050832091402600865
1737,914.7594808692697,961.559718844459,loaded:unit_ball_P2_h008_N5000_slepc_eigs.txt,46.80023797518925,46.80023797518925,0.05116124943653639,0.05116124943653639
1738,914.7594808692697,961.5897615655524,loaded:unit_ball_P2_h008_N5000_slepc_eigs.txt,46.83028069628267,46.83028069628267,0.05119409164448473,0.05119409164448473
1739,914.7594808692697,961.6724100997172,loaded:unit_ball_P2_h008_N5000_slepc_eigs.txt,46.9129292304475,46.9129292304475,0.05128444166095714,0.05128444166095714
1740,914.7594808692697,961.8686374620183,loaded:unit_ball_P2_h008_N5000_slepc_eigs.txt,47.109156592748604,47.109156592748604,0.051498954181903776,0.051498954181903776
1741,914.7594808692697,961.88529958768,loaded:unit_ball_P2_h008_N5000_slepc_eigs.txt,47.1258187184103,47.1258187184103,0.051517168943281115,0.051517168943281115
1742,914.7594808692697,961.9295668118837,loaded:unit_ball_P2_h008_N5000_slepc_eigs.txt,47.17008594261392,47.17008594261392,0.051565561143776875,0.051565561143776875
1743,914.7594808692697,962.145681957008,loaded:unit_ball_P2_h008_N5000_slepc_eigs.txt,47.3862010877383,47.3862010877383,0.05180181466138897,0.05180181466138897
1744,914.7594808692697,962.1665741002622,loaded:unit_ball_P2_h008_N5000_slepc_eigs.txt,47.40709323099247,47.40709323099247,0.05182465360833743,0.05182465360833743
1745,914.7594808692697,962.2082156608333,loaded:unit_ball_P2_h008_N5000_slepc_eigs.txt,47.44873479156354,47.44873479156354,0.05187017547659016,0.05187017547659016
1746,914.7594808692697,962.402817115599,loaded:unit_ball_P2_h008_N5000_slepc_eigs.txt,47.64333624632923,47.64333624632923,0.05208291058219493,0.05208291058219493
1747,914.7594808692697,962.451874195374,loaded:unit_ball_P2_h008_N5000_slepc_eigs.txt,47.69239332610425,47.69239332610425,0.052136538973920815,0.052136538973920815
1748,914.7594808692697,962.5988002800016,loaded:unit_ball_P2_h008_N5000_slepc_eigs.txt,47.83931941073183,47.83931941073183,0.05229715615002044,0.05229715615002044
1749,914.7594808692697,962.7937051632998,loaded:unit_ball_P2_h008_N5000_slepc_eigs.txt,48.03422429403008,48.03422429403008,0.052510222958700066,0.052510222958700066
1750,914.7594808692697,962.8358995558755,loaded:unit_ball_P2_h008_N5000_slepc_eigs.txt,48.076418686605734,48.076418686605734,0.052556349173796035,0.052556349173796035
1751,914.7594808692697,962.9311052789058,loaded:unit_ball_P2_h008_N5000_slepc_eigs.txt,48.171624409636024,48.171624409636024,0.05266042650234126,0.05266042650234126
1752,914.7594808692697,963.0212512525259,loaded:unit_ball_P2_h008_N5000_slepc_eigs.txt,48.261770383256135,48.261770383256135,0.052758972596156486,0.052758972596156486
1753,914.7594808692697,963.1382953773713,loaded:unit_ball_P2_h008_N5000_slepc_eigs.txt,48.37881450810153,48.37881450810153,0.05288692330592576,0.05288692330592576
1754,914.7594808692697,963.304666639353,loaded:unit_ball_P2_h008_N5000_slepc_eigs.txt,48.54518577008321,48.54518577008321,0.05306879762968087,0.05306879762968087
1755,914.7594808692697,963.4326526883609,loaded:unit_ball_P2_h008_N5000_slepc_eigs.txt,48.67317181909118,48.67317181909118,0.053208709870750354,0.053208709870750354
1756,914.7594808692697,963.5845335309772,loaded:unit_ball_P2_h008_N5000_slepc_eigs.txt,48.825052661707446,48.825052661707446,0.05337474350668702,0.05337474350668702
1757,914.7594808692697,963.8400321999404,loaded:unit_ball_P2_h008_N5000_slepc_eigs.txt,49.08055133067069,49.08055133067069,0.05365405044398211,0.05365405044398211
1758,914.7594808692697,963.9195480727683,loaded:unit_ball_P2_h008_N5000_slepc_eigs.txt,49.160067203498556,49.160067203498556,0.0537409758866704,0.0537409758866704
1759,914.7594808692697,964.0323058516427,loaded:unit_ball_P2_h008_N5000_slepc_eigs.txt,49.27282498237298,49.27282498237298,0.05386424083361282,0.05386424083361282
1760,914.7594808692697,964.1271493638886,loaded:unit_ball_P2_h008_N5000_slepc_eigs.txt,49.3676684946189,49.3676684946189,0.05396792219929354,0.05396792219929354
1761,914.7594808692697,964.2722977063412,loaded:unit_ball_P2_h008_N5000_slepc_eigs.txt,49.512816837071455,49.512816837071455,0.05412659597692373,0.05412659597692373
1762,914.7594808692697,964.5878929977667,loaded:unit_ball_P2_h008_N5000_slepc_eigs.txt,49.82841212849701,49.82841212849701,0.05447159955220852,0.05447159955220852
1763,914.7594808692697,964.6631741500861,loaded:unit_ball_P2_h008_N5000_slepc_eigs.txt,49.903693280816356,49.903693280816356,0.05455389566817532,0.05455389566817532
1764,914.7594808692697,965.0643879528039,loaded:unit_ball_P2_h008_N5000_slepc_eigs.txt,50.304907083534204,50.304907083534204,0.05499249599001794,0.05499249599001794
1765,914.7594808692697,965.1071053011535,loaded:unit_ball_P2_h008_N5000_slepc_eigs.txt,50.34762443188379,50.34762443188379,0.055039193891753796,0.055039193891753796
1766,914.7594808692697,965.4162377931285,loaded:unit_ball_P2_h008_N5000_slepc_eigs.txt,50.65675692385878,50.65675692385878,0.05537713244111022,0.05537713244111022
1767,914.7594808692697,966.0954349388694,loaded:unit_ball_P2_h008_N5000_slepc_eigs.txt,51.335954069599666,51.335954069599666,0.0561196195756469,0.0561196195756469
1768,914.7594808692697,966.5142902291291,loaded:unit_ball_P2_h008_N5000_slepc_eigs.txt,51.75480935985934,51.75480935985934,0.05657750528114584,0.05657750528114584
1769,931.7845807663074,978.6760627410957,loaded:unit_ball_P2_h008_N5000_slepc_eigs.txt,46.89148197478835,46.89148197478835,0.05032438070205498,0.05032438070205498
1770,931.7845807663074,979.7789483652007,loaded:unit_ball_P2_h008_N5000_slepc_eigs.txt,47.99436759889329,47.99436759889329,0.05150800795546791,0.05150800795546791
1771,931.7845807663074,979.8869271296755,loaded:unit_ball_P2_h008_N5000_slepc_eigs.txt,48.102346363368156,48.102346363368156,0.051623891783880334,0.051623891783880334
1772,931.7845807663074,979.9643129895722,loaded:unit_ball_P2_h008_N5000_slepc_eigs.txt,48.179732223264864,48.179732223264864,0.05170694301856922,0.05170694301856922
1773,931.7845807663074,980.0682266085678,loaded:unit_ball_P2_h008_N5000_slepc_eigs.txt,48.2836458422604,48.2836458422604,0.0518184640945137,0.0518184640945137
1774,931.7845807663074,980.3465327978067,loaded:unit_ball_P2_h008_N5000_slepc_eigs.txt,48.561952031499345,48.561952031499345,0.05211714492158863,0.05211714492158863
1775,931.7845807663074,980.6784443267475,loaded:unit_ball_P2_h008_N5000_slepc_eigs.txt,48.89386356044008,48.89386356044008,0.0524733555047985,0.0524733555047985
1776,931.7845807663074,980.9897627751157,loaded:unit_ball_P2_h008_N5000_slepc_eigs.txt,49.205182008808265,49.205182008808265,0.0528074653997188,0.0528074653997188
1777,931.7845807663074,981.1412132283451,loaded:unit_ball_P2_h008_N5000_slepc_eigs.txt,49.35663246203774,49.35663246203774,0.05297000345449635,0.05297000345449635
1778,931.7845807663074,981.2049681834721,loaded:unit_ball_P2_h008_N5000_slepc_eigs.txt,49.42038741716476,49.42038741716476,0.05303842587362953,0.05303842587362953
1779,931.7845807663074,981.6095855492097,loaded:unit_ball_P2_h008_N5000_slepc_eigs.txt,49.82500478290228,49.82500478290228,0.053472665046598845,0.053472665046598845
1780,931.7845807663074,981.7086527239047,loaded:unit_ball_P2_h008_N5000_slepc_eigs.txt,49.924071957597334,49.924071957597334,0.05357898487281187,0.05357898487281187
1781,931.7845807663074,981.7360496962687,loaded:unit_ball_P2_h008_N5000_slepc_eigs.txt,49.951468929961266,49.951468929961266,0.05360838756194137,0.05360838756194137
1782,931.7845807663074,981.9549895208946,loaded:unit_ball_P2_h008_N5000_slepc_eigs.txt,50.17040875458724,50.17040875458724,0.05384335584661283,0.05384335584661283
1783,931.7845807663074,981.9959430802745,loaded:unit_ball_P2_h008_N5000_slepc_eigs.txt,50.21136231396713,50.21136231396713,0.053887307592783824,0.053887307592783824
1784,931.7845807663074,982.297664091908,loaded:unit_ball_P2_h008_N5000_slepc_eigs.txt,50.51308332560063,50.51308332560063,0.05421111742808435,0.05421111742808435
1785,931.7845807663074,982.366227666664,loaded:unit_ball_P2_h008_N5000_slepc_eigs.txt,50.581646900356645,50.581646900356645,0.054284700503154794,0.054284700503154794
1786,931.7845807663074,982.5163515487594,loaded:unit_ball_P2_h008_N5000_slepc_eigs.txt,50.73177078245203,50.73177078245203,0.05444581486927998,0.05444581486927998
1787,931.7845807663074,982.816320430604,loaded:unit_ball_P2_h008_N5000_slepc_eigs.txt,51.03173966429665,51.03173966429665,0.05476774430236624,0.05476774430236624
1788,931.7845807663074,983.0733423458821,loaded:unit_ball_P2_h008_N5000_slepc_eigs.txt,51.288761579574725,51.288761579574725,0.05504358264588841,0.05504358264588841
1789,931.7845807663074,983.2944010781275,loaded:unit_ball_P2_h008_N5000_slepc_eigs.txt,51.509820311820135,51.509820311820135,0.05528082496220106,0.05528082496220106
1790,931.7845807663074,983.5324486479718,loaded:unit_ball_P2_h008_N5000_slepc_eigs.txt,51.74786788166443,51.74786788166443,0.05553629985925133,0.05553629985925133
1791,931.7845807663074,983.6716167487085,loaded:unit_ball_P2_h008_N5000_slepc_eigs.txt,51.88703598240113,51.88703598240113,0.05568565637749532,0.05568565637749532
1792,931.7845807663074,983.7822790912293,loaded:unit_ball_P2_h008_N5000_slepc_eigs.txt,51.997698324921885,51.997698324921885,0.05580442024717617,0.05580442024717617
1793,931.7845807663074,983.8872042036176,loaded:unit_ball_P2_h008_N5000_slepc_eigs.txt,52.10262343731017,52.10262343731017,0.05591702686736943,0.05591702686736943
1794,931.7845807663074,983.9475668514036,loaded:unit_ball_P2_h008_N5000_slepc_eigs.txt,52.162986085096236,52.162986085096236,0.05598180863027049,0.05598180863027049
1795,931.7845807663074,984.2302697230738,loaded:unit_ball_P2_h008_N5000_slepc_eigs.txt,52.44568895676639,52.44568895676639,0.05628520801839693,0.05628520801839693
1796,931.7845807663074,984.3119517057655,loaded:unit_ball_P2_h008_N5000_slepc_eigs.txt,52.52737093945814,52.52737093945814,0.05637286989258739,0.05637286989258739
1797,931.7845807663074,984.5706896568536,loaded:unit_ball_P2_h008_N5000_slepc_eigs.txt,52.78610889054619,52.78610889054619,0.056650549901925244,0.056650549901925244
1798,931.7845807663074,984.7292889586083,loaded:unit_ball_P2_h008_N5000_slepc_eigs.txt,52.944708192300936,52.944708192300936,0.05682076016836291,0.05682076016836291
1799,931.7845807663074,984.8740196235011,loaded:unit_ball_P2_h008_N5000_slepc_eigs.txt,53.08943885719373,53.08943885719373,0.05697608648292133,0.05697608648292133
1800,931.7845807663074,985.1513830354751,loaded:unit_ball_P2_h008_N5000_slepc_eigs.txt,53.36680226916769,53.36680226916769,0.057273755512543885,0.057273755512543885
1801,931.7845807663074,985.51446922875,loaded:unit_ball_P2_h008_N5000_slepc_eigs.txt,53.72988846244266,53.72988846244266,0.057663423039534256,0.057663423039534256
1802,931.7845807663074,985.7027264329638,loaded:unit_ball_P2_h008_N5000_slepc_eigs.txt,53.918145666656415,53.918145666656415,0.05786546244660293,0.05786546244660293
1803,931.7845807663074,985.8234802813016,loaded:unit_ball_P2_h008_N5000_slepc_eigs.txt,54.03889951499423,54.03889951499423,0.057995056615502465,0.057995056615502465
1804,931.7845807663074,986.0103286791943,loaded:unit_ball_P2_h008_N5000_slepc_eigs.txt,54.22574791288696,54.22574791288696,0.058195584078340565,0.058195584078340565
1805,931.7845807663074,986.3999145317558,loaded:unit_ball_P2_h008_N5000_slepc_eigs.txt,54.61533376544844,54.61533376544844,0.05861369128960294,0.05861369128960294
1806,931.7845807663074,986.6512658746258,loaded:unit_ball_P2_h008_N5000_slepc_eigs.txt,54.86668510831839,54.86668510831839,0.05888344392133595,0.05888344392133595
1807,931.7845807663074,987.0072052195931,loaded:unit_ball_P2_h008_N5000_slepc_eigs.txt,55.222624453285675,55.222624453285675,0.05926544138331859,0.05926544138331859
1808,931.7845807663074,987.5029674086654,loaded:unit_ball_P2_h008_N5000_slepc_eigs.txt,55.71838664235804,55.71838664235804,0.05979749804030324,0.05979749804030324
1809,931.7845807663074,987.826773813941,loaded:unit_ball_P2_h008_N5000_slepc_eigs.txt,56.042193047633646,56.042193047633646,0.060145010128354,0.060145010128354
1810,944.3562999119598,990.2177172044219,loaded:unit_ball_P2_h008_N5000_slepc_eigs.txt,45.86141729246208,45.86141729246208,0.04856368014565862,0.04856368014565862
1811,944.3562999119598,991.0574682847408,loaded:unit_ball_P2_h008_N5000_slepc_eigs.txt,46.70116837278101,46.70116837278101,0.04945291133985642,0.04945291133985642
1812,944.3562999119598,991.3239006338234,loaded:unit_ball_P2_h008_N5000_slepc_eigs.txt,46.96760072186362,46.96760072186362,0.049735042511224105,0.049735042511224105
1813,944.3562999119598,991.513799635499,loaded:unit_ball_P2_h008_N5000_slepc_eigs.txt,47.15749972353922,47.15749972353922,0.0499361308098814,0.0499361308098814
1814,944.3562999119598,991.7971309648256,loaded:unit_ball_P2_h008_N5000_slepc_eigs.txt,47.44083105286575,47.44083105286575,0.05023615668925865,0.05023615668925865
1815,944.3562999119598,992.4202065976131,loaded:unit_ball_P2_h008_N5000_slepc_eigs.txt,48.06390668565325,48.06390668565325,0.05089594540761166,0.05089594540761166
1816,944.3562999119598,992.8091066837425,loaded:unit_ball_P2_h008_N5000_slepc_eigs.txt,48.45280677178266,48.45280677178266,0.05130776040388549,0.05130776040388549
1817,944.3562999119598,993.3035019973352,loaded:unit_ball_P2_h008_N5000_slepc_eigs.txt,48.94720208537535,48.94720208537535,0.051831286655194216,0.051831286655194216
1818,944.3562999119598,993.3642132747954,loaded:unit_ball_P2_h008_N5000_slepc_eigs.txt,49.00791336283555,49.00791336283555,0.05189557518428632,0.05189557518428632
1819,944.3562999119598,994.0716006415524,loaded:unit_ball_P2_h008_N5000_slepc_eigs.txt,49.71530072959263,49.71530072959263,0.05264464348279084,0.05264464348279084
1820,944.3562999119598,994.515097910459,loaded:unit_ball_P2_h008_N5000_slepc_eigs.txt,50.15879799849915,50.15879799849915,0.053114272656597246,0.053114272656597246
1821,944.3562999119598,995.2978379024355,loaded:unit_ball_P2_h008_N5000_slepc_eigs.txt,50.941537990475695,50.941537990475695,0.05394313353468903,0.05394313353468903
1822,944.3562999119598,995.6450870161425,loaded:unit_ball_P2_h008_N5000_slepc_eigs.txt,51.28878710418269,51.28878710418269,0.05431084338502769,0.05431084338502769
1823,949.9213481194136,1000.231608595173,loaded:unit_ball_P2_h008_N5000_slepc_eigs.txt,50.31026047575949,50.31026047575949,0.05296255376864638,0.05296255376864638
1824,949.9213481194136,1000.3958601970785,loaded:unit_ball_P2_h008_N5000_slepc_eigs.txt,50.47451207766494,50.47451207766494,0.05313546450723607,0.05313546450723607
1825,949.9213481194136,1000.4605031122576,loaded:unit_ball_P2_h008_N5000_slepc_eigs.txt,50.53915499284403,50.53915499284403,0.053203515315134085,0.053203515315134085
1826,949.9213481194136,1000.66057844759,loaded:unit_ball_P2_h008_N5000_slepc_eigs.txt,50.739230328176404,50.739230328176404,0.05341413836906214,0.05341413836906214
1827,949.9213481194136,1001.0711217241243,loaded:unit_ball_P2_h008_N5000_slepc_eigs.txt,51.14977360471073,51.14977360471073,0.05384632496782328,0.05384632496782328
1828,949.9213481194136,1001.2840259611844,loaded:unit_ball_P2_h008_N5000_slepc_eigs.txt,51.36267784177085,51.36267784177085,0.0540704532469504,0.0540704532469504
1829,949.9213481194136,1001.3560015670043,loaded:unit_ball_P2_h008_N5000_slepc_eigs.txt,51.43465344759079,51.43465344759079,0.054146223315664446,0.054146223315664446
1830,949.9213481194136,1001.8650046917323,loaded:unit_ball_P2_h008_N5000_slepc_eigs.txt,51.94365657231879,51.94365657231879,0.05468206044127035,0.05468206044127035
1831,949.9213481194136,1002.0951881694748,loaded:unit_ball_P2_h008_N5000_slepc_eigs.txt,52.173840050061244,52.173840050061244,0.0549243789007914,0.0549243789007914
1832,949.9213481194136,1002.2044479156103,loaded:unit_ball_P2_h008_N5000_slepc_eigs.txt,52.28309979619678,52.28309979619678,0.05503939868253632,0.05503939868253632
1833,949.9213481194136,1002.3910411710744,loaded:unit_ball_P2_h008_N5000_slepc_eigs.txt,52.4696930516609,52.4696930516609,0.05523582889839948,0.05523582889839948
1834,949.9213481194136,1002.6264150119813,loaded:unit_ball_P2_h008_N5000_slepc_eigs.txt,52.70506689256774,52.70506689256774,0.05548361135046546,0.05548361135046546
1835,949.9213481194136,1002.7406225279698,loaded:unit_ball_P2_h008_N5000_slepc_eigs.txt,52.819274408556225,52.819274408556225,0.05560383974223135,0.05560383974223135
1836,949.9213481194136,1002.9275347810313,loaded:unit_ball_P2_h008_N5000_slepc_eigs.txt,53.00618666161779,53.00618666161779,0.05580060577284177,0.05580060577284177
1837,949.9213481194136,1003.0743211406528,loaded:unit_ball_P2_h008_N5000_slepc_eigs.txt,53.15297302123929,53.15297302123929,0.055955130523666775,0.055955130523666775
1838,949.9213481194136,1003.1430475228732,loaded:unit_ball_P2_h008_N5000_slepc_eigs.txt,53.22169940345964,53.22169940345964,0.05602748007382312,0.05602748007382312
1839,949.9213481194136,1003.5055363453062,loaded:unit_ball_P2_h008_N5000_slepc_eigs.txt,53.5841882258926,53.5841882258926,0.05640907884844861,0.05640907884844861
1840,949.9213481194136,1003.8645065742314,loaded:unit_ball_P2_h008_N5000_slepc_eigs.txt,53.943158454817876,53.943158454817876,0.05678697353376749,0.05678697353376749
1841,949.9213481194136,1004.3476879714214,loaded:unit_ball_P2_h008_N5000_slepc_eigs.txt,54.4263398520078,54.4263398520078,0.05729562764302243,0.05729562764302243
1842,949.9213481194136,1004.4179292426124,loaded:unit_ball_P2_h008_N5000_slepc_eigs.txt,54.496581123198894,54.496581123198894,0.05736957194517981,0.05736957194517981
1843,949.9213481194136,1004.6521606642619,loaded:unit_ball_P2_h008_N5000_slepc_eigs.txt,54.73081254484839,54.73081254484839,0.057616151751090285,0.057616151751090285
1844,949.9213481194136,1005.4336500134391,loaded:unit_ball_P2_h008_N5000_slepc_eigs.txt,55.51230189402554,55.51230189402554,0.05843884023021993,0.05843884023021993
1845,949.9213481194136,1005.8276298410638,loaded:unit_ball_P2_h008_N5000_slepc_eigs.txt,55.9062817216502,55.9062817216502,0.05885359017599664,0.05885359017599664
1846,964.8707122998125,1015.2070026175156,loaded:unit_ball_P2_h008_N5000_slepc_eigs.txt,50.336290317703174,50.336290317703174,0.0521689483119706,0.0521689483119706
1847,964.8707122998125,1016.1203894625937,loaded:unit_ball_P2_h008_N5000_slepc_eigs.txt,51.24967716278127,51.24967716278127,0.053115590005447855,0.053115590005447855
1848,964.8707122998125,1016.4071004294524,loaded:unit_ball_P2_h008_N5000_slepc_eigs.txt,51.53638812963993,51.53638812963993,0.05341273962684664,0.05341273962684664
1849,964.8707122998125,1017.0425667210001,loaded:unit_ball_P2_h008_N5000_slepc_eigs.txt,52.17185442118762,52.17185442118762,0.054071342156125426,0.054071342156125426
1850,964.8707122998125,1017.1597624845609,loaded:unit_ball_P2_h008_N5000_slepc_eigs.txt,52.289050184748476,52.289050184748476,0.05419280481642477,0.05419280481642477
1851,964.8707122998125,1017.3967918918667,loaded:unit_ball_P2_h008_N5000_slepc_eigs.txt,52.5260795920542,52.5260795920542,0.05443846405790051,0.05443846405790051
1852,964.8707122998125,1017.7957716902579,loaded:unit_ball_P2_h008_N5000_slepc_eigs.txt,52.925059390445426,52.925059390445426,0.0548519700264258,0.0548519700264258
1853,964.8707122998125,1017.8566919072347,loaded:unit_ball_P2_h008_N5000_slepc_eigs.txt,52.98597960742222,52.98597960742222,0.0549151082440131,0.0549151082440131
1854,964.8707122998125,1018.0279354851045,loaded:unit_ball_P2_h008_N5000_slepc_eigs.txt,53.15722318529208,53.15722318529208,0.05509258650683827,0.05509258650683827
1855,964.8707122998125,1018.1988193431378,loaded:unit_ball_P2_h008_N5000_slepc_eigs.txt,53.3281070433253,53.3281070433253,0.05526969195304455,0.05526969195304455
1856,964.8707122998125,1018.3481323091643,loaded:unit_ball_P2_h008_N5000_slepc_eigs.txt,53.47742000935182,53.47742000935182,0.05542444114806428,0.05542444114806428
1857,964.8707122998125,1018.5226628791441,loaded:unit_ball_P2_h008_N5000_slepc_eigs.txt,53.6519505793317,53.6519505793317,0.05560532607674439,0.05560532607674439
1858,964.8707122998125,1018.6992564447972,loaded:unit_ball_P2_h008_N5000_slepc_eigs.txt,53.82854414498479,53.82854414498479,0.055788349111231754,0.055788349111231754
1859,964.8707122998125,1019.0223281002849,loaded:unit_ball_P2_h008_N5000_slepc_eigs.txt,54.15161580047243,54.15161580047243,0.05612318325156707,0.05612318325156707
1860,964.8707122998125,1019.1370530232384,loaded:unit_ball_P2_h008_N5000_slepc_eigs.txt,54.26634072342597,54.26634072342597,0.056242085112190546,0.056242085112190546
1861,964.8707122998125,1019.1533851371072,loaded:unit_ball_P2_h008_N5000_slepc_eigs.txt,54.28267283729474,54.28267283729474,0.05625901185031263,0.05625901185031263
1862,964.8707122998125,1019.2704207014305,loaded:unit_ball_P2_h008_N5000_slepc_eigs.txt,54.399708401618,54.399708401618,0.05638030847879491,0.05638030847879491
1863,964.8707122998125,1019.499212733137,loaded:unit_ball_P2_h008_N5000_slepc_eigs.txt,54.628500433324575,54.628500433324575,0.05661743043595458,0.05661743043595458
1864,964.8707122998125,1019.788111409361,loaded:unit_ball_P2_h008_N5000_slepc_eigs.txt,54.91739910954857,54.91739910954857,0.05691684741746435,0.05691684741746435
1865,964.8707122998125,1019.8083661466552,loaded:unit_ball_P2_h008_N5000_slepc_eigs.txt,54.93765384684275,54.93765384684275,0.05693783959500273,0.05693783959500273
1866,964.8707122998125,1019.9094292647252,loaded:unit_ball_P2_h008_N5000_slepc_eigs.txt,55.03871696491274,55.03871696491274,0.0570425822478594,0.0570425822478594
1867,964.8707122998125,1019.989650210066,loaded:unit_ball_P2_h008_N5000_slepc_eigs.txt,55.11893791025352,55.11893791025352,0.05712572390022604,0.05712572390022604
1868,964.8707122998125,1020.2421145427461,loaded:unit_ball_P2_h008_N5000_slepc_eigs.txt,55.37140224293364,55.37140224293364,0.05738738002623526,0.05738738002623526
1869,964.8707122998125,1020.30590599723,loaded:unit_ball_P2_h008_N5000_slepc_eigs.txt,55.4351936974175,55.4351936974175,0.05745349401816254,0.05745349401816254
1870,964.8707122998125,1020.5091893849534,loaded:unit_ball_P2_h008_N5000_slepc_eigs.txt,55.63847708514095,55.63847708514095,0.05766417860536377,0.05766417860536377
1871,964.8707122998125,1020.6077140022318,loaded:unit_ball_P2_h008_N5000_slepc_eigs.txt,55.73700170241932,55.73700170241932,0.05776629033496901,0.05776629033496901
1872,964.8707122998125,1020.8468612555289,loaded:unit_ball_P2_h008_N5000_slepc_eigs.txt,55.97614895571644,55.97614895571644,0.058014144529576185,0.058014144529576185
1873,964.8707122998125,1021.0419927799836,loaded:unit_ball_P2_h008_N5000_slepc_eigs.txt,56.17128048017116,56.17128048017116,0.05821638045814906,0.05821638045814906
1874,964.8707122998125,1021.1390441605433,loaded:unit_ball_P2_h008_N5000_slepc_eigs.txt,56.26833186073088,56.26833186073088,0.05831696531301359,0.05831696531301359
1875,964.8707122998125,1021.423935435414,loaded:unit_ball_P2_h008_N5000_slepc_eigs.txt,56.55322313560157,56.55322313560157,0.05861222899056023,0.05861222899056023
1876,964.8707122998125,1021.6504102261861,loaded:unit_ball_P2_h008_N5000_slepc_eigs.txt,56.779697926373615,56.779697926373615,0.05884694934001745,0.05884694934001745
1877,964.8707122998125,1021.672586237129,loaded:unit_ball_P2_h008_N5000_slepc_eigs.txt,56.8018739373166,56.8018739373166,0.05886993274148284,0.05886993274148284
1878,964.8707122998125,1021.7836270376796,loaded:unit_ball_P2_h008_N5000_slepc_eigs.txt,56.91291473786714,56.91291473786714,0.05898501634712558,0.05898501634712558
1879,964.8707122998125,1022.015949562823,loaded:unit_ball_P2_h008_N5000_slepc_eigs.txt,57.145237263010586,57.145237263010586,0.059225797336932694,0.059225797336932694
1880,964.8707122998125,1022.1957736848481,loaded:unit_ball_P2_h008_N5000_slepc_eigs.txt,57.32506138503561,57.32506138503561,0.05941216854680848,0.05941216854680848
1881,966.8326827216243,1022.3914429746646,loaded:unit_ball_P2_h008_N5000_slepc_eigs.txt,55.558760253040305,55.558760253040305,0.05746471053982469,0.05746471053982469
1882,966.8326827216243,1022.5343448004784,loaded:unit_ball_P2_h008_N5000_slepc_eigs.txt,55.70166207885404,55.70166207885404,0.05761251463081949,0.05761251463081949
1883,966.8326827216243,1022.7502427171974,loaded:unit_ball_P2_h008_N5000_slepc_eigs.txt,55.917559995573015,55.917559995573015,0.05783581895283643,0.05783581895283643
1884,966.8326827216243,1022.8204410161492,loaded:unit_ball_P2_h008_N5000_slepc_eigs.txt,55.98775829452484,55.98775829452484,0.057908425413298874,0.057908425413298874
1885,966.8326827216243,1023.213910772659,loaded:unit_ball_P2_h008_N5000_slepc_eigs.txt,56.38122805103467,56.38122805103467,0.058315393199495566,0.058315393199495566
1886,966.8326827216243,1023.3178561814896,loaded:unit_ball_P2_h008_N5000_slepc_eigs.txt,56.48517345986522,56.48517345986522,0.05842290446870292,0.05842290446870292
1887,966.8326827216243,1023.3803185537635,loaded:unit_ball_P2_h008_N5000_slepc_eigs.txt,56.54763583213912,56.54763583213912,0.058487509620545816,0.058487509620545816
1888,966.8326827216243,1023.5444792160467,loaded:unit_ball_P2_h008_N5000_slepc_eigs.txt,56.7117964944224,56.7117964944224,0.058657301835079945,0.058657301835079945
1889,966.8326827216243,1023.6641469806466,loaded:unit_ball_P2_h008_N5000_slepc_eigs.txt,56.831464259022255,56.831464259022255,0.05878107481745678,0.05878107481745678
1890,968.4930771688367,1023.8543811921485,loaded:unit_ball_P2_h008_N5000_slepc_eigs.txt,55.36130402331173,55.36130402331173,0.057162312595096264,0.057162312595096264
1891,968.4930771688367,1024.110097540584,loaded:unit_ball_P2_h008_N5000_slepc_eigs.txt,55.617020371747344,55.617020371747344,0.05742634788297167,0.05742634788297167
1892,968.4930771688367,1024.204584587217,loaded:unit_ball_P2_h008_N5000_slepc_eigs.txt,55.711507418380165,55.711507418380165,0.05752390877303919,0.05752390877303919
1893,968.4930771688367,1024.3846970795692,loaded:unit_ball_P2_h008_N5000_slepc_eigs.txt,55.8916199107324,55.8916199107324,0.05770988066751958,0.05770988066751958
1894,968.4930771688367,1024.628016764865,loaded:unit_ball_P2_h008_N5000_slepc_eigs.txt,56.134939596028175,56.134939596028175,0.057961116005212504,0.057961116005212504
1895,968.4930771688367,1024.8447026106787,loaded:unit_ball_P2_h008_N5000_slepc_eigs.txt,56.351625441841975,56.351625441841975,0.05818485105394123,0.05818485105394123
1896,968.4930771688367,1024.9817495278794,loaded:unit_ball_P2_h008_N5000_slepc_eigs.txt,56.48867235904265,56.48867235904265,0.058326356368157105,0.058326356368157105
1897,968.4930771688367,1025.2272180022148,loaded:unit_ball_P2_h008_N5000_slepc_eigs.txt,56.73414083337809,56.73414083337809,0.05857981039908628,0.05857981039908628
1898,968.4930771688367,1025.3227612580115,loaded:unit_ball_P2_h008_N5000_slepc_eigs.txt,56.82968408917475,56.82968408917475,0.05867846185881168,0.05867846185881168
1899,968.4930771688367,1025.5539561445828,loaded:unit_ball_P2_h008_N5000_slepc_eigs.txt,57.06087897574605,57.06087897574605,0.058917177955004285,0.058917177955004285
1900,968.4930771688367,1025.6714531637774,loaded:unit_ball_P2_h008_N5000_slepc_eigs.txt,57.178375994940666,57.178375994940666,0.05903849737582874,0.05903849737582874
1901,968.4930771688367,1025.8156497339273,loaded:unit_ball_P2_h008_N5000_slepc_eigs.txt,57.32257256509058,57.32257256509058,0.059187384934809996,0.059187384934809996
1902,968.4930771688367,1025.9149465603844,loaded:unit_ball_P2_h008_N5000_slepc_eigs.txt,57.4218693915476,57.4218693915476,0.059289912075992345,0.059289912075992345
1903,968.4930771688367,1025.9795464773852,loaded:unit_ball_P2_h008_N5000_slepc_eigs.txt,57.48646930854841,57.48646930854841,0.05935661355122607,0.05935661355122607
1904,968.4930771688367,1026.4557349280283,loaded:unit_ball_P2_h008_N5000_slepc_eigs.txt,57.96265775919153,57.96265775919153,0.059848293318349594,0.059848293318349594
1905,968.4930771688367,1026.7291861040871,loaded:unit_ball_P2_h008_N5000_slepc_eigs.txt,58.2361089352504,58.2361089352504,0.06013064038154001,0.06013064038154001
1906,968.4930771688367,1026.8347309172095,loaded:unit_ball_P2_h008_N5000_slepc_eigs.txt,58.34165374837278,58.34165374837278,0.060239618768283786,0.060239618768283786
1907,968.4930771688367,1027.0972361654217,loaded:unit_ball_P2_h008_N5000_slepc_eigs.txt,58.60415899658494,58.60415899658494,0.060510663811764676,0.060510663811764676
1908,968.4930771688367,1027.208909012519,loaded:unit_ball_P2_h008_N5000_slepc_eigs.txt,58.71583184368217,58.71583184368217,0.06062596958909008,0.06062596958909008
1909,968.4930771688367,1027.4312221184398,loaded:unit_ball_P2_h008_N5000_slepc_eigs.txt,58.93814494960304,58.93814494960304,0.06085551496340577,0.06085551496340577
1910,968.4930771688367,1027.6418933803,loaded:unit_ball_P2_h008_N5000_slepc_eigs.txt,59.14881621146321,59.14881621146321,0.06107303976231917,0.06107303976231917
1911,968.4930771688367,1027.9923015964691,loaded:unit_ball_P2_h008_N5000_slepc_eigs.txt,59.499224427632385,59.499224427632385,0.06143484742458301,0.06143484742458301
1912,968.4930771688367,1028.207351891045,loaded:unit_ball_P2_h008_N5000_slepc_eigs.txt,59.71427472220819,59.71427472220819,0.06165689371447953,0.06165689371447953
1913,968.4930771688367,1028.4841129353129,loaded:unit_ball_P2_h008_N5000_slepc_eigs.txt,59.9910357664761,59.9910357664761,0.061942658322190466,0.061942658322190466
1914,968.4930771688367,1028.5685484232931,loaded:unit_ball_P2_h008_N5000_slepc_eigs.txt,60.075471254456374,60.075471254456374,0.062029840657274474,0.062029840657274474
1915,968.4930771688367,1029.0735863258908,loaded:unit_ball_P2_h008_N5000_slepc_eigs.txt,60.58050915705405,60.58050915705405,0.06255130840392481,0.06255130840392481
1916,968.4930771688367,1029.5576446384703,loaded:unit_ball_P2_h008_N5000_slepc_eigs.txt,61.064567469633516,61.064567469633516,0.06305111405456972,0.06305111405456972
1917,968.4930771688367,1029.8341212389967,loaded:unit_ball_P2_h008_N5000_slepc_eigs.txt,61.34104407015991,61.34104407015991,0.06333658496504294,0.06333658496504294
1918,968.4930771688367,1029.9295687951064,loaded:unit_ball_P2_h008_N5000_slepc_eigs.txt,61.436491626269685,61.436491626269685,0.06343513761178853,0.06343513761178853
1919,980.4831136710746,1031.6314984432695,loaded:unit_ball_P2_h008_N5000_slepc_eigs.txt,51.148384772194845,51.148384772194845,0.0521665126701547,0.0521665126701547
1920,980.4831136710746,1031.7563585396601,loaded:unit_ball_P2_h008_N5000_slepc_eigs.txt,51.27324486858549,51.27324486858549,0.05229385815387563,0.05229385815387563
1921,980.4831136710746,1032.62192796174,loaded:unit_ball_P2_h008_N5000_slepc_eigs.txt,52.13881429066544,52.13881429066544,0.05317665706189468,0.05317665706189468
1922,980.4831136710746,1032.771530147519,loaded:unit_ball_P2_h008_N5000_slepc_eigs.txt,52.28841647644424,52.28841647644424,0.05332923713562861,0.05332923713562861
1923,980.4831136710746,1033.0111963191036,loaded:unit_ball_P2_h008_N5000_slepc_eigs.txt,52.528082648029,52.528082648029,0.05357367395278848,0.05357367395278848
1924,980.4831136710746,1033.223774623488,loaded:unit_ball_P2_h008_N5000_slepc_eigs.txt,52.74066095241335,52.74066095241335,0.05379048370853065,0.05379048370853065
1925,980.4831136710746,1033.2502410556012,loaded:unit_ball_P2_h008_N5000_slepc_eigs.txt,52.76712738452659,52.76712738452659,0.053817476964961294,0.053817476964961294
1926,980.4831136710746,1033.5529542214015,loaded:unit_ball_P2_h008_N5000_slepc_eigs.txt,53.06984055032683,53.06984055032683,0.05412621575054511,0.05412621575054511
1927,980.4831136710746,1033.6414117729698,loaded:unit_ball_P2_h008_N5000_slepc_eigs.txt,53.158298101895184,53.158298101895184,0.05421643408305382,0.05421643408305382
1928,980.4831136710746,1033.8673194472524,loaded:unit_ball_P2_h008_N5000_slepc_eigs.txt,53.38420577617774,53.38420577617774,0.05444683853483139,0.05444683853483139
1929,980.4831136710746,1034.0199119700428,loaded:unit_ball_P2_h008_N5000_slepc_eigs.txt,53.536798298968165,53.536798298968165,0.05460246846936346,0.05460246846936346
1930,980.4831136710746,1034.137337825353,loaded:unit_ball_P2_h008_N5000_slepc_eigs.txt,53.65422415427827,53.65422415427827,0.05472223173063009,0.05472223173063009
1931,980.4831136710746,1034.1884196968767,loaded:unit_ball_P2_h008_N5000_slepc_eigs.txt,53.70530602580209,53.70530602580209,0.05477433040608056,0.05477433040608056
1932,980.4831136710746,1034.492474063891,loaded:unit_ball_P2_h008_N5000_slepc_eigs.txt,54.00936039281635,54.00936039281635,0.05508443708999461,0.05508443708999461
1933,980.4831136710746,1034.5894399713548,loaded:unit_ball_P2_h008_N5000_slepc_eigs.txt,54.1063263002801,54.1063263002801,0.05518333314043315,0.05518333314043315
1934,980.4831136710746,1034.6759366423612,loaded:unit_ball_P2_h008_N5000_slepc_eigs.txt,54.192822971286546,54.192822971286546,0.0552715515603125,0.0552715515603125
1935,980.4831136710746,1034.882022759713,loaded:unit_ball_P2_h008_N5000_slepc_eigs.txt,54.398909088638334,54.398909088638334,0.05548173989958963,0.05548173989958963
1936,980.4831136710746,1035.187758644393,loaded:unit_ball_P2_h008_N5000_slepc_eigs.txt,54.704644973318295,54.704644973318295,0.05579356157241298,0.05579356157241298
1937,980.4831136710746,1035.4025975552736,loaded:unit_ball_P2_h008_N5000_slepc_eigs.txt,54.91948388419894,54.91948388419894,0.05601267693287671,0.05601267693287671
1938,980.4831136710746,1035.5675249884587,loaded:unit_ball_P2_h008_N5000_slepc_eigs.txt,55.084411317384024,55.084411317384024,0.056180887308848994,0.056180887308848994
1939,980.4831136710746,1035.7941754026058,loaded:unit_ball_P2_h008_N5000_slepc_eigs.txt,55.31106173153114,55.31106173153114,0.056412049285008384,0.056412049285008384
1940,980.4831136710746,1035.9936541258003,loaded:unit_ball_P2_h008_N5000_slepc_eigs.txt,55.51054045472563,55.51054045472563,0.056615498707454436,0.056615498707454436
1941,980.4831136710746,1036.2142334135879,loaded:unit_ball_P2_h008_N5000_slepc_eigs.txt,55.731119742513215,55.731119742513215,0.05684046870919338,0.05684046870919338
1942,980.4831136710746,1036.3289760634264,loaded:unit_ball_P2_h008_N5000_slepc_eigs.txt,55.845862392351705,55.845862392351705,0.056957495354771064,0.056957495354771064
1943,980.4831136710746,1036.6140394049157,loaded:unit_ball_P2_h008_N5000_slepc_eigs.txt,56.13092573384108,56.13092573384108,0.05724823298963155,0.05724823298963155
1944,980.4831136710746,1036.7643989401301,loaded:unit_ball_P2_h008_N5000_slepc_eigs.txt,56.2812852690555,56.2812852690555,0.05740158548812738,0.05740158548812738
1945,980.4831136710746,1037.044452395981,loaded:unit_ball_P2_h008_N5000_slepc_eigs.txt,56.56133872490625,56.56133872490625,0.05768721351368529,0.05768721351368529
1946,980.4831136710746,1037.109348535435,loaded:unit_ball_P2_h008_N5000_slepc_eigs.txt,56.6262348643603,56.6262348643603,0.05775340143528148,0.05775340143528148
1947,980.4831136710746,1037.3046539051022,loaded:unit_ball_P2_h008_N5000_slepc_eigs.txt,56.821540234027566,56.821540234027566,0.057952594432023684,0.057952594432023684
1948,980.4831136710746,1037.3118402739703,loaded:unit_ball_P2_h008_N5000_slepc_eigs.txt,56.8287266028957,56.8287266028957,0.05795992384827567,0.05795992384827567
1949,980.4831136710746,1037.3558860940855,loaded:unit_ball_P2_h008_N5000_slepc_eigs.txt,56.872772423010815,56.872772423010815,0.05800484641705934,0.05800484641705934
1950,980.4831136710746,1037.501541571437,loaded:unit_ball_P2_h008_N5000_slepc_eigs.txt,57.018427900362326,57.018427900362326,0.05815340122164557,0.05815340122164557
1951,980.4831136710746,1037.7533959731193,loaded:unit_ball_P2_h008_N5000_slepc_eigs.txt,57.27028230204462,57.27028230204462,0.058410268880221876,0.058410268880221876
1952,980.4831136710746,1037.7640802832602,loaded:unit_ball_P2_h008_N5000_slepc_eigs.txt,57.28096661218558,57.28096661218558,0.05842116586558754,0.05842116586558754
1953,980.4831136710746,1038.0806949583587,loaded:unit_ball_P2_h008_N5000_slepc_eigs.txt,57.597581287284015,57.597581287284015,0.058744082875257383,0.058744082875257383
1954,980.4831136710746,1038.13274540066,loaded:unit_ball_P2_h008_N5000_slepc_eigs.txt,57.649631729585394,57.649631729585394,0.0587971694012522,0.0587971694012522
1955,980.4831136710746,1038.2923420762083,loaded:unit_ball_P2_h008_N5000_slepc_eigs.txt,57.809228405133695,57.809228405133695,0.05895994290884556,0.05895994290884556
1956,980.4831136710746,1038.3878337269432,loaded:unit_ball_P2_h008_N5000_slepc_eigs.txt,57.90472005586855,57.90472005586855,0.05905733535691876,0.05905733535691876
1957,980.4831136710746,1038.7264958637586,loaded:unit_ball_P2_h008_N5000_slepc_eigs.txt,58.24338219268395,58.24338219268395,0.059402738691349884,0.059402738691349884
1958,980.4831136710746,1038.9211557945766,loaded:unit_ball_P2_h008_N5000_slepc_eigs.txt,58.43804212350199,58.43804212350199,0.05960127340153903,0.05960127340153903
1959,980.4831136710746,1039.0828877345314,loaded:unit_ball_P2_h008_N5000_slepc_eigs.txt,58.59977406345672,58.59977406345672,0.0597662246767825,0.0597662246767825
1960,980.4831136710746,1039.4480890955786,loaded:unit_ball_P2_h008_N5000_slepc_eigs.txt,58.964975424503905,58.964975424503905,0.060138695508717394,0.060138695508717394
1961,980.4831136710746,1039.5289674669018,loaded:unit_ball_P2_h008_N5000_slepc_eigs.txt,59.045853795827156,59.045853795827156,0.06022118379453849,0.06022118379453849
1962,980.4831136710746,1039.5876278426203,loaded:unit_ball_P2_h008_N5000_slepc_eigs.txt,59.1045141715457,59.1045141715457,0.06028101182716917,0.06028101182716917
1963,980.4831136710746,1039.7104574575646,loaded:unit_ball_P2_h008_N5000_slepc_eigs.txt,59.227343786489996,59.227343786489996,0.060406286411944426,0.060406286411944426
1964,980.4831136710746,1040.169526596633,loaded:unit_ball_P2_h008_N5000_slepc_eigs.txt,59.68641292555833,59.68641292555833,0.06087449349543973,0.06087449349543973
1965,980.4831136710746,1040.365339432672,loaded:unit_ball_P2_h008_N5000_slepc_eigs.txt,59.8822257615974,59.8822257615974,0.06107420405986334,0.06107420405986334
1966,980.4831136710746,1040.5537521838967,loaded:unit_ball_P2_h008_N5000_slepc_eigs.txt,60.07063851282203,60.07063851282203,0.061266367237992114,0.061266367237992114
1967,980.4831136710746,1040.8547104210581,loaded:unit_ball_P2_h008_N5000_slepc_eigs.txt,60.371596749983496,60.371596749983496,0.06157331616242044,0.06157331616242044
1968,980.4831136710746,1041.2507412777804,loaded:unit_ball_P2_h008_N5000_slepc_eigs.txt,60.76762760670579,60.76762760670579,0.061977230162774295,0.061977230162774295
1969,980.4831136710746,1041.4096518381498,loaded:unit_ball_P2_h008_N5000_slepc_eigs.txt,60.92653816707514,60.92653816707514,0.06213930389780719,0.06213930389780719
1970,980.951276574572,1041.426871778188,loaded:unit_ball_P2_h008_N5000_slepc_eigs.txt,60.47559520361585,60.47559520361585,0.061649948012497936,0.061649948012497936
1971,980.951276574572,1041.7363590562961,loaded:unit_ball_P2_h008_N5000_slepc_eigs.txt,60.78508248172409,60.78508248172409,0.0619654451075106,0.0619654451075106
1972,980.951276574572,1041.9306074928847,loaded:unit_ball_P2_h008_N5000_slepc_eigs.txt,60.97933091831271,60.97933091831271,0.06216346558133772,0.06216346558133772
1973,980.951276574572,1042.0479903078333,loaded:unit_ball_P2_h008_N5000_slepc_eigs.txt,61.096713733261254,61.096713733261254,0.062283127808964805,0.062283127808964805
1974,980.951276574572,1042.344357203687,loaded:unit_ball_P2_h008_N5000_slepc_eigs.txt,61.393080629114934,61.393080629114934,0.06258524974196088,0.06258524974196088
1975,986.9604401089358,1042.6161745417608,loaded:unit_ball_P2_h008_N5000_slepc_eigs.txt,55.65573443282494,55.65573443282494,0.05639104889217438,0.05639104889217438
1976,995.4143869290775,1050.123994480991,loaded:unit_ball_P2_h008_N5000_slepc_eigs.txt,54.709607551913564,54.709607551913564,0.054961640368386175,0.054961640368386175
1977,995.4143869290775,1050.3959547846694,loaded:unit_ball_P2_h008_N5000_slepc_eigs.txt,54.981567855591834,54.981567855591834,0.05523485352187222,0.05523485352187222
1978,995.4143869290775,1051.0093844410922,loaded:unit_ball_P2_h008_N5000_slepc_eigs.txt,55.59499751201463,55.59499751201463,0.055851109087873496,0.055851109087873496
1979,995.4143869290775,1051.077883760779,loaded:unit_ball_P2_h008_N5000_slepc_eigs.txt,55.663496831701536,55.663496831701536,0.05591992396596485,0.05591992396596485
1980,995.4143869290775,1051.7951477866877,loaded:unit_ball_P2_h008_N5000_slepc_eigs.txt,56.3807608576102,56.3807608576102,0.0566404922391656,0.0566404922391656
1981,995.4143869290775,1051.8546247292572,loaded:unit_ball_P2_h008_N5000_slepc_eigs.txt,56.440237800179716,56.440237800179716,0.056700243176413964,0.056700243176413964
1982,995.4143869290775,1052.2208496322469,loaded:unit_ball_P2_h008_N5000_slepc_eigs.txt,56.80646270316936,56.80646270316936,0.05706815518150309,0.05706815518150309
1983,995.4143869290775,1052.6707228038251,loaded:unit_ball_P2_h008_N5000_slepc_eigs.txt,57.256335874747606,57.256335874747606,0.05752010080082063,0.05752010080082063
1984,995.4143869290775,1052.7603133320988,loaded:unit_ball_P2_h008_N5000_slepc_eigs.txt,57.34592640302128,57.34592640302128,0.05761010404916634,0.05761010404916634
1985,995.4143869290775,1053.285859881192,loaded:unit_ball_P2_h008_N5000_slepc_eigs.txt,57.87147295211446,57.87147295211446,0.05813807165340655,0.05813807165340655
1986,995.4143869290775,1053.8136629598293,loaded:unit_ball_P2_h008_N5000_slepc_eigs.txt,58.39927603075182,58.39927603075182,0.05866830618243086,0.05866830618243086
1987,995.4143869290775,1053.9176610594009,loaded:unit_ball_P2_h008_N5000_slepc_eigs.txt,58.50327413032335,58.50327413032335,0.05877278337397755,0.05877278337397755
1988,995.4143869290775,1054.1538398282014,loaded:unit_ball_P2_h008_N5000_slepc_eigs.txt,58.739452899123876,58.739452899123876,0.059010050156437024,0.059010050156437024
1989,995.4143869290775,1054.8717572497549,loaded:unit_ball_P2_h008_N5000_slepc_eigs.txt,59.45737032067734,59.45737032067734,0.05973127483530498,0.05973127483530498
1990,995.4143869290775,1055.3315904191845,loaded:unit_ball_P2_h008_N5000_slepc_eigs.txt,59.917203490107,59.917203490107,0.06019322633557239,0.06019322633557239
1991,995.4143869290775,1055.5980602586776,loaded:unit_ball_P2_h008_N5000_slepc_eigs.txt,60.18367332960008,60.18367332960008,0.060460923731744415,0.060460923731744415
1992,995.4143869290775,1055.9332146942145,loaded:unit_ball_P2_h008_N5000_slepc_eigs.txt,60.51882776513696,60.51882776513696,0.06079762213588428,0.06079762213588428
1993,995.4143869290775,1056.2962115243013,loaded:unit_ball_P2_h008_N5000_slepc_eigs.txt,60.88182459522375,60.88182459522375,0.06116229119718513,0.06116229119718513
1994,995.4143869290775,1056.8492519055114,loaded:unit_ball_P2_h008_N5000_slepc_eigs.txt,61.434864976433914,61.434864976433914,0.06171787929041767,0.06171787929041767
1995,1001.6976949414133,1059.3375049315996,loaded:unit_ball_P2_h008_N5000_slepc_eigs.txt,57.639809990186336,57.639809990186336,0.0575421210224084,0.0575421210224084
1996,1001.6976949414133,1059.4397181764652,loaded:unit_ball_P2_h008_N5000_slepc_eigs.txt,57.74202323505199,57.74202323505199,0.05764416103446177,0.05764416103446177
1997,1001.6976949414133,1059.6629729644217,loaded:unit_ball_P2_h008_N5000_slepc_eigs.txt,57.96527802300841,57.96527802300841,0.05786703744626132,0.05786703744626132
1998,1001.6976949414133,1060.2886983907024,loaded:unit_ball_P2_h008_N5000_slepc_eigs.txt,58.59100344928913,58.59100344928913,0.058491702382040496,0.058491702382040496
1999,1001.6976949414133,1060.3568123078105,loaded:unit_ball_P2_h008_N5000_slepc_eigs.txt,58.659117366397254,58.659117366397254,0.05855970085847914,0.05855970085847914
2000,1001.6976949414133,1060.4358776787049,loaded:unit_ball_P2_h008_N5000_slepc_eigs.txt,58.738182737291595,58.738182737291595,0.05863863222798675,0.05863863222798675
2001,1001.6976949414133,1060.6551806701098,loaded:unit_ball_P2_h008_N5000_slepc_eigs.txt,58.9574857286965,58.9574857286965,0.05885756354080936,0.05885756354080936
2002,1001.6976949414133,1060.8238170031516,loaded:unit_ball_P2_h008_N5000_slepc_eigs.txt,59.12612206173833,59.12612206173833,0.05902591406601616,0.05902591406601616
2003,1001.6976949414133,1061.1705863880538,loaded:unit_ball_P2_h008_N5000_slepc_eigs.txt,59.472891446640574,59.472891446640574,0.059372095740041604,0.059372095740041604
2004,1001.6976949414133,1061.4330331423737,loaded:unit_ball_P2_h008_N5000_slepc_eigs.txt,59.73533820096043,59.73533820096043,0.059634097694967934,0.059634097694967934
2005,1001.6976949414133,1061.603102451723,loaded:unit_ball_P2_h008_N5000_slepc_eigs.txt,59.90540751030983,59.90540751030983,0.05980387876784876,0.05980387876784876
2006,1001.6976949414133,1061.7007601608939,loaded:unit_ball_P2_h008_N5000_slepc_eigs.txt,60.00306521948062,60.00306521948062,0.0599013709650096,0.0599013709650096
2007,1001.6976949414133,1061.9685178199902,loaded:unit_ball_P2_h008_N5000_slepc_eigs.txt,60.27082287857695,60.27082287857695,0.06016867482369722,0.06016867482369722
2008,1001.6976949414133,1062.106325849036,loaded:unit_ball_P2_h008_N5000_slepc_eigs.txt,60.40863090762275,60.40863090762275,0.06030624929326197,0.06030624929326197
2009,1001.6976949414133,1062.354217162369,loaded:unit_ball_P2_h008_N5000_slepc_eigs.txt,60.65652222095571,60.65652222095571,0.06055372047601982,0.06055372047601982
2010,1001.6976949414133,1062.7458400724056,loaded:unit_ball_P2_h008_N5000_slepc_eigs.txt,61.04814513099234,61.04814513099234,0.06094467965663322,0.06094467965663322
2011,1001.6976949414133,1062.8794820726484,loaded:unit_ball_P2_h008_N5000_slepc_eigs.txt,61.18178713123518,61.18178713123518,0.061078095158054194,0.061078095158054194
2012,1001.6976949414133,1063.076132689576,loaded:unit_ball_P2_h008_N5000_slepc_eigs.txt,61.37843774816281,61.37843774816281,0.061274412488043786,0.061274412488043786
2013,1001.6976949414133,1063.2468811915162,loaded:unit_ball_P2_h008_N5000_slepc_eigs.txt,61.549186250102935,61.549186250102935,0.06144487160240774,0.06144487160240774
2014,1001.6976949414133,1063.6727141838414,loaded:unit_ball_P2_h008_N5000_slepc_eigs.txt,61.975019242428175,61.975019242428175,0.06186998288545821,0.06186998288545821
2015,1001.6976949414133,1064.1651343887872,loaded:unit_ball_P2_h008_N5000_slepc_eigs.txt,62.46743944737398,62.46743944737398,0.062361568527945485,0.062361568527945485
2016,1001.6976949414133,1064.3354647869928,loaded:unit_ball_P2_h008_N5000_slepc_eigs.txt,62.637769845579555,62.637769845579555,0.06253161024718448,0.06253161024718448
2017,1001.6976949414133,1064.4246714315211,loaded:unit_ball_P2_h008_N5000_slepc_eigs.txt,62.72697649010786,62.72697649010786,0.06262066570271643,0.06262066570271643
2018,1001.6976949414133,1064.6441728394466,loaded:unit_ball_P2_h008_N5000_slepc_eigs.txt,62.94647789803332,62.94647789803332,0.06283979509577978,0.06283979509577978
2019,1001.6976949414133,1064.9237599392643,loaded:unit_ball_P2_h008_N5000_slepc_eigs.txt,63.22606499785104,63.22606499785104,0.06311890834644375,0.06311890834644375
2020,1001.6976949414133,1065.2241223508936,loaded:unit_ball_P2_h008_N5000_slepc_eigs.txt,63.526427409480334,63.526427409480334,0.06341876169855401,0.06341876169855401
2021,1001.6976949414133,1065.4305890863627,loaded:unit_ball_P2_h008_N5000_slepc_eigs.txt,63.732894144949455,63.732894144949455,0.06362487851055405,0.06362487851055405
2022,1001.6976949414133,1065.6458403989463,loaded:unit_ball_P2_h008_N5000_slepc_eigs.txt,63.94814545753309,63.94814545753309,0.0638397650114122,0.0638397650114122
2023,1001.6976949414133,1065.7605006498297,loaded:unit_ball_P2_h008_N5000_slepc_eigs.txt,64.06280570841648,64.06280570841648,0.06395423093407772,0.06395423093407772
2024,1001.6976949414133,1065.958029753476,loaded:unit_ball_P2_h008_N5000_slepc_eigs.txt,64.26033481206275,64.26033481206275,0.06415142526191116,0.06415142526191116
2025,1001.6976949414133,1066.0937902498915,loaded:unit_ball_P2_h008_N5000_slepc_eigs.txt,64.39609530847827,64.39609530847827,0.06428695566904008,0.06428695566904008
2026,1001.6976949414133,1066.3954681333923,loaded:unit_ball_P2_h008_N5000_slepc_eigs.txt,64.69777319197908,64.69777319197908,0.0645881222635369,0.0645881222635369
2027,1001.6976949414133,1066.583916410961,loaded:unit_ball_P2_h008_N5000_slepc_eigs.txt,64.88622146954765,64.88622146954765,0.06477625115563701,0.06477625115563701
2028,1001.6976949414133,1066.7855122818544,loaded:unit_ball_P2_h008_N5000_slepc_eigs.txt,65.08781734044112,65.08781734044112,0.0649775053582887,0.0649775053582887
2029,1001.6976949414133,1066.8775014434584,loaded:unit_ball_P2_h008_N5000_slepc_eigs.txt,65.17980650204515,65.17980650204515,0.0650693386150373,0.0650693386150373
2030,1001.6976949414133,1067.283447667631,loaded:unit_ball_P2_h008_N5000_slepc_eigs.txt,65.58575272621772,65.58575272621772,0.06547459683438092,0.06547459683438092
2031,1001.6976949414133,1067.8789693384404,loaded:unit_ball_P2_h008_N5000_slepc_eigs.txt,66.1812743970271,66.1812743970271,0.06606910920454685,0.06606910920454685
2032,1001.6976949414133,1068.197647919257,loaded:unit_ball_P2_h008_N5000_slepc_eigs.txt,66.49995297784369,66.49995297784369,0.06638724768327744,0.06638724768327744
2033,1001.6976949414133,1068.631336722461,loaded:unit_ball_P2_h008_N5000_slepc_eigs.txt,66.93364178104764,66.93364178104764,0.06682020146303962,0.06682020146303962
2034,1001.6976949414133,1069.1990049044455,loaded:unit_ball_P2_h008_N5000_slepc_eigs.txt,67.50130996303221,67.50130996303221,0.06738690755096545,0.06738690755096545
2035,1001.6976949414133,1069.5416415507761,loaded:unit_ball_P2_h008_N5000_slepc_eigs.txt,67.84394660936289,67.84394660936289,0.06772896349065763,0.06772896349065763
2036,1001.6976949414133,1069.8926690065043,loaded:unit_ball_P2_h008_N5000_slepc_eigs.txt,68.19497406509106,68.19497406509106,0.06807939601885538,0.06807939601885538
2037,1001.6976949414133,1071.4926053818622,loaded:unit_ball_P2_h008_N5000_slepc_eigs.txt,69.79491044044892,69.79491044044892,0.06967662079379253,0.06967662079379253
2038,1030.1966568139585,1088.288255138571,loaded:unit_ball_P2_h008_N5000_slepc_eigs.txt,58.091598324612505,58.091598324612505,0.056388843761413183,0.056388843761413183
2039,1030.1966568139585,1089.150499215104,loaded:unit_ball_P2_h008_N5000_slepc_eigs.txt,58.953842401145494,58.953842401145494,0.05722581413093429,0.05722581413093429
2040,1030.1966568139585,1089.671812326066,loaded:unit_ball_P2_h008_N5000_slepc_eigs.txt,59.47515551210745,59.47515551210745,0.057731846748603814,0.057731846748603814
2041,1030.1966568139585,1090.001097768317,loaded:unit_ball_P2_h008_N5000_slepc_eigs.txt,59.8044409543586,59.8044409543586,0.058051480325429346,0.058051480325429346
2042,1030.1966568139585,1090.173939403698,loaded:unit_ball_P2_h008_N5000_slepc_eigs.txt,59.97728258973939,59.97728258973939,0.05821925570524404,0.05821925570524404
2043,1030.1966568139585,1090.4945516533692,loaded:unit_ball_P2_h008_N5000_slepc_eigs.txt,60.297894839410674,60.297894839410674,0.05853047031417398,0.05853047031417398
2044,1030.1966568139585,1090.90513104709,loaded:unit_ball_P2_h008_N5000_slepc_eigs.txt,60.70847423313148,60.70847423313148,0.058929014991061776,0.058929014991061776
2045,1030.1966568139585,1091.142424407812,loaded:unit_ball_P2_h008_N5000_slepc_eigs.txt,60.94576759385359,60.94576759385359,0.05915935291649824,0.05915935291649824
2046,1030.1966568139585,1091.3252348448327,loaded:unit_ball_P2_h008_N5000_slepc_eigs.txt,61.12857803087422,61.12857803087422,0.059336804896963795,0.059336804896963795
2047,1030.1966568139585,1091.6183680629256,loaded:unit_ball_P2_h008_N5000_slepc_eigs.txt,61.421711248967085,61.421711248967085,0.05962134592721662,0.05962134592721662
2048,1030.1966568139585,1092.03873367171,loaded:unit_ball_P2_h008_N5000_slepc_eigs.txt,61.84207685775141,61.84207685775141,0.06002938997007381,0.06002938997007381
2049,1030.1966568139585,1092.261820275196,loaded:unit_ball_P2_h008_N5000_slepc_eigs.txt,62.06516346123749,62.06516346123749,0.060245937560294116,0.060245937560294116
2050,1030.1966568139585,1092.5679494899643,loaded:unit_ball_P2_h008_N5000_slepc_eigs.txt,62.37129267600585,62.37129267600585,0.06054309365446658,0.06054309365446658
2051,1030.1966568139585,1092.678107660244,loaded:unit_ball_P2_h008_N5000_slepc_eigs.txt,62.4814508462855,62.4814508462855,0.0606500229184581,0.0606500229184581
2052,1030.1966568139585,1092.9975756794477,loaded:unit_ball_P2_h008_N5000_slepc_eigs.txt,62.800918865489166,62.800918865489166,0.06096012683608454,0.06096012683608454
2053,1030.1966568139585,1093.0857430230726,loaded:unit_ball_P2_h008_N5000_slepc_eigs.txt,62.88908620911411,62.88908620911411,0.06104570985855096,0.06104570985855096
2054,1030.1966568139585,1093.3120673707438,loaded:unit_ball_P2_h008_N5000_slepc_eigs.txt,63.115410556785264,63.115410556785264,0.061265400289668356,0.061265400289668356
2055,1030.1966568139585,1093.8438497817185,loaded:unit_ball_P2_h008_N5000_slepc_eigs.txt,63.64719296776002,63.64719296776002,0.06178159533598056,0.06178159533598056
2056,1030.1966568139585,1094.0678103261464,loaded:unit_ball_P2_h008_N5000_slepc_eigs.txt,63.8711535121879,63.8711535121879,0.06199899125058245,0.06199899125058245
2057,1030.1966568139585,1094.1871192265683,loaded:unit_ball_P2_h008_N5000_slepc_eigs.txt,63.99046241260976,63.99046241260976,0.062114803022667635,0.062114803022667635
2058,1030.1966568139585,1094.2649281400404,loaded:unit_ball_P2_h008_N5000_slepc_eigs.txt,64.06827132608191,64.06827132608191,0.06219033123658437,0.06219033123658437
2059,1030.1966568139585,1094.3873109169099,loaded:unit_ball_P2_h008_N5000_slepc_eigs.txt,64.19065410295138,64.19065410295138,0.062309126785045924,0.062309126785045924
2060,1030.1966568139585,1094.6249128345792,loaded:unit_ball_P2_h008_N5000_slepc_eigs.txt,64.42825602062067,64.42825602062067,0.06253976422314837,0.06253976422314837
2061,1030.1966568139585,1095.1628407708188,loaded:unit_ball_P2_h008_N5000_slepc_eigs.txt,64.96618395686028,64.96618395686028,0.06306192465987823,0.06306192465987823
2062,1030.1966568139585,1095.2676205652228,loaded:unit_ball_P2_h008_N5000_slepc_eigs.txt,65.07096375126434,65.07096375126434,0.06316363319650667,0.06316363319650667
2063,1031.1289239434059,1095.3517117856134,loaded:unit_ball_P2_h008_N5000_slepc_eigs.txt,64.22278784220748,64.22278784220748,0.06228395533372933,0.06228395533372933
2064,1031.1289239434059,1095.5245525975108,loaded:unit_ball_P2_h008_N5000_slepc_eigs.txt,64.39562865410494,64.39562865410494,0.06245157822538138,0.06245157822538138
2065,1031.1289239434059,1095.821122149013,loaded:unit_ball_P2_h008_N5000_slepc_eigs.txt,64.69219820560716,64.69219820560716,0.06273919458897637,0.06273919458897637
2066,1031.1289239434059,1096.1411687291302,loaded:unit_ball_P2_h008_N5000_slepc_eigs.txt,65.0122447857243,65.0122447857243,0.06304957922923375,0.06304957922923375
2067,1031.1289239434059,1096.520954545401,loaded:unit_ball_P2_h008_N5000_slepc_eigs.txt,65.3920306019952,65.3920306019952,0.06341789962782994,0.06341789962782994
2068,1031.1289239434059,1096.704070731433,loaded:unit_ball_P2_h008_N5000_slepc_eigs.txt,65.57514678802704,65.57514678802704,0.06359548768862405,0.06359548768862405
2069,1031.1289239434059,1097.0893153620805,loaded:unit_ball_P2_h008_N5000_slepc_eigs.txt,65.96039141867459,65.96039141867459,0.06396910210453456,0.06396910210453456
2070,1031.1289239434059,1097.4971870414188,loaded:unit_ball_P2_h008_N5000_slepc_eigs.txt,66.3682630980129,66.3682630980129,0.06436466047736972,0.06436466047736972
2071,1031.1289239434059,1097.8678481379134,loaded:unit_ball_P2_h008_N5000_slepc_eigs.txt,66.73892419450749,66.73892419450749,0.0647241316238846,0.0647241316238846
2072,1031.1289239434059,1098.3013178184926,loaded:unit_ball_P2_h008_N5000_slepc_eigs.txt,67.17239387508675,67.17239387508675,0.06514451521560999,0.06514451521560999
2073,1031.1289239434059,1098.3736894211409,loaded:unit_ball_P2_h008_N5000_slepc_eigs.txt,67.24476547773497,67.24476547773497,0.06521470197981348,0.06521470197981348
2074,1031.1289239434059,1098.6913768696297,loaded:unit_ball_P2_h008_N5000_slepc_eigs.txt,67.56245292622384,67.56245292622384,0.06552279870866279,0.06552279870866279
2075,1031.1289239434059,1099.4569777424751,loaded:unit_ball_P2_h008_N5000_slepc_eigs.txt,68.32805379906927,68.32805379906927,0.06626528672841253,0.06626528672841253
2076,1031.1289239434059,1099.9562219321685,loaded:unit_ball_P2_h008_N5000_slepc_eigs.txt,68.82729798876267,68.82729798876267,0.06674945915156996,0.06674945915156996
2077,1031.1289239434059,1100.3398283481683,loaded:unit_ball_P2_h008_N5000_slepc_eigs.txt,69.21090440476246,69.21090440476246,0.06712148480916935,0.06712148480916935
2078,1039.1971257528237,1102.6149012512428,loaded:unit_ball_P2_h008_N5000_slepc_eigs.txt,63.41777549841913,63.41777549841913,0.06102574182206048,0.06102574182206048
2079,1039.1971257528237,1103.0124306382518,loaded:unit_ball_P2_h008_N5000_slepc_eigs.txt,63.81530488542808,63.81530488542808,0.061408276932250434,0.061408276932250434
2080,1039.1971257528237,1103.333802934674,loaded:unit_ball_P2_h008_N5000_slepc_eigs.txt,64.13667718185025,64.13667718185025,0.06171752749545745,0.06171752749545745
2081,1039.1971257528237,1103.5588148128072,loaded:unit_ball_P2_h008_N5000_slepc_eigs.txt,64.36168905998352,64.36168905998352,0.06193405222648022,0.06193405222648022
2082,1039.1971257528237,1103.9694436593986,loaded:unit_ball_P2_h008_N5000_slepc_eigs.txt,64.77231790657493,64.77231790657493,0.06232919270215652,0.06232919270215652
2083,1039.1971257528237,1104.0350950714244,loaded:unit_ball_P2_h008_N5000_slepc_eigs.txt,64.8379693186007,64.8379693186007,0.062392367830723404,0.062392367830723404
2084,1039.1971257528237,1104.3333210601377,loaded:unit_ball_P2_h008_N5000_slepc_eigs.txt,65.13619530731398,65.13619530731398,0.06267934513399225,0.06267934513399225
2085,1039.1971257528237,1104.638982767888,loaded:unit_ball_P2_h008_N5000_slepc_eigs.txt,65.44185701506422,65.44185701506422,0.06297347769092057,0.06297347769092057
2086,1039.1971257528237,1104.8782606547893,loaded:unit_ball_P2_h008_N5000_slepc_eigs.txt,65.6811349019656,65.6811349019656,0.0632037303359402,0.0632037303359402
2087,1039.1971257528237,1105.1030006126134,loaded:unit_ball_P2_h008_N5000_slepc_eigs.txt,65.90587485978972,65.90587485978972,0.06341999340312421,0.06341999340312421
2088,1039.1971257528237,1105.488909236339,loaded:unit_ball_P2_h008_N5000_slepc_eigs.txt,66.29178348351525,66.29178348351525,0.0637913460696801,0.0637913460696801
2089,1039.1971257528237,1105.653704260854,loaded:unit_ball_P2_h008_N5000_slepc_eigs.txt,66.45657850803036,66.45657850803036,0.06394992524626869,0.06394992524626869
2090,1039.1971257528237,1105.7831272127464,loaded:unit_ball_P2_h008_N5000_slepc_eigs.txt,66.58600145992273,66.58600145992273,0.06407446653750697,0.06407446653750697
2091,1039.1971257528237,1106.10775379932,loaded:unit_ball_P2_h008_N5000_slepc_eigs.txt,66.91062804649641,66.91062804649641,0.0643868486433933,0.0643868486433933
2092,1039.1971257528237,1106.2353106745234,loaded:unit_ball_P2_h008_N5000_slepc_eigs.txt,67.03818492169967,67.03818492169967,0.06450959424385948,0.06450959424385948
2093,1039.1971257528237,1106.3262857623927,loaded:unit_ball_P2_h008_N5000_slepc_eigs.txt,67.12916000956898,67.12916000956898,0.06459713787308517,0.06459713787308517
2094,1039.1971257528237,1106.5257063165907,loaded:unit_ball_P2_h008_N5000_slepc_eigs.txt,67.32858056376699,67.32858056376699,0.06478903655068548,0.06478903655068548
2095,1039.1971257528237,1106.9792657169223,loaded:unit_ball_P2_h008_N5000_slepc_eigs.txt,67.78213996409863,67.78213996409863,0.06522548829703059,0.06522548829703059
2096,1039.1971257528237,1107.0051463522373,loaded:unit_ball_P2_h008_N5000_slepc_eigs.txt,67.80802059941357,67.80802059941357,0.06525039274939441,0.06525039274939441
2097,1039.1971257528237,1107.3463786157492,loaded:unit_ball_P2_h008_N5000_slepc_eigs.txt,68.14925286292555,68.14925286292555,0.0655787541882935,0.0655787541882935
2098,1039.1971257528237,1107.5319840184065,loaded:unit_ball_P2_h008_N5000_slepc_eigs.txt,68.33485826558285,68.33485826558285,0.06575735880339272,0.06575735880339272
2099,1039.1971257528237,1107.9260177113822,loaded:unit_ball_P2_h008_N5000_slepc_eigs.txt,68.7288919585585,68.7288919585585,0.06613653007245315,0.06613653007245315
2100,1039.1971257528237,1107.9571967311188,loaded:unit_ball_P2_h008_N5000_slepc_eigs.txt,68.76007097829506,68.76007097829506,0.06616653306126431,0.06616653306126431
2101,1039.1971257528237,1108.1595584821118,loaded:unit_ball_P2_h008_N5000_slepc_eigs.txt,68.96243272928814,68.96243272928814,0.06636126199765016,0.06636126199765016
2102,1039.1971257528237,1108.4590295436167,loaded:unit_ball_P2_h008_N5000_slepc_eigs.txt,69.26190379079299,69.26190379079299,0.06664943741123004,0.06664943741123004
2103,1039.1971257528237,1108.5966949305514,loaded:unit_ball_P2_h008_N5000_slepc_eigs.txt,69.3995691777277,69.3995691777277,0.06678191024388438,0.06678191024388438
2104,1039.1971257528237,1108.9163277330092,loaded:unit_ball_P2_h008_N5000_slepc_eigs.txt,69.71920198018552,69.71920198018552,0.06708948692451296,0.06708948692451296
2105,1039.1971257528237,1109.009641867569,loaded:unit_ball_P2_h008_N5000_slepc_eigs.txt,69.81251611474522,69.81251611474522,0.06717928137471614,0.06717928137471614
2106,1039.1971257528237,1109.2276280766632,loaded:unit_ball_P2_h008_N5000_slepc_eigs.txt,70.03050232383953,70.03050232383953,0.06738904543553992,0.06738904543553992
2107,1039.1971257528237,1109.4605697127945,loaded:unit_ball_P2_h008_N5000_slepc_eigs.txt,70.2634439599708,70.2634439599708,0.06761320082469434,0.06761320082469434
2108,1039.1971257528237,1109.619337057618,loaded:unit_ball_P2_h008_N5000_slepc_eigs.txt,70.42221130479425,70.42221130479425,0.06776597967760777,0.06776597967760777
2109,1039.1971257528237,1109.786343576187,loaded:unit_ball_P2_h008_N5000_slepc_eigs.txt,70.58921782336324,70.58921782336324,0.0679266869336522,0.0679266869336522
2110,1039.1971257528237,1109.9330112677087,loaded:unit_ball_P2_h008_N5000_slepc_eigs.txt,70.73588551488501,70.73588551488501,0.06806782251600431,0.06806782251600431
2111,1039.1971257528237,1110.0842735813637,loaded:unit_ball_P2_h008_N5000_slepc_eigs.txt,70.88714782854004,70.88714782854004,0.0682133794174877,0.0682133794174877
2112,1039.1971257528237,1110.2149180268761,loaded:unit_ball_P2_h008_N5000_slepc_eigs.txt,71.01779227405245,71.01779227405245,0.06833909612924031,0.06833909612924031
2113,1039.1971257528237,1110.58895603931,loaded:unit_ball_P2_h008_N5000_slepc_eigs.txt,71.39183028648631,71.39183028648631,0.0686990259280866,0.0686990259280866
2114,1039.1971257528237,1110.9175803302815,loaded:unit_ball_P2_h008_N5000_slepc_eigs.txt,71.72045457745776,71.72045457745776,0.06901525495030737,0.06901525495030737
2115,1046.1604466091303,1110.9613628287625,loaded:unit_ball_P2_h008_N5000_slepc_eigs.txt,64.8009162196322,64.8009162196322,0.06194166146279789,0.06194166146279789
2116,1046.1604466091303,1111.2497641285659,loaded:unit_ball_P2_h008_N5000_slepc_eigs.txt,65.08931751943555,65.08931751943555,0.062217337436534174,0.062217337436534174
2117,1046.1604466091303,1111.5028851614302,loaded:unit_ball_P2_h008_N5000_slepc_eigs.txt,65.34243855229988,65.34243855229988,0.06245928983846712,0.06245928983846712
2118,1046.1604466091303,1111.5310108061244,loaded:unit_ball_P2_h008_N5000_slepc_eigs.txt,65.37056419699411,65.37056419699411,0.0624861744762733,0.0624861744762733
2119,1046.1604466091303,1111.7775660387772,loaded:unit_ball_P2_h008_N5000_slepc_eigs.txt,65.61711942964689,65.61711942964689,0.06272185078524858,0.06272185078524858
2120,1046.1604466091303,1111.8989368509312,loaded:unit_ball_P2_h008_N5000_slepc_eigs.txt,65.73849024180095,65.73849024180095,0.06283786627077707,0.06283786627077707
2121,1046.1604466091303,1112.081682458504,loaded:unit_ball_P2_h008_N5000_slepc_eigs.txt,65.92123584937372,65.92123584937372,0.0630125484700182,0.0630125484700182
2122,1046.1604466091303,1112.2315652180528,loaded:unit_ball_P2_h008_N5000_slepc_eigs.txt,66.07111860892246,66.07111860892246,0.06315581785095739,0.06315581785095739
2123,1046.1604466091303,1112.345420199122,loaded:unit_ball_P2_h008_N5000_slepc_eigs.txt,66.18497358999161,66.18497358999161,0.06326464913151113,0.06326464913151113
2124,1046.1604466091303,1112.6777541433462,loaded:unit_ball_P2_h008_N5000_slepc_eigs.txt,66.51730753421589,66.51730753421589,0.0635823192798153,0.0635823192798153
2125,1046.1604466091303,1112.7210997581612,loaded:unit_ball_P2_h008_N5000_slepc_eigs.txt,66.56065314903094,66.56065314903094,0.06362375232668258,0.06362375232668258
2126,1046.1604466091303,1112.8361810801528,loaded:unit_ball_P2_h008_N5000_slepc_eigs.txt,66.67573447102245,66.67573447102245,0.06373375583748679,0.06373375583748679
2127,1046.1604466091303,1112.9109354878628,loaded:unit_ball_P2_h008_N5000_slepc_eigs.txt,66.75048887873254,66.75048887873254,0.06380521180578724,0.06380521180578724
2128,1046.1604466091303,1113.3096322256904,loaded:unit_ball_P2_h008_N5000_slepc_eigs.txt,67.14918561656009,67.14918561656009,0.06418631657716321,0.06418631657716321
2129,1046.1604466091303,1113.482953609519,loaded:unit_ball_P2_h008_N5000_slepc_eigs.txt,67.32250700038867,67.32250700038867,0.06435199038407338,0.06435199038407338
2130,1046.1604466091303,1113.5060444387361,loaded:unit_ball_P2_h008_N5000_slepc_eigs.txt,67.34559782960582,67.34559782960582,0.06437406236097902,0.06437406236097902
2131,1046.1604466091303,1113.6923685864415,loaded:unit_ball_P2_h008_N5000_slepc_eigs.txt,67.53192197731119,67.53192197731119,0.06455216520200048,0.06455216520200048
2132,1046.1604466091303,1113.9031226577818,loaded:unit_ball_P2_h008_N5000_slepc_eigs.txt,67.74267604865145,67.74267604865145,0.06475362002857452,0.06475362002857452
2133,1046.1604466091303,1114.0317247721766,loaded:unit_ball_P2_h008_N5000_slepc_eigs.txt,67.87127816304633,67.87127816304633,0.06487654774469274,0.06487654774469274
2134,1046.1604466091303,1114.1842150508464,loaded:unit_ball_P2_h008_N5000_slepc_eigs.txt,68.02376844171613,68.02376844171613,0.06502230959141908,0.06502230959141908
2135,1046.1604466091303,1114.2866016875023,loaded:unit_ball_P2_h008_N5000_slepc_eigs.txt,68.126155078372,68.126155078372,0.06512017855309483,0.06512017855309483
2136,1046.1604466091303,1114.2971491536878,loaded:unit_ball_P2_h008_N5000_slepc_eigs.txt,68.13670254455747,68.13670254455747,0.06513026062627936,0.06513026062627936
2137,1046.1604466091303,1114.580069483201,loaded:unit_ball_P2_h008_N5000_slepc_eigs.txt,68.41962287407068,68.41962287407068,0.06540069747029333,0.06540069747029333
2138,1046.1604466091303,1114.6968377728879,loaded:unit_ball_P2_h008_N5000_slepc_eigs.txt,68.53639116375757,68.53639116375757,0.06551231351357364,0.06551231351357364
2139,1046.1604466091303,1114.729465533788,loaded:unit_ball_P2_h008_N5000_slepc_eigs.txt,68.56901892465771,68.56901892465771,0.06554350161766026,0.06554350161766026
2140,1046.1604466091303,1114.8306143360705,loaded:unit_ball_P2_h008_N5000_slepc_eigs.txt,68.67016772694024,68.67016772694024,0.06564018736276787,0.06564018736276787
2141,1046.1604466091303,1115.000223369499,loaded:unit_ball_P2_h008_N5000_slepc_eigs.txt,68.83977676036875,68.83977676036875,0.0658023126218314,0.0658023126218314
2142,1046.1604466091303,1115.0767855886386,loaded:unit_ball_P2_h008_N5000_slepc_eigs.txt,68.91633897950828,68.91633897950828,0.06587549663427203,0.06587549663427203
2143,1046.1604466091303,1115.2142309882254,loaded:unit_ball_P2_h008_N5000_slepc_eigs.txt,69.05378437909508,69.05378437909508,0.06600687743731451,0.06600687743731451
2144,1046.1604466091303,1115.2520149675734,loaded:unit_ball_P2_h008_N5000_slepc_eigs.txt,69.09156835844306,69.09156835844306,0.06604299424852683,0.06604299424852683
2145,1046.1604466091303,1115.4316395368521,loaded:unit_ball_P2_h008_N5000_slepc_eigs.txt,69.27119292772181,69.27119292772181,0.06621469312116245,0.06621469312116245
2146,1048.3810119675823,1115.5247408375162,loaded:unit_ball_P2_h008_N5000_slepc_eigs.txt,67.14372886993397,67.14372886993397,0.06404515925361892,0.06404515925361892
2147,1048.3810119675823,1115.588938104587,loaded:unit_ball_P2_h008_N5000_slepc_eigs.txt,67.20792613700473,67.20792613700473,0.06410639392530597,0.06410639392530597
2148,1048.3810119675823,1115.8574616747119,loaded:unit_ball_P2_h008_N5000_slepc_eigs.txt,67.47644970712963,67.47644970712963,0.06436252558646695,0.06436252558646695
2149,1048.3810119675823,1116.0335297709996,loaded:unit_ball_P2_h008_N5000_slepc_eigs.txt,67.65251780341737,67.65251780341737,0.06453046843766119,0.06453046843766119
2150,1048.3810119675823,1116.1291507377293,loaded:unit_ball_P2_h008_N5000_slepc_eigs.txt,67.74813877014708,67.74813877014708,0.0646216766583731,0.0646216766583731
2151,1048.3810119675823,1116.2142160033059,loaded:unit_ball_P2_h008_N5000_slepc_eigs.txt,67.83320403572361,67.83320403572361,0.06470281630570121,0.06470281630570121
2152,1048.3810119675823,1116.3006257075467,loaded:unit_ball_P2_h008_N5000_slepc_eigs.txt,67.91961373996446,67.91961373996446,0.06478523834812133,0.06478523834812133
2153,1048.3810119675823,1116.3948061154729,loaded:unit_ball_P2_h008_N5000_slepc_eigs.txt,68.01379414789062,68.01379414789062,0.06487507248938397,0.06487507248938397
2154,1048.3810119675823,1116.5200676431416,loaded:unit_ball_P2_h008_N5000_slepc_eigs.txt,68.13905567555935,68.13905567555935,0.06499455340923928,0.06499455340923928
2155,1048.3810119675823,1116.5930034979187,loaded:unit_ball_P2_h008_N5000_slepc_eigs.txt,68.21199153033649,68.21199153033649,0.06506412339757801,0.06506412339757801
2156,1048.3810119675823,1116.7163392158825,loaded:unit_ball_P2_h008_N5000_slepc_eigs.txt,68.33532724830025,68.33532724830025,0.06518176738059167,0.06518176738059167
2157,1048.3810119675823,1116.8730068067669,loaded:unit_ball_P2_h008_N5000_slepc_eigs.txt,68.4919948391846,68.4919948391846,0.06533120502692058,0.06533120502692058
2158,1048.3810119675823,1117.0124386726372,loaded:unit_ball_P2_h008_N5000_slepc_eigs.txt,68.63142670505499,68.63142670505499,0.06546420234781702,0.06546420234781702
2159,1048.3810119675823,1117.0674040022996,loaded:unit_ball_P2_h008_N5000_slepc_eigs.txt,68.6863920347173,68.6863920347173,0.0655166311204053,0.0655166311204053
2160,1048.3810119675823,1117.2357824487353,loaded:unit_ball_P2_h008_N5000_slepc_eigs.txt,68.85477048115308,68.85477048115308,0.06567723918609296,0.06567723918609296
2161,1048.3810119675823,1117.3107633671077,loaded:unit_ball_P2_h008_N5000_slepc_eigs.txt,68.92975139952546,68.92975139952546,0.06574875986179811,0.06574875986179811
2162,1048.3810119675823,1117.4176324589703,loaded:unit_ball_P2_h008_N5000_slepc_eigs.txt,69.03662049138802,69.03662049138802,0.06585069712567701,0.06585069712567701
2163,1048.3810119675823,1117.5688775412118,loaded:unit_ball_P2_h008_N5000_slepc_eigs.txt,69.18786557362955,69.18786557362955,0.06599496250297307,0.06599496250297307
2164,1048.3810119675823,1117.6110097907585,loaded:unit_ball_P2_h008_N5000_slepc_eigs.txt,69.22999782317629,69.22999782317629,0.06603515042040556,0.06603515042040556
2165,1048.3810119675823,1117.662225276197,loaded:unit_ball_P2_h008_N5000_slepc_eigs.txt,69.28121330861472,69.28121330861472,0.06608400239774374,0.06608400239774374
2166,1048.3810119675823,1117.7483247684497,loaded:unit_ball_P2_h008_N5000_slepc_eigs.txt,69.36731280086747,69.36731280086747,0.06616612854393478,0.06616612854393478
2167,1048.3810119675823,1117.991001865128,loaded:unit_ball_P2_h008_N5000_slepc_eigs.txt,69.6099898975458,69.6099898975458,0.06639760650271893,0.06639760650271893
2168,1048.3810119675823,1118.1281729510777,loaded:unit_ball_P2_h008_N5000_slepc_eigs.txt,69.7471609834954,69.7471609834954,0.06652844737486728,0.06652844737486728
2169,1048.3810119675823,1118.2080356004274,loaded:unit_ball_P2_h008_N5000_slepc_eigs.txt,69.82702363284511,69.82702363284511,0.06660462449791515,0.06660462449791515
2170,1048.3810119675823,1118.3593771471715,loaded:unit_ball_P2_h008_N5000_slepc_eigs.txt,69.97836517958922,69.97836517958922,0.06674898188804003,0.06674898188804003
2171,1048.3810119675823,1118.5883408080008,loaded:unit_ball_P2_h008_N5000_slepc_eigs.txt,70.20732884041854,70.20732884041854,0.06696737926286428,0.06696737926286428
2172,1048.3810119675823,1118.6682935443769,loaded:unit_ball_P2_h008_N5000_slepc_eigs.txt,70.28728157679461,70.28728157679461,0.0670436423155745,0.0670436423155745
2173,1048.3810119675823,1119.020635019672,loaded:unit_ball_P2_h008_N5000_slepc_eigs.txt,70.63962305208975,70.63962305208975,0.06737972382723205,0.06737972382723205
2174,1048.3810119675823,1119.0683475133424,loaded:unit_ball_P2_h008_N5000_slepc_eigs.txt,70.6873355457601,70.6873355457601,0.0674252344699523,0.0674252344699523
2175,1048.3810119675823,1119.2290200844775,loaded:unit_ball_P2_h008_N5000_slepc_eigs.txt,70.84800811689524,70.84800811689524,0.06757849227346173,0.06757849227346173
2176,1048.3810119675823,1119.405016678333,loaded:unit_ball_P2_h008_N5000_slepc_eigs.txt,71.02400471075066,71.02400471075066,0.06774636692194005,0.06774636692194005
2177,1048.3810119675823,1119.5459918816425,loaded:unit_ball_P2_h008_N5000_slepc_eigs.txt,71.16497991406027,71.16497991406027,0.0678808363578611,0.0678808363578611
2178,1048.3810119675823,1119.734373704784,loaded:unit_ball_P2_h008_N5000_slepc_eigs.txt,71.3533617372018,71.3533617372018,0.06806052467822468,0.06806052467822468
2179,1048.3810119675823,1119.8793047642891,loaded:unit_ball_P2_h008_N5000_slepc_eigs.txt,71.49829279670689,71.49829279670689,0.06819876741426308,0.06819876741426308
2180,1048.3810119675823,1119.8875131456514,loaded:unit_ball_P2_h008_N5000_slepc_eigs.txt,71.50650117806913,71.50650117806913,0.06820659699269738,0.06820659699269738
2181,1048.3810119675823,1120.0561126008556,loaded:unit_ball_P2_h008_N5000_slepc_eigs.txt,71.67510063327336,71.67510063327336,0.06836741586797232,0.06836741586797232
2182,1048.3810119675823,1120.1649218992582,loaded:unit_ball_P2_h008_N5000_slepc_eigs.txt,71.78390993167591,71.78390993167591,0.06847120380113828,0.06847120380113828
2183,1048.3810119675823,1120.2814299049812,loaded:unit_ball_P2_h008_N5000_slepc_eigs.txt,71.90041793739897,71.90041793739897,0.0685823351592925,0.0685823351592925
2184,1048.3810119675823,1120.4269517751643,loaded:unit_ball_P2_h008_N5000_slepc_eigs.txt,72.04593980758204,72.04593980758204,0.06872114144109454,0.06872114144109454
2185,1048.3810119675823,1120.469833360632,loaded:unit_ball_P2_h008_N5000_slepc_eigs.txt,72.08882139304978,72.08882139304978,0.06876204411386162,0.06876204411386162
2186,1048.3810119675823,1120.612405548126,loaded:unit_ball_P2_h008_N5000_slepc_eigs.txt,72.23139358054368,72.23139358054368,0.06889803683584571,0.06889803683584571
2187,1048.3810119675823,1120.6567824947101,loaded:unit_ball_P2_h008_N5000_slepc_eigs.txt,72.27577052712786,72.27577052712786,0.06894036586134084,0.06894036586134084
2188,1048.3810119675823,1120.8178718842946,loaded:unit_ball_P2_h008_N5000_slepc_eigs.txt,72.43685991671236,72.43685991671236,0.0690940212478326,0.0690940212478326
2189,1048.3810119675823,1120.9936025521083,loaded:unit_ball_P2_h008_N5000_slepc_eigs.txt,72.61259058452606,72.61259058452606,0.06926164224230662,0.06926164224230662
2190,1048.3810119675823,1121.0846418096162,loaded:unit_ball_P2_h008_N5000_slepc_eigs.txt,72.70362984203393,72.70362984203393,0.06934848019193432,0.06934848019193432
2191,1048.3810119675823,1121.2917582418775,loaded:unit_ball_P2_h008_N5000_slepc_eigs.txt,72.9107462742952,72.9107462742952,0.06954603855086773,0.06954603855086773
2192,1048.3810119675823,1121.5140656012122,loaded:unit_ball_P2_h008_N5000_slepc_eigs.txt,73.13305363362997,73.13305363362997,0.06975808680126246,0.06975808680126246
2193,1048.3810119675823,1121.5384080808192,loaded:unit_ball_P2_h008_N5000_slepc_eigs.txt,73.15739611323693,73.15739611323693,0.06978130591657367,0.06978130591657367
2194,1048.3810119675823,1121.6004576510607,loaded:unit_ball_P2_h008_N5000_slepc_eigs.txt,73.2194456834784,73.2194456834784,0.06984049200401053,0.06984049200401053
2195,1048.3810119675823,1121.835506472155,loaded:unit_ball_P2_h008_N5000_slepc_eigs.txt,73.45449450457272,73.45449450457272,0.07006469371923732,0.07006469371923732
2196,1048.3810119675823,1122.060835232165,loaded:unit_ball_P2_h008_N5000_slepc_eigs.txt,73.67982326458264,73.67982326458264,0.07027962393777211,0.07027962393777211
2197,1048.3810119675823,1122.205066516563,loaded:unit_ball_P2_h008_N5000_slepc_eigs.txt,73.82405454898071,73.82405454898071,0.07041719919214207,0.07041719919214207
2198,1048.3810119675823,1122.3596538563645,loaded:unit_ball_P2_h008_N5000_slepc_eigs.txt,73.97864188878225,73.97864188878225,0.07056465258746006,0.07056465258746006
2199,1057.853591936779,1122.384214324174,loaded:unit_ball_P2_h008_N5000_slepc_eigs.txt,64.53062238739517,64.53062238739517,0.06100146833102756,0.06100146833102756
2200,1057.853591936779,1122.6384181204687,loaded:unit_ball_P2_h008_N5000_slepc_eigs.txt,64.7848261836898,64.7848261836898,0.061241769822871266,0.061241769822871266
2201,1057.853591936779,1122.868419663214,loaded:unit_ball_P2_h008_N5000_slepc_eigs.txt,65.01482772643499,65.01482772643499,0.0614591926727801,0.0614591926727801
2202,1057.853591936779,1123.4040638929707,loaded:unit_ball_P2_h008_N5000_slepc_eigs.txt,65.55047195619181,65.55047195619181,0.06196554273278806,0.06196554273278806
2203,1057.853591936779,1123.4216299800157,loaded:unit_ball_P2_h008_N5000_slepc_eigs.txt,65.56803804323681,65.56803804323681,0.06198214813752354,0.06198214813752354
2204,1057.853591936779,1123.728251924107,loaded:unit_ball_P2_h008_N5000_slepc_eigs.txt,65.87465998732819,65.87465998732819,0.06227200104952245,0.06227200104952245
2205,1057.853591936779,1123.9316928183068,loaded:unit_ball_P2_h008_N5000_slepc_eigs.txt,66.07810088152792,66.07810088152792,0.06246431584218412,0.06246431584218412
2206,1057.853591936779,1124.463726636275,loaded:unit_ball_P2_h008_N5000_slepc_eigs.txt,66.61013469949603,66.61013469949603,0.06296725294238721,0.06296725294238721
2207,1057.853591936779,1124.6179231523668,loaded:unit_ball_P2_h008_N5000_slepc_eigs.txt,66.76433121558784,66.76433121558784,0.06311301651238134,0.06311301651238134
2208,1057.853591936779,1125.6077279671854,loaded:unit_ball_P2_h008_N5000_slepc_eigs.txt,67.75413603040647,67.75413603040647,0.06404868929580163,0.06404868929580163
2209,1057.853591936779,1127.6068488860494,loaded:unit_ball_P2_h008_N5000_slepc_eigs.txt,69.75325694927051,69.75325694927051,0.06593847908722629,0.06593847908722629
2210,1073.9231910165765,1137.2863768613015,loaded:unit_ball_P2_h008_N5000_slepc_eigs.txt,63.36318584472497,63.36318584472497,0.05900159934598798,0.05900159934598798
2211,1073.9231910165765,1139.16958540481,loaded:unit_ball_P2_h008_N5000_slepc_eigs.txt,65.24639438823351,65.24639438823351,0.06075517777623484,0.06075517777623484
2212,1073.9231910165765,1139.9848428582309,loaded:unit_ball_P2_h008_N5000_slepc_eigs.txt,66.06165184165434,66.06165184165434,0.061514317219577244,0.061514317219577244
2213,1073.9231910165765,1140.4517097850933,loaded:unit_ball_P2_h008_N5000_slepc_eigs.txt,66.52851876851673,66.52851876851673,0.061949047497094074,0.061949047497094074
2214,1073.9231910165765,1141.1249763683518,loaded:unit_ball_P2_h008_N5000_slepc_eigs.txt,67.20178535177524,67.20178535177524,0.06257596997059164,0.06257596997059164
2215,1073.9231910165765,1141.2784099953592,loaded:unit_ball_P2_h008_N5000_slepc_eigs.txt,67.35521897878266,67.35521897878266,0.0627188420384368,0.0627188420384368
2216,1073.9231910165765,1141.7186281538231,loaded:unit_ball_P2_h008_N5000_slepc_eigs.txt,67.79543713724661,67.79543713724661,0.06312875790778984,0.06312875790778984
2217,1073.9231910165765,1142.1590052355155,loaded:unit_ball_P2_h008_N5000_slepc_eigs.txt,68.23581421893891,68.23581421893891,0.06353882176093696,0.06353882176093696
2218,1073.9231910165765,1142.6395736445807,loaded:unit_ball_P2_h008_N5000_slepc_eigs.txt,68.71638262800411,68.71638262800411,0.06398631038310769,0.06398631038310769
2219,1073.9231910165765,1143.0122611957386,loaded:unit_ball_P2_h008_N5000_slepc_eigs.txt,69.08907017916204,69.08907017916204,0.06433334409489963,0.06433334409489963
2220,1073.9231910165765,1143.333088254939,loaded:unit_ball_P2_h008_N5000_slepc_eigs.txt,69.40989723836242,69.40989723836242,0.06463208711663909,0.06463208711663909
2221,1073.9231910165765,1143.529706397799,loaded:unit_ball_P2_h008_N5000_slepc_eigs.txt,69.60651538122238,69.60651538122238,0.06481517110672766,0.06481517110672766
2222,1073.9231910165765,1143.9679121142824,loaded:unit_ball_P2_h008_N5000_slepc_eigs.txt,70.04472109770586,70.04472109770586,0.0652232130599596,0.0652232130599596
2223,1073.9231910165765,1144.5879860759828,loaded:unit_ball_P2_h008_N5000_slepc_eigs.txt,70.66479505940629,70.66479505940629,0.06580060441055839,0.06580060441055839
2224,1073.9231910165765,1144.6329521258087,loaded:unit_ball_P2_h008_N5000_slepc_eigs.txt,70.7097611092322,70.7097611092322,0.06584247523540142,0.06584247523540142
2225,1073.9231910165765,1145.0287532153486,loaded:unit_ball_P2_h008_N5000_slepc_eigs.txt,71.10556219877208,71.10556219877208,0.0662110314718723,0.0662110314718723
2226,1073.9231910165765,1145.1172900331567,loaded:unit_ball_P2_h008_N5000_slepc_eigs.txt,71.19409901658014,71.19409901658014,0.06629347388353514,0.06629347388353514
2227,1073.9231910165765,1145.436383662006,loaded:unit_ball_P2_h008_N5000_slepc_eigs.txt,71.5131926454294,71.5131926454294,0.06659060279509836,0.06659060279509836
2228,1073.9231910165765,1145.6616636910157,loaded:unit_ball_P2_h008_N5000_slepc_eigs.txt,71.73847267443921,71.73847267443921,0.06680037573872626,0.06680037573872626
2229,1073.9231910165765,1145.8705598632873,loaded:unit_ball_P2_h008_N5000_slepc_eigs.txt,71.94736884671079,71.94736884671079,0.0669948926036371,0.0669948926036371
2230,1073.9231910165765,1146.2307990408653,loaded:unit_ball_P2_h008_N5000_slepc_eigs.txt,72.30760802428881,72.30760802428881,0.06733033482202984,0.06733033482202984
2231,1073.9231910165765,1146.561647013217,loaded:unit_ball_P2_h008_N5000_slepc_eigs.txt,72.63845599664046,72.63845599664046,0.0676384089702736,0.0676384089702736
2232,1073.9231910165765,1146.8050778949707,loaded:unit_ball_P2_h008_N5000_slepc_eigs.txt,72.8818868783942,72.8818868783942,0.06786508335796729,0.06786508335796729
2233,1073.9231910165765,1147.1779140313986,loaded:unit_ball_P2_h008_N5000_slepc_eigs.txt,73.25472301482205,73.25472301482205,0.06821225542720524,0.06821225542720524
2234,1073.9231910165765,1147.3076971281896,loaded:unit_ball_P2_h008_N5000_slepc_eigs.txt,73.38450611161306,73.38450611161306,0.068333104942214,0.068333104942214
2235,1073.9231910165765,1147.9386361940685,loaded:unit_ball_P2_h008_N5000_slepc_eigs.txt,74.01544517749198,74.01544517749198,0.06892061350070008,0.06892061350070008
2236,1073.9231910165765,1148.1112443094464,loaded:unit_ball_P2_h008_N5000_slepc_eigs.txt,74.18805329286988,74.18805329286988,0.06908134018657648,0.06908134018657648
2237,1073.9231910165765,1148.4688622925814,loaded:unit_ball_P2_h008_N5000_slepc_eigs.txt,74.5456712760049,74.5456712760049,0.06941434163968459,0.06941434163968459
2238,1073.9231910165765,1148.5211702832182,loaded:unit_ball_P2_h008_N5000_slepc_eigs.txt,74.59797926664169,74.59797926664169,0.06946304902497466,0.06946304902497466
2239,1073.9231910165765,1148.669535700154,loaded:unit_ball_P2_h008_N5000_slepc_eigs.txt,74.74634468357749,74.74634468357749,0.06960120175151684,0.06960120175151684
2240,1073.9231910165765,1149.0434879299187,loaded:unit_ball_P2_h008_N5000_slepc_eigs.txt,75.12029691334214,75.12029691334214,0.06994941308813082,0.06994941308813082
2241,1073.9231910165765,1149.1421201080418,loaded:unit_ball_P2_h008_N5000_slepc_eigs.txt,75.21892909146527,75.21892909146527,0.07004125594891286,0.07004125594891286
2242,1073.9231910165765,1149.5051160006165,loaded:unit_ball_P2_h008_N5000_slepc_eigs.txt,75.58192498403992,75.58192498403992,0.07037926512462592,0.07037926512462592
2243,1073.9231910165765,1149.5476830152895,loaded:unit_ball_P2_h008_N5000_slepc_eigs.txt,75.62449199871298,75.62449199871298,0.07041890205120423,0.07041890205120423
2244,1073.9231910165765,1149.6560458088788,loaded:unit_ball_P2_h008_N5000_slepc_eigs.txt,75.7328547923023,75.7328547923023,0.07051980572336232,0.07051980572336232
2245,1073.9231910165765,1149.779594010263,loaded:unit_ball_P2_h008_N5000_slepc_eigs.txt,75.85640299368652,75.85640299368652,0.07063484952017918,0.07063484952017918
2246,1073.9231910165765,1149.9042761101284,loaded:unit_ball_P2_h008_N5000_slepc_eigs.txt,75.98108509355188,75.98108509355188,0.07075094916390448,0.07075094916390448
2247,1073.9231910165765,1150.0122068951903,loaded:unit_ball_P2_h008_N5000_slepc_eigs.txt,76.08901587861374,76.08901587861374,0.07085145056471666,0.07085145056471666
2248,1073.9231910165765,1150.5177536446563,loaded:unit_ball_P2_h008_N5000_slepc_eigs.txt,76.59456262807976,76.59456262807976,0.07132219815047973,0.07132219815047973
2249,1073.9231910165765,1150.8093728359017,loaded:unit_ball_P2_h008_N5000_slepc_eigs.txt,76.8861818193252,76.8861818193252,0.07159374381937379,0.07159374381937379
2250,1073.9231910165765,1150.899379594597,loaded:unit_ball_P2_h008_N5000_slepc_eigs.txt,76.97618857802036,76.97618857802036,0.07167755498896959,0.07167755498896959
2251,1073.9231910165765,1150.9829632544272,loaded:unit_ball_P2_h008_N5000_slepc_eigs.txt,77.05977223785067,77.05977223785067,0.07175538519184582,0.07175538519184582
2252,1073.9231910165765,1151.1739003001173,loaded:unit_ball_P2_h008_N5000_slepc_eigs.txt,77.2507092835408,77.2507092835408,0.07193317914143861,0.07193317914143861
2253,1073.9231910165765,1151.3740815991562,loaded:unit_ball_P2_h008_N5000_slepc_eigs.txt,77.45089058257963,77.45089058257963,0.07211958101888512,0.07211958101888512
2254,1073.9231910165765,1151.4525923150431,loaded:unit_ball_P2_h008_N5000_slepc_eigs.txt,77.52940129846661,77.52940129846661,0.07219268747244131,0.07219268747244131
2255,1076.084858399564,1151.7556693778179,loaded:unit_ball_P2_h008_N5000_slepc_eigs.txt,75.67081097825394,75.67081097825394,0.0703204867047357,0.0703204867047357
2256,1076.084858399564,1151.9272554373688,loaded:unit_ball_P2_h008_N5000_slepc_eigs.txt,75.84239703780486,75.84239703780486,0.0704799407275403,0.0704799407275403
2257,1076.084858399564,1152.2098469753148,loaded:unit_ball_P2_h008_N5000_slepc_eigs.txt,76.12498857575088,76.12498857575088,0.07074255155766229,0.07074255155766229
2258,1076.084858399564,1152.2363136261733,loaded:unit_ball_P2_h008_N5000_slepc_eigs.txt,76.15145522660941,76.15145522660941,0.07076714687712242,0.07076714687712242
2259,1076.084858399564,1152.54092042557,loaded:unit_ball_P2_h008_N5000_slepc_eigs.txt,76.45606202600607,76.45606202600607,0.07105021637393671,0.07105021637393671
2260,1076.084858399564,1152.6840662238574,loaded:unit_ball_P2_h008_N5000_slepc_eigs.txt,76.59920782429344,76.59920782429344,0.07118324101151062,0.07118324101151062
2261,1076.084858399564,1152.8042864344986,loaded:unit_ball_P2_h008_N5000_slepc_eigs.txt,76.71942803493471,76.71942803493471,0.07129496102104599,0.07129496102104599
2262,1080.4720447377733,1153.128418771704,loaded:unit_ball_P2_h008_N5000_slepc_eigs.txt,72.65637403393066,72.65637403393066,0.0672450290479881,0.0672450290479881
2263,1080.4720447377733,1153.4562491617587,loaded:unit_ball_P2_h008_N5000_slepc_eigs.txt,72.98420442398537,72.98420442398537,0.0675484430897038,0.0675484430897038
2264,1080.4720447377733,1153.4911041563805,loaded:unit_ball_P2_h008_N5000_slepc_eigs.txt,73.01905941860718,73.01905941860718,0.06758070213313909,0.06758070213313909
2265,1080.4720447377733,1153.8034951443765,loaded:unit_ball_P2_h008_N5000_slepc_eigs.txt,73.33145040660315,73.33145040660315,0.06786982667783915,0.06786982667783915
2266,1080.4720447377733,1153.920702468481,loaded:unit_ball_P2_h008_N5000_slepc_eigs.txt,73.44865773070774,73.44865773070774,0.06797830456458821,0.06797830456458821
2267,1080.4720447377733,1154.1984026077012,loaded:unit_ball_P2_h008_N5000_slepc_eigs.txt,73.72635786992782,73.72635786992782,0.0682353219863462,0.0682353219863462
2268,1080.4720447377733,1154.3896927557116,loaded:unit_ball_P2_h008_N5000_slepc_eigs.txt,73.91764801793829,73.91764801793829,0.06841236511202642,0.06841236511202642
2269,1080.4720447377733,1154.47268042425,loaded:unit_ball_P2_h008_N5000_slepc_eigs.txt,74.0006356864767,74.0006356864767,0.06848917197523272,0.06848917197523272
2270,1080.4720447377733,1154.7457230449854,loaded:unit_ball_P2_h008_N5000_slepc_eigs.txt,74.2736783072121,74.2736783072121,0.06874187876396011,0.06874187876396011
2271,1080.4720447377733,1155.066307131569,loaded:unit_ball_P2_h008_N5000_slepc_eigs.txt,74.59426239379559,74.59426239379559,0.06903858619673899,0.06903858619673899
2272,1080.4720447377733,1155.1896102975693,loaded:unit_ball_P2_h008_N5000_slepc_eigs.txt,74.71756555979596,74.71756555979596,0.0691527059156164,0.0691527059156164
2273,1080.4720447377733,1155.436338143428,loaded:unit_ball_P2_h008_N5000_slepc_eigs.txt,74.96429340565464,74.96429340565464,0.06938105781704719,0.06938105781704719
2274,1080.4720447377733,1155.809822626241,loaded:unit_ball_P2_h008_N5000_slepc_eigs.txt,75.3377778884676,75.3377778884676,0.06972672569862907,0.06972672569862907
2275,1080.4720447377733,1155.9930928416538,loaded:unit_ball_P2_h008_N5000_slepc_eigs.txt,75.5210481038805,75.5210481038805,0.06989634620506002,0.06989634620506002
2276,1080.4720447377733,1156.1202730262519,loaded:unit_ball_P2_h008_N5000_slepc_eigs.txt,75.64822828847855,75.64822828847855,0.07001405418761954,0.07001405418761954
2277,1080.4720447377733,1156.646325845992,loaded:unit_ball_P2_h008_N5000_slepc_eigs.txt,76.17428110821857,76.17428110821857,0.07050092733005951,0.07050092733005951
2278,1080.4720447377733,1156.7364870016668,loaded:unit_ball_P2_h008_N5000_slepc_eigs.txt,76.26444226389344,76.26444226389344,0.07058437340912652,0.07058437340912652
2279,1080.4720447377733,1156.9903990887292,loaded:unit_ball_P2_h008_N5000_slepc_eigs.txt,76.51835435095586,76.51835435095586,0.0708193744795374,0.0708193744795374
2280,1080.4720447377733,1157.1847075807843,loaded:unit_ball_P2_h008_N5000_slepc_eigs.txt,76.712662843011,76.712662843011,0.0709992111472249,0.0709992111472249
2281,1080.4720447377733,1157.4645916201018,loaded:unit_ball_P2_h008_N5000_slepc_eigs.txt,76.9925468823285,76.9925468823285,0.07125824981525951,0.07125824981525951
2282,1080.4720447377733,1157.6394503771119,loaded:unit_ball_P2_h008_N5000_slepc_eigs.txt,77.16740563933854,77.16740563933854,0.07142008533692956,0.07142008533692956
2283,1086.123578544131,1158.099744330388,loaded:unit_ball_P2_h008_N5000_slepc_eigs.txt,71.97616578625684,71.97616578625684,0.06626885485971644,0.06626885485971644
2284,1086.123578544131,1158.4118855458557,loaded:unit_ball_P2_h008_N5000_slepc_eigs.txt,72.28830700172466,72.28830700172466,0.0665562450072411,0.0665562450072411
2285,1086.123578544131,1158.9668294084843,loaded:unit_ball_P2_h008_N5000_slepc_eigs.txt,72.8432508643532,72.8432508643532,0.06706718489805205,0.06706718489805205
2286,1113.1025296513296,1187.25498025427,loaded:unit_ball_P2_h008_N5000_slepc_eigs.txt,74.15245060294046,74.15245060294046,0.0666178079984852,0.0666178079984852
2287,1113.1025296513296,1187.5904593949058,loaded:unit_ball_P2_h008_N5000_slepc_eigs.txt,74.48792974357616,74.48792974357616,0.06691919904890424,0.06691919904890424
2288,1113.1025296513296,1187.8918942879397,loaded:unit_ball_P2_h008_N5000_slepc_eigs.txt,74.78936463661012,74.78936463661012,0.067190005093275,0.067190005093275
2289,1113.1025296513296,1188.2290757051717,loaded:unit_ball_P2_h008_N5000_slepc_eigs.txt,75.12654605384205,75.12654605384205,0.06749292545168757,0.06749292545168757
2290,1113.1025296513296,1188.4293896536421,loaded:unit_ball_P2_h008_N5000_slepc_eigs.txt,75.32686000231251,75.32686000231251,0.06767288546717079,0.06767288546717079
2291,1113.1025296513296,1188.4760133315963,loaded:unit_ball_P2_h008_N5000_slepc_eigs.txt,75.37348368026665,75.37348368026665,0.0677147717056009,0.0677147717056009
2292,1113.1025296513296,1188.872888541615,loaded:unit_ball_P2_h008_N5000_slepc_eigs.txt,75.77035889028548,75.77035889028548,0.06807132036077569,0.06807132036077569
2293,1113.1025296513296,1189.1680413317374,loaded:unit_ball_P2_h008_N5000_slepc_eigs.txt,76.06551168040778,76.06551168040778,0.06833648262773663,0.06833648262773663
2294,1113.1025296513296,1189.2857204389468,loaded:unit_ball_P2_h008_N5000_slepc_eigs.txt,76.18319078761715,76.18319078761715,0.06844220434166197,0.06844220434166197
2295,1113.1025296513296,1189.359858789265,loaded:unit_ball_P2_h008_N5000_slepc_eigs.txt,76.25732913793536,76.25732913793536,0.06850880948210795,0.06850880948210795
2296,1113.1025296513296,1189.6899141143474,loaded:unit_ball_P2_h008_N5000_slepc_eigs.txt,76.58738446301777,76.58738446301777,0.06880532783175701,0.06880532783175701
2297,1113.1025296513296,1189.9216666087073,loaded:unit_ball_P2_h008_N5000_slepc_eigs.txt,76.81913695737762,76.81913695737762,0.0690135319173523,0.0690135319173523
2298,1113.1025296513296,1190.0730612425625,loaded:unit_ball_P2_h008_N5000_slepc_eigs.txt,76.97053159123288,76.97053159123288,0.06914954331776003,0.06914954331776003
2299,1113.1025296513296,1190.1153413729887,loaded:unit_ball_P2_h008_N5000_slepc_eigs.txt,77.01281172165909,77.01281172165909,0.06918752735723521,0.06918752735723521
2300,1113.1025296513296,1190.4485416829211,loaded:unit_ball_P2_h008_N5000_slepc_eigs.txt,77.3460120315915,77.3460120315915,0.06948687112931054,0.06948687112931054
2301,1113.1025296513296,1190.5412988070925,loaded:unit_ball_P2_h008_N5000_slepc_eigs.txt,77.43876915576288,77.43876915576288,0.06957020318696064,0.06957020318696064
2302,1113.1025296513296,1190.673279224393,loaded:unit_ball_P2_h008_N5000_slepc_eigs.txt,77.57074957306327,77.57074957306327,0.06968877305252524,0.06968877305252524
2303,1113.1025296513296,1190.8351627437007,loaded:unit_ball_P2_h008_N5000_slepc_eigs.txt,77.73263309237109,77.73263309237109,0.06983420756102333,0.06983420756102333
2304,1113.1025296513296,1191.109595338981,loaded:unit_ball_P2_h008_N5000_slepc_eigs.txt,78.00706568765145,78.00706568765145,0.07008075501552093,0.07008075501552093
2305,1113.1025296513296,1191.272263820016,loaded:unit_ball_P2_h008_N5000_slepc_eigs.txt,78.16973416868632,78.16973416868632,0.07022689472565691,0.07022689472565691
2306,1113.1025296513296,1191.3750457193585,loaded:unit_ball_P2_h008_N5000_slepc_eigs.txt,78.27251606802884,78.27251606802884,0.07031923293943737,0.07031923293943737
2307,1113.1025296513296,1191.51881428527,loaded:unit_ball_P2_h008_N5000_slepc_eigs.txt,78.41628463394045,78.41628463394045,0.07044839315790946,0.07044839315790946
2308,1113.1025296513296,1191.66356148889,loaded:unit_ball_P2_h008_N5000_slepc_eigs.txt,78.56103183756045,78.56103183756045,0.07057843257455274,0.07057843257455274
2309,1113.1025296513296,1191.763263621954,loaded:unit_ball_P2_h008_N5000_slepc_eigs.txt,78.66073397062428,78.66073397062428,0.07066800395760857,0.07066800395760857
2310,1113.1025296513296,1191.8826565812203,loaded:unit_ball_P2_h008_N5000_slepc_eigs.txt,78.78012692989068,78.78012692989068,0.0707752653788038,0.0707752653788038
2311,1113.1025296513296,1192.0119147052656,loaded:unit_ball_P2_h008_N5000_slepc_eigs.txt,78.90938505393592,78.90938505393592,0.0708913895637751,0.0708913895637751
2312,1113.1025296513296,1192.2662718327122,loaded:unit_ball_P2_h008_N5000_slepc_eigs.txt,79.16374218138253,79.16374218138253,0.07111990142200102,0.07111990142200102
2313,1115.9494420265294,1192.4534263226715,loaded:unit_ball_P2_h008_N5000_slepc_eigs.txt,76.50398429614211,76.50398429614211,0.06855506299390522,0.06855506299390522
2314,1115.9494420265294,1192.4945528550556,loaded:unit_ball_P2_h008_N5000_slepc_eigs.txt,76.54511082852628,76.54511082852628,0.06859191639499612,0.06859191639499612
2315,1115.9494420265294,1192.7425409664713,loaded:unit_ball_P2_h008_N5000_slepc_eigs.txt,76.79309893994196,76.79309893994196,0.06881413803163706,0.06881413803163706
2316,1115.9494420265294,1192.79022991581,loaded:unit_ball_P2_h008_N5000_slepc_eigs.txt,76.84078788928059,76.84078788928059,0.06885687200106495,0.06885687200106495
2317,1115.9494420265294,1192.9075728972794,loaded:unit_ball_P2_h008_N5000_slepc_eigs.txt,76.95813087074998,76.95813087074998,0.06896202280543859,0.06896202280543859
2318,1115.9494420265294,1193.2900633543957,loaded:unit_ball_P2_h008_N5000_slepc_eigs.txt,77.3406213278663,77.3406213278663,0.06930477171745178,0.06930477171745178
2319,1115.9494420265294,1193.4656832419378,loaded:unit_ball_P2_h008_N5000_slepc_eigs.txt,77.5162412154084,77.5162412154084,0.0694621443375081,0.0694621443375081
2320,1115.9494420265294,1193.5652228849028,loaded:unit_ball_P2_h008_N5000_slepc_eigs.txt,77.61578085837345,77.61578085837345,0.06955134160686134,0.06955134160686134
2321,1115.9494420265294,1193.6942598145633,loaded:unit_ball_P2_h008_N5000_slepc_eigs.txt,77.74481778803397,77.74481778803397,0.06966697133415992,0.06966697133415992
2322,1115.9494420265294,1193.85699267681,loaded:unit_ball_P2_h008_N5000_slepc_eigs.txt,77.90755065028065,77.90755065028065,0.06981279591735175,0.06981279591735175
2323,1115.9494420265294,1193.9018535722387,loaded:unit_ball_P2_h008_N5000_slepc_eigs.txt,77.95241154570931,77.95241154570931,0.06985299567348693,0.06985299567348693
2324,1115.9494420265294,1193.9803837013635,loaded:unit_ball_P2_h008_N5000_slepc_eigs.txt,78.03094167483414,78.03094167483414,0.06992336636069496,0.06992336636069496
2325,1115.9494420265294,1194.0679661150318,loaded:unit_ball_P2_h008_N5000_slepc_eigs.txt,78.11852408850245,78.11852408850245,0.070001848781466,0.070001848781466
2326,1115.9494420265294,1194.17948074677,loaded:unit_ball_P2_h008_N5000_slepc_eigs.txt,78.2300387202406,78.2300387202406,0.07010177681363171,0.07010177681363171
2327,1115.9494420265294,1194.3959953296971,loaded:unit_ball_P2_h008_N5000_slepc_eigs.txt,78.44655330316778,78.44655330316778,0.07029579508612083,0.07029579508612083
2328,1115.9494420265294,1194.4913285180908,loaded:unit_ball_P2_h008_N5000_slepc_eigs.txt,78.5418864915614,78.5418864915614,0.07038122296018338,0.07038122296018338
2329,1115.9494420265294,1194.6835395967228,loaded:unit_ball_P2_h008_N5000_slepc_eigs.txt,78.7340975701934,78.7340975701934,0.07055346291245483,0.07055346291245483
2330,1115.9494420265294,1194.7024271956086,loaded:unit_ball_P2_h008_N5000_slepc_eigs.txt,78.75298516907924,78.75298516907924,0.07057038805097324,0.07057038805097324
2331,1115.9494420265294,1194.8469645417792,loaded:unit_ball_P2_h008_N5000_slepc_eigs.txt,78.89752251524988,78.89752251524988,0.07069990766962922,0.07069990766962922
2332,1115.9494420265294,1194.9194323067106,loaded:unit_ball_P2_h008_N5000_slepc_eigs.txt,78.96999028018126,78.96999028018126,0.07076484588475104,0.07076484588475104
2333,1115.9494420265294,1195.0939166787389,loaded:unit_ball_P2_h008_N5000_slepc_eigs.txt,79.14447465220951,79.14447465220951,0.07092120097169063,0.07092120097169063
2334,1115.9494420265294,1195.2482144626413,loaded:unit_ball_P2_h008_N5000_slepc_eigs.txt,79.2987724361119,79.2987724361119,0.07105946689852527,0.07105946689852527
2335,1115.9494420265294,1195.2840916463226,loaded:unit_ball_P2_h008_N5000_slepc_eigs.txt,79.33464961979325,79.33464961979325,0.07109161636903909,0.07109161636903909
2336,1115.9494420265294,1195.5904314048084,loaded:unit_ball_P2_h008_N5000_slepc_eigs.txt,79.64098937827907,79.64098937827907,0.0713661267966168,0.0713661267966168
2337,1115.9494420265294,1195.6639439229325,loaded:unit_ball_P2_h008_N5000_slepc_eigs.txt,79.71450189640314,79.71450189640314,0.07143200121292599,0.07143200121292599
2338,1115.9494420265294,1195.7085582236334,loaded:unit_ball_P2_h008_N5000_slepc_eigs.txt,79.75911619710405,79.75911619710405,0.07147197999603278,0.07147197999603278
2339,1115.9494420265294,1195.771341955777,loaded:unit_ball_P2_h008_N5000_slepc_eigs.txt,79.82189992924759,79.82189992924759,0.07152824036928905,0.07152824036928905
2340,1115.9494420265294,1195.8686540160058,loaded:unit_ball_P2_h008_N5000_slepc_eigs.txt,79.91921198947648,79.91921198947648,0.07161544150633355,0.07161544150633355
2341,1115.9494420265294,1196.0520792038521,loaded:unit_ball_P2_h008_N5000_slepc_eigs.txt,80.10263717732278,80.10263717732278,0.07177980843994052,0.07177980843994052
2342,1115.9494420265294,1196.089234152685,loaded:unit_ball_P2_h008_N5000_slepc_eigs.txt,80.13979212615573,80.13979212615573,0.0718131029131789,0.0718131029131789
2343,1115.9494420265294,1196.2146345976232,loaded:unit_ball_P2_h008_N5000_slepc_eigs.txt,80.26519257109385,80.26519257109385,0.07192547399399632,0.07192547399399632
2344,1115.9494420265294,1196.4162619997985,loaded:unit_ball_P2_h008_N5000_slepc_eigs.txt,80.46681997326914,80.46681997326914,0.07210615189442983,0.07210615189442983
2345,1115.9494420265294,1196.6447305510976,loaded:unit_ball_P2_h008_N5000_slepc_eigs.txt,80.69528852456824,80.69528852456824,0.07231088209339315,0.07231088209339315
2346,1115.9494420265294,1196.6962159799643,loaded:unit_ball_P2_h008_N5000_slepc_eigs.txt,80.74677395343497,80.74677395343497,0.07235701808031854,0.07235701808031854
2347,1115.9494420265294,1196.7938873506741,loaded:unit_ball_P2_h008_N5000_slepc_eigs.txt,80.84444532414477,80.84444532414477,0.07244454119474604,0.07244454119474604
2348,1115.9494420265294,1196.878123255475,loaded:unit_ball_P2_h008_N5000_slepc_eigs.txt,80.9286812289456,80.9286812289456,0.07252002481580316,0.07252002481580316
2349,1115.9494420265294,1197.060796187038,loaded:unit_ball_P2_h008_N5000_slepc_eigs.txt,81.11135416050865,81.11135416050865,0.07268371765410175,0.07268371765410175
2350,1115.9494420265294,1197.2326453719322,loaded:unit_ball_P2_h008_N5000_slepc_eigs.txt,81.28320334540285,81.28320334540285,0.07283771135526991,0.07283771135526991
2351,1115.9494420265294,1197.3941776249312,loaded:unit_ball_P2_h008_N5000_slepc_eigs.txt,81.44473559840185,81.44473559840185,0.072982460074984,0.072982460074984
2352,1118.4491540761367,1197.4285162949027,loaded:unit_ball_P2_h008_N5000_slepc_eigs.txt,78.97936221876603,78.97936221876603,0.07061506723924764,0.07061506723924764
2353,1118.4491540761367,1197.5986145385016,loaded:unit_ball_P2_h008_N5000_slepc_eigs.txt,79.14946046236491,79.14946046236491,0.0707671512593204,0.0707671512593204
2354,1118.4491540761367,1197.6028496501963,loaded:unit_ball_P2_h008_N5000_slepc_eigs.txt,79.15369557405961,79.15369557405961,0.07077093785228197,0.07077093785228197
2355,1118.4491540761367,1197.7569571703466,loaded:unit_ball_P2_h008_N5000_slepc_eigs.txt,79.30780309420993,79.30780309420993,0.07090872464356228,0.07090872464356228
2356,1118.4491540761367,1198.0675926074136,loaded:unit_ball_P2_h008_N5000_slepc_eigs.txt,79.61843853127698,79.61843853127698,0.07118646229121031,0.07118646229121031
2357,1118.4491540761367,1198.1479453076436,loaded:unit_ball_P2_h008_N5000_slepc_eigs.txt,79.6987912315069,79.6987912315069,0.07125830525334863,0.07125830525334863
2358,1118.4491540761367,1198.257077543604,loaded:unit_ball_P2_h008_N5000_slepc_eigs.txt,79.80792346746739,79.80792346746739,0.07135587985972458,0.07135587985972458
2359,1118.4491540761367,1198.4538795455333,loaded:unit_ball_P2_h008_N5000_slepc_eigs.txt,80.00472546939659,80.00472546939659,0.07153183958146245,0.07153183958146245
2360,1118.4491540761367,1198.4620786087578,loaded:unit_ball_P2_h008_N5000_slepc_eigs.txt,80.01292453262113,80.01292453262113,0.07153917032438864,0.07153917032438864
2361,1118.4491540761367,1198.5507614878454,loaded:unit_ball_P2_h008_N5000_slepc_eigs.txt,80.10160741170876,80.10160741170876,0.07161846125930904,0.07161846125930904
2362,1118.4491540761367,1198.7519312287682,loaded:unit_ball_P2_h008_N5000_slepc_eigs.txt,80.3027771526315,80.3027771526315,0.0717983261554374,0.0717983261554374
2363,1118.4491540761367,1198.884203340419,loaded:unit_ball_P2_h008_N5000_slepc_eigs.txt,80.43504926428227,80.43504926428227,0.07191659001318068,0.07191659001318068
2364,1118.4491540761367,1198.985277969617,loaded:unit_ball_P2_h008_N5000_slepc_eigs.txt,80.53612389348041,80.53612389348041,0.07200696035217174,0.07200696035217174
2365,1118.4491540761367,1199.1004338259045,loaded:unit_ball_P2_h008_N5000_slepc_eigs.txt,80.65127974976781,80.65127974976781,0.07210992064846034,0.07210992064846034
2366,1118.4491540761367,1199.1330990340766,loaded:unit_ball_P2_h008_N5000_slepc_eigs.txt,80.68394495793996,80.68394495793996,0.07213912645370692,0.07213912645370692
2367,1118.4491540761367,1199.2807735851272,loaded:unit_ball_P2_h008_N5000_slepc_eigs.txt,80.83161950899057,80.83161950899057,0.07227116155830905,0.07227116155830905
2368,1118.4491540761367,1199.4196363161911,loaded:unit_ball_P2_h008_N5000_slepc_eigs.txt,80.97048224005448,80.97048224005448,0.0723953180571162,0.0723953180571162
2369,1118.4491540761367,1199.523909865707,loaded:unit_ball_P2_h008_N5000_slepc_eigs.txt,81.07475578957042,81.07475578957042,0.07248854853535111,0.07248854853535111
2370,1118.4491540761367,1199.7499227051205,loaded:unit_ball_P2_h008_N5000_slepc_eigs.txt,81.30076862898386,81.30076862898386,0.07269062552614657,0.07269062552614657
2371,1118.4491540761367,1199.7989105614283,loaded:unit_ball_P2_h008_N5000_slepc_eigs.txt,81.34975648529166,81.34975648529166,0.07273442533244914,0.07273442533244914
2372,1118.4491540761367,1200.0904399554383,loaded:unit_ball_P2_h008_N5000_slepc_eigs.txt,81.64128587930168,81.64128587930168,0.0729950803590523,0.0729950803590523
2373,1118.4491540761367,1200.1348426812074,loaded:unit_ball_P2_h008_N5000_slepc_eigs.txt,81.68568860507071,81.68568860507071,0.0730347806222312,0.0730347806222312
2374,1118.4491540761367,1200.2401456778427,loaded:unit_ball_P2_h008_N5000_slepc_eigs.txt,81.79099160170608,81.79099160170608,0.07312893152417574,0.07312893152417574
2375,1118.4491540761367,1200.3717709983796,loaded:unit_ball_P2_h008_N5000_slepc_eigs.txt,81.92261692224292,81.92261692224292,0.0732466170891003,0.0732466170891003
2376,1118.4491540761367,1200.5502793220721,loaded:unit_ball_P2_h008_N5000_slepc_eigs.txt,82.10112524593546,82.10112524593546,0.07340622052126525,0.07340622052126525
2377,1118.4491540761367,1200.7413690464516,loaded:unit_ball_P2_h008_N5000_slepc_eigs.txt,82.29221497031494,82.29221497031494,0.07357707292316754,0.07357707292316754
2378,1118.4491540761367,1200.777697927543,loaded:unit_ball_P2_h008_N5000_slepc_eigs.txt,82.32854385140627,82.32854385140627,0.07360955440071966,0.07360955440071966
2379,1118.4491540761367,1200.9040170069065,loaded:unit_ball_P2_h008_N5000_slepc_eigs.txt,82.45486293076988,82.45486293076988,0.07372249568097657,0.07372249568097657
2380,1118.4491540761367,1201.013979043854,loaded:unit_ball_P2_h008_N5000_slepc_eigs.txt,82.56482496771741,82.56482496771741,0.07382081220841707,0.07382081220841707
2381,1118.4491540761367,1201.117782853285,loaded:unit_ball_P2_h008_N5000_slepc_eigs.txt,82.66862877714834,82.66862877714834,0.07391362269430515,0.07391362269430515
2382,1118.4491540761367,1201.2520258904917,loaded:unit_ball_P2_h008_N5000_slepc_eigs.txt,82.80287181435506,82.80287181435506,0.07403364874709216,0.07403364874709216
2383,1118.4491540761367,1201.395256864642,loaded:unit_ball_P2_h008_N5000_slepc_eigs.txt,82.94610278850541,82.94610278850541,0.07416171087099681,0.07416171087099681
2384,1118.4491540761367,1201.5281058157857,loaded:unit_ball_P2_h008_N5000_slepc_eigs.txt,83.07895173964903,83.07895173964903,0.07428049047815147,0.07428049047815147
2385,1118.4491540761367,1201.6958301790348,loaded:unit_ball_P2_h008_N5000_slepc_eigs.txt,83.24667610289816,83.24667610289816,0.07443045202324082,0.07443045202324082
2386,1118.4491540761367,1201.838823754799,loaded:unit_ball_P2_h008_N5000_slepc_eigs.txt,83.38966967866236,83.38966967866236,0.07455830189039218,0.07455830189039218
2387,1118.4491540761367,1202.0392416224938,loaded:unit_ball_P2_h008_N5000_slepc_eigs.txt,83.59008754635715,83.59008754635715,0.07473749454028993,0.07473749454028993
2388,1118.4491540761367,1202.1483388348515,loaded:unit_ball_P2_h008_N5000_slepc_eigs.txt,83.69918475871486,83.69918475871486,0.07483503783223137,0.07483503783223137
2389,1118.4491540761367,1202.2850525256417,loaded:unit_ball_P2_h008_N5000_slepc_eigs.txt,83.83589844950507,83.83589844950507,0.07495727288448382,0.07495727288448382
2390,1118.4491540761367,1202.3433749534893,loaded:unit_ball_P2_h008_N5000_slepc_eigs.txt,83.89422087735261,83.89422087735261,0.07500941868622633,0.07500941868622633
2391,1118.4491540761367,1202.5886910615948,loaded:unit_ball_P2_h008_N5000_slepc_eigs.txt,84.13953698545811,84.13953698545811,0.07522875463655672,0.07522875463655672
2392,1118.4491540761367,1202.7579867186653,loaded:unit_ball_P2_h008_N5000_slepc_eigs.txt,84.30883264252861,84.30883264252861,0.0753801210678813,0.0753801210678813
2393,1118.4491540761367,1202.8990721585867,loaded:unit_ball_P2_h008_N5000_slepc_eigs.txt,84.44991808245004,84.44991808245004,0.075506264879969,0.075506264879969
2394,1118.4491540761367,1203.0040756996186,loaded:unit_ball_P2_h008_N5000_slepc_eigs.txt,84.55492162348196,84.55492162348196,0.07560014804010126,0.07560014804010126
2395,1118.4491540761367,1203.064617087736,loaded:unit_ball_P2_h008_N5000_slepc_eigs.txt,84.61546301159933,84.61546301159933,0.07565427780353014,0.07565427780353014
2396,1118.4491540761367,1203.2601361537677,loaded:unit_ball_P2_h008_N5000_slepc_eigs.txt,84.81098207763102,84.81098207763102,0.07582909045846321,0.07582909045846321
2397,1118.4491540761367,1203.3256327657211,loaded:unit_ball_P2_h008_N5000_slepc_eigs.txt,84.87647868958447,84.87647868958447,0.07588765066364979,0.07588765066364979
2398,1118.4491540761367,1203.6857557377093,loaded:unit_ball_P2_h008_N5000_slepc_eigs.txt,85.23660166157265,85.23660166157265,0.07620963487784113,0.07620963487784113
2399,1118.4491540761367,1203.80726356378,loaded:unit_ball_P2_h008_N5000_slepc_eigs.txt,85.35810948764333,85.35810948764333,0.07631827443970932,0.07631827443970932
2400,1118.4491540761367,1203.9195682608938,loaded:unit_ball_P2_h008_N5000_slepc_eigs.txt,85.47041418475715,85.47041418475715,0.07641868552831761,0.07641868552831761
2401,1118.4491540761367,1204.0429619760005,loaded:unit_ball_P2_h008_N5000_slepc_eigs.txt,85.5938078998638,85.5938078998638,0.07652901125448672,0.07652901125448672
2402,1118.4491540761367,1204.0927253462144,loaded:unit_ball_P2_h008_N5000_slepc_eigs.txt,85.6435712700777,85.6435712700777,0.07657350444403631,0.07657350444403631
2403,1118.4491540761367,1204.3775646257297,loaded:unit_ball_P2_h008_N5000_slepc_eigs.txt,85.92841054959308,85.92841054959308,0.07682817787150263,0.07682817787150263
2404,1118.4491540761367,1204.4402768629036,loaded:unit_ball_P2_h008_N5000_slepc_eigs.txt,85.99112278676694,85.99112278676694,0.07688424858061382,0.07688424858061382
2405,1118.4491540761367,1204.6732899409974,loaded:unit_ball_P2_h008_N5000_slepc_eigs.txt,86.22413586486073,86.22413586486073,0.07709258445108641,0.07709258445108641
2406,1118.4491540761367,1204.8216021588548,loaded:unit_ball_P2_h008_N5000_slepc_eigs.txt,86.37244808271817,86.37244808271817,0.07722518969050828,0.07722518969050828
2407,1120.6961931085743,1204.9221499856212,loaded:unit_ball_P2_h008_N5000_slepc_eigs.txt,84.22595687704688,84.22595687704688,0.07515503077013395,0.07515503077013395
2408,1120.6961931085743,1205.0576692289224,loaded:unit_ball_P2_h008_N5000_slepc_eigs.txt,84.36147612034802,84.36147612034802,0.07527595492793378,0.07527595492793378
2409,1120.6961931085743,1205.3453443101516,loaded:unit_ball_P2_h008_N5000_slepc_eigs.txt,84.6491512015773,84.6491512015773,0.07553264811829015,0.07553264811829015
2410,1120.6961931085743,1205.4572273906595,loaded:unit_ball_P2_h008_N5000_slepc_eigs.txt,84.76103428208512,84.76103428208512,0.07563248166925234,0.07563248166925234
2411,1120.6961931085743,1205.6929975592348,loaded:unit_ball_P2_h008_N5000_slepc_eigs.txt,84.99680445066042,84.99680445066042,0.07584285997697311,0.07584285997697311
2412,1120.6961931085743,1205.83240874404,loaded:unit_ball_P2_h008_N5000_slepc_eigs.txt,85.13621563546576,85.13621563546576,0.07596725692385542,0.07596725692385542
2413,1120.6961931085743,1205.9472871580217,loaded:unit_ball_P2_h008_N5000_slepc_eigs.txt,85.25109404944737,85.25109404944737,0.07606976321832491,0.07606976321832491
2414,1120.6961931085743,1206.2993732792884,loaded:unit_ball_P2_h008_N5000_slepc_eigs.txt,85.60318017071404,85.60318017071404,0.07638393053988067,0.07638393053988067
2415,1120.6961931085743,1206.481511648391,loaded:unit_ball_P2_h008_N5000_slepc_eigs.txt,85.78531853981667,85.78531853981667,0.07654645305956322,0.07654645305956322
2416,1120.6961931085743,1206.5844963023244,loaded:unit_ball_P2_h008_N5000_slepc_eigs.txt,85.88830319375006,85.88830319375006,0.07663834652236487,0.07663834652236487
2417,1120.6961931085743,1206.9258063817513,loaded:unit_ball_P2_h008_N5000_slepc_eigs.txt,86.22961327317694,86.22961327317694,0.0769428983549897,0.0769428983549897
2418,1120.6961931085743,1207.1056470615558,loaded:unit_ball_P2_h008_N5000_slepc_eigs.txt,86.4094539529815,86.4094539529815,0.07710337064079778,0.07710337064079778
2419,1120.6961931085743,1207.4977780716895,loaded:unit_ball_P2_h008_N5000_slepc_eigs.txt,86.80158496311515,86.80158496311515,0.07745327011627112,0.07745327011627112
2420,1120.6961931085743,1207.627519207717,loaded:unit_ball_P2_h008_N5000_slepc_eigs.txt,86.93132609914255,86.93132609914255,0.0775690384545819,0.0775690384545819
2421,1120.6961931085743,1208.0560350501573,loaded:unit_ball_P2_h008_N5000_slepc_eigs.txt,87.359841941583,87.359841941583,0.07795140420640251,0.07795140420640251
2422,1120.6961931085743,1208.4217390130693,loaded:unit_ball_P2_h008_N5000_slepc_eigs.txt,87.725545904495,87.725545904495,0.07827772276192255,0.07827772276192255
2423,1120.6961931085743,1208.5381056048136,loaded:unit_ball_P2_h008_N5000_slepc_eigs.txt,87.84191249623927,87.84191249623927,0.07838155696111038,0.07838155696111038
2424,1126.3585117009538,1208.9994203169724,loaded:unit_ball_P2_h008_N5000_slepc_eigs.txt,82.64090861601858,82.64090861601858,0.07336998633873652,0.07336998633873652
2425,1126.3585117009538,1209.1240208896734,loaded:unit_ball_P2_h008_N5000_slepc_eigs.txt,82.76550918871953,82.76550918871953,0.07348060881941791,0.07348060881941791
2426,1126.3585117009538,1209.9474050343658,loaded:unit_ball_P2_h008_N5000_slepc_eigs.txt,83.58889333341199,83.58889333341199,0.07421162308897675,0.07421162308897675
2427,1126.3585117009538,1210.0022423542125,loaded:unit_ball_P2_h008_N5000_slepc_eigs.txt,83.64373065325867,83.64373065325867,0.07426030858234055,0.07426030858234055
2428,1126.3585117009538,1210.6415803184973,loaded:unit_ball_P2_h008_N5000_slepc_eigs.txt,84.28306861754345,84.28306861754345,0.07482792356251174,0.07482792356251174
2429,1126.3585117009538,1210.8343055125124,loaded:unit_ball_P2_h008_N5000_slepc_eigs.txt,84.47579381155856,84.47579381155856,0.07499902822591421,0.07499902822591421
2430,1126.3585117009538,1211.0471526121435,loaded:unit_ball_P2_h008_N5000_slepc_eigs.txt,84.68864091118962,84.68864091118962,0.07518799745500064,0.07518799745500064
2431,1126.3585117009538,1211.3342753641207,loaded:unit_ball_P2_h008_N5000_slepc_eigs.txt,84.97576366316684,84.97576366316684,0.07544290985544375,0.07544290985544375
2432,1126.3585117009538,1211.4398452345122,loaded:unit_ball_P2_h008_N5000_slepc_eigs.txt,85.08133353355834,85.08133353355834,0.07553663655905969,0.07553663655905969
2433,1126.3585117009538,1211.9090126977844,loaded:unit_ball_P2_h008_N5000_slepc_eigs.txt,85.55050099683058,85.55050099683058,0.07595317131100447,0.07595317131100447
2434,1126.3585117009538,1212.2447718578258,loaded:unit_ball_P2_h008_N5000_slepc_eigs.txt,85.88626015687191,85.88626015687191,0.07625126393120786,0.07625126393120786
2435,1126.3585117009538,1212.4660264250192,loaded:unit_ball_P2_h008_N5000_slepc_eigs.txt,86.10751472406537,86.10751472406537,0.07644769745117064,0.07644769745117064
2436,1126.3585117009538,1212.8930567380853,loaded:unit_ball_P2_h008_N5000_slepc_eigs.txt,86.53454503713147,86.53454503713147,0.0768268221336141,0.0768268221336141
2437,1126.3585117009538,1213.0395614847137,loaded:unit_ball_P2_h008_N5000_slepc_eigs.txt,86.68104978375982,86.68104978375982,0.07695689150771338,0.07695689150771338
2438,1126.3585117009538,1213.5756752464383,loaded:unit_ball_P2_h008_N5000_slepc_eigs.txt,87.21716354548448,87.21716354548448,0.07743286230755672,0.07743286230755672
2439,1126.3585117009538,1213.7605609282798,loaded:unit_ball_P2_h008_N5000_slepc_eigs.txt,87.40204922732596,87.40204922732596,0.07759700692041385,0.07759700692041385
2440,1126.3585117009538,1213.94185050093,loaded:unit_ball_P2_h008_N5000_slepc_eigs.txt,87.58333879997622,87.58333879997622,0.07775795884714674,0.07775795884714674
2441,1126.3585117009538,1214.464890826514,loaded:unit_ball_P2_h008_N5000_slepc_eigs.txt,88.10637912556012,88.10637912556012,0.07822232283086099,0.07822232283086099
2442,1126.3585117009538,1214.7107437618697,loaded:unit_ball_P2_h008_N5000_slepc_eigs.txt,88.35223206091587,88.35223206091587,0.07844059519512311,0.07844059519512311
2443,1126.3585117009538,1215.2008715548689,loaded:unit_ball_P2_h008_N5000_slepc_eigs.txt,88.84235985391501,88.84235985391501,0.07887573887975599,0.07887573887975599
2444,1126.3585117009538,1215.567035538854,loaded:unit_ball_P2_h008_N5000_slepc_eigs.txt,89.2085238379002,89.2085238379002,0.07920082541320103,0.07920082541320103
2445,1126.3585117009538,1215.7083184049632,loaded:unit_ball_P2_h008_N5000_slepc_eigs.txt,89.34980670400932,89.34980670400932,0.07932625871409185,0.07932625871409185
2446,1126.3585117009538,1215.9016810712083,loaded:unit_ball_P2_h008_N5000_slepc_eigs.txt,89.54316937025442,89.54316937025442,0.07949792933604427,0.07949792933604427
2447,1126.3585117009538,1216.4504742303197,loaded:unit_ball_P2_h008_N5000_slepc_eigs.txt,90.0919625293659,90.0919625293659,0.07998515711779444,0.07998515711779444
2448,1126.3585117009538,1216.5225433617825,loaded:unit_ball_P2_h008_N5000_slepc_eigs.txt,90.16403166082864,90.16403166082864,0.08004914130285991,0.08004914130285991
2449,1126.3585117009538,1217.4039158536916,loaded:unit_ball_P2_h008_N5000_slepc_eigs.txt,91.04540415273777,91.04540415273777,0.08083163860079229,0.08083163860079229
2450,1126.3585117009538,1217.5200276447204,loaded:unit_ball_P2_h008_N5000_slepc_eigs.txt,91.16151594376652,91.16151594376652,0.08093472459856524,0.08093472459856524
2451,1126.3585117009538,1217.812936586657,loaded:unit_ball_P2_h008_N5000_slepc_eigs.txt,91.45442488570325,91.45442488570325,0.08119477407561353,0.08119477407561353
2452,1126.3585117009538,1218.1042045993684,loaded:unit_ball_P2_h008_N5000_slepc_eigs.txt,91.74569289841452,91.74569289841452,0.08145336670814171,0.08145336670814171
2453,1126.3585117009538,1218.6829113672957,loaded:unit_ball_P2_h008_N5000_slepc_eigs.txt,92.32439966634183,92.32439966634183,0.08196715229409461,0.08196715229409461
2454,1126.3585117009538,1219.1710840448816,loaded:unit_ball_P2_h008_N5000_slepc_eigs.txt,92.81257234392774,92.81257234392774,0.08240056019443417,0.08240056019443417
2455,1126.3585117009538,1219.7365267915868,loaded:unit_ball_P2_h008_N5000_slepc_eigs.txt,93.37801509063297,93.37801509063297,0.08290256975962255,0.08290256975962255
2456,1126.3585117009538,1219.945187530024,loaded:unit_ball_P2_h008_N5000_slepc_eigs.txt,93.58667582907015,93.58667582907015,0.08308782226694554,0.08308782226694554
2457,1148.4534015926486,1227.2027477427985,loaded:unit_ball_P2_h008_N5000_slepc_eigs.txt,78.7493461501499,78.7493461501499,0.06856990979428694,0.06856990979428694
2458,1148.4534015926486,1228.9446045343857,loaded:unit_ball_P2_h008_N5000_slepc_eigs.txt,80.49120294173713,80.49120294173713,0.07008660763258988,0.07008660763258988
2459,1148.4534015926486,1229.9468418295746,loaded:unit_ball_P2_h008_N5000_slepc_eigs.txt,81.49344023692606,81.49344023692606,0.07095929196945461,0.07095929196945461
2460,1148.4534015926486,1230.2126821519832,loaded:unit_ball_P2_h008_N5000_slepc_eigs.txt,81.75928055933468,81.75928055933468,0.0711907687729888,0.0711907687729888
2461,1148.4534015926486,1230.6260352218328,loaded:unit_ball_P2_h008_N5000_slepc_eigs.txt,82.17263362918425,82.17263362918425,0.07155069027200332,0.07155069027200332
2462,1148.4534015926486,1230.983962011846,loaded:unit_ball_P2_h008_N5000_slepc_eigs.txt,82.5305604191974,82.5305604191974,0.07186235010035752,0.07186235010035752
2463,1148.4534015926486,1231.1093382001623,loaded:unit_ball_P2_h008_N5000_slepc_eigs.txt,82.6559366075137,82.6559366075137,0.07197151969151587,0.07197151969151587
2464,1148.4534015926486,1231.3776542213877,loaded:unit_ball_P2_h008_N5000_slepc_eigs.txt,82.92425262873917,82.92425262873917,0.07220515217573628,0.07220515217573628
2465,1148.4534015926486,1231.4940304861793,loaded:unit_ball_P2_h008_N5000_slepc_eigs.txt,83.04062889353077,83.04062889353077,0.07230648520729874,0.07230648520729874
2466,1148.4534015926486,1232.0263263848094,loaded:unit_ball_P2_h008_N5000_slepc_eigs.txt,83.57292479216085,83.57292479216085,0.0727699745381605,0.0727699745381605
2467,1148.4534015926486,1232.1428486434963,loaded:unit_ball_P2_h008_N5000_slepc_eigs.txt,83.68944705084778,83.68944705084778,0.07287143469189886,0.07287143469189886
2468,1148.4534015926486,1232.3570464520963,loaded:unit_ball_P2_h008_N5000_slepc_eigs.txt,83.9036448594477,83.9036448594477,0.07305794448698752,0.07305794448698752
2469,1148.4534015926486,1232.696448758406,loaded:unit_ball_P2_h008_N5000_slepc_eigs.txt,84.24304716575739,84.24304716575739,0.07335347437600087,0.07335347437600087
2470,1148.4534015926486,1233.0664333476552,loaded:unit_ball_P2_h008_N5000_slepc_eigs.txt,84.61303175500666,84.61303175500666,0.07367563336715906,0.07367563336715906
2471,1148.4534015926486,1233.2965479896054,loaded:unit_ball_P2_h008_N5000_slepc_eigs.txt,84.84314639695685,84.84314639695685,0.07387600252591733,0.07387600252591733
2472,1148.4534015926486,1233.3033621969455,loaded:unit_ball_P2_h008_N5000_slepc_eigs.txt,84.84996060429694,84.84996060429694,0.0738819359032147,0.0738819359032147
2473,1148.4534015926486,1233.6533072581274,loaded:unit_ball_P2_h008_N5000_slepc_eigs.txt,85.19990566547881,85.19990566547881,0.07418664575099482,0.07418664575099482
2474,1148.4534015926486,1233.8387337284996,loaded:unit_ball_P2_h008_N5000_slepc_eigs.txt,85.38533213585106,85.38533213585106,0.07434810329913313,0.07434810329913313
2475,1148.4534015926486,1234.1761495228243,loaded:unit_ball_P2_h008_N5000_slepc_eigs.txt,85.72274793017573,85.72274793017573,0.07464190346016426,0.07464190346016426
2476,1148.4534015926486,1234.4239848645873,loaded:unit_ball_P2_h008_N5000_slepc_eigs.txt,85.97058327193872,85.97058327193872,0.07485770267449834,0.07485770267449834
2477,1148.4534015926486,1234.9232071164301,loaded:unit_ball_P2_h008_N5000_slepc_eigs.txt,86.46980552378159,86.46980552378159,0.07529239358241899,0.07529239358241899
2478,1148.4534015926486,1235.1301537137997,loaded:unit_ball_P2_h008_N5000_slepc_eigs.txt,86.67675212115114,86.67675212115114,0.07547258948508474,0.07547258948508474
2479,1148.4534015926486,1235.2861050150348,loaded:unit_ball_P2_h008_N5000_slepc_eigs.txt,86.8327034223862,86.8327034223862,0.07560838193519094,0.07560838193519094
2480,1148.4534015926486,1235.7304999719481,loaded:unit_ball_P2_h008_N5000_slepc_eigs.txt,87.27709837929956,87.27709837929956,0.07599533273031862,0.07599533273031862
2481,1148.4534015926486,1235.9671235466851,loaded:unit_ball_P2_h008_N5000_slepc_eigs.txt,87.51372195403655,87.51372195403655,0.07620136945275668,0.07620136945275668
2482,1148.4534015926486,1236.0443928107177,loaded:unit_ball_P2_h008_N5000_slepc_eigs.txt,87.59099121806912,87.59099121806912,0.07626865060140879,0.07626865060140879
2483,1148.4534015926486,1236.1923113597252,loaded:unit_ball_P2_h008_N5000_slepc_eigs.txt,87.73890976707662,87.73890976707662,0.07639744864302055,0.07639744864302055
2484,1148.4534015926486,1236.4867043257955,loaded:unit_ball_P2_h008_N5000_slepc_eigs.txt,88.03330273314691,88.03330273314691,0.07665378726822035,0.07665378726822035
2485,1148.4534015926486,1237.037521598707,loaded:unit_ball_P2_h008_N5000_slepc_eigs.txt,88.58412000605836,88.58412000605836,0.07713340383093642,0.07713340383093642
2486,1148.4534015926486,1237.61919207895,loaded:unit_ball_P2_h008_N5000_slepc_eigs.txt,89.16579048630138,89.16579048630138,0.07763988539948449,0.07763988539948449
2487,1148.4534015926486,1237.684692486539,loaded:unit_ball_P2_h008_N5000_slepc_eigs.txt,89.23129089389045,89.23129089389045,0.07769691897829425,0.07769691897829425
2488,1148.4534015926486,1237.829056082107,loaded:unit_ball_P2_h008_N5000_slepc_eigs.txt,89.37565448945838,89.37565448945838,0.07782262159310452,0.07782262159310452
2489,1148.4534015926486,1238.2143871937337,loaded:unit_ball_P2_h008_N5000_slepc_eigs.txt,89.76098560108517,89.76098560108517,0.07815814335749863,0.07815814335749863
2490,1148.4534015926486,1238.5613087807908,loaded:unit_ball_P2_h008_N5000_slepc_eigs.txt,90.10790718814224,90.10790718814224,0.07846022055677895,0.07846022055677895
2491,1148.4534015926486,1238.7795626168238,loaded:unit_ball_P2_h008_N5000_slepc_eigs.txt,90.32616102417524,90.32616102417524,0.07865026208195562,0.07865026208195562
2492,1148.4534015926486,1238.9510057593693,loaded:unit_ball_P2_h008_N5000_slepc_eigs.txt,90.49760416672075,90.49760416672075,0.07879954383975943,0.07879954383975943
2493,1148.4534015926486,1239.2924439706471,loaded:unit_ball_P2_h008_N5000_slepc_eigs.txt,90.83904237799857,90.83904237799857,0.07909684646501555,0.07909684646501555
2494,1148.4534015926486,1239.4317087258362,loaded:unit_ball_P2_h008_N5000_slepc_eigs.txt,90.97830713318763,90.97830713318763,0.07921810933471138,0.07921810933471138
2495,1148.4534015926486,1239.682851268557,loaded:unit_ball_P2_h008_N5000_slepc_eigs.txt,91.22944967590843,91.22944967590843,0.07943678824878184,0.07943678824878184
2496,1148.4534015926486,1239.9683806652715,loaded:unit_ball_P2_h008_N5000_slepc_eigs.txt,91.51497907262296,91.51497907262296,0.07968540904290249,0.07968540904290249
2497,1148.4534015926486,1240.5382316448072,loaded:unit_ball_P2_h008_N5000_slepc_eigs.txt,92.08483005215862,92.08483005215862,0.08018159894381219,0.08018159894381219
2498,1148.4534015926486,1240.995769901582,loaded:unit_ball_P2_h008_N5000_slepc_eigs.txt,92.54236830893342,92.54236830893342,0.08057999408647996,0.08057999408647996
2499,1148.4534015926486,1241.3202181178228,loaded:unit_ball_P2_h008_N5000_slepc_eigs.txt,92.86681652517427,92.86681652517427,0.08086250290729143,0.08086250290729143
2500,1148.4534015926486,1241.8090988249032,loaded:unit_ball_P2_h008_N5000_slepc_eigs.txt,93.35569723225467,93.35569723225467,0.08128818905738026,0.08128818905738026
2501,1148.4534015926486,1242.3072089815942,loaded:unit_ball_P2_h008_N5000_slepc_eigs.txt,93.8538073889456,93.8538073889456,0.0817219116237466,0.0817219116237466
2502,1148.4534015926486,1242.6035323473945,loaded:unit_ball_P2_h008_N5000_slepc_eigs.txt,94.15013075474599,94.15013075474599,0.08197993111795461,0.08197993111795461
2503,1148.4534015926486,1243.3413525704948,loaded:unit_ball_P2_h008_N5000_slepc_eigs.txt,94.88795097784623,94.88795097784623,0.08262237792692138,0.08262237792692138
2504,1151.727319945205,1243.4491236255665,loaded:unit_ball_P2_h008_N5000_slepc_eigs.txt,91.72180368036152,91.72180368036152,0.07963847179098375,0.07963847179098375
2505,1151.727319945205,1243.8287322870478,loaded:unit_ball_P2_h008_N5000_slepc_eigs.txt,92.10141234184289,92.10141234184289,0.07996807121517682,0.07996807121517682
2506,1151.727319945205,1244.4107173126429,loaded:unit_ball_P2_h008_N5000_slepc_eigs.txt,92.68339736743792,92.68339736743792,0.08047338615866771,0.08047338615866771
2507,1151.727319945205,1245.027832046124,loaded:unit_ball_P2_h008_N5000_slepc_eigs.txt,93.30051210091915,93.30051210091915,0.08100920286006418,0.08100920286006418
2508,1151.727319945205,1245.131518620697,loaded:unit_ball_P2_h008_N5000_slepc_eigs.txt,93.40419867549213,93.40419867549213,0.08109922987668293,0.08109922987668293
2509,1151.727319945205,1245.3064154276467,loaded:unit_ball_P2_h008_N5000_slepc_eigs.txt,93.57909548244174,93.57909548244174,0.08125108596615899,0.08125108596615899
2510,1151.727319945205,1246.061017699067,loaded:unit_ball_P2_h008_N5000_slepc_eigs.txt,94.333697753862,94.333697753862,0.08190627774493536,0.08190627774493536
2511,1151.727319945205,1246.336557721747,loaded:unit_ball_P2_h008_N5000_slepc_eigs.txt,94.60923777654216,94.60923777654216,0.08214551842101248,0.08214551842101248
2512,1151.727319945205,1247.5067437407236,loaded:unit_ball_P2_h008_N5000_slepc_eigs.txt,95.7794237955186,95.7794237955186,0.08316154539086165,0.08316154539086165
2513,1151.727319945205,1247.8881667096184,loaded:unit_ball_P2_h008_N5000_slepc_eigs.txt,96.16084676441346,96.16084676441346,0.0834927201075585,0.0834927201075585
2514,1151.727319945205,1248.2493790718756,loaded:unit_ball_P2_h008_N5000_slepc_eigs.txt,96.52205912667068,96.52205912667068,0.08380634674122592,0.08380634674122592
2515,1151.727319945205,1249.2378235042354,loaded:unit_ball_P2_h008_N5000_slepc_eigs.txt,97.51050355903044,97.51050355903044,0.08466457456585265,0.08466457456585265
2516,1151.727319945205,1249.5816755305664,loaded:unit_ball_P2_h008_N5000_slepc_eigs.txt,97.85435558536142,97.85435558536142,0.0849631278956003,0.0849631278956003
2517,1168.2364884767699,1251.1844365256795,loaded:unit_ball_P2_h008_N5000_slepc_eigs.txt,82.94794804890967,82.94794804890967,0.0710027026780024,0.0710027026780024
2518,1168.2364884767699,1251.9943437133554,loaded:unit_ball_P2_h008_N5000_slepc_eigs.txt,83.75785523658556,83.75785523658556,0.07169597599694479,0.07169597599694479
2519,1168.2364884767699,1252.238949187756,loaded:unit_ball_P2_h008_N5000_slepc_eigs.txt,84.00246071098604,84.00246071098604,0.07190535609833112,0.07190535609833112
2520,1168.2364884767699,1253.019488090551,loaded:unit_ball_P2_h008_N5000_slepc_eigs.txt,84.78299961378116,84.78299961378116,0.07257349042771921,0.07257349042771921
2521,1168.2364884767699,1253.3875877823252,loaded:unit_ball_P2_h008_N5000_slepc_eigs.txt,85.15109930555536,85.15109930555536,0.07288858047618547,0.07288858047618547
2522,1168.2364884767699,1253.5798018333376,loaded:unit_ball_P2_h008_N5000_slepc_eigs.txt,85.3433133565677,85.3433133565677,0.07305311398708698,0.07305311398708698
2523,1168.2364884767699,1253.7922384390608,loaded:unit_ball_P2_h008_N5000_slepc_eigs.txt,85.55574996229097,85.55574996229097,0.07323495782420276,0.07323495782420276
2524,1168.2364884767699,1254.5314933256977,loaded:unit_ball_P2_h008_N5000_slepc_eigs.txt,86.29500484892787,86.29500484892787,0.07386775340448873,0.07386775340448873
2525,1168.2364884767699,1254.858916230467,loaded:unit_ball_P2_h008_N5000_slepc_eigs.txt,86.62242775369714,86.62242775369714,0.0741480244865846,0.0741480244865846
2526,1168.2364884767699,1255.3074711664294,loaded:unit_ball_P2_h008_N5000_slepc_eigs.txt,87.07098268965956,87.07098268965956,0.07453198350548776,0.07453198350548776
2527,1168.2364884767699,1255.6363737591762,loaded:unit_ball_P2_h008_N5000_slepc_eigs.txt,87.39988528240633,87.39988528240633,0.07481352118727651,0.07481352118727651
2528,1168.2364884767699,1256.368119110136,loaded:unit_ball_P2_h008_N5000_slepc_eigs.txt,88.13163063336606,88.13163063336606,0.07543988867209445,0.07543988867209445
2529,1168.2364884767699,1256.5725185579486,loaded:unit_ball_P2_h008_N5000_slepc_eigs.txt,88.3360300811787,88.3360300811787,0.07561485277382281,0.07561485277382281
2530,1168.2364884767699,1256.984606435549,loaded:unit_ball_P2_h008_N5000_slepc_eigs.txt,88.74811795877918,88.74811795877918,0.07596759631647468,0.07596759631647468
2531,1168.2364884767699,1257.6825604707133,loaded:unit_ball_P2_h008_N5000_slepc_eigs.txt,89.4460719939434,89.4460719939434,0.07656503873677972,0.07656503873677972
2532,1168.2364884767699,1257.7717344698328,loaded:unit_ball_P2_h008_N5000_slepc_eigs.txt,89.53524599306297,89.53524599306297,0.07664137088356607,0.07664137088356607
2533,1168.2364884767699,1258.3000104235923,loaded:unit_ball_P2_h008_N5000_slepc_eigs.txt,90.06352194682245,90.06352194682245,0.07709357038167305,0.07709357038167305
2534,1168.2364884767699,1258.8594875069539,loaded:unit_ball_P2_h008_N5000_slepc_eigs.txt,90.62299903018402,90.62299903018402,0.07757247776804571,0.07757247776804571
2535,1168.2364884767699,1259.2816751858736,loaded:unit_ball_P2_h008_N5000_slepc_eigs.txt,91.04518670910375,91.04518670910375,0.07793386665042021,0.07793386665042021
2536,1168.2364884767699,1259.7610461461422,loaded:unit_ball_P2_h008_N5000_slepc_eigs.txt,91.52455766937237,91.52455766937237,0.07834420391089532,0.07834420391089532
2537,1168.2364884767699,1260.1677807279773,loaded:unit_ball_P2_h008_N5000_slepc_eigs.txt,91.93129225120742,91.93129225120742,0.0786923650801851,0.0786923650801851
2538,1168.2364884767699,1260.6514681765655,loaded:unit_ball_P2_h008_N5000_slepc_eigs.txt,92.4149796997956,92.4149796997956,0.0791063972161089,0.0791063972161089
2539,1168.2364884767699,1261.0437466285064,loaded:unit_ball_P2_h008_N5000_slepc_eigs.txt,92.8072581517365,92.8072581517365,0.07944218406732462,0.07944218406732462
2540,1174.1169577527087,1261.5386291470884,loaded:unit_ball_P2_h008_N5000_slepc_eigs.txt,87.4216713943797,87.4216713943797,0.07445737906869783,0.07445737906869783
2541,1174.1169577527087,1261.7827233565486,loaded:unit_ball_P2_h008_N5000_slepc_eigs.txt,87.66576560383987,87.66576560383987,0.07466527506053101,0.07466527506053101
2542,1174.1169577527087,1262.7179896849148,loaded:unit_ball_P2_h008_N5000_slepc_eigs.txt,88.60103193220607,88.60103193220607,0.07546184504633237,0.07546184504633237
2543,1174.1169577527087,1263.3001849821308,loaded:unit_ball_P2_h008_N5000_slepc_eigs.txt,89.18322722942207,89.18322722942207,0.0759577030555126,0.0759577030555126
2544,1174.1169577527087,1263.5298409794339,loaded:unit_ball_P2_h008_N5000_slepc_eigs.txt,89.41288322672517,89.41288322672517,0.07615330196564389,0.07615330196564389
2545,1174.1169577527087,1263.9788883629897,loaded:unit_ball_P2_h008_N5000_slepc_eigs.txt,89.86193061028098,89.86193061028098,0.07653575737657271,0.07653575737657271
2546,1174.1169577527087,1264.6647290340195,loaded:unit_ball_P2_h008_N5000_slepc_eigs.txt,90.54777128131082,90.54777128131082,0.07711989055555563,0.07711989055555563
2547,1174.1169577527087,1267.0008435644204,loaded:unit_ball_P2_h008_N5000_slepc_eigs.txt,92.8838858117117,92.8838858117117,0.07910956842791365,0.07910956842791365
2548,1174.1169577527087,1268.0555571564223,loaded:unit_ball_P2_h008_N5000_slepc_eigs.txt,93.93859940371362,93.93859940371362,0.08000787211481437,0.08000787211481437
2549,1188.2145657972546,1272.6528002384275,loaded:unit_ball_P2_h008_N5000_slepc_eigs.txt,84.43823444117288,84.43823444117288,0.07106312013985241,0.07106312013985241
2550,1188.2145657972546,1274.52172184149,loaded:unit_ball_P2_h008_N5000_slepc_eigs.txt,86.3071560442354,86.3071560442354,0.07263600239265373,0.07263600239265373
2551,1188.2145657972546,1275.3639913840532,loaded:unit_ball_P2_h008_N5000_slepc_eigs.txt,87.14942558679854,87.14942558679854,0.07334485546246777,0.07334485546246777
2552,1188.2145657972546,1275.599389833029,loaded:unit_ball_P2_h008_N5000_slepc_eigs.txt,87.38482403577427,87.38482403577427,0.07354296652401479,0.07354296652401479
2553,1188.2145657972546,1275.9985230716522,loaded:unit_ball_P2_h008_N5000_slepc_eigs.txt,87.78395727439761,87.78395727439761,0.07387887659456298,0.07387887659456298
2554,1190.6837456015562,1276.3678541627737,loaded:unit_ball_P2_h008_N5000_slepc_eigs.txt,85.6841085612175,85.6841085612175,0.07196210486431748,0.07196210486431748
2555,1190.6837456015562,1276.8700240576886,loaded:unit_ball_P2_h008_N5000_slepc_eigs.txt,86.18627845613241,86.18627845613241,0.07238385404563448,0.07238385404563448
2556,1190.6837456015562,1277.319060537197,loaded:unit_ball_P2_h008_N5000_slepc_eigs.txt,86.63531493564074,86.63531493564074,0.07276097893808983,0.07276097893808983
2557,1190.6837456015562,1277.741692989603,loaded:unit_ball_P2_h008_N5000_slepc_eigs.txt,87.05794738804684,87.05794738804684,0.0731159283139987,0.0731159283139987
2558,1190.6837456015562,1277.875371640465,loaded:unit_ball_P2_h008_N5000_slepc_eigs.txt,87.19162603890868,87.19162603890868,0.07322819880677703,0.07322819880677703
2559,1190.6837456015562,1277.9890262482809,loaded:unit_ball_P2_h008_N5000_slepc_eigs.txt,87.30528064672467,87.30528064672467,0.07332365203542471,0.07332365203542471
2560,1190.6837456015562,1278.4778520695115,loaded:unit_ball_P2_h008_N5000_slepc_eigs.txt,87.79410646795532,87.79410646795532,0.07373419414875783,0.07373419414875783
2561,1190.6837456015562,1278.9339248405286,loaded:unit_ball_P2_h008_N5000_slepc_eigs.txt,88.25017923897235,88.25017923897235,0.07411722849578892,0.07411722849578892
2562,1190.6837456015562,1279.0890859209278,loaded:unit_ball_P2_h008_N5000_slepc_eigs.txt,88.40534031937159,88.40534031937159,0.07424754108380603,0.07424754108380603
2563,1190.6837456015562,1279.1679861930236,loaded:unit_ball_P2_h008_N5000_slepc_eigs.txt,88.48424059146737,88.48424059146737,0.07431380575936512,0.07431380575936512
2564,1190.6837456015562,1279.6348132990115,loaded:unit_ball_P2_h008_N5000_slepc_eigs.txt,88.9510676974553,88.9510676974553,0.07470587217306432,0.07470587217306432
2565,1190.6837456015562,1280.0197642392247,loaded:unit_ball_P2_h008_N5000_slepc_eigs.txt,89.33601863766853,89.33601863766853,0.07502917459626046,0.07502917459626046
2566,1190.6837456015562,1280.048601856784,loaded:unit_ball_P2_h008_N5000_slepc_eigs.txt,89.36485625522778,89.36485625522778,0.07505339397245148,0.07505339397245148
2567,1190.6837456015562,1280.352796631406,loaded:unit_ball_P2_h008_N5000_slepc_eigs.txt,89.6690510298497,89.6690510298497,0.07530887304130214,0.07530887304130214
2568,1190.6837456015562,1280.6141996116023,loaded:unit_ball_P2_h008_N5000_slepc_eigs.txt,89.9304540100461,89.9304540100461,0.07552841326863963,0.07552841326863963
2569,1190.6837456015562,1281.0431345935008,loaded:unit_ball_P2_h008_N5000_slepc_eigs.txt,90.35938899194457,90.35938899194457,0.07588865584647188,0.07588865584647188
2570,1190.6837456015562,1281.341772617893,loaded:unit_ball_P2_h008_N5000_slepc_eigs.txt,90.65802701633675,90.65802701633675,0.07613946805877876,0.07613946805877876
2571,1190.6837456015562,1281.4922861978605,loaded:unit_ball_P2_h008_N5000_slepc_eigs.txt,90.80854059630428,90.80854059630428,0.0762658774269452,0.0762658774269452
2572,1190.6837456015562,1281.959449792727,loaded:unit_ball_P2_h008_N5000_slepc_eigs.txt,91.27570419117069,91.27570419117069,0.07665822644203181,0.07665822644203181
2573,1190.6837456015562,1282.1139543819982,loaded:unit_ball_P2_h008_N5000_slepc_eigs.txt,91.43020878044194,91.43020878044194,0.07678798767362836,0.07678798767362836
2574,1190.6837456015562,1282.4924139285602,loaded:unit_ball_P2_h008_N5000_slepc_eigs.txt,91.80866832700394,91.80866832700394,0.07710583827666216,0.07710583827666216
2575,1190.6837456015562,1283.0777786079539,loaded:unit_ball_P2_h008_N5000_slepc_eigs.txt,92.39403300639765,92.39403300639765,0.07759745889511444,0.07759745889511444
2576,1190.6837456015562,1283.2363348269635,loaded:unit_ball_P2_h008_N5000_slepc_eigs.txt,92.55258922540725,92.55258922540725,0.07773062290242982,0.07773062290242982
2577,1190.6837456015562,1283.3818417598695,loaded:unit_ball_P2_h008_N5000_slepc_eigs.txt,92.69809615831332,92.69809615831332,0.07785282742016476,0.07785282742016476
2578,1190.6837456015562,1283.5415405910114,loaded:unit_ball_P2_h008_N5000_slepc_eigs.txt,92.85779498945521,92.85779498945521,0.07798695105436387,0.07798695105436387
2579,1190.6837456015562,1283.8402599540927,loaded:unit_ball_P2_h008_N5000_slepc_eigs.txt,93.15651435253653,93.15651435253653,0.07823783157925959,0.07823783157925959
2580,1190.6837456015562,1284.2717042358497,loaded:unit_ball_P2_h008_N5000_slepc_eigs.txt,93.5879586342935,93.5879586342935,0.07860018160154783,0.07860018160154783
2581,1190.6837456015562,1284.686015825034,loaded:unit_ball_P2_h008_N5000_slepc_eigs.txt,94.00227022347781,94.00227022347781,0.07894814267073585,0.07894814267073585
2582,1190.6837456015562,1285.065646128263,loaded:unit_ball_P2_h008_N5000_slepc_eigs.txt,94.38190052670689,94.38190052670689,0.07926697653794151,0.07926697653794151
2583,1190.6837456015562,1285.4106471937057,loaded:unit_ball_P2_h008_N5000_slepc_eigs.txt,94.72690159214949,94.72690159214949,0.07955672691600543,0.07955672691600543
2584,1190.6837456015562,1285.4823526910243,loaded:unit_ball_P2_h008_N5000_slepc_eigs.txt,94.79860708946808,94.79860708946808,0.07961694903424923,0.07961694903424923
2585,1190.6837456015562,1285.6583119864106,loaded:unit_ball_P2_h008_N5000_slepc_eigs.txt,94.97456638485437,94.97456638485437,0.07976472907746918,0.07976472907746918
2586,1190.6837456015562,1285.8492407732501,loaded:unit_ball_P2_h008_N5000_slepc_eigs.txt,95.16549517169392,95.16549517169392,0.07992508130159658,0.07992508130159658
2587,1190.6837456015562,1285.9226765280557,loaded:unit_ball_P2_h008_N5000_slepc_eigs.txt,95.2389309264995,95.2389309264995,0.07998675658277588,0.07998675658277588
2588,1190.6837456015562,1286.0101794005218,loaded:unit_ball_P2_h008_N5000_slepc_eigs.txt,95.32643379896558,95.32643379896558,0.0800602461830071,0.0800602461830071
2589,1190.6837456015562,1286.221880447618,loaded:unit_ball_P2_h008_N5000_slepc_eigs.txt,95.5381348460619,95.5381348460619,0.08023804406416432,0.08023804406416432
2590,1190.6837456015562,1286.3745047094303,loaded:unit_ball_P2_h008_N5000_slepc_eigs.txt,95.6907591078741,95.6907591078741,0.08036622609602292,0.08036622609602292
2591,1190.6837456015562,1286.5760860220573,loaded:unit_ball_P2_h008_N5000_slepc_eigs.txt,95.89234042050111,95.89234042050111,0.08053552488201178,0.08053552488201178
2592,1190.6837456015562,1286.919274662945,loaded:unit_ball_P2_h008_N5000_slepc_eigs.txt,96.23552906138889,96.23552906138889,0.08082375308883456,0.08082375308883456
2593,1190.6837456015562,1286.9815888050189,loaded:unit_ball_P2_h008_N5000_slepc_eigs.txt,96.29784320346266,96.29784320346266,0.08087608784380537,0.08087608784380537
2594,1190.6837456015562,1287.4105545823704,loaded:unit_ball_P2_h008_N5000_slepc_eigs.txt,96.72680898081421,96.72680898081421,0.08123635628530898,0.08123635628530898
2595,1190.6837456015562,1287.7352516667959,loaded:unit_ball_P2_h008_N5000_slepc_eigs.txt,97.05150606523966,97.05150606523966,0.08150905429233636,0.08150905429233636
2596,1190.6837456015562,1287.913819327624,loaded:unit_ball_P2_h008_N5000_slepc_eigs.txt,97.23007372606776,97.23007372606776,0.08165902498059656,0.08165902498059656
2597,1190.6837456015562,1288.0032109079023,loaded:unit_ball_P2_h008_N5000_slepc_eigs.txt,97.31946530634605,97.31946530634605,0.08173410081883531,0.08173410081883531
2598,1190.6837456015562,1288.1407557040316,loaded:unit_ball_P2_h008_N5000_slepc_eigs.txt,97.45701010247535,97.45701010247535,0.08184961830753656,0.08184961830753656
2599,1190.6837456015562,1288.527747611634,loaded:unit_ball_P2_h008_N5000_slepc_eigs.txt,97.8440020100777,97.8440020100777,0.08217463484449017,0.08217463484449017
2600,1190.6837456015562,1288.8941046817586,loaded:unit_ball_P2_h008_N5000_slepc_eigs.txt,98.21035908020235,98.21035908020235,0.08248232113942615,0.08248232113942615
2601,1190.6837456015562,1289.0334931081334,loaded:unit_ball_P2_h008_N5000_slepc_eigs.txt,98.34974750657716,98.34974750657716,0.0825993870075794,0.0825993870075794
2602,1190.6837456015562,1289.415186341148,loaded:unit_ball_P2_h008_N5000_slepc_eigs.txt,98.73144073959179,98.73144073959179,0.08291995343373969,0.08291995343373969
2603,1190.6837456015562,1289.5531424456708,loaded:unit_ball_P2_h008_N5000_slepc_eigs.txt,98.86939684411459,98.86939684411459,0.0830358163612655,0.0830358163612655
2604,1190.6837456015562,1289.8017250320008,loaded:unit_ball_P2_h008_N5000_slepc_eigs.txt,99.11797943044462,99.11797943044462,0.08324458933498612,0.08324458933498612
2605,1190.6837456015562,1289.9369748091535,loaded:unit_ball_P2_h008_N5000_slepc_eigs.txt,99.25322920759731,99.25322920759731,0.08335817934379602,0.08335817934379602
2606,1190.6837456015562,1290.0432115542364,loaded:unit_ball_P2_h008_N5000_slepc_eigs.txt,99.35946595268024,99.35946595268024,0.0834474026539112,0.0834474026539112
2607,1190.6837456015562,1290.1029406123932,loaded:unit_ball_P2_h008_N5000_slepc_eigs.txt,99.41919501083703,99.41919501083703,0.0834975663169136,0.0834975663169136
2608,1190.6837456015562,1290.3881948936414,loaded:unit_ball_P2_h008_N5000_slepc_eigs.txt,99.7044492920852,99.7044492920852,0.08373713814469905,0.08373713814469905
2609,1190.6837456015562,1290.5269161102804,loaded:unit_ball_P2_h008_N5000_slepc_eigs.txt,99.84317050872414,99.84317050872414,0.08385364365437059,0.08385364365437059
2610,1190.6837456015562,1290.5484075192505,loaded:unit_ball_P2_h008_N5000_slepc_eigs.txt,99.86466191769432,99.86466191769432,0.08387169329101808,0.08387169329101808
2611,1194.2221325318126,1290.8265673355702,loaded:unit_ball_P2_h008_N5000_slepc_eigs.txt,96.60443480375761,96.60443480375761,0.08089318743318819,0.08089318743318819
2612,1195.1168782615405,1291.013191865932,loaded:unit_ball_P2_h008_N5000_slepc_eigs.txt,95.89631360439148,95.89631360439148,0.08024011320456428,0.08024011320456428
2613,1195.1168782615405,1291.3669959324286,loaded:unit_ball_P2_h008_N5000_slepc_eigs.txt,96.25011767088813,96.25011767088813,0.0805361545984498,0.0805361545984498
2614,1195.1168782615405,1291.405057056444,loaded:unit_ball_P2_h008_N5000_slepc_eigs.txt,96.28817879490362,96.28817879490362,0.08056800179658397,0.08056800179658397
2615,1195.1168782615405,1291.5810573510046,loaded:unit_ball_P2_h008_N5000_slepc_eigs.txt,96.4641790894641,96.4641790894641,0.08071526797427907,0.08071526797427907
2616,1195.1168782615405,1291.7893561238093,loaded:unit_ball_P2_h008_N5000_slepc_eigs.txt,96.6724778622688,96.6724778622688,0.08088955952399571,0.08088955952399571
2617,1195.1168782615405,1291.941209189305,loaded:unit_ball_P2_h008_N5000_slepc_eigs.txt,96.82433092776455,96.82433092776455,0.08101662079160715,0.08101662079160715
2618,1195.1168782615405,1291.9504011348445,loaded:unit_ball_P2_h008_N5000_slepc_eigs.txt,96.83352287330399,96.83352287330399,0.08102431204399145,0.08102431204399145
2619,1195.1168782615405,1292.3342730718198,loaded:unit_ball_P2_h008_N5000_slepc_eigs.txt,97.2173948102793,97.2173948102793,0.08134551237507011,0.08134551237507011
2620,1195.1168782615405,1292.467355424181,loaded:unit_ball_P2_h008_N5000_slepc_eigs.txt,97.35047716264057,97.35047716264057,0.08145686746910481,0.08145686746910481
2621,1195.1168782615405,1292.6269421693225,loaded:unit_ball_P2_h008_N5000_slepc_eigs.txt,97.51006390778207,97.51006390778207,0.08159039980225505,0.08159039980225505
2622,1195.1168782615405,1292.6616475781955,loaded:unit_ball_P2_h008_N5000_slepc_eigs.txt,97.54476931665499,97.54476931665499,0.08161943914518811,0.08161943914518811
2623,1195.1168782615405,1292.8416185747333,loaded:unit_ball_P2_h008_N5000_slepc_eigs.txt,97.7247403131928,97.7247403131928,0.0817700277610895,0.0817700277610895
2624,1195.1168782615405,1292.9619600484411,loaded:unit_ball_P2_h008_N5000_slepc_eigs.txt,97.84508178690066,97.84508178690066,0.0818707220746724,0.0818707220746724
2625,1195.1168782615405,1293.003623349611,loaded:unit_ball_P2_h008_N5000_slepc_eigs.txt,97.88674508807048,97.88674508807048,0.08190558335219901,0.08190558335219901
2626,1195.1168782615405,1293.2912831070446,loaded:unit_ball_P2_h008_N5000_slepc_eigs.txt,98.17440484550411,98.17440484550411,0.0821462792729629,0.0821462792729629
2627,1195.1168782615405,1293.5764271639373,loaded:unit_ball_P2_h008_N5000_slepc_eigs.txt,98.45954890239682,98.45954890239682,0.08238487021086974,0.08238487021086974
2628,1195.1168782615405,1293.6779022666954,loaded:unit_ball_P2_h008_N5000_slepc_eigs.txt,98.56102400515488,98.56102400515488,0.08246977831032329,0.08246977831032329
2629,1195.1168782615405,1293.9218651966885,loaded:unit_ball_P2_h008_N5000_slepc_eigs.txt,98.80498693514801,98.80498693514801,0.08267391142435647,0.08267391142435647
2630,1195.1168782615405,1294.0257141122383,loaded:unit_ball_P2_h008_N5000_slepc_eigs.txt,98.90883585069787,98.90883585069787,0.08276080578376081,0.08276080578376081
2631,1195.1168782615405,1294.2505529210182,loaded:unit_ball_P2_h008_N5000_slepc_eigs.txt,99.13367465947772,99.13367465947772,0.0829489370141614,0.0829489370141614
2632,1195.1168782615405,1294.3614632971962,loaded:unit_ball_P2_h008_N5000_slepc_eigs.txt,99.24458503565575,99.24458503565575,0.08304173996774311,0.08304173996774311
2633,1195.1168782615405,1294.759305715929,loaded:unit_ball_P2_h008_N5000_slepc_eigs.txt,99.64242745438855,99.64242745438855,0.0833746299352177,0.0833746299352177
2634,1195.1168782615405,1294.885406135993,loaded:unit_ball_P2_h008_N5000_slepc_eigs.txt,99.7685278744525,99.7685278744525,0.08348014297947105,0.08348014297947105
2635,1195.1168782615405,1295.0604785871708,loaded:unit_ball_P2_h008_N5000_slepc_eigs.txt,99.94360032563031,99.94360032563031,0.08362663279512196,0.08362663279512196
2636,1195.1168782615405,1295.189122188389,loaded:unit_ball_P2_h008_N5000_slepc_eigs.txt,100.07224392684861,100.07224392684861,0.08373427381631264,0.08373427381631264
2637,1195.1168782615405,1295.301692083306,loaded:unit_ball_P2_h008_N5000_slepc_eigs.txt,100.1848138217656,100.1848138217656,0.08382846535269253,0.08382846535269253
2638,1195.1168782615405,1295.5658630860944,loaded:unit_ball_P2_h008_N5000_slepc_eigs.txt,100.44898482455392,100.44898482455392,0.08404950733410324,0.08404950733410324
2639,1195.1168782615405,1295.8015175770765,loaded:unit_ball_P2_h008_N5000_slepc_eigs.txt,100.68463931553606,100.68463931553606,0.08424668845945471,0.08424668845945471
2640,1195.1168782615405,1296.0213186407261,loaded:unit_ball_P2_h008_N5000_slepc_eigs.txt,100.90444037918564,100.90444037918564,0.08443060441583324,0.08443060441583324
2641,1195.1168782615405,1296.0514679937269,loaded:unit_ball_P2_h008_N5000_slepc_eigs.txt,100.9345897321864,100.9345897321864,0.08445583153256897,0.08445583153256897
2642,1195.1168782615405,1296.2228189483035,loaded:unit_ball_P2_h008_N5000_slepc_eigs.txt,101.105940686763,101.105940686763,0.08459920742968279,0.08459920742968279
2643,1195.1168782615405,1296.5201682046097,loaded:unit_ball_P2_h008_N5000_slepc_eigs.txt,101.40328994306924,101.40328994306924,0.08484801092473405,0.08484801092473405
2644,1195.1168782615405,1296.687476754993,loaded:unit_ball_P2_h008_N5000_slepc_eigs.txt,101.57059849345251,101.57059849345251,0.08498800438765514,0.08498800438765514
2645,1195.1168782615405,1296.9882847285376,loaded:unit_ball_P2_h008_N5000_slepc_eigs.txt,101.87140646699709,101.87140646699709,0.08523970192370044,0.08523970192370044
2646,1195.1168782615405,1297.0966299039674,loaded:unit_ball_P2_h008_N5000_slepc_eigs.txt,101.97975164242689,101.97975164242689,0.08533035847570847,0.08533035847570847
2647,1195.1168782615405,1297.141734141846,loaded:unit_ball_P2_h008_N5000_slepc_eigs.txt,102.0248558803055,102.0248558803055,0.08536809891658001,0.08536809891658001
2648,1195.1168782615405,1297.4387868755068,loaded:unit_ball_P2_h008_N5000_slepc_eigs.txt,102.32190861396634,102.32190861396634,0.0856166542997932,0.0856166542997932
2649,1195.1168782615405,1297.6874100132363,loaded:unit_ball_P2_h008_N5000_slepc_eigs.txt,102.57053175169585,102.57053175169585,0.08582468678787182,0.08582468678787182
2650,1195.1168782615405,1297.751291425305,loaded:unit_ball_P2_h008_N5000_slepc_eigs.txt,102.63441316376452,102.63441316376452,0.08587813880853243,0.08587813880853243
2651,1195.1168782615405,1298.118692120091,loaded:unit_ball_P2_h008_N5000_slepc_eigs.txt,103.00181385855058,103.00181385855058,0.08618555702131885,0.08618555702131885
2652,1195.1168782615405,1298.3033389808868,loaded:unit_ball_P2_h008_N5000_slepc_eigs.txt,103.18646071934631,103.18646071934631,0.08634005811167608,0.08634005811167608
2653,1198.622137008956,1298.5338533268107,loaded:unit_ball_P2_h008_N5000_slepc_eigs.txt,99.9117163178546,99.9117163178546,0.08335547395042651,0.08335547395042651
2654,1198.622137008956,1298.6245208005494,loaded:unit_ball_P2_h008_N5000_slepc_eigs.txt,100.00238379159327,100.00238379159327,0.08343111703337919,0.08343111703337919
2655,1198.622137008956,1298.8078404082262,loaded:unit_ball_P2_h008_N5000_slepc_eigs.txt,100.1857033992701,100.1857033992701,0.08358405898398781,0.08358405898398781
2656,1198.622137008956,1299.3313883259484,loaded:unit_ball_P2_h008_N5000_slepc_eigs.txt,100.70925131699232,100.70925131699232,0.08402085044775026,0.08402085044775026
2657,1198.622137008956,1299.3950384747884,loaded:unit_ball_P2_h008_N5000_slepc_eigs.txt,100.77290146583232,100.77290146583232,0.08407395321206165,0.08407395321206165
2658,1198.622137008956,1299.5186663408945,loaded:unit_ball_P2_h008_N5000_slepc_eigs.txt,100.89652933193838,100.89652933193838,0.08417709486303646,0.08417709486303646
2659,1198.622137008956,1299.8746018314748,loaded:unit_ball_P2_h008_N5000_slepc_eigs.txt,101.25246482251873,101.25246482251873,0.08447404873998433,0.08447404873998433
2660,1198.622137008956,1299.99379986413,loaded:unit_ball_P2_h008_N5000_slepc_eigs.txt,101.37166285517401,101.37166285517401,0.08457349461952793,0.08457349461952793
2661,1198.622137008956,1300.2366067739836,loaded:unit_ball_P2_h008_N5000_slepc_eigs.txt,101.61446976502748,101.61446976502748,0.08477606630776603,0.08477606630776603
2662,1198.622137008956,1300.4339054515492,loaded:unit_ball_P2_h008_N5000_slepc_eigs.txt,101.81176844259312,101.81176844259312,0.0849406708745213,0.0849406708745213
2663,1198.622137008956,1300.833581471868,loaded:unit_ball_P2_h008_N5000_slepc_eigs.txt,102.21144446291191,102.21144446291191,0.08527411709412487,0.08527411709412487
2664,1198.622137008956,1301.0296947272711,loaded:unit_ball_P2_h008_N5000_slepc_eigs.txt,102.40755771831505,102.40755771831505,0.08543773267350381,0.08543773267350381
2665,1198.622137008956,1301.19448351562,loaded:unit_ball_P2_h008_N5000_slepc_eigs.txt,102.57234650666396,102.57234650666396,0.0855752145230883,0.0855752145230883
2666,1198.622137008956,1301.427093343416,loaded:unit_ball_P2_h008_N5000_slepc_eigs.txt,102.8049563344598,102.8049563344598,0.0857692788746581,0.0857692788746581
2667,1198.622137008956,1301.738713148875,loaded:unit_ball_P2_h008_N5000_slepc_eigs.txt,103.11657613991883,103.11657613991883,0.0860292605618282,0.0860292605618282
2668,1198.622137008956,1302.1423474796486,loaded:unit_ball_P2_h008_N5000_slepc_eigs.txt,103.52021047069252,103.52021047069252,0.086366009165338,0.086366009165338
2669,1198.622137008956,1302.3669272615061,loaded:unit_ball_P2_h008_N5000_slepc_eigs.txt,103.74479025255005,103.74479025255005,0.08655337411958283,0.08655337411958283
2670,1198.622137008956,1302.475641209369,loaded:unit_ball_P2_h008_N5000_slepc_eigs.txt,103.853504200413,103.853504200413,0.08664407321857848,0.08664407321857848
2671,1198.622137008956,1302.881672650802,loaded:unit_ball_P2_h008_N5000_slepc_eigs.txt,104.25953564184601,104.25953564184601,0.08698282171061471,0.08698282171061471
2672,1198.622137008956,1303.2437258725772,loaded:unit_ball_P2_h008_N5000_slepc_eigs.txt,104.62158886362113,104.62158886362113,0.08728487955736745,0.08728487955736745
2673,1198.622137008956,1303.5545600326102,loaded:unit_ball_P2_h008_N5000_slepc_eigs.txt,104.93242302365411,104.93242302365411,0.08754420578740743,0.08754420578740743
2674,1198.622137008956,1303.8593691787248,loaded:unit_ball_P2_h008_N5000_slepc_eigs.txt,105.23723216976873,105.23723216976873,0.08779850540085796,0.08779850540085796
2675,1198.622137008956,1304.010575164367,loaded:unit_ball_P2_h008_N5000_slepc_eigs.txt,105.388438155411,105.388438155411,0.08792465523655145,0.08792465523655145
2676,1198.622137008956,1304.2042011518977,loaded:unit_ball_P2_h008_N5000_slepc_eigs.txt,105.58206414294159,105.58206414294159,0.0880861957100269,0.0880861957100269
2677,1198.622137008956,1304.4032875534651,loaded:unit_ball_P2_h008_N5000_slepc_eigs.txt,105.78115054450905,105.78115054450905,0.08825229175933254,0.08825229175933254
2678,1198.622137008956,1304.7880912641788,loaded:unit_ball_P2_h008_N5000_slepc_eigs.txt,106.16595425522269,106.16595425522269,0.08857333014068088,0.08857333014068088
2679,1198.622137008956,1304.9112833182012,loaded:unit_ball_P2_h008_N5000_slepc_eigs.txt,106.2891463092451,106.2891463092451,0.08867610819743346,0.08867610819743346
2680,1198.622137008956,1305.0488837098655,loaded:unit_ball_P2_h008_N5000_slepc_eigs.txt,106.42674670090946,106.42674670090946,0.08879090700467702,0.08879090700467702
2681,1198.622137008956,1305.517789272804,loaded:unit_ball_P2_h008_N5000_slepc_eigs.txt,106.89565226384798,106.89565226384798,0.08918211082818442,0.08918211082818442
2682,1209.0734260278307,1305.8967529631373,loaded:unit_ball_P2_h008_N5000_slepc_eigs.txt,96.82332693530657,96.82332693530657,0.08008060126951948,0.08008060126951948
2683,1209.0734260278307,1306.0804404057728,loaded:unit_ball_P2_h008_N5000_slepc_eigs.txt,97.00701437794214,97.00701437794214,0.08023252541133033,0.08023252541133033
2684,1209.0734260278307,1306.2352478023834,loaded:unit_ball_P2_h008_N5000_slepc_eigs.txt,97.16182177455266,97.16182177455266,0.08036056345540438,0.08036056345540438
2685,1209.0734260278307,1306.5816659438076,loaded:unit_ball_P2_h008_N5000_slepc_eigs.txt,97.5082399159769,97.5082399159769,0.08064707884311109,0.08064707884311109
2686,1209.0734260278307,1307.2492001471971,loaded:unit_ball_P2_h008_N5000_slepc_eigs.txt,98.17577411936645,98.17577411936645,0.08119918278404592,0.08119918278404592
2687,1209.0734260278307,1307.4556855141045,loaded:unit_ball_P2_h008_N5000_slepc_eigs.txt,98.38225948627382,98.38225948627382,0.08136996262459352,0.08136996262459352
2688,1209.0734260278307,1307.5296532453788,loaded:unit_ball_P2_h008_N5000_slepc_eigs.txt,98.45622721754808,98.45622721754808,0.08143113982829508,0.08143113982829508
2689,1209.0734260278307,1308.0180012289325,loaded:unit_ball_P2_h008_N5000_slepc_eigs.txt,98.94457520110177,98.94457520110177,0.08183504249709996,0.08183504249709996
2690,1209.0734260278307,1308.4682275198863,loaded:unit_ball_P2_h008_N5000_slepc_eigs.txt,99.39480149205565,99.39480149205565,0.08220741549055248,0.08220741549055248
2691,1209.0734260278307,1308.674497727564,loaded:unit_ball_P2_h008_N5000_slepc_eigs.txt,99.60107169973321,99.60107169973321,0.08237801737728423,0.08237801737728423
2692,1209.0734260278307,1309.2969826463168,loaded:unit_ball_P2_h008_N5000_slepc_eigs.txt,100.2235566184861,100.2235566184861,0.08289286197261864,0.08289286197261864
2693,1209.0734260278307,1309.7909109803768,loaded:unit_ball_P2_h008_N5000_slepc_eigs.txt,100.7174849525461,100.7174849525461,0.08330138003564704,0.08330138003564704
2694,1209.0734260278307,1309.9413283787567,loaded:unit_ball_P2_h008_N5000_slepc_eigs.txt,100.86790235092599,100.86790235092599,0.08342578720161549,0.08342578720161549
2695,1209.0734260278307,1310.379231501767,loaded:unit_ball_P2_h008_N5000_slepc_eigs.txt,101.30580547393629,101.30580547393629,0.08378796795390359,0.08378796795390359
2696,1209.0734260278307,1310.4834973167433,loaded:unit_ball_P2_h008_N5000_slepc_eigs.txt,101.4100712889126,101.4100712889126,0.083874204085417,0.083874204085417
2697,1209.0734260278307,1310.695984965908,loaded:unit_ball_P2_h008_N5000_slepc_eigs.txt,101.62255893807742,101.62255893807742,0.0840499482913441,0.0840499482913441
2698,1209.0734260278307,1310.830066182261,loaded:unit_ball_P2_h008_N5000_slepc_eigs.txt,101.75664015443022,101.75664015443022,0.08416084413395085,0.08416084413395085
2699,1209.0734260278307,1311.50744059007,loaded:unit_ball_P2_h008_N5000_slepc_eigs.txt,102.43401456223933,102.43401456223933,0.08472108670750116,0.08472108670750116
2700,1209.0734260278307,1311.7272086434164,loaded:unit_ball_P2_h008_N5000_slepc_eigs.txt,102.65378261558567,102.65378261558567,0.08490285238741387,0.08490285238741387
2701,1209.0734260278307,1312.0175542355482,loaded:unit_ball_P2_h008_N5000_slepc_eigs.txt,102.94412820771754,102.94412820771754,0.0851429913118841,0.0851429913118841
2702,1209.0734260278307,1312.14358081587,loaded:unit_ball_P2_h008_N5000_slepc_eigs.txt,103.07015478803942,103.07015478803942,0.0852472253291149,0.0852472253291149
2703,1209.0734260278307,1312.4602980151037,loaded:unit_ball_P2_h008_N5000_slepc_eigs.txt,103.38687198727303,103.38687198727303,0.08550917567258917,0.08550917567258917
2704,1209.0734260278307,1312.7973420819046,loaded:unit_ball_P2_h008_N5000_slepc_eigs.txt,103.72391605407392,103.72391605407392,0.0857879379541391,0.0857879379541391
2705,1209.0734260278307,1313.2964044251862,loaded:unit_ball_P2_h008_N5000_slepc_eigs.txt,104.22297839735552,104.22297839735552,0.08620070225160709,0.08620070225160709
2706,1209.0734260278307,1313.7997780928508,loaded:unit_ball_P2_h008_N5000_slepc_eigs.txt,104.72635206502014,104.72635206502014,0.08661703235764404,0.08661703235764404
2707,1209.0734260278307,1314.0390337071483,loaded:unit_ball_P2_h008_N5000_slepc_eigs.txt,104.9656076793176,104.9656076793176,0.08681491580222811,0.08681491580222811
2708,1209.0734260278307,1314.2755386001938,loaded:unit_ball_P2_h008_N5000_slepc_eigs.txt,105.20211257236315,105.20211257236315,0.08701052418130112,0.08701052418130112
2709,1209.0734260278307,1314.3963974768262,loaded:unit_ball_P2_h008_N5000_slepc_eigs.txt,105.32297144899553,105.32297144899553,0.08711048409608432,0.08711048409608432
2710,1209.0734260278307,1314.5359805169585,loaded:unit_ball_P2_h008_N5000_slepc_eigs.txt,105.4625544891278,105.4625544891278,0.08722593038505855,0.08722593038505855
2711,1209.0734260278307,1314.8077155544804,loaded:unit_ball_P2_h008_N5000_slepc_eigs.txt,105.73428952664972,105.73428952664972,0.08745067689893625,0.08745067689893625
2712,1209.0734260278307,1314.9443871819037,loaded:unit_ball_P2_h008_N5000_slepc_eigs.txt,105.87096115407303,105.87096115407303,0.0875637152177688,0.0875637152177688
2713,1209.0734260278307,1315.2009656405621,loaded:unit_ball_P2_h008_N5000_slepc_eigs.txt,106.12753961273143,106.12753961273143,0.08777592603403109,0.08777592603403109
2714,1209.0734260278307,1315.7998548932142,loaded:unit_ball_P2_h008_N5000_slepc_eigs.txt,106.72642886538347,106.72642886538347,0.08827125513461316,0.08827125513461316
2715,1209.0734260278307,1316.167333496174,loaded:unit_ball_P2_h008_N5000_slepc_eigs.txt,107.09390746834333,107.09390746834333,0.0885751892010223,0.0885751892010223
2716,1209.0734260278307,1316.3250617995764,loaded:unit_ball_P2_h008_N5000_slepc_eigs.txt,107.25163577174567,107.25163577174567,0.08870564306760054,0.08870564306760054
2717,1213.0381025142005,1316.716441157841,loaded:unit_ball_P2_h008_N5000_slepc_eigs.txt,103.67833864364047,103.67833864364047,0.08546997693539206,0.08546997693539206
2718,1213.0381025142005,1317.1428867954567,loaded:unit_ball_P2_h008_N5000_slepc_eigs.txt,104.10478428125612,104.10478428125612,0.08582152866054543,0.08582152866054543
2719,1213.0381025142005,1317.5369718186262,loaded:unit_ball_P2_h008_N5000_slepc_eigs.txt,104.49886930442563,104.49886930442563,0.08614640305843345,0.08614640305843345
2720,1213.0381025142005,1317.9230785762861,loaded:unit_ball_P2_h008_N5000_slepc_eigs.txt,104.88497606208557,104.88497606208557,0.08646470036241728,0.08646470036241728
2721,1213.0381025142005,1318.2647647841993,loaded:unit_ball_P2_h008_N5000_slepc_eigs.txt,105.22666226999877,105.22666226999877,0.08674637841292947,0.08674637841292947
2722,1213.0381025142005,1318.596013548232,loaded:unit_ball_P2_h008_N5000_slepc_eigs.txt,105.55791103403135,105.55791103403135,0.0870194520808926,0.0870194520808926
2723,1213.0381025142005,1319.003805085695,loaded:unit_ball_P2_h008_N5000_slepc_eigs.txt,105.96570257149438,105.96570257149438,0.08735562580587107,0.08735562580587107
2724,1213.0381025142005,1319.2847419603195,loaded:unit_ball_P2_h008_N5000_slepc_eigs.txt,106.24663944611893,106.24663944611893,0.08758722353890376,0.08758722353890376
2725,1213.0381025142005,1319.3460539506261,loaded:unit_ball_P2_h008_N5000_slepc_eigs.txt,106.30795143642558,106.30795143642558,0.08763776769755761,0.08763776769755761
2726,1213.0381025142005,1319.7245438668783,loaded:unit_ball_P2_h008_N5000_slepc_eigs.txt,106.68644135267778,106.68644135267778,0.08794978585714197,0.08794978585714197
2727,1213.0381025142005,1320.2288549366638,loaded:unit_ball_P2_h008_N5000_slepc_eigs.txt,107.19075242246322,107.19075242246322,0.08836552800797812,0.08836552800797812
2728,1213.0381025142005,1320.5057225161634,loaded:unit_ball_P2_h008_N5000_slepc_eigs.txt,107.46762000196281,107.46762000196281,0.08859377111009152,0.08859377111009152
2729,1213.0381025142005,1320.7737118856298,loaded:unit_ball_P2_h008_N5000_slepc_eigs.txt,107.73560937142929,107.73560937142929,0.08881469522526236,0.08881469522526236
2730,1213.0381025142005,1321.3710819360683,loaded:unit_ball_P2_h008_N5000_slepc_eigs.txt,108.33297942186778,108.33297942186778,0.08930715300478335,0.08930715300478335
2731,1213.0381025142005,1321.437977995828,loaded:unit_ball_P2_h008_N5000_slepc_eigs.txt,108.39987548162753,108.39987548162753,0.08936230053858389,0.08936230053858389
2732,1213.0381025142005,1321.77442042213,loaded:unit_ball_P2_h008_N5000_slepc_eigs.txt,108.73631790792956,108.73631790792956,0.08963965573921998,0.08963965573921998
2733,1213.0381025142005,1322.601658942529,loaded:unit_ball_P2_h008_N5000_slepc_eigs.txt,109.56355642832841,109.56355642832841,0.0903216116635098,0.0903216116635098
2734,1213.0381025142005,1322.9887322771413,loaded:unit_ball_P2_h008_N5000_slepc_eigs.txt,109.95062976294071,109.95062976294071,0.09064070579073469,0.09064070579073469
2735,1213.0381025142005,1323.4201455421107,loaded:unit_ball_P2_h008_N5000_slepc_eigs.txt,110.38204302791019,110.38204302791019,0.09099635271070802,0.09099635271070802
2736,1225.2811224572758,1323.5355136776977,loaded:unit_ball_P2_h008_N5000_slepc_eigs.txt,98.2543912204219,98.2543912204219,0.08018926385103751,0.08018926385103751
2737,1225.2811224572758,1323.9679904372615,loaded:unit_ball_P2_h008_N5000_slepc_eigs.txt,98.68686797998566,98.68686797998566,0.08054222510346948,0.08054222510346948
2738,1225.2811224572758,1325.1044822776562,loaded:unit_ball_P2_h008_N5000_slepc_eigs.txt,99.82335982038035,99.82335982038035,0.0814697606865816,0.0814697606865816
2739,1225.2811224572758,1325.2807453685691,loaded:unit_ball_P2_h008_N5000_slepc_eigs.txt,99.99962291129327,99.99962291129327,0.08161361591105404,0.08161361591105404
2740,1225.2811224572758,1325.5212665760184,loaded:unit_ball_P2_h008_N5000_slepc_eigs.txt,100.24014411874259,100.24014411874259,0.08180991470570693,0.08180991470570693
2741,1225.2811224572758,1326.1463513459623,loaded:unit_ball_P2_h008_N5000_slepc_eigs.txt,100.86522888868649,100.86522888868649,0.08232007091270889,0.08232007091270889
2742,1225.2811224572758,1326.457917457039,loaded:unit_ball_P2_h008_N5000_slepc_eigs.txt,101.17679499976316,101.17679499976316,0.08257435224077818,0.08257435224077818
2743,1225.2811224572758,1327.02301568953,loaded:unit_ball_P2_h008_N5000_slepc_eigs.txt,101.74189323225414,101.74189323225414,0.08303555108089226,0.08303555108089226
2744,1225.2811224572758,1327.2218887863903,loaded:unit_ball_P2_h008_N5000_slepc_eigs.txt,101.94076632911447,101.94076632911447,0.08319785921835993,0.08319785921835993
2745,1225.2811224572758,1327.5196751060284,loaded:unit_ball_P2_h008_N5000_slepc_eigs.txt,102.2385526487526,102.2385526487526,0.08344089431796298,0.08344089431796298
2746,1225.2811224572758,1327.979632870645,loaded:unit_ball_P2_h008_N5000_slepc_eigs.txt,102.69851041336915,102.69851041336915,0.08381628389688191,0.08381628389688191
2747,1225.2811224572758,1328.343974079279,loaded:unit_ball_P2_h008_N5000_slepc_eigs.txt,103.06285162200311,103.06285162200311,0.08411363705278728,0.08411363705278728
2748,1225.2811224572758,1328.694622497825,loaded:unit_ball_P2_h008_N5000_slepc_eigs.txt,103.41350004054925,103.41350004054925,0.08439981498544238,0.08439981498544238
2749,1225.2811224572758,1329.5204158910942,loaded:unit_ball_P2_h008_N5000_slepc_eigs.txt,104.23929343381837,104.23929343381837,0.08507377737507996,0.08507377737507996
2750,1225.2811224572758,1329.916513839777,loaded:unit_ball_P2_h008_N5000_slepc_eigs.txt,104.63539138250121,104.63539138250121,0.08539704845256826,0.08539704845256826
2751,1225.2811224572758,1330.1413805199538,loaded:unit_ball_P2_h008_N5000_slepc_eigs.txt,104.86025806267799,104.86025806267799,0.08558057097328237,0.08558057097328237
2752,1225.2811224572758,1330.3060581002678,loaded:unit_ball_P2_h008_N5000_slepc_eigs.txt,105.02493564299198,105.02493564299198,0.08571497080797805,0.08571497080797805
2753,1225.2811224572758,1331.5122649461844,loaded:unit_ball_P2_h008_N5000_slepc_eigs.txt,106.23114248890852,106.23114248890852,0.08669940354248189,0.08669940354248189
2754,1225.2811224572758,1332.179567745272,loaded:unit_ball_P2_h008_N5000_slepc_eigs.txt,106.89844528799608,106.89844528799608,0.08724401553956325,0.08724401553956325
2755,1225.2811224572758,1332.6941570668941,loaded:unit_ball_P2_h008_N5000_slepc_eigs.txt,107.41303460961831,107.41303460961831,0.0876639920757154,0.0876639920757154
2756,1225.2811224572758,1332.7625218629205,loaded:unit_ball_P2_h008_N5000_slepc_eigs.txt,107.48139940564465,107.48139940564465,0.0877197872681601,0.0877197872681601
2757,1225.2811224572758,1333.0704993417876,loaded:unit_ball_P2_h008_N5000_slepc_eigs.txt,107.78937688451174,107.78937688451174,0.08797113977267713,0.08797113977267713
2758,1225.2811224572758,1333.2270814705844,loaded:unit_ball_P2_h008_N5000_slepc_eigs.txt,107.94595901330854,107.94595901330854,0.08809893259175099,0.08809893259175099
2759,1225.2811224572758,1333.6132899103732,loaded:unit_ball_P2_h008_N5000_slepc_eigs.txt,108.33216745309733,108.33216745309733,0.08841413245299937,0.08841413245299937
2760,1225.2811224572758,1334.1899038893907,loaded:unit_ball_P2_h008_N5000_slepc_eigs.txt,108.90878143211489,108.90878143211489,0.08888472974569346,0.08888472974569346
2761,1225.2811224572758,1334.9806846172764,loaded:unit_ball_P2_h008_N5000_slepc_eigs.txt,109.6995621600006,109.6995621600006,0.0895301169253309,0.0895301169253309
2762,1225.2811224572758,1335.9226070593586,loaded:unit_ball_P2_h008_N5000_slepc_eigs.txt,110.64148460208276,110.64148460208276,0.09029885678822307,0.09029885678822307
2763,1225.2811224572758,1336.1284634158521,loaded:unit_ball_P2_h008_N5000_slepc_eigs.txt,110.8473409585763,110.8473409585763,0.09046686423787731,0.09046686423787731
2764,1225.2811224572758,1336.564707585652,loaded:unit_ball_P2_h008_N5000_slepc_eigs.txt,111.28358512837622,111.28358512837622,0.09082290022162368,0.09082290022162368
2765,1225.2811224572758,1336.9281232980643,loaded:unit_ball_P2_h008_N5000_slepc_eigs.txt,111.64700084078845,111.64700084078845,0.09111949804374911,0.09111949804374911
2766,1225.2811224572758,1337.5240106573149,loaded:unit_ball_P2_h008_N5000_slepc_eigs.txt,112.24288820003903,112.24288820003903,0.09160582509827479,0.09160582509827479
2767,1225.2811224572758,1337.8418954613935,loaded:unit_ball_P2_h008_N5000_slepc_eigs.txt,112.56077300411766,112.56077300411766,0.09186526335962752,0.09186526335962752
2768,1225.2811224572758,1338.169193934498,loaded:unit_ball_P2_h008_N5000_slepc_eigs.txt,112.88807147722218,112.88807147722218,0.09213238448563339,0.09213238448563339
2769,1225.2811224572758,1338.233022828689,loaded:unit_ball_P2_h008_N5000_slepc_eigs.txt,112.9519003714131,112.9519003714131,0.09218447775061646,0.09218447775061646
2770,1225.2811224572758,1339.220077766619,loaded:unit_ball_P2_h008_N5000_slepc_eigs.txt,113.9389553093431,113.9389553093431,0.09299005201421931,0.09299005201421931
2771,1225.2811224572758,1339.6266583148445,loaded:unit_ball_P2_h008_N5000_slepc_eigs.txt,114.34553585756862,114.34553585756862,0.09332187835249679,0.09332187835249679
2772,1225.2811224572758,1340.0613175090753,loaded:unit_ball_P2_h008_N5000_slepc_eigs.txt,114.78019505179941,114.78019505179941,0.093676620775492,0.093676620775492
2773,1225.2811224572758,1340.4361943211704,loaded:unit_ball_P2_h008_N5000_slepc_eigs.txt,115.15507186389459,115.15507186389459,0.09398257245076419,0.09398257245076419
2774,1225.2811224572758,1340.5905824041931,loaded:unit_ball_P2_h008_N5000_slepc_eigs.txt,115.30945994691729,115.30945994691729,0.09410857462299473,0.09410857462299473
2775,1225.2811224572758,1341.6749367164691,loaded:unit_ball_P2_h008_N5000_slepc_eigs.txt,116.39381425919328,116.39381425919328,0.09499355872370571,0.09499355872370571
2776,1225.2811224572758,1341.7790865281931,loaded:unit_ball_P2_h008_N5000_slepc_eigs.txt,116.4979640709173,116.4979640709173,0.09507855947154646,0.09507855947154646
2777,1225.2811224572758,1342.3877360898814,loaded:unit_ball_P2_h008_N5000_slepc_eigs.txt,117.10661363260556,117.10661363260556,0.09557530226022798,0.09557530226022798
2778,1225.2811224572758,1342.4649255632185,loaded:unit_ball_P2_h008_N5000_slepc_eigs.txt,117.18380310594262,117.18380310594262,0.09563829961807697,0.09563829961807697
2779,1225.2811224572758,1343.7157151128292,loaded:unit_ball_P2_h008_N5000_slepc_eigs.txt,118.43459265555339,118.43459265555339,0.09665911804634293,0.09665911804634293
2780,1225.2811224572758,1343.871866031317,loaded:unit_ball_P2_h008_N5000_slepc_eigs.txt,118.5907435740412,118.5907435740412,0.09678655893776436,0.09678655893776436
2781,1225.2811224572758,1343.9241514509806,loaded:unit_ball_P2_h008_N5000_slepc_eigs.txt,118.64302899370477,118.64302899370477,0.09682923112025806,0.09682923112025806
2782,1225.2811224572758,1344.7424054612495,loaded:unit_ball_P2_h008_N5000_slepc_eigs.txt,119.46128300397368,119.46128300397368,0.0974970403236088,0.0974970403236088
2783,1225.2811224572758,1345.3569398123486,loaded:unit_ball_P2_h008_N5000_slepc_eigs.txt,120.07581735507279,120.07581735507279,0.09799858591982812,0.09799858591982812
2784,1225.2811224572758,1345.4129440664071,loaded:unit_ball_P2_h008_N5000_slepc_eigs.txt,120.1318216091313,120.1318216091313,0.09804429318898623,0.09804429318898623
2785,1248.4346111535483,1345.9730874738618,loaded:unit_ball_P2_h008_N5000_slepc_eigs.txt,97.53847632031352,97.53847632031352,0.07812862239552008,0.07812862239552008
2786,1248.4346111535483,1346.5563038082432,loaded:unit_ball_P2_h008_N5000_slepc_eigs.txt,98.12169265469493,98.12169265469493,0.07859578049028207,0.07859578049028207
2787,1248.4346111535483,1346.992257585483,loaded:unit_ball_P2_h008_N5000_slepc_eigs.txt,98.5576464319347,98.5576464319347,0.07894498081951433,0.07894498081951433
2788,1248.4346111535483,1347.7294647379827,loaded:unit_ball_P2_h008_N5000_slepc_eigs.txt,99.29485358443435,99.29485358443435,0.07953548603773995,0.07953548603773995
2789,1248.4346111535483,1348.498891617019,loaded:unit_ball_P2_h008_N5000_slepc_eigs.txt,100.0642804634706,100.0642804634706,0.08015179935696562,0.08015179935696562
2790,1248.4346111535483,1348.9600209676635,loaded:unit_ball_P2_h008_N5000_slepc_eigs.txt,100.52540981411516,100.52540981411516,0.08052116539866683,0.08052116539866683
2791,1248.4346111535483,1349.5721925509456,loaded:unit_ball_P2_h008_N5000_slepc_eigs.txt,101.1375813973973,101.1375813973973,0.08101151673770611,0.08101151673770611
2792,1248.4346111535483,1350.0507286228035,loaded:unit_ball_P2_h008_N5000_slepc_eigs.txt,101.61611746925519,101.61611746925519,0.08139482561714811,0.08139482561714811
2793,1248.4346111535483,1353.0800914540755,loaded:unit_ball_P2_h008_N5000_slepc_eigs.txt,104.6454803005272,104.6454803005272,0.08382135465135432,0.08382135465135432
2794,1248.4346111535483,1353.6016833832955,loaded:unit_ball_P2_h008_N5000_slepc_eigs.txt,105.16707222974719,105.16707222974719,0.08423915140623445,0.08423915140623445
2795,1248.4346111535483,1353.8165707740409,loaded:unit_ball_P2_h008_N5000_slepc_eigs.txt,105.38195962049258,105.38195962049258,0.08441127687346003,0.08441127687346003
2796,1248.4346111535483,1355.0045071113973,loaded:unit_ball_P2_h008_N5000_slepc_eigs.txt,106.56989595784898,106.56989595784898,0.08536281756829767,0.08536281756829767
2797,1248.4346111535483,1355.1690632910118,loaded:unit_ball_P2_h008_N5000_slepc_eigs.txt,106.73445213746345,106.73445213746345,0.08549462757912589,0.08549462757912589
2798,1248.4346111535483,1356.9501926445093,loaded:unit_ball_P2_h008_N5000_slepc_eigs.txt,108.51558149096104,108.51558149096104,0.08692131772179329,0.08692131772179329
2799,1248.4346111535483,1358.713658708472,loaded:unit_ball_P2_h008_N5000_slepc_eigs.txt,110.27904755492364,110.27904755492364,0.08833385951469758,0.08833385951469758
2800,1258.6894188580966,1360.8889767786095,loaded:unit_ball_P2_h008_N5000_slepc_eigs.txt,102.19955792051292,102.19955792051292,0.0811952149508256,0.0811952149508256
2801,1258.6894188580966,1361.586547094665,loaded:unit_ball_P2_h008_N5000_slepc_eigs.txt,102.8971282365685,102.8971282365685,0.08174941863729851,0.08174941863729851
2802,1258.6894188580966,1361.9148377056622,loaded:unit_ball_P2_h008_N5000_slepc_eigs.txt,103.2254188475656,103.2254188475656,0.08201023803093012,0.08201023803093012
2803,1258.6894188580966,1363.1282652055047,loaded:unit_ball_P2_h008_N5000_slepc_eigs.txt,104.43884634740812,104.43884634740812,0.08297427846986807,0.08297427846986807
2804,1258.6894188580966,1363.447691698052,loaded:unit_ball_P2_h008_N5000_slepc_eigs.txt,104.75827283995545,104.75827283995545,0.08322805552381131,0.08322805552381131
2805,1258.6894188580966,1363.6013013359957,loaded:unit_ball_P2_h008_N5000_slepc_eigs.txt,104.9118824778991,104.9118824778991,0.083350094873346,0.083350094873346
2806,1258.6894188580966,1363.8071608850628,loaded:unit_ball_P2_h008_N5000_slepc_eigs.txt,105.1177420269662,105.1177420269662,0.08351364558409549,0.08351364558409549
2807,1258.6894188580966,1364.0880915890145,loaded:unit_ball_P2_h008_N5000_slepc_eigs.txt,105.39867273091795,105.39867273091795,0.08373683861308481,0.08373683861308481
2808,1258.6894188580966,1364.516091943467,loaded:unit_ball_P2_h008_N5000_slepc_eigs.txt,105.82667308537043,105.82667308537043,0.08407687512093182,0.08407687512093182
2809,1258.6894188580966,1364.929576392611,loaded:unit_ball_P2_h008_N5000_slepc_eigs.txt,106.24015753451431,106.24015753451431,0.08440537907349463,0.08440537907349463
2810,1258.6894188580966,1365.080211606504,loaded:unit_ball_P2_h008_N5000_slepc_eigs.txt,106.39079274840742,106.39079274840742,0.08452505531104477,0.08452505531104477
2811,1258.6894188580966,1365.593440492826,loaded:unit_ball_P2_h008_N5000_slepc_eigs.txt,106.90402163472936,106.90402163472936,0.08493280394119339,0.08493280394119339
2812,1258.6894188580966,1365.8965065538273,loaded:unit_ball_P2_h008_N5000_slepc_eigs.txt,107.2070876957307,107.2070876957307,0.08517358300587821,0.08517358300587821
2813,1258.6894188580966,1366.0665357705657,loaded:unit_ball_P2_h008_N5000_slepc_eigs.txt,107.37711691246909,107.37711691246909,0.08530866733580977,0.08530866733580977
2814,1258.6894188580966,1366.30742899149,loaded:unit_ball_P2_h008_N5000_slepc_eigs.txt,107.61801013339345,107.61801013339345,0.08550005149882507,0.08550005149882507
2815,1258.6894188580966,1366.7940494469588,loaded:unit_ball_P2_h008_N5000_slepc_eigs.txt,108.10463058886216,108.10463058886216,0.08588666033828776,0.08588666033828776
2816,1258.6894188580966,1367.0724387712874,loaded:unit_ball_P2_h008_N5000_slepc_eigs.txt,108.38301991319076,108.38301991319076,0.08610783429920114,0.08610783429920114
2817,1258.6894188580966,1367.2744441700286,loaded:unit_ball_P2_h008_N5000_slepc_eigs.txt,108.58502531193199,108.58502531193199,0.08626832297552964,0.08626832297552964
2818,1258.6894188580966,1367.6916496170024,loaded:unit_ball_P2_h008_N5000_slepc_eigs.txt,109.00223075890585,109.00223075890585,0.08659978317589612,0.08659978317589612
2819,1258.6894188580966,1367.9872578985505,loaded:unit_ball_P2_h008_N5000_slepc_eigs.txt,109.29783904045394,109.29783904045394,0.0868346372051103,0.0868346372051103
2820,1258.6894188580966,1368.3934629532382,loaded:unit_ball_P2_h008_N5000_slepc_eigs.txt,109.70404409514163,109.70404409514163,0.08715735784500907,0.08715735784500907
2821,1258.6894188580966,1368.4561770565062,loaded:unit_ball_P2_h008_N5000_slepc_eigs.txt,109.76675819840966,109.76675819840966,0.08720718276792368,0.08720718276792368
2822,1258.6894188580966,1368.672175392742,loaded:unit_ball_P2_h008_N5000_slepc_eigs.txt,109.98275653464543,109.98275653464543,0.08737878851355052,0.08737878851355052
2823,1258.6894188580966,1368.8479416993518,loaded:unit_ball_P2_h008_N5000_slepc_eigs.txt,110.15852284125526,110.15852284125526,0.08751843083037343,0.08751843083037343
2824,1258.6894188580966,1369.2669966824303,loaded:unit_ball_P2_h008_N5000_slepc_eigs.txt,110.57757782433373,110.57757782433373,0.08785136044493923,0.08785136044493923
2825,1265.0811994362782,1369.4563710056518,loaded:unit_ball_P2_h008_N5000_slepc_eigs.txt,104.3751715693736,104.3751715693736,0.08250472113243269,0.08250472113243269
2826,1265.0811994362782,1369.6865326827283,loaded:unit_ball_P2_h008_N5000_slepc_eigs.txt,104.60533324645007,104.60533324645007,0.08268665544398442,0.08268665544398442
2827,1265.0811994362782,1369.8556395750568,loaded:unit_ball_P2_h008_N5000_slepc_eigs.txt,104.77444013877857,104.77444013877857,0.08282032820143577,0.08282032820143577
2828,1265.0811994362782,1370.0243316293843,loaded:unit_ball_P2_h008_N5000_slepc_eigs.txt,104.94313219310607,104.94313219310607,0.08295367304475701,0.08295367304475701
2829,1265.0811994362782,1370.3948447391228,loaded:unit_ball_P2_h008_N5000_slepc_eigs.txt,105.31364530284463,105.31364530284463,0.08324654998412159,0.08324654998412159
2830,1265.0811994362782,1370.7482336093678,loaded:unit_ball_P2_h008_N5000_slepc_eigs.txt,105.66703417308963,105.66703417308963,0.08352589084414107,0.08352589084414107
2831,1265.0811994362782,1371.0347600998396,loaded:unit_ball_P2_h008_N5000_slepc_eigs.txt,105.95356066356135,105.95356066356135,0.08375237946052347,0.08375237946052347
2832,1265.0811994362782,1371.107535615886,loaded:unit_ball_P2_h008_N5000_slepc_eigs.txt,106.02633617960782,106.02633617960782,0.08380990582015865,0.08380990582015865
2833,1265.0811994362782,1371.1823620188266,loaded:unit_ball_P2_h008_N5000_slepc_eigs.txt,106.10116258254834,106.10116258254834,0.08386905333019505,0.08386905333019505
2834,1265.0811994362782,1371.4940417004493,loaded:unit_ball_P2_h008_N5000_slepc_eigs.txt,106.4128422641711,106.4128422641711,0.08411542461589723,0.08411542461589723
2835,1265.0811994362782,1371.6860360855012,loaded:unit_ball_P2_h008_N5000_slepc_eigs.txt,106.60483664922299,106.60483664922299,0.08426718909167746,0.08426718909167746
2836,1265.0811994362782,1371.8913967523574,loaded:unit_ball_P2_h008_N5000_slepc_eigs.txt,106.81019731607921,106.81019731607921,0.08442951911993789,0.08442951911993789
2837,1265.0811994362782,1372.0899278413624,loaded:unit_ball_P2_h008_N5000_slepc_eigs.txt,107.00872840508418,107.00872840508418,0.08458645061895427,0.08458645061895427
2838,1265.0811994362782,1372.3832359774926,loaded:unit_ball_P2_h008_N5000_slepc_eigs.txt,107.30203654121442,107.30203654121442,0.08481829987595131,0.08481829987595131
2839,1265.0811994362782,1372.608624391906,loaded:unit_ball_P2_h008_N5000_slepc_eigs.txt,107.5274249556278,107.5274249556278,0.08499646109952638,0.08499646109952638
2840,1265.0811994362782,1372.7917742179957,loaded:unit_ball_P2_h008_N5000_slepc_eigs.txt,107.71057478171747,107.71057478171747,0.08514123427785776,0.08514123427785776
2841,1265.0811994362782,1373.144542078518,loaded:unit_ball_P2_h008_N5000_slepc_eigs.txt,108.06334264223983,108.06334264223983,0.08542008425261002,0.08542008425261002
2842,1265.0811994362782,1373.5715488971066,loaded:unit_ball_P2_h008_N5000_slepc_eigs.txt,108.49034946082838,108.49034946082838,0.08575761738390533,0.08575761738390533
2843,1265.0811994362782,1373.6027673629378,loaded:unit_ball_P2_h008_N5000_slepc_eigs.txt,108.5215679266596,108.5215679266596,0.08578229442901922,0.08578229442901922
2844,1265.0811994362782,1373.8885995565206,loaded:unit_ball_P2_h008_N5000_slepc_eigs.txt,108.80740012024239,108.80740012024239,0.08600823422933414,0.08600823422933414
2845,1265.0811994362782,1374.52466880085,loaded:unit_ball_P2_h008_N5000_slepc_eigs.txt,109.44346936457168,109.44346936457168,0.0865110234926737,0.0865110234926737
2846,1265.0811994362782,1374.6293785939645,loaded:unit_ball_P2_h008_N5000_slepc_eigs.txt,109.54817915768626,109.54817915768626,0.08659379271978832,0.08659379271978832
2847,1265.0811994362782,1374.7981236215287,loaded:unit_ball_P2_h008_N5000_slepc_eigs.txt,109.71692418525049,109.71692418525049,0.08672717943649821,0.08672717943649821
2848,1265.0811994362782,1375.0917479674256,loaded:unit_ball_P2_h008_N5000_slepc_eigs.txt,110.01054853114738,110.01054853114738,0.086959278645646,0.086959278645646
2849,1265.0811994362782,1375.305529083666,loaded:unit_ball_P2_h008_N5000_slepc_eigs.txt,110.22432964738778,110.22432964738778,0.08712826472838572,0.08712826472838572
2850,1265.0811994362782,1375.469626961814,loaded:unit_ball_P2_h008_N5000_slepc_eigs.txt,110.38842752553569,110.38842752553569,0.08725797804498629,0.08725797804498629
2851,1265.0811994362782,1375.7046106631512,loaded:unit_ball_P2_h008_N5000_slepc_eigs.txt,110.62341122687303,110.62341122687303,0.08744372398875816,0.08744372398875816
2852,1265.0811994362782,1375.8635340293765,loaded:unit_ball_P2_h008_N5000_slepc_eigs.txt,110.78233459309831,110.78233459309831,0.08756934704465062,0.08756934704465062
2853,1265.0811994362782,1376.0265468838638,loaded:unit_ball_P2_h008_N5000_slepc_eigs.txt,110.94534744758562,110.94534744758562,0.08769820269009057,0.08769820269009057
2854,1265.0811994362782,1376.354975091919,loaded:unit_ball_P2_h008_N5000_slepc_eigs.txt,111.27377565564075,111.27377565564075,0.08795781306782875,0.08795781306782875
2855,1265.0811994362782,1376.866935106589,loaded:unit_ball_P2_h008_N5000_slepc_eigs.txt,111.78573567031071,111.78573567031071,0.08836249856540637,0.08836249856540637
2856,1265.0811994362782,1377.270926723223,loaded:unit_ball_P2_h008_N5000_slepc_eigs.txt,112.18972728694484,112.18972728694484,0.0886818390289388,0.0886818390289388
2857,1265.0811994362782,1377.3599175372926,loaded:unit_ball_P2_h008_N5000_slepc_eigs.txt,112.27871810101442,112.27871810101442,0.0887521829832314,0.0887521829832314
2858,1265.0811994362782,1377.5923102306829,loaded:unit_ball_P2_h008_N5000_slepc_eigs.txt,112.51111079440466,112.51111079440466,0.08893588083084292,0.08893588083084292
2859,1265.0811994362782,1377.9111445073238,loaded:unit_ball_P2_h008_N5000_slepc_eigs.txt,112.82994507104559,112.82994507104559,0.08918790755986473,0.08918790755986473
2860,1265.0811994362782,1378.2466326509677,loaded:unit_ball_P2_h008_N5000_slepc_eigs.txt,113.16543321468953,113.16543321468953,0.0894530985561371,0.0894530985561371
2861,1265.0811994362782,1378.4328180741672,loaded:unit_ball_P2_h008_N5000_slepc_eigs.txt,113.35161863788903,113.35161863788903,0.0896002712619543,0.0896002712619543
2862,1265.0811994362782,1378.653547830688,loaded:unit_ball_P2_h008_N5000_slepc_eigs.txt,113.5723483944098,113.5723483944098,0.08977474998839426,0.08977474998839426
2863,1265.0811994362782,1378.8049317521672,loaded:unit_ball_P2_h008_N5000_slepc_eigs.txt,113.72373231588904,113.72373231588904,0.08989441339146015,0.08989441339146015
2864,1265.0811994362782,1379.4687992992726,loaded:unit_ball_P2_h008_N5000_slepc_eigs.txt,114.38759986299442,114.38759986299442,0.09041917618724053,0.09041917618724053
2865,1265.0811994362782,1379.7253579615408,loaded:unit_ball_P2_h008_N5000_slepc_eigs.txt,114.64415852526258,114.64415852526258,0.09062197634139861,0.09062197634139861
2866,1265.0811994362782,1380.1415669388582,loaded:unit_ball_P2_h008_N5000_slepc_eigs.txt,115.06036750258,115.06036750258,0.09095097417766626,0.09095097417766626
2867,1265.0811994362782,1380.351200174224,loaded:unit_ball_P2_h008_N5000_slepc_eigs.txt,115.2700007379458,115.2700007379458,0.09111668151365324,0.09111668151365324
2868,1265.0811994362782,1380.6513266747322,loaded:unit_ball_P2_h008_N5000_slepc_eigs.txt,115.570127238454,115.570127238454,0.09135392043605754,0.09135392043605754
2869,1265.0811994362782,1381.0719463569685,loaded:unit_ball_P2_h008_N5000_slepc_eigs.txt,115.9907469206903,115.9907469206903,0.09168640477178534,0.09168640477178534
2870,1265.0811994362782,1381.280153509336,loaded:unit_ball_P2_h008_N5000_slepc_eigs.txt,116.19895407305785,116.19895407305785,0.09185098484179217,0.09185098484179217
2871,1265.0811994362782,1381.7303172012455,loaded:unit_ball_P2_h008_N5000_slepc_eigs.txt,116.64911776496729,116.64911776496729,0.09220682262683715,0.09220682262683715
2872,1265.0811994362782,1381.834160519777,loaded:unit_ball_P2_h008_N5000_slepc_eigs.txt,116.7529610834988,116.7529610834988,0.09228890693777132,0.09228890693777132
2873,1265.0811994362782,1382.2925140743107,loaded:unit_ball_P2_h008_N5000_slepc_eigs.txt,117.21131463803249,117.21131463803249,0.09265121850697172,0.09265121850697172
2874,1265.0811994362782,1382.5137975620316,loaded:unit_ball_P2_h008_N5000_slepc_eigs.txt,117.43259812575343,117.43259812575343,0.09282613493748981,0.09282613493748981
2875,1265.0811994362782,1382.6653350018216,loaded:unit_ball_P2_h008_N5000_slepc_eigs.txt,117.58413556554342,117.58413556554342,0.09294591969111474,0.09294591969111474
2876,1265.0811994362782,1383.1710311145675,loaded:unit_ball_P2_h008_N5000_slepc_eigs.txt,118.08983167828933,118.08983167828933,0.09334565380539234,0.09334565380539234
2877,1265.0811994362782,1383.5589016884703,loaded:unit_ball_P2_h008_N5000_slepc_eigs.txt,118.4777022521921,118.4777022521921,0.09365225117959694,0.09365225117959694
2878,1265.0811994362782,1384.2321503572894,loaded:unit_ball_P2_h008_N5000_slepc_eigs.txt,119.15095092101114,119.15095092101114,0.0941844294058792,0.0941844294058792
2879,1265.0811994362782,1384.505206492166,loaded:unit_ball_P2_h008_N5000_slepc_eigs.txt,119.42400705588784,119.42400705588784,0.09440027020329077,0.09440027020329077
2880,1265.0811994362782,1384.968124630676,loaded:unit_ball_P2_h008_N5000_slepc_eigs.txt,119.88692519439769,119.88692519439769,0.09476618990766715,0.09476618990766715
2881,1265.0811994362782,1385.1759395505867,loaded:unit_ball_P2_h008_N5000_slepc_eigs.txt,120.09474011430848,120.09474011430848,0.09493045993239237,0.09493045993239237
2882,1265.0811994362782,1385.6026395109538,loaded:unit_ball_P2_h008_N5000_slepc_eigs.txt,120.52144007467564,120.52144007467564,0.09526775050358834,0.09526775050358834
2883,1265.0811994362782,1385.8394606616155,loaded:unit_ball_P2_h008_N5000_slepc_eigs.txt,120.75826122533726,120.75826122533726,0.09545494888323951,0.09545494888323951
2884,1275.0310518588026,1386.2094981844998,loaded:unit_ball_P2_h008_N5000_slepc_eigs.txt,111.17844632569722,111.17844632569722,0.08719665780971832,0.08719665780971832
2885,1275.0310518588026,1386.4461903533333,loaded:unit_ball_P2_h008_N5000_slepc_eigs.txt,111.41513849453077,111.41513849453077,0.08738229420538765,0.08738229420538765
2886,1275.0310518588026,1386.9577416563566,loaded:unit_ball_P2_h008_N5000_slepc_eigs.txt,111.92668979755399,111.92668979755399,0.08778350114248731,0.08778350114248731
2887,1275.0310518588026,1387.1361681687254,loaded:unit_ball_P2_h008_N5000_slepc_eigs.txt,112.10511630992278,112.10511630992278,0.08792344009700036,0.08792344009700036
2888,1275.0310518588026,1387.6445071460114,loaded:unit_ball_P2_h008_N5000_slepc_eigs.txt,112.61345528720881,112.61345528720881,0.0883221276242923,0.0883221276242923
2889,1275.0310518588026,1387.7745979506976,loaded:unit_ball_P2_h008_N5000_slepc_eigs.txt,112.74354609189504,112.74354609189504,0.08842415714310016,0.08842415714310016
2890,1275.0310518588026,1388.2070955297622,loaded:unit_ball_P2_h008_N5000_slepc_eigs.txt,113.17604367095964,113.17604367095964,0.08876336266945505,0.08876336266945505
2891,1275.0310518588026,1388.3729648721899,loaded:unit_ball_P2_h008_N5000_slepc_eigs.txt,113.34191301338728,113.34191301338728,0.08889345310308475,0.08889345310308475
2892,1275.0310518588026,1388.6886791940256,loaded:unit_ball_P2_h008_N5000_slepc_eigs.txt,113.65762733522297,113.65762733522297,0.08914106614856739,0.08914106614856739
2893,1275.0310518588026,1389.1562507697795,loaded:unit_ball_P2_h008_N5000_slepc_eigs.txt,114.1251989109769,114.1251989109769,0.08950778002198426,0.08950778002198426
2894,1275.0310518588026,1389.230978208103,loaded:unit_ball_P2_h008_N5000_slepc_eigs.txt,114.19992634930031,114.19992634930031,0.08956638835016141,0.08956638835016141
2895,1276.6893236098872,1389.5220389805052,loaded:unit_ball_P2_h008_N5000_slepc_eigs.txt,112.83271537061796,112.83271537061796,0.0883791485398963,0.0883791485398963
2896,1276.6893236098872,1389.6015036510726,loaded:unit_ball_P2_h008_N5000_slepc_eigs.txt,112.91218004118537,112.91218004118537,0.0884413913025621,0.0884413913025621
2897,1276.6893236098872,1390.215456840372,loaded:unit_ball_P2_h008_N5000_slepc_eigs.txt,113.5261332304849,113.5261332304849,0.08892228604958133,0.08892228604958133
2898,1276.6893236098872,1390.5093364296122,loaded:unit_ball_P2_h008_N5000_slepc_eigs.txt,113.82001281972498,113.82001281972498,0.08915247485417564,0.08915247485417564
2899,1276.6893236098872,1390.926655462334,loaded:unit_ball_P2_h008_N5000_slepc_eigs.txt,114.23733185244691,114.23733185244691,0.08947935080199194,0.08947935080199194
2900,1276.6893236098872,1391.0330079589744,loaded:unit_ball_P2_h008_N5000_slepc_eigs.txt,114.3436843490872,114.3436843490872,0.08956265415126691,0.08956265415126691
2901,1276.6893236098872,1391.479296467132,loaded:unit_ball_P2_h008_N5000_slepc_eigs.txt,114.78997285724472,114.78997285724472,0.08991222119150472,0.08991222119150472
2902,1276.6893236098872,1392.108398580505,loaded:unit_ball_P2_h008_N5000_slepc_eigs.txt,115.41907497061788,115.41907497061788,0.09040498172591128,0.09040498172591128
2903,1276.6893236098872,1392.3689323801332,loaded:unit_ball_P2_h008_N5000_slepc_eigs.txt,115.67960877024598,115.67960877024598,0.09060905157658679,0.09060905157658679
2904,1276.6893236098872,1392.6069308167,loaded:unit_ball_P2_h008_N5000_slepc_eigs.txt,115.91760720681282,115.91760720681282,0.09079547002010749,0.09079547002010749
2905,1276.6893236098872,1393.0938712753496,loaded:unit_ball_P2_h008_N5000_slepc_eigs.txt,116.40454766546236,116.40454766546236,0.0911768787541233,0.0911768787541233
2906,1276.6893236098872,1393.4612371058806,loaded:unit_ball_P2_h008_N5000_slepc_eigs.txt,116.77191349599343,116.77191349599343,0.09146462756171285,0.09146462756171285
2907,1276.6893236098872,1393.6308011197905,loaded:unit_ball_P2_h008_N5000_slepc_eigs.txt,116.94147750990328,116.94147750990328,0.09159744297010869,0.09159744297010869
2908,1276.6893236098872,1393.8943776372012,loaded:unit_ball_P2_h008_N5000_slepc_eigs.txt,117.20505402731396,117.20505402731396,0.09180389610834393,0.09180389610834393
2909,1276.6893236098872,1394.7299691718308,loaded:unit_ball_P2_h008_N5000_slepc_eigs.txt,118.04064556194362,118.04064556194362,0.09245839483342685,0.09245839483342685
2910,1276.6893236098872,1394.926377721958,loaded:unit_ball_P2_h008_N5000_slepc_eigs.txt,118.23705411207084,118.23705411207084,0.0926122369205306,0.0926122369205306
2911,1276.6893236098872,1395.292260552095,loaded:unit_ball_P2_h008_N5000_slepc_eigs.txt,118.60293694220786,118.60293694220786,0.0928988241296274,0.0928988241296274
2912,1276.6893236098872,1395.5658363309362,loaded:unit_ball_P2_h008_N5000_slepc_eigs.txt,118.87651272104904,118.87651272104904,0.09311310944852363,0.09311310944852363
2913,1276.6893236098872,1395.8221281941603,loaded:unit_ball_P2_h008_N5000_slepc_eigs.txt,119.13280458427312,119.13280458427312,0.09331385669257468,0.09331385669257468
2914,1276.6893236098872,1395.934067480858,loaded:unit_ball_P2_h008_N5000_slepc_eigs.txt,119.24474387097075,119.24474387097075,0.09340153603995195,0.09340153603995195
2915,1276.6893236098872,1396.6114511787675,loaded:unit_ball_P2_h008_N5000_slepc_eigs.txt,119.92212756888034,119.92212756888034,0.09393211437673497,0.09393211437673497
2916,1276.6893236098872,1396.823314605278,loaded:unit_ball_P2_h008_N5000_slepc_eigs.txt,120.13399099539083,120.13399099539083,0.0940980618963018,0.0940980618963018
2917,1276.6893236098872,1397.1638769319156,loaded:unit_ball_P2_h008_N5000_slepc_eigs.txt,120.47455332202844,120.47455332202844,0.09436481616481456,0.09436481616481456
2918,1276.6893236098872,1397.3895049804692,loaded:unit_ball_P2_h008_N5000_slepc_eigs.txt,120.70018137058196,120.70018137058196,0.094541545181327,0.094541545181327
2919,1276.6893236098872,1397.6606280690312,loaded:unit_ball_P2_h008_N5000_slepc_eigs.txt,120.971304459144,120.971304459144,0.09475390936699703,0.09475390936699703
2920,1276.6893236098872,1397.7561517404706,loaded:unit_ball_P2_h008_N5000_slepc_eigs.txt,121.06682813058342,121.06682813058342,0.09482873075828847,0.09482873075828847
2921,1276.6893236098872,1398.1009673915446,loaded:unit_ball_P2_h008_N5000_slepc_eigs.txt,121.4116437816574,121.4116437816574,0.09509881655339719,0.09509881655339719
2922,1276.6893236098872,1398.4939331488501,loaded:unit_ball_P2_h008_N5000_slepc_eigs.txt,121.80460953896295,121.80460953896295,0.09540661716709263,0.09540661716709263
2923,1276.6893236098872,1398.5651450904254,loaded:unit_ball_P2_h008_N5000_slepc_eigs.txt,121.8758214805382,121.8758214805382,0.09546239576589372,0.09546239576589372
2924,1276.6893236098872,1398.7779985689895,loaded:unit_ball_P2_h008_N5000_slepc_eigs.txt,122.08867495910226,122.08867495910226,0.09562911876939013,0.09562911876939013
2925,1276.6893236098872,1399.0423805699504,loaded:unit_ball_P2_h008_N5000_slepc_eigs.txt,122.35305696006321,122.35305696006321,0.09583620282349141,0.09583620282349141
2926,1276.6893236098872,1399.2393127107962,loaded:unit_ball_P2_h008_N5000_slepc_eigs.txt,122.54998910090899,122.54998910090899,0.09599045502659509,0.09599045502659509
2927,1276.6893236098872,1399.56617520722,loaded:unit_ball_P2_h008_N5000_slepc_eigs.txt,122.87685159733292,122.87685159733292,0.09624647854804173,0.09624647854804173
2928,1276.6893236098872,1399.7908640811154,loaded:unit_ball_P2_h008_N5000_slepc_eigs.txt,123.10154047122819,123.10154047122819,0.09642247193166302,0.09642247193166302
2929,1276.6893236098872,1400.1209198673284,loaded:unit_ball_P2_h008_N5000_slepc_eigs.txt,123.43159625744124,123.43159625744124,0.09668099668009579,0.09668099668009579
2930,1276.6893236098872,1400.2074291066851,loaded:unit_ball_P2_h008_N5000_slepc_eigs.txt,123.51810549679794,123.51810549679794,0.09674875728383617,0.09674875728383617
2931,1276.6893236098872,1400.5043651373196,loaded:unit_ball_P2_h008_N5000_slepc_eigs.txt,123.81504152743241,123.81504152743241,0.09698134012536481,0.09698134012536481
2932,1276.6893236098872,1401.0408109450088,loaded:unit_ball_P2_h008_N5000_slepc_eigs.txt,124.35148733512165,124.35148733512165,0.09740152520701993,0.09740152520701993
2933,1276.6893236098872,1401.0897079765518,loaded:unit_ball_P2_h008_N5000_slepc_eigs.txt,124.40038436666464,124.40038436666464,0.0974398250742145,0.0974398250742145
2934,1276.6893236098872,1401.383914716948,loaded:unit_ball_P2_h008_N5000_slepc_eigs.txt,124.69459110706089,124.69459110706089,0.09767027012843049,0.09767027012843049
2935,1276.6893236098872,1401.5715693257023,loaded:unit_ball_P2_h008_N5000_slepc_eigs.txt,124.88224571581509,124.88224571581509,0.09781725546408254,0.09781725546408254
2936,1276.6893236098872,1401.918303298881,loaded:unit_ball_P2_h008_N5000_slepc_eigs.txt,125.22897968899383,125.22897968899383,0.09808884383469596,0.09808884383469596
2937,1276.6893236098872,1402.1464917805356,loaded:unit_ball_P2_h008_N5000_slepc_eigs.txt,125.4571681706484,125.4571681706484,0.09826757837679219,0.09826757837679219
2938,1286.7397180352102,1402.6140814204543,loaded:unit_ball_P2_h008_N5000_slepc_eigs.txt,115.87436338524412,115.87436338524412,0.09005268257529092,0.09005268257529092
2939,1286.7397180352102,1402.8465645558545,loaded:unit_ball_P2_h008_N5000_slepc_eigs.txt,116.10684652064424,116.10684652064424,0.09023335869194574,0.09023335869194574
2940,1286.7397180352102,1403.2735015836581,loaded:unit_ball_P2_h008_N5000_slepc_eigs.txt,116.5337835484479,116.5337835484479,0.09056515619677101,0.09056515619677101
2941,1286.7397180352102,1403.7634500740096,loaded:unit_ball_P2_h008_N5000_slepc_eigs.txt,117.02373203879938,117.02373203879938,0.09094592356058535,0.09094592356058535
2942,1286.7397180352102,1403.841713574872,loaded:unit_ball_P2_h008_N5000_slepc_eigs.txt,117.10199553966186,117.10199553966186,0.09100674666238716,0.09100674666238716
2943,1286.7397180352102,1404.0040810795776,loaded:unit_ball_P2_h008_N5000_slepc_eigs.txt,117.26436304436743,117.26436304436743,0.09113293185930756,0.09113293185930756
2944,1286.7397180352102,1404.453241579584,loaded:unit_ball_P2_h008_N5000_slepc_eigs.txt,117.71352354437386,117.71352354437386,0.09148200051220674,0.09148200051220674
2945,1286.7397180352102,1404.6410427401318,loaded:unit_ball_P2_h008_N5000_slepc_eigs.txt,117.90132470492154,117.90132470492154,0.0916279516769337,0.0916279516769337
2946,1286.7397180352102,1404.9139622587643,loaded:unit_ball_P2_h008_N5000_slepc_eigs.txt,118.17424422355407,118.17424422355407,0.09184005325024121,0.09184005325024121
2947,1286.7397180352102,1405.715919351823,loaded:unit_ball_P2_h008_N5000_slepc_eigs.txt,118.97620131661279,118.97620131661279,0.09246330057976584,0.09246330057976584
2948,1286.7397180352102,1405.7701786990717,loaded:unit_ball_P2_h008_N5000_slepc_eigs.txt,119.0304606638615,119.0304606638615,0.09250546866278077,0.09250546866278077
2949,1286.7397180352102,1406.2061324388897,loaded:unit_ball_P2_h008_N5000_slepc_eigs.txt,119.46641440367944,119.46641440367944,0.09284427357702063,0.09284427357702063
2950,1286.7397180352102,1406.484249870093,loaded:unit_ball_P2_h008_N5000_slepc_eigs.txt,119.74453183488276,119.74453183488276,0.09306041474940006,0.09306041474940006
2951,1286.7397180352102,1406.5860909681405,loaded:unit_ball_P2_h008_N5000_slepc_eigs.txt,119.84637293293031,119.84637293293031,0.09313956136826954,0.09313956136826954
2952,1286.7397180352102,1406.7570908304158,loaded:unit_ball_P2_h008_N5000_slepc_eigs.txt,120.01737279520557,120.01737279520557,0.09327245527049273,0.09327245527049273
2953,1286.7397180352102,1406.9019580473241,loaded:unit_ball_P2_h008_N5000_slepc_eigs.txt,120.1622400121139,120.1622400121139,0.09338503997964395,0.09338503997964395
2954,1286.7397180352102,1407.59610338046,loaded:unit_ball_P2_h008_N5000_slepc_eigs.txt,120.85638534524969,120.85638534524969,0.09392450054296264,0.09392450054296264
2955,1286.7397180352102,1407.869689708616,loaded:unit_ball_P2_h008_N5000_slepc_eigs.txt,121.12997167340586,121.12997167340586,0.09413712033259183,0.09413712033259183
2956,1286.7397180352102,1408.22798194018,loaded:unit_ball_P2_h008_N5000_slepc_eigs.txt,121.4882639049697,121.4882639049697,0.09441556998837064,0.09441556998837064
2957,1286.7397180352102,1408.4621746815574,loaded:unit_ball_P2_h008_N5000_slepc_eigs.txt,121.72245664634715,121.72245664634715,0.0945975747389002,0.0945975747389002
2958,1286.7397180352102,1408.7727322076491,loaded:unit_ball_P2_h008_N5000_slepc_eigs.txt,122.03301417243893,122.03301417243893,0.09483892698888434,0.09483892698888434
2959,1286.7397180352102,1408.9948469259211,loaded:unit_ball_P2_h008_N5000_slepc_eigs.txt,122.25512889071092,122.25512889071092,0.09501154520775082,0.09501154520775082
2960,1286.7397180352102,1409.2632003605308,loaded:unit_ball_P2_h008_N5000_slepc_eigs.txt,122.52348232532063,122.52348232532063,0.09522009821256477,0.09522009821256477
2961,1286.7397180352102,1409.4809606655708,loaded:unit_ball_P2_h008_N5000_slepc_eigs.txt,122.7412426303606,122.7412426303606,0.09538933236457532,0.09538933236457532
2962,1286.7397180352102,1409.894407443678,loaded:unit_ball_P2_h008_N5000_slepc_eigs.txt,123.15468940846768,123.15468940846768,0.09571064581461664,0.09571064581461664
2963,1286.7397180352102,1410.1003883166504,loaded:unit_ball_P2_h008_N5000_slepc_eigs.txt,123.3606702814402,123.3606702814402,0.09587072548736277,0.09587072548736277
2964,1286.7397180352102,1410.629931266829,loaded:unit_ball_P2_h008_N5000_slepc_eigs.txt,123.89021323161887,123.89021323161887,0.09628226400036309,0.09628226400036309
2965,1286.7397180352102,1410.9960682280812,loaded:unit_ball_P2_h008_N5000_slepc_eigs.txt,124.25635019287097,124.25635019287097,0.09656681025017588,0.09656681025017588
2966,1286.7397180352102,1411.167655415257,loaded:unit_ball_P2_h008_N5000_slepc_eigs.txt,124.42793738004684,124.42793738004684,0.09670016059661415,0.09670016059661415
2967,1286.7397180352102,1411.4734940406424,loaded:unit_ball_P2_h008_N5000_slepc_eigs.txt,124.73377600543222,124.73377600543222,0.0969378455154044,0.0969378455154044
2968,1286.7397180352102,1412.062550857193,loaded:unit_ball_P2_h008_N5000_slepc_eigs.txt,125.32283282198273,125.32283282198273,0.09739563570272368,0.09739563570272368
2969,1293.2227074509603,1412.4435531210413,loaded:unit_ball_P2_h008_N5000_slepc_eigs.txt,119.22084567008096,119.22084567008096,0.09218895166562166,0.09218895166562166
2970,1293.2227074509603,1413.0553764701278,loaded:unit_ball_P2_h008_N5000_slepc_eigs.txt,119.8326690191675,119.8326690191675,0.09266205142296545,0.09266205142296545
2971,1293.2227074509603,1413.350309195864,loaded:unit_ball_P2_h008_N5000_slepc_eigs.txt,120.12760174490359,120.12760174490359,0.09289011169753132,0.09289011169753132
2972,1293.2227074509603,1413.5905853872453,loaded:unit_ball_P2_h008_N5000_slepc_eigs.txt,120.36787793628491,120.36787793628491,0.09307590815006574,0.09307590815006574
2973,1293.2227074509603,1413.6773356458075,loaded:unit_ball_P2_h008_N5000_slepc_eigs.txt,120.45462819484715,120.45462819484715,0.09314298883003093,0.09314298883003093
2974,1293.2227074509603,1414.169481648208,loaded:unit_ball_P2_h008_N5000_slepc_eigs.txt,120.94677419724758,120.94677419724758,0.0935235466408124,0.0935235466408124
2975,1293.2227074509603,1414.3341976066085,loaded:unit_ball_P2_h008_N5000_slepc_eigs.txt,121.1114901556482,121.1114901556482,0.09365091523514005,0.09365091523514005
2976,1294.2922252081178,1414.388027220104,loaded:unit_ball_P2_h008_N5000_slepc_eigs.txt,120.09580201198628,120.09580201198628,0.09278878422736046,0.09278878422736046
2977,1294.2922252081178,1414.594929952377,loaded:unit_ball_P2_h008_N5000_slepc_eigs.txt,120.30270474425924,120.30270474425924,0.09294864204636243,0.09294864204636243
2978,1294.2922252081178,1415.050851988002,loaded:unit_ball_P2_h008_N5000_slepc_eigs.txt,120.75862677988425,120.75862677988425,0.09330089791775321,0.09330089791775321
2979,1294.2922252081178,1415.4395692421747,loaded:unit_ball_P2_h008_N5000_slepc_eigs.txt,121.14734403405691,121.14734403405691,0.09360122982626805,0.09360122982626805
2980,1294.2922252081178,1415.9275608022083,loaded:unit_ball_P2_h008_N5000_slepc_eigs.txt,121.63533559409052,121.63533559409052,0.09397826335125514,0.09397826335125514
2981,1294.2922252081178,1416.6297516739273,loaded:unit_ball_P2_h008_N5000_slepc_eigs.txt,122.33752646580956,122.33752646580956,0.09452079220064703,0.09452079220064703
2982,1294.2922252081178,1416.7067176840624,loaded:unit_ball_P2_h008_N5000_slepc_eigs.txt,122.4144924759446,122.4144924759446,0.09458025791374955,0.09458025791374955
2983,1294.2922252081178,1416.939560544486,loaded:unit_ball_P2_h008_N5000_slepc_eigs.txt,122.64733533636831,122.64733533636831,0.09476015767354783,0.09476015767354783
2984,1294.2922252081178,1417.2985277427977,loaded:unit_ball_P2_h008_N5000_slepc_eigs.txt,123.00630253467989,123.00630253467989,0.09503750400331802,0.09503750400331802
2985,1294.2922252081178,1417.864672443027,loaded:unit_ball_P2_h008_N5000_slepc_eigs.txt,123.5724472349093,123.5724472349093,0.09547492044544985,0.09547492044544985
2986,1294.2922252081178,1417.9954357143972,loaded:unit_ball_P2_h008_N5000_slepc_eigs.txt,123.70321050627945,123.70321050627945,0.09557595116233383,0.09557595116233383
2987,1294.2922252081178,1418.2436515501845,loaded:unit_ball_P2_h008_N5000_slepc_eigs.txt,123.95142634206672,123.95142634206672,0.09576772843716631,0.09576772843716631
2988,1294.2922252081178,1418.800151355497,loaded:unit_ball_P2_h008_N5000_slepc_eigs.txt,124.5079261473793,124.5079261473793,0.09619769301121997,0.09619769301121997
2989,1294.2922252081178,1418.9639807341014,loaded:unit_ball_P2_h008_N5000_slepc_eigs.txt,124.6717555259836,124.6717555259836,0.09632427136455742,0.09632427136455742
2990,1294.2922252081178,1419.3851758335204,loaded:unit_ball_P2_h008_N5000_slepc_eigs.txt,125.09295062540264,125.09295062540264,0.09664969640475753,0.09664969640475753
2991,1294.2922252081178,1419.6766370607013,loaded:unit_ball_P2_h008_N5000_slepc_eigs.txt,125.38441185258353,125.38441185258353,0.09687488606556541,0.09687488606556541
2992,1294.2922252081178,1419.8416338957243,loaded:unit_ball_P2_h008_N5000_slepc_eigs.txt,125.5494086876065,125.5494086876065,0.09700236642263581,0.09700236642263581
2993,1294.2922252081178,1420.1352572514102,loaded:unit_ball_P2_h008_N5000_slepc_eigs.txt,125.8430320432924,125.8430320432924,0.09722922659375263,0.09722922659375263
2994,1294.2922252081178,1420.476905027194,loaded:unit_ball_P2_h008_N5000_slepc_eigs.txt,126.18467981907634,126.18467981907634,0.09749319153855403,0.09749319153855403
2995,1294.2922252081178,1420.7425058577185,loaded:unit_ball_P2_h008_N5000_slepc_eigs.txt,126.4502806496007,126.4502806496007,0.09769840086095544,0.09769840086095544
2996,1294.2922252081178,1420.925442071699,loaded:unit_ball_P2_h008_N5000_slepc_eigs.txt,126.63321686358131,126.63321686358131,0.09783974159561927,0.09783974159561927
2997,1294.2922252081178,1421.009215481763,loaded:unit_ball_P2_h008_N5000_slepc_eigs.txt,126.71699027364525,126.71699027364525,0.09790446686278255,0.09790446686278255
2998,1294.2922252081178,1421.3681209418585,loaded:unit_ball_P2_h008_N5000_slepc_eigs.txt,127.07589573374071,127.07589573374071,0.09818176549218423,0.09818176549218423
2999,1294.2922252081178,1421.6606624349045,loaded:unit_ball_P2_h008_N5000_slepc_eigs.txt,127.36843722678668,127.36843722678668,0.09840778979129405,0.09840778979129405
3000,1294.2922252081178,1421.863058156886,loaded:unit_ball_P2_h008_N5000_slepc_eigs.txt,127.57083294876816,127.57083294876816,0.09856416539028132,0.09856416539028132
3001,1294.2922252081178,1422.1207780154866,loaded:unit_ball_P2_h008_N5000_slepc_eigs.txt,127.82855280736885,127.82855280736885,0.09876328569215848,0.09876328569215848
3002,1294.2922252081178,1422.3019089879444,loaded:unit_ball_P2_h008_N5000_slepc_eigs.txt,128.00968377982667,128.00968377982667,0.09890323165562023,0.09890323165562023
3003,1294.2922252081178,1422.674177743109,loaded:unit_ball_P2_h008_N5000_slepc_eigs.txt,128.38195253499134,128.38195253499134,0.09919085507474787,0.09919085507474787
3004,1294.2922252081178,1423.0040581903108,loaded:unit_ball_P2_h008_N5000_slepc_eigs.txt,128.71183298219307,128.71183298219307,0.09944572831031002,0.09944572831031002
3005,1294.2922252081178,1423.1526085763826,loaded:unit_ball_P2_h008_N5000_slepc_eigs.txt,128.86038336826482,128.86038336826482,0.09956050176191432,0.09956050176191432
3006,1294.2922252081178,1423.3681584362726,loaded:unit_ball_P2_h008_N5000_slepc_eigs.txt,129.07593322815478,129.07593322815478,0.09972704055098516,0.09972704055098516
3007,1294.2922252081178,1423.526445598855,loaded:unit_ball_P2_h008_N5000_slepc_eigs.txt,129.23422039073716,129.23422039073716,0.09984933686050439,0.09984933686050439
3008,1294.2922252081178,1423.7154955539597,loaded:unit_ball_P2_h008_N5000_slepc_eigs.txt,129.42327034584196,129.42327034584196,0.09999540121245118,0.09999540121245118
3009,1294.2922252081178,1424.130331337271,loaded:unit_ball_P2_h008_N5000_slepc_eigs.txt,129.83810612915318,129.83810612915318,0.10031591289847673,0.10031591289847673
3010,1294.2922252081178,1424.4504465660925,loaded:unit_ball_P2_h008_N5000_slepc_eigs.txt,130.15822135797475,130.15822135797475,0.10056324130128014,0.10056324130128014
3011,1294.2922252081178,1424.5221633751592,loaded:unit_ball_P2_h008_N5000_slepc_eigs.txt,130.22993816704138,130.22993816704138,0.10061865136067,0.10061865136067
3012,1294.2922252081178,1424.885068684441,loaded:unit_ball_P2_h008_N5000_slepc_eigs.txt,130.5928434763232,130.5928434763232,0.10089904036572908,0.10089904036572908
3013,1303.254926431107,1425.0256707962794,loaded:unit_ball_P2_h008_N5000_slepc_eigs.txt,121.7707443651725,121.7707443651725,0.09343585962773615,0.09343585962773615
3014,1303.254926431107,1425.0892003213075,loaded:unit_ball_P2_h008_N5000_slepc_eigs.txt,121.83427389020062,121.83427389020062,0.0934846064413792,0.0934846064413792
3015,1303.254926431107,1425.3505292986817,loaded:unit_ball_P2_h008_N5000_slepc_eigs.txt,122.09560286757483,122.09560286757483,0.09368512667120854,0.09368512667120854
3016,1304.399569042754,1425.8254836915853,loaded:unit_ball_P2_h008_N5000_slepc_eigs.txt,121.4259146488314,121.4259146488314,0.09308950840725971,0.09308950840725971
3017,1304.399569042754,1425.851992185739,loaded:unit_ball_P2_h008_N5000_slepc_eigs.txt,121.45242314298503,121.45242314298503,0.09310983077993046,0.09310983077993046
3018,1304.399569042754,1426.1588956136002,loaded:unit_ball_P2_h008_N5000_slepc_eigs.txt,121.75932657084627,121.75932657084627,0.09334511407436336,0.09334511407436336
3019,1304.399569042754,1426.394664311326,loaded:unit_ball_P2_h008_N5000_slepc_eigs.txt,121.99509526857219,121.99509526857219,0.09352586290571949,0.09352586290571949
3020,1304.399569042754,1426.669900682156,loaded:unit_ball_P2_h008_N5000_slepc_eigs.txt,122.270331639402,122.270331639402,0.09373686908615836,0.09373686908615836
3021,1304.399569042754,1427.1136675088778,loaded:unit_ball_P2_h008_N5000_slepc_eigs.txt,122.71409846612391,122.71409846612391,0.0940770768240738,0.0940770768240738
3022,1304.399569042754,1427.2562393295884,loaded:unit_ball_P2_h008_N5000_slepc_eigs.txt,122.85667028683451,122.85667028683451,0.09418637755070254,0.09418637755070254
3023,1304.399569042754,1427.4189354832095,loaded:unit_ball_P2_h008_N5000_slepc_eigs.txt,123.01936644045554,123.01936644045554,0.09431110632053832,0.09431110632053832
3024,1304.399569042754,1427.7904329809744,loaded:unit_ball_P2_h008_N5000_slepc_eigs.txt,123.39086393822049,123.39086393822049,0.094595909770786,0.094595909770786
3025,1304.399569042754,1427.896897053633,loaded:unit_ball_P2_h008_N5000_slepc_eigs.txt,123.49732801087907,123.49732801087907,0.09467752898868922,0.09467752898868922
3026,1304.399569042754,1428.1128948988235,loaded:unit_ball_P2_h008_N5000_slepc_eigs.txt,123.71332585606956,123.71332585606956,0.09484312076770905,0.09484312076770905
3027,1304.399569042754,1428.3608050079329,loaded:unit_ball_P2_h008_N5000_slepc_eigs.txt,123.96123596517896,123.96123596517896,0.09503317764521273,0.09503317764521273
3028,1304.399569042754,1428.503737645015,loaded:unit_ball_P2_h008_N5000_slepc_eigs.txt,124.1041686022611,124.1041686022611,0.09514275498675312,0.09514275498675312
3029,1304.399569042754,1428.6471222903606,loaded:unit_ball_P2_h008_N5000_slepc_eigs.txt,124.24755324760667,124.24755324760667,0.09525267885421561,0.09525267885421561
3030,1304.399569042754,1428.8946558454527,loaded:unit_ball_P2_h008_N5000_slepc_eigs.txt,124.49508680269878,124.49508680269878,0.09544244705175783,0.09544244705175783
3031,1304.399569042754,1429.1306747907681,loaded:unit_ball_P2_h008_N5000_slepc_eigs.txt,124.73110574801422,124.73110574801422,0.0956233877319887,0.0956233877319887
3032,1304.399569042754,1429.251123511303,loaded:unit_ball_P2_h008_N5000_slepc_eigs.txt,124.85155446854901,124.85155446854901,0.09571572808796044,0.09571572808796044
3033,1304.399569042754,1429.7696224665278,loaded:unit_ball_P2_h008_N5000_slepc_eigs.txt,125.37005342377392,125.37005342377392,0.09611322818496325,0.09611322818496325
3034,1304.399569042754,1429.957552442973,loaded:unit_ball_P2_h008_N5000_slepc_eigs.txt,125.5579834002192,125.5579834002192,0.09625730211821606,0.09625730211821606
3035,1304.399569042754,1430.1127431995162,loaded:unit_ball_P2_h008_N5000_slepc_eigs.txt,125.7131741567623,125.7131741567623,0.09637627697854739,0.09637627697854739
3036,1304.399569042754,1430.359572033528,loaded:unit_ball_P2_h008_N5000_slepc_eigs.txt,125.960002990774,125.960002990774,0.09656550491136007,0.09656550491136007
3037,1304.399569042754,1430.629578656614,loaded:unit_ball_P2_h008_N5000_slepc_eigs.txt,126.23000961386015,126.23000961386015,0.09677250177757667,0.09677250177757667
3038,1304.399569042754,1430.874851709015,loaded:unit_ball_P2_h008_N5000_slepc_eigs.txt,126.47528266626114,126.47528266626114,0.09696053699180247,0.09696053699180247
3039,1304.399569042754,1431.17547271531,loaded:unit_ball_P2_h008_N5000_slepc_eigs.txt,126.77590367255607,126.77590367255607,0.09719100395409651,0.09719100395409651
3040,1304.399569042754,1431.5289668854741,loaded:unit_ball_P2_h008_N5000_slepc_eigs.txt,127.12939784272021,127.12939784272021,0.0974620054007035,0.0974620054007035
3041,1304.399569042754,1431.68458328158,loaded:unit_ball_P2_h008_N5000_slepc_eigs.txt,127.28501423882608,127.28501423882608,0.09758130657175501,0.09758130657175501
3042,1304.399569042754,1432.0367170360191,loaded:unit_ball_P2_h008_N5000_slepc_eigs.txt,127.63714799326522,127.63714799326522,0.09785126507434601,0.09785126507434601
3043,1304.399569042754,1432.1645144231932,loaded:unit_ball_P2_h008_N5000_slepc_eigs.txt,127.76494538043926,127.76494538043926,0.09794923918458573,0.09794923918458573
3044,1304.399569042754,1432.3979149725103,loaded:unit_ball_P2_h008_N5000_slepc_eigs.txt,127.9983459297564,127.9983459297564,0.09812817250751563,0.09812817250751563
3045,1304.399569042754,1432.5214150515785,loaded:unit_ball_P2_h008_N5000_slepc_eigs.txt,128.1218460088246,128.1218460088246,0.0982228521455646,0.0982228521455646
3046,1304.399569042754,1432.7287980185667,loaded:unit_ball_P2_h008_N5000_slepc_eigs.txt,128.32922897581284,128.32922897581284,0.09838183944662636,0.09838183944662636
3047,1304.399569042754,1432.8690874744177,loaded:unit_ball_P2_h008_N5000_slepc_eigs.txt,128.4695184316638,128.4695184316638,0.09848939042960769,0.09848939042960769
3048,1304.399569042754,1433.3077592525174,loaded:unit_ball_P2_h008_N5000_slepc_eigs.txt,128.90819020976346,128.90819020976346,0.0988256921185308,0.0988256921185308
3049,1304.399569042754,1433.401062320334,loaded:unit_ball_P2_h008_N5000_slepc_eigs.txt,129.00149327758004,129.00149327758004,0.09889722163297633,0.09889722163297633
3050,1304.399569042754,1433.7159822830638,loaded:unit_ball_P2_h008_N5000_slepc_eigs.txt,129.31641324030988,129.31641324030988,0.09913865069367507,0.09913865069367507
3051,1304.399569042754,1433.9317327174947,loaded:unit_ball_P2_h008_N5000_slepc_eigs.txt,129.5321636747408,129.5321636747408,0.09930405279863685,0.09930405279863685
3052,1304.399569042754,1434.2594313202826,loaded:unit_ball_P2_h008_N5000_slepc_eigs.txt,129.8598622775287,129.8598622775287,0.09955527842808748,0.09955527842808748
3053,1304.399569042754,1434.6116517614125,loaded:unit_ball_P2_h008_N5000_slepc_eigs.txt,130.21208271865862,130.21208271865862,0.09982530338783843,0.09982530338783843
3054,1304.399569042754,1434.8940915773533,loaded:unit_ball_P2_h008_N5000_slepc_eigs.txt,130.49452253459935,130.49452253459935,0.10004183199045673,0.10004183199045673
3055,1304.399569042754,1434.9997268710235,loaded:unit_ball_P2_h008_N5000_slepc_eigs.txt,130.60015782826963,130.60015782826963,0.10012281583634056,0.10012281583634056
3056,1304.399569042754,1435.6075470170506,loaded:unit_ball_P2_h008_N5000_slepc_eigs.txt,131.20797797429668,131.20797797429668,0.10058879279650859,0.10058879279650859
3057,1304.399569042754,1435.6762941446782,loaded:unit_ball_P2_h008_N5000_slepc_eigs.txt,131.27672510192428,131.27672510192428,0.10064149683694158,0.10064149683694158
3058,1304.399569042754,1436.1226758473438,loaded:unit_ball_P2_h008_N5000_slepc_eigs.txt,131.72310680458986,131.72310680458986,0.1009837092335565,0.1009837092335565
3059,1304.399569042754,1436.2268960708918,loaded:unit_ball_P2_h008_N5000_slepc_eigs.txt,131.82732702813792,131.82732702813792,0.10106360823538194,0.10106360823538194
3060,1304.399569042754,1436.574390281308,loaded:unit_ball_P2_h008_N5000_slepc_eigs.txt,132.17482123855416,132.17482123855416,0.10133000989532058,0.10133000989532058
3061,1304.399569042754,1436.7498968432033,loaded:unit_ball_P2_h008_N5000_slepc_eigs.txt,132.35032780044935,132.35032780044935,0.10146455958857446,0.10146455958857446
3062,1304.399569042754,1436.9243149352305,loaded:unit_ball_P2_h008_N5000_slepc_eigs.txt,132.52474589247663,132.52474589247663,0.10159827482136564,0.10159827482136564
3063,1304.399569042754,1437.259151023739,loaded:unit_ball_P2_h008_N5000_slepc_eigs.txt,132.859581980985,132.859581980985,0.10185497230613567,0.10185497230613567
3064,1304.399569042754,1437.5128914581976,loaded:unit_ball_P2_h008_N5000_slepc_eigs.txt,133.1133224154437,133.1133224154437,0.10204949892242772,0.10204949892242772
3065,1304.399569042754,1437.839152006915,loaded:unit_ball_P2_h008_N5000_slepc_eigs.txt,133.439582964161,133.439582964161,0.10229962208749188,0.10229962208749188
3066,1304.399569042754,1438.3405921306148,loaded:unit_ball_P2_h008_N5000_slepc_eigs.txt,133.9410230878609,133.9410230878609,0.10268404426578799,0.10268404426578799
3067,1308.1355906079664,1438.6354664058526,loaded:unit_ball_P2_h008_N5000_slepc_eigs.txt,130.49987579788626,130.49987579788626,0.0997602058493305,0.0997602058493305
3068,1308.1355906079664,1439.077879155925,loaded:unit_ball_P2_h008_N5000_slepc_eigs.txt,130.9422885479587,130.9422885479587,0.10009840683801152,0.10009840683801152
3069,1308.1355906079664,1439.5394131131384,loaded:unit_ball_P2_h008_N5000_slepc_eigs.txt,131.403822505172,131.403822505172,0.10045122497133575,0.10045122497133575
3070,1308.1355906079664,1439.6293036612894,loaded:unit_ball_P2_h008_N5000_slepc_eigs.txt,131.49371305332306,131.49371305332306,0.10051994150867061,0.10051994150867061
3071,1308.1355906079664,1440.0533989878732,loaded:unit_ball_P2_h008_N5000_slepc_eigs.txt,131.91780837990677,131.91780837990677,0.10084413980250849,0.10084413980250849
3072,1308.1355906079664,1440.3881571872791,loaded:unit_ball_P2_h008_N5000_slepc_eigs.txt,132.25256657931277,132.25256657931277,0.10110004461987564,0.10110004461987564
3073,1308.1355906079664,1440.7532910973694,loaded:unit_ball_P2_h008_N5000_slepc_eigs.txt,132.61770048940298,132.61770048940298,0.1013791700505357,0.1013791700505357
3074,1308.1355906079664,1440.7961592843037,loaded:unit_ball_P2_h008_N5000_slepc_eigs.txt,132.66056867633733,132.66056867633733,0.10141194049668986,0.10141194049668986
3075,1308.1355906079664,1441.1183463380887,loaded:unit_ball_P2_h008_N5000_slepc_eigs.txt,132.98275573012234,132.98275573012234,0.10165823534265095,0.10165823534265095
3076,1308.1355906079664,1441.9449782528275,loaded:unit_ball_P2_h008_N5000_slepc_eigs.txt,133.8093876448611,133.8093876448611,0.10229015142281399,0.10229015142281399
3077,1308.1355906079664,1442.0663186115926,loaded:unit_ball_P2_h008_N5000_slepc_eigs.txt,133.9307280036262,133.9307280036262,0.10238290966564165,0.10238290966564165
3078,1308.1355906079664,1443.0610906286201,loaded:unit_ball_P2_h008_N5000_slepc_eigs.txt,134.92550002065377,134.92550002065377,0.10314335990044127,0.10314335990044127
3079,1308.1355906079664,1443.3307471299204,loaded:unit_ball_P2_h008_N5000_slepc_eigs.txt,135.195156521954,135.195156521954,0.10334949793631178,0.10334949793631178
3080,1308.1355906079664,1443.7932672039074,loaded:unit_ball_P2_h008_N5000_slepc_eigs.txt,135.65767659594098,135.65767659594098,0.10370306990339817,0.10370306990339817
3081,1308.1355906079664,1444.760169282037,loaded:unit_ball_P2_h008_N5000_slepc_eigs.txt,136.62457867407056,136.62457867407056,0.10444221505400156,0.10444221505400156
3082,1308.1355906079664,1445.4723405325458,loaded:unit_ball_P2_h008_N5000_slepc_eigs.txt,137.3367499245794,137.3367499245794,0.10498663205146117,0.10498663205146117
3083,1308.1355906079664,1445.7966576160552,loaded:unit_ball_P2_h008_N5000_slepc_eigs.txt,137.66106700808882,137.66106700808882,0.10523455519172117,0.10523455519172117
3084,1308.1355906079664,1446.4486681954295,loaded:unit_ball_P2_h008_N5000_slepc_eigs.txt,138.3130775874631,138.3130775874631,0.10573298255969094,0.10573298255969094
3085,1308.1355906079664,1446.9233336786558,loaded:unit_ball_P2_h008_N5000_slepc_eigs.txt,138.78774307068943,138.78774307068943,0.10609583904539034,0.10609583904539034
3086,1308.1355906079664,1448.630001734039,loaded:unit_ball_P2_h008_N5000_slepc_eigs.txt,140.4944111260727,140.4944111260727,0.1074004958926137,0.1074004958926137
3087,1308.1355906079664,1450.0707453047862,loaded:unit_ball_P2_h008_N5000_slepc_eigs.txt,141.93515469681984,141.93515469681984,0.1085018676319741,0.1085018676319741
3088,1341.6381181113775,1456.494912213008,loaded:unit_ball_P2_h008_N5000_slepc_eigs.txt,114.85679410163061,114.85679410163061,0.08560937003140191,0.08560937003140191
3089,1341.6381181113775,1457.7431993416778,loaded:unit_ball_P2_h008_N5000_slepc_eigs.txt,116.10508123030036,116.10508123030036,0.08653979017362845,0.08653979017362845
3090,1341.6381181113775,1459.1682462950696,loaded:unit_ball_P2_h008_N5000_slepc_eigs.txt,117.53012818369211,117.53012818369211,0.0876019595724808,0.0876019595724808
3091,1341.6381181113775,1459.8975840025814,loaded:unit_ball_P2_h008_N5000_slepc_eigs.txt,118.25946589120394,118.25946589120394,0.08814557688453104,0.08814557688453104
3092,1341.6381181113775,1460.5129436195075,loaded:unit_ball_P2_h008_N5000_slepc_eigs.txt,118.87482550813002,118.87482550813002,0.08860423977478367,0.08860423977478367
3093,1341.6381181113775,1460.892857678361,loaded:unit_ball_P2_h008_N5000_slepc_eigs.txt,119.25473956698352,119.25473956698352,0.08888741155838527,0.08888741155838527
3094,1341.6381181113775,1461.0898661629155,loaded:unit_ball_P2_h008_N5000_slepc_eigs.txt,119.45174805153806,119.45174805153806,0.08903425330497479,0.08903425330497479
3095,1341.6381181113775,1461.610608451346,loaded:unit_ball_P2_h008_N5000_slepc_eigs.txt,119.97249033996854,119.97249033996854,0.08942239246217429,0.08942239246217429
3096,1341.6381181113775,1461.9774785287746,loaded:unit_ball_P2_h008_N5000_slepc_eigs.txt,120.33936041739707,120.33936041739707,0.0896958418167178,0.0896958418167178
3097,1341.6381181113775,1463.1140327195071,loaded:unit_ball_P2_h008_N5000_slepc_eigs.txt,121.47591460812964,121.47591460812964,0.09054298097845577,0.09054298097845577
3098,1341.6381181113775,1463.8163847854569,loaded:unit_ball_P2_h008_N5000_slepc_eigs.txt,122.1782666740794,122.1782666740794,0.09106648434085163,0.09106648434085163
3099,1341.6381181113775,1464.4264291380925,loaded:unit_ball_P2_h008_N5000_slepc_eigs.txt,122.78831102671506,122.78831102671506,0.09152118545913412,0.09152118545913412
3100,1341.6381181113775,1464.6554444489095,loaded:unit_ball_P2_h008_N5000_slepc_eigs.txt,123.01732633753204,123.01732633753204,0.09169188373292747,0.09169188373292747
3101,1341.6381181113775,1465.0187907549525,loaded:unit_ball_P2_h008_N5000_slepc_eigs.txt,123.38067264357505,123.38067264357505,0.0919627066181288,0.0919627066181288
3102,1341.6381181113775,1465.3175492282537,loaded:unit_ball_P2_h008_N5000_slepc_eigs.txt,123.67943111687623,123.67943111687623,0.09218538847940579,0.09218538847940579
3103,1341.6381181113775,1465.959984813705,loaded:unit_ball_P2_h008_N5000_slepc_eigs.txt,124.3218667023275,124.3218667023275,0.09266423264518994,0.09266423264518994
3104,1341.6381181113775,1466.175419956004,loaded:unit_ball_P2_h008_N5000_slepc_eigs.txt,124.53730184462643,124.53730184462643,0.0928248088388674,0.0928248088388674
3105,1341.6381181113775,1466.609680227581,loaded:unit_ball_P2_h008_N5000_slepc_eigs.txt,124.97156211620359,124.97156211620359,0.09314848797835733,0.09314848797835733
3106,1341.6381181113775,1466.964930392955,loaded:unit_ball_P2_h008_N5000_slepc_eigs.txt,125.32681228157753,125.32681228157753,0.09341327634459279,0.09341327634459279
3107,1341.6381181113775,1467.1247375474572,loaded:unit_ball_P2_h008_N5000_slepc_eigs.txt,125.48661943607976,125.48661943607976,0.09353238980175008,0.09353238980175008
3108,1341.6381181113775,1467.2239822150323,loaded:unit_ball_P2_h008_N5000_slepc_eigs.txt,125.58586410365479,125.58586410365479,0.09360636255657515,0.09360636255657515
3109,1341.6381181113775,1468.0326449834868,loaded:unit_ball_P2_h008_N5000_slepc_eigs.txt,126.39452687210928,126.39452687210928,0.09420910539574913,0.09420910539574913
3110,1341.6381181113775,1468.3677181459946,loaded:unit_ball_P2_h008_N5000_slepc_eigs.txt,126.72960003461708,126.72960003461708,0.09445885468207642,0.09445885468207642
3111,1341.6381181113775,1468.5361114098466,loaded:unit_ball_P2_h008_N5000_slepc_eigs.txt,126.89799329846915,126.89799329846915,0.09458436786001825,0.09458436786001825
3112,1341.6381181113775,1468.866388377078,loaded:unit_ball_P2_h008_N5000_slepc_eigs.txt,127.22827026570053,127.22827026570053,0.09483054226634499,0.09483054226634499
3113,1341.6381181113775,1468.9615211147427,loaded:unit_ball_P2_h008_N5000_slepc_eigs.txt,127.32340300336523,127.32340300336523,0.09490145016347497,0.09490145016347497
3114,1341.6381181113775,1469.7675489282976,loaded:unit_ball_P2_h008_N5000_slepc_eigs.txt,128.12943081692015,128.12943081692015,0.09550222901931842,0.09550222901931842
3115,1341.6381181113775,1469.8048957695116,loaded:unit_ball_P2_h008_N5000_slepc_eigs.txt,128.16677765813415,128.16677765813415,0.09553006576658271,0.09553006576658271
3116,1341.6381181113775,1470.1699067831453,loaded:unit_ball_P2_h008_N5000_slepc_eigs.txt,128.5317886717678,128.5317886717678,0.09580212945403031,0.09580212945403031
3117,1341.6381181113775,1470.3336803983477,loaded:unit_ball_P2_h008_N5000_slepc_eigs.txt,128.69556228697024,128.69556228697024,0.09592419934231956,0.09592419934231956
3118,1341.6381181113775,1471.0569725606995,loaded:unit_ball_P2_h008_N5000_slepc_eigs.txt,129.418854449322,129.418854449322,0.09646331056209463,0.09646331056209463
3119,1341.6381181113775,1471.2488797230512,loaded:unit_ball_P2_h008_N5000_slepc_eigs.txt,129.61076161167375,129.61076161167375,0.0966063500000482,0.0966063500000482
3120,1341.6381181113775,1471.450151794798,loaded:unit_ball_P2_h008_N5000_slepc_eigs.txt,129.81203368342062,129.81203368342062,0.09675636964322158,0.09675636964322158
3121,1341.6381181113775,1471.9993450276472,loaded:unit_ball_P2_h008_N5000_slepc_eigs.txt,130.36122691626974,130.36122691626974,0.09716571492451266,0.09716571492451266
3122,1341.6381181113775,1472.7132170938467,loaded:unit_ball_P2_h008_N5000_slepc_eigs.txt,131.07509898246917,131.07509898246917,0.09769780480520593,0.09769780480520593
3123,1341.6381181113775,1472.7769779684897,loaded:unit_ball_P2_h008_N5000_slepc_eigs.txt,131.13885985711227,131.13885985711227,0.09774532944972993,0.09774532944972993
3124,1341.6381181113775,1473.544644345053,loaded:unit_ball_P2_h008_N5000_slepc_eigs.txt,131.90652623367555,131.90652623367555,0.0983175153217622,0.0983175153217622
3125,1341.6381181113775,1473.5771808634365,loaded:unit_ball_P2_h008_N5000_slepc_eigs.txt,131.93906275205904,131.93906275205904,0.09834176665894788,0.09834176665894788
3126,1341.6381181113775,1474.0779865843442,loaded:unit_ball_P2_h008_N5000_slepc_eigs.txt,132.43986847296674,132.43986847296674,0.09871504594651961,0.09871504594651961
3127,1341.6381181113775,1474.459939912982,loaded:unit_ball_P2_h008_N5000_slepc_eigs.txt,132.82182180160453,132.82182180160453,0.09899973771509836,0.09899973771509836
3128,1341.6381181113775,1474.75352118984,loaded:unit_ball_P2_h008_N5000_slepc_eigs.txt,133.11540307846258,133.11540307846258,0.09921856071430721,0.09921856071430721
3129,1341.6381181113775,1474.914179410156,loaded:unit_ball_P2_h008_N5000_slepc_eigs.txt,133.2760612987786,133.2760612987786,0.09933830851973045,0.09933830851973045
3130,1341.6381181113775,1475.3113640947759,loaded:unit_ball_P2_h008_N5000_slepc_eigs.txt,133.67324598339837,133.67324598339837,0.09963435309334387,0.09963435309334387
3131,1341.6381181113775,1475.412355842649,loaded:unit_ball_P2_h008_N5000_slepc_eigs.txt,133.77423773127157,133.77423773127157,0.0997096280475285,0.0997096280475285
3132,1341.6381181113775,1475.7184997691345,loaded:unit_ball_P2_h008_N5000_slepc_eigs.txt,134.08038165775702,134.08038165775702,0.0999378147115422,0.0999378147115422
3133,1341.6381181113775,1475.8921048634134,loaded:unit_ball_P2_h008_N5000_slepc_eigs.txt,134.25398675203587,134.25398675203587,0.10006721256625077,0.10006721256625077
3134,1341.6381181113775,1476.3835346012693,loaded:unit_ball_P2_h008_N5000_slepc_eigs.txt,134.7454164898918,134.7454164898918,0.10043350339476995,0.10043350339476995
3135,1341.6381181113775,1476.5495459366011,loaded:unit_ball_P2_h008_N5000_slepc_eigs.txt,134.91142782522365,134.91142782522365,0.10055724118448447,0.10055724118448447
3136,1341.6381181113775,1476.7933628727271,loaded:unit_ball_P2_h008_N5000_slepc_eigs.txt,135.15524476134965,135.15524476134965,0.10073897196034318,0.10073897196034318
3137,1341.6381181113775,1477.019843479425,loaded:unit_ball_P2_h008_N5000_slepc_eigs.txt,135.38172536804746,135.38172536804746,0.10090778097347455,0.10090778097347455
3138,1341.6381181113775,1477.1275603886368,loaded:unit_ball_P2_h008_N5000_slepc_eigs.txt,135.4894422772593,135.4894422772593,0.10098806857693313,0.10098806857693313
3139,1341.6381181113775,1477.4166960026157,loaded:unit_ball_P2_h008_N5000_slepc_eigs.txt,135.77857789123823,135.77857789123823,0.10120357796808396,0.10120357796808396
3140,1341.6381181113775,1477.758180099274,loaded:unit_ball_P2_h008_N5000_slepc_eigs.txt,136.12006198789663,136.12006198789663,0.10145810569210176,0.10145810569210176
3141,1341.6381181113775,1477.8280774845982,loaded:unit_ball_P2_h008_N5000_slepc_eigs.txt,136.18995937322074,136.18995937322074,0.10151020423073191,0.10151020423073191
3142,1341.6381181113775,1478.0930679954688,loaded:unit_ball_P2_h008_N5000_slepc_eigs.txt,136.45494988409132,136.45494988409132,0.1017077168887977,0.1017077168887977
3143,1341.6381181113775,1478.1969676909166,loaded:unit_ball_P2_h008_N5000_slepc_eigs.txt,136.55884957953913,136.55884957953913,0.10178515930344381,0.10178515930344381
3144,1341.6381181113775,1478.551043402208,loaded:unit_ball_P2_h008_N5000_slepc_eigs.txt,136.91292529083057,136.91292529083057,0.10204907228154993,0.10204907228154993
3145,1341.6381181113775,1479.113820258833,loaded:unit_ball_P2_h008_N5000_slepc_eigs.txt,137.47570214745542,137.47570214745542,0.10246854221835902,0.10246854221835902
3146,1341.6381181113775,1479.525491632157,loaded:unit_ball_P2_h008_N5000_slepc_eigs.txt,137.88737352077942,137.88737352077942,0.10277538455368526,0.10277538455368526
3147,1341.6381181113775,1479.69127321194,loaded:unit_ball_P2_h008_N5000_slepc_eigs.txt,138.05315510056244,138.05315510056244,0.10289895109338404,0.10289895109338404
3148,1341.6381181113775,1480.110877832022,loaded:unit_ball_P2_h008_N5000_slepc_eigs.txt,138.4727597206445,138.4727597206445,0.10321170653348195,0.10321170653348195
3149,1347.9566490353002,1480.389985445963,loaded:unit_ball_P2_h008_N5000_slepc_eigs.txt,132.43333641066283,132.43333641066283,0.09824747443134922,0.09824747443134922
3150,1347.9566490353002,1480.734759405146,loaded:unit_ball_P2_h008_N5000_slepc_eigs.txt,132.77811036984576,132.77811036984576,0.0985032496889806,0.0985032496889806
3151,1347.9566490353002,1481.1013105681784,loaded:unit_ball_P2_h008_N5000_slepc_eigs.txt,133.14466153287822,133.14466153287822,0.09877518066190527,0.09877518066190527
3152,1347.9566490353002,1481.2692382318344,loaded:unit_ball_P2_h008_N5000_slepc_eigs.txt,133.3125891965342,133.3125891965342,0.09889976008645587,0.09889976008645587
3153,1347.9566490353002,1481.6562107513362,loaded:unit_ball_P2_h008_N5000_slepc_eigs.txt,133.699561716036,133.699561716036,0.09918684092082747,0.09918684092082747
3154,1347.9566490353002,1481.752508145997,loaded:unit_ball_P2_h008_N5000_slepc_eigs.txt,133.7958591106967,133.7958591106967,0.09925828045468017,0.09925828045468017
3155,1347.9566490353002,1482.0258036758134,loaded:unit_ball_P2_h008_N5000_slepc_eigs.txt,134.06915464051326,134.06915464051326,0.09946102846591046,0.09946102846591046
3156,1347.9566490353002,1482.2277333517638,loaded:unit_ball_P2_h008_N5000_slepc_eigs.txt,134.27108431646366,134.27108431646366,0.09961083274640783,0.09961083274640783
3157,1347.9566490353002,1482.369034125082,loaded:unit_ball_P2_h008_N5000_slepc_eigs.txt,134.41238508978176,134.41238508978176,0.09971565864968836,0.09971565864968836
3158,1347.9566490353002,1482.792325049324,loaded:unit_ball_P2_h008_N5000_slepc_eigs.txt,134.83567601402387,134.83567601402387,0.10002968278729327,0.10002968278729327
3159,1347.9566490353002,1482.980703317604,loaded:unit_ball_P2_h008_N5000_slepc_eigs.txt,135.02405428230372,135.02405428230372,0.1001694337714326,0.1001694337714326
3160,1347.9566490353002,1483.0930608111767,loaded:unit_ball_P2_h008_N5000_slepc_eigs.txt,135.13641177587647,135.13641177587647,0.10025278770841059,0.10025278770841059
3161,1347.9566490353002,1483.3296847563167,loaded:unit_ball_P2_h008_N5000_slepc_eigs.txt,135.37303572101655,135.37303572101655,0.10042833040506143,0.10042833040506143
3162,1347.9566490353002,1483.5400994034364,loaded:unit_ball_P2_h008_N5000_slepc_eigs.txt,135.58345036813625,135.58345036813625,0.10058442937699075,0.10058442937699075
3163,1347.9566490353002,1483.6145446237476,loaded:unit_ball_P2_h008_N5000_slepc_eigs.txt,135.65789558844745,135.65789558844745,0.10063965757766358,0.10063965757766358
3164,1347.9566490353002,1484.4330787444524,loaded:unit_ball_P2_h008_N5000_slepc_eigs.txt,136.47642970915217,136.47642970915217,0.10124689826399465,0.10124689826399465
3165,1347.9566490353002,1484.568531163264,loaded:unit_ball_P2_h008_N5000_slepc_eigs.txt,136.61188212796378,136.61188212796378,0.1013473854858267,0.1013473854858267
3166,1351.8136081443813,1485.07622985482,loaded:unit_ball_P2_h008_N5000_slepc_eigs.txt,133.26262171043868,133.26262171043868,0.09858061859087712,0.09858061859087712
3167,1351.8136081443813,1485.3482113707369,loaded:unit_ball_P2_h008_N5000_slepc_eigs.txt,133.53460322635556,133.53460322635556,0.09878181608902202,0.09878181608902202
3168,1351.8136081443813,1485.695330250789,loaded:unit_ball_P2_h008_N5000_slepc_eigs.txt,133.88172210640778,133.88172210640778,0.09903859622347318,0.09903859622347318
3169,1351.8136081443813,1485.977843286359,loaded:unit_ball_P2_h008_N5000_slepc_eigs.txt,134.16423514197777,134.16423514197777,0.09924758438121024,0.09924758438121024
3170,1351.8136081443813,1486.259422509114,loaded:unit_ball_P2_h008_N5000_slepc_eigs.txt,134.44581436473277,134.44581436473277,0.09945588175376113,0.09945588175376113
3171,1351.8136081443813,1486.4112853560637,loaded:unit_ball_P2_h008_N5000_slepc_eigs.txt,134.59767721168237,134.59767721168237,0.09956822183233013,0.09956822183233013
3172,1351.8136081443813,1486.5401088775259,loaded:unit_ball_P2_h008_N5000_slepc_eigs.txt,134.72650073314458,134.72650073314458,0.0996635186400306,0.0996635186400306
3173,1351.8136081443813,1487.096980688161,loaded:unit_ball_P2_h008_N5000_slepc_eigs.txt,135.2833725437797,135.2833725437797,0.10007546286612812,0.10007546286612812
3174,1351.8136081443813,1487.1500801730072,loaded:unit_ball_P2_h008_N5000_slepc_eigs.txt,135.33647202862585,135.33647202862585,0.10011474304834128,0.10011474304834128
3175,1351.8136081443813,1487.555791408186,loaded:unit_ball_P2_h008_N5000_slepc_eigs.txt,135.7421832638047,135.7421832638047,0.10041486669906836,0.10041486669906836
3176,1351.8136081443813,1487.7671480076576,loaded:unit_ball_P2_h008_N5000_slepc_eigs.txt,135.95353986327632,135.95353986327632,0.10057121709989157,0.10057121709989157
3177,1351.8136081443813,1488.348865942529,loaded:unit_ball_P2_h008_N5000_slepc_eigs.txt,136.53525779814777,136.53525779814777,0.10100154117072997,0.10100154117072997
3178,1351.8136081443813,1488.5804225798686,loaded:unit_ball_P2_h008_N5000_slepc_eigs.txt,136.76681443548728,136.76681443548728,0.10117283448805156,0.10117283448805156
3179,1351.8136081443813,1488.6199979918413,loaded:unit_ball_P2_h008_N5000_slepc_eigs.txt,136.80638984745997,136.80638984745997,0.10120211027854091,0.10120211027854091
3180,1351.8136081443813,1488.9149098951166,loaded:unit_ball_P2_h008_N5000_slepc_eigs.txt,137.10130175073527,137.10130175073527,0.1014202704609052,0.1014202704609052
3181,1351.8136081443813,1489.186083526894,loaded:unit_ball_P2_h008_N5000_slepc_eigs.txt,137.37247538251268,137.37247538251268,0.10162087032921814,0.10162087032921814
3182,1351.8136081443813,1489.625984758632,loaded:unit_ball_P2_h008_N5000_slepc_eigs.txt,137.81237661425075,137.81237661425075,0.10194628592578246,0.10194628592578246
3183,1351.8136081443813,1490.2295139835032,loaded:unit_ball_P2_h008_N5000_slepc_eigs.txt,138.41590583912193,138.41590583912193,0.10239274483197712,0.10239274483197712
3184,1351.8136081443813,1490.532258412616,loaded:unit_ball_P2_h008_N5000_slepc_eigs.txt,138.7186502682348,138.7186502682348,0.10261669910147765,0.10261669910147765
3185,1351.8136081443813,1491.1335316963573,loaded:unit_ball_P2_h008_N5000_slepc_eigs.txt,139.319923551976,139.319923551976,0.10306148918209132,0.10306148918209132
3186,1351.8136081443813,1491.9094357184465,loaded:unit_ball_P2_h008_N5000_slepc_eigs.txt,140.0958275740652,140.0958275740652,0.10363546181960182,0.10363546181960182
3187,1351.8136081443813,1492.0996682559887,loaded:unit_ball_P2_h008_N5000_slepc_eigs.txt,140.2860601116074,140.2860601116074,0.103776185759941,0.103776185759941
3188,1351.8136081443813,1493.3034111932564,loaded:unit_ball_P2_h008_N5000_slepc_eigs.txt,141.48980304887505,141.48980304887505,0.10466665093207372,0.10466665093207372
3189,1351.8136081443813,1493.4213191361357,loaded:unit_ball_P2_h008_N5000_slepc_eigs.txt,141.6077109917544,141.6077109917544,0.10475387297375831,0.10475387297375831
3190,1351.8136081443813,1493.9337217844777,loaded:unit_ball_P2_h008_N5000_slepc_eigs.txt,142.1201136400964,142.1201136400964,0.10513292127246968,0.10513292127246968
3191,1351.8136081443813,1494.400489254376,loaded:unit_ball_P2_h008_N5000_slepc_eigs.txt,142.5868811099947,142.5868811099947,0.10547821108689831,0.10547821108689831
3192,1351.8136081443813,1494.658810239129,loaded:unit_ball_P2_h008_N5000_slepc_eigs.txt,142.84520209474772,142.84520209474772,0.10566930324871464,0.10566930324871464
3193,1360.6572743738157,1494.7993875098123,loaded:unit_ball_P2_h008_N5000_slepc_eigs.txt,134.14211313599662,134.14211313599662,0.09858626096548068,0.09858626096548068
3194,1360.6572743738157,1495.4964964923126,loaded:unit_ball_P2_h008_N5000_slepc_eigs.txt,134.839222118497,134.839222118497,0.09909859349449403,0.09909859349449403
3195,1360.6572743738157,1495.644314772196,loaded:unit_ball_P2_h008_N5000_slepc_eigs.txt,134.98704039838026,134.98704039838026,0.09920723090280194,0.09920723090280194
3196,1360.6572743738157,1496.5691953679807,loaded:unit_ball_P2_h008_N5000_slepc_eigs.txt,135.91192099416503,135.91192099416503,0.0998869616573451,0.0998869616573451
3197,1360.6572743738157,1496.683608319369,loaded:unit_ball_P2_h008_N5000_slepc_eigs.txt,136.02633394555323,136.02633394555323,0.09997104818930508,0.09997104818930508
3198,1360.6572743738157,1497.0983406261248,loaded:unit_ball_P2_h008_N5000_slepc_eigs.txt,136.44106625230916,136.44106625230916,0.10027585110666484,0.10027585110666484
3199,1360.6572743738157,1497.8739160345667,loaded:unit_ball_P2_h008_N5000_slepc_eigs.txt,137.21664166075107,137.21664166075107,0.1008458516667242,0.1008458516667242
3200,1360.6572743738157,1498.3169694548503,loaded:unit_ball_P2_h008_N5000_slepc_eigs.txt,137.65969508103467,137.65969508103467,0.10117146887292883,0.10117146887292883
3201,1360.6572743738157,1498.7245565410155,loaded:unit_ball_P2_h008_N5000_slepc_eigs.txt,138.0672821671999,138.0672821671999,0.10147102048952,0.10147102048952
3202,1360.6572743738157,1499.0440452989508,loaded:unit_ball_P2_h008_N5000_slepc_eigs.txt,138.38677092513512,138.38677092513512,0.10170582521511283,0.10170582521511283
3203,1360.6572743738157,1499.7599584348968,loaded:unit_ball_P2_h008_N5000_slepc_eigs.txt,139.10268406108116,139.10268406108116,0.10223197764852081,0.10223197764852081
3204,1360.6572743738157,1500.0097591657627,loaded:unit_ball_P2_h008_N5000_slepc_eigs.txt,139.35248479194706,139.35248479194706,0.10241556593013335,0.10241556593013335
3205,1360.6572743738157,1500.700136529706,loaded:unit_ball_P2_h008_N5000_slepc_eigs.txt,140.04286215589036,140.04286215589036,0.10292295113061377,0.10292295113061377
3206,1360.6572743738157,1501.2286095837285,loaded:unit_ball_P2_h008_N5000_slepc_eigs.txt,140.57133520991283,140.57133520991283,0.10331134655095625,0.10331134655095625
3207,1360.6572743738157,1501.4261117894307,loaded:unit_ball_P2_h008_N5000_slepc_eigs.txt,140.76883741561505,140.76883741561505,0.10345649861049536,0.10345649861049536
3208,1360.6572743738157,1501.751463713837,loaded:unit_ball_P2_h008_N5000_slepc_eigs.txt,141.09418934002133,141.09418934002133,0.10369561240537511,0.10369561240537511
3209,1360.6572743738157,1502.0860706404112,loaded:unit_ball_P2_h008_N5000_slepc_eigs.txt,141.42879626659555,141.42879626659555,0.10394152806163633,0.10394152806163633
3210,1360.6572743738157,1502.7024496347262,loaded:unit_ball_P2_h008_N5000_slepc_eigs.txt,142.04517526091058,142.04517526091058,0.10439452897959246,0.10439452897959246
3211,1360.6572743738157,1503.0441264737701,loaded:unit_ball_P2_h008_N5000_slepc_eigs.txt,142.38685209995447,142.38685209995447,0.10464564058975243,0.10464564058975243
3212,1360.6572743738157,1503.4884827426856,loaded:unit_ball_P2_h008_N5000_slepc_eigs.txt,142.83120836886997,142.83120836886997,0.10497221531013526,0.10497221531013526
3213,1360.6572743738157,1503.9104012736627,loaded:unit_ball_P2_h008_N5000_slepc_eigs.txt,143.25312689984708,143.25312689984708,0.10528229966342789,0.10528229966342789
3214,1360.6572743738157,1504.1322777561904,loaded:unit_ball_P2_h008_N5000_slepc_eigs.txt,143.47500338237478,143.47500338237478,0.1054453653278729,0.1054453653278729
3215,1360.6572743738157,1504.4499593089254,loaded:unit_ball_P2_h008_N5000_slepc_eigs.txt,143.79268493510972,143.79268493510972,0.1056788418680113,0.1056788418680113
3216,1360.6572743738157,1504.537924973547,loaded:unit_ball_P2_h008_N5000_slepc_eigs.txt,143.88065059973133,143.88065059973133,0.10574349125935938,0.10574349125935938
3217,1360.6572743738157,1505.06818072327,loaded:unit_ball_P2_h008_N5000_slepc_eigs.txt,144.4109063494543,144.4109063494543,0.10613319685217076,0.10613319685217076
3218,1360.6572743738157,1505.3601316128822,loaded:unit_ball_P2_h008_N5000_slepc_eigs.txt,144.7028572390666,144.7028572390666,0.10634776292631067,0.10634776292631067
3219,1360.6572743738157,1505.9697663298107,loaded:unit_ball_P2_h008_N5000_slepc_eigs.txt,145.31249195599503,145.31249195599503,0.10679580721226724,0.10679580721226724
3220,1360.6572743738157,1506.3422304436267,loaded:unit_ball_P2_h008_N5000_slepc_eigs.txt,145.68495606981105,145.68495606981105,0.10706954558917588,0.10706954558917588
3221,1360.6572743738157,1506.6013826710537,loaded:unit_ball_P2_h008_N5000_slepc_eigs.txt,145.94410829723802,145.94410829723802,0.1072600066496558,0.1072600066496558
3222,1360.6572743738157,1507.0852876132428,loaded:unit_ball_P2_h008_N5000_slepc_eigs.txt,146.42801323942717,146.42801323942717,0.10761564722961879,0.10761564722961879
3223,1360.6572743738157,1507.5061310412773,loaded:unit_ball_P2_h008_N5000_slepc_eigs.txt,146.84885666746163,146.84885666746163,0.10792494144790615,0.10792494144790615
3224,1360.6572743738157,1507.7078846260429,loaded:unit_ball_P2_h008_N5000_slepc_eigs.txt,147.05061025222722,147.05061025222722,0.10807321801142097,0.10807321801142097
3225,1360.6572743738157,1508.1356776357277,loaded:unit_ball_P2_h008_N5000_slepc_eigs.txt,147.47840326191204,147.47840326191204,0.10838761974780363,0.10838761974780363
3226,1360.6572743738157,1508.37680749366,loaded:unit_ball_P2_h008_N5000_slepc_eigs.txt,147.7195331198443,147.7195331198443,0.1085648354673486,0.1085648354673486
3227,1360.6572743738157,1508.8761312570637,loaded:unit_ball_P2_h008_N5000_slepc_eigs.txt,148.218856883248,148.218856883248,0.10893180793926185,0.10893180793926185
3228,1360.6572743738157,1508.9847676216953,loaded:unit_ball_P2_h008_N5000_slepc_eigs.txt,148.3274932478796,148.3274932478796,0.1090116490327375,0.1090116490327375
3229,1360.6572743738157,1509.7745981697603,loaded:unit_ball_P2_h008_N5000_slepc_eigs.txt,149.11732379594469,149.11732379594469,0.10959212624984463,0.10959212624984463
3230,1360.6572743738157,1509.9350266234696,loaded:unit_ball_P2_h008_N5000_slepc_eigs.txt,149.277752249654,149.277752249654,0.10971003136579907,0.10971003136579907
3231,1360.6572743738157,1510.4382943665014,loaded:unit_ball_P2_h008_N5000_slepc_eigs.txt,149.78101999268574,149.78101999268574,0.11007990242187626,0.11007990242187626
3232,1360.6572743738157,1510.6716583521686,loaded:unit_ball_P2_h008_N5000_slepc_eigs.txt,150.01438397835295,150.01438397835295,0.11025141069957581,0.11025141069957581
3233,1360.6572743738157,1511.0782763769391,loaded:unit_ball_P2_h008_N5000_slepc_eigs.txt,150.42100200312348,150.42100200312348,0.1105502501152234,0.1105502501152234
3234,1360.6572743738157,1511.1617971903413,loaded:unit_ball_P2_h008_N5000_slepc_eigs.txt,150.50452281652565,150.50452281652565,0.1106116328123766,0.1106116328123766
3235,1360.6572743738157,1511.646928554515,loaded:unit_ball_P2_h008_N5000_slepc_eigs.txt,150.9896541806993,150.9896541806993,0.11096817473759939,0.11096817473759939
3236,1360.6572743738157,1512.0081809422966,loaded:unit_ball_P2_h008_N5000_slepc_eigs.txt,151.35090656848092,151.35090656848092,0.11123367318058378,0.11123367318058378
3237,1360.6572743738157,1512.4370929999689,loaded:unit_ball_P2_h008_N5000_slepc_eigs.txt,151.7798186261532,151.7798186261532,0.11154889734889586,0.11154889734889586
3238,1377.4404821836902,1513.1164157984663,loaded:unit_ball_P2_h008_N5000_slepc_eigs.txt,135.6759336147761,135.6759336147761,0.09849858151379849,0.09849858151379849
3239,1377.4404821836902,1513.3658611083947,loaded:unit_ball_P2_h008_N5000_slepc_eigs.txt,135.92537892470455,135.92537892470455,0.09867967486277063,0.09867967486277063
3240,1377.4404821836902,1513.4158043934503,loaded:unit_ball_P2_h008_N5000_slepc_eigs.txt,135.97532220976018,135.97532220976018,0.09871593289765607,0.09871593289765607
3241,1377.4404821836902,1513.7740804368143,loaded:unit_ball_P2_h008_N5000_slepc_eigs.txt,136.33359825312414,136.33359825312414,0.0989760356374826,0.0989760356374826
3242,1377.4404821836902,1514.1350435339368,loaded:unit_ball_P2_h008_N5000_slepc_eigs.txt,136.69456135024666,136.69456135024666,0.0992380891358307,0.0992380891358307
3243,1377.4404821836902,1514.6579134285323,loaded:unit_ball_P2_h008_N5000_slepc_eigs.txt,137.21743124484215,137.21743124484215,0.09961768440790124,0.09961768440790124
3244,1377.4404821836902,1514.8486073331212,loaded:unit_ball_P2_h008_N5000_slepc_eigs.txt,137.40812514943104,137.40812514943104,0.0997561251659996,0.0997561251659996
3245,1377.4404821836902,1515.3396438431548,loaded:unit_ball_P2_h008_N5000_slepc_eigs.txt,137.89916165946465,137.89916165946465,0.10011260990445825,0.10011260990445825
3246,1377.4404821836902,1515.637162790979,loaded:unit_ball_P2_h008_N5000_slepc_eigs.txt,138.19668060728873,138.19668060728873,0.10032860395405407,0.10032860395405407
3247,1377.4404821836902,1515.9064040401731,loaded:unit_ball_P2_h008_N5000_slepc_eigs.txt,138.46592185648296,138.46592185648296,0.1005240688417764,0.1005240688417764
3248,1377.4404821836902,1516.0234402699455,loaded:unit_ball_P2_h008_N5000_slepc_eigs.txt,138.5829580862553,138.5829580862553,0.1006090352931666,0.1006090352931666
3249,1377.4404821836902,1516.4854577338813,loaded:unit_ball_P2_h008_N5000_slepc_eigs.txt,139.0449755501911,139.0449755501911,0.10094445266321758,0.10094445266321758
3250,1377.4404821836902,1516.5650087554807,loaded:unit_ball_P2_h008_N5000_slepc_eigs.txt,139.1245265717905,139.1245265717905,0.10100220544646182,0.10100220544646182
3251,1377.4404821836902,1516.9522582634074,loaded:unit_ball_P2_h008_N5000_slepc_eigs.txt,139.51177607971727,139.51177607971727,0.10128334246322268,0.10128334246322268
3252,1377.4404821836902,1517.342089247518,loaded:unit_ball_P2_h008_N5000_slepc_eigs.txt,139.9016070638279,139.9016070638279,0.10156635359085603,0.10156635359085603
3253,1377.4404821836902,1517.4636963719875,loaded:unit_ball_P2_h008_N5000_slepc_eigs.txt,140.0232141882973,140.0232141882973,0.10165463843948819,0.10165463843948819
3254,1377.4404821836902,1518.367413238053,loaded:unit_ball_P2_h008_N5000_slepc_eigs.txt,140.92693105436274,140.92693105436274,0.10231072258813523,0.10231072258813523
3255,1377.4404821836902,1518.4813214573603,loaded:unit_ball_P2_h008_N5000_slepc_eigs.txt,141.04083927367014,141.04083927367014,0.10239341815341063,0.10239341815341063
3256,1377.4404821836902,1518.6843905340224,loaded:unit_ball_P2_h008_N5000_slepc_eigs.txt,141.24390835033228,141.24390835033228,0.10254084309066831,0.10254084309066831
3257,1377.4404821836902,1519.20356243686,loaded:unit_ball_P2_h008_N5000_slepc_eigs.txt,141.76308025316985,141.76308025316985,0.10291775367922203,0.10291775367922203
3258,1377.4404821836902,1519.485857927516,loaded:unit_ball_P2_h008_N5000_slepc_eigs.txt,142.04537574382584,142.04537574382584,0.1031226957397374,0.1031226957397374
3259,1377.4404821836902,1519.5516632612948,loaded:unit_ball_P2_h008_N5000_slepc_eigs.txt,142.11118107760467,142.11118107760467,0.10317046937107027,0.10317046937107027
3260,1377.4404821836902,1520.024351161477,loaded:unit_ball_P2_h008_N5000_slepc_eigs.txt,142.58386897778678,142.58386897778678,0.10351363330903784,0.10351363330903784
3261,1377.4404821836902,1520.4630260554318,loaded:unit_ball_P2_h008_N5000_slepc_eigs.txt,143.02254387174162,143.02254387174162,0.10383210434254442,0.10383210434254442
3262,1377.4404821836902,1520.7351669228008,loaded:unit_ball_P2_h008_N5000_slepc_eigs.txt,143.2946847391106,143.2946847391106,0.10402967430719187,0.10402967430719187
3263,1377.4404821836902,1520.820507789079,loaded:unit_ball_P2_h008_N5000_slepc_eigs.txt,143.38002560538894,143.38002560538894,0.10409163042608205,0.10409163042608205
3264,1377.4404821836902,1521.449347727747,loaded:unit_ball_P2_h008_N5000_slepc_eigs.txt,144.0088655440568,144.0088655440568,0.10454815827378328,0.10454815827378328
3265,1377.4404821836902,1521.7887392026507,loaded:unit_ball_P2_h008_N5000_slepc_eigs.txt,144.34825701896057,144.34825701896057,0.10479455111564728,0.10479455111564728
3266,1377.4404821836902,1522.0566343427797,loaded:unit_ball_P2_h008_N5000_slepc_eigs.txt,144.61615215908955,144.61615215908955,0.10498903874948268,0.10498903874948268
3267,1377.4404821836902,1522.1281135564602,loaded:unit_ball_P2_h008_N5000_slepc_eigs.txt,144.68763137277006,144.68763137277006,0.1050409315278677,0.1050409315278677
3268,1377.4404821836902,1522.2719095815792,loaded:unit_ball_P2_h008_N5000_slepc_eigs.txt,144.831427397889,144.831427397889,0.10514532516735982,0.10514532516735982
3269,1377.4404821836902,1522.6761886282563,loaded:unit_ball_P2_h008_N5000_slepc_eigs.txt,145.23570644456618,145.23570644456618,0.10543882535985907,0.10543882535985907
3270,1377.4404821836902,1523.0669548952226,loaded:unit_ball_P2_h008_N5000_slepc_eigs.txt,145.62647271153241,145.62647271153241,0.10572251548805013,0.10572251548805013
3271,1378.8100593250551,1523.252491816702,loaded:unit_ball_P2_h008_N5000_slepc_eigs.txt,144.44243249164697,144.44243249164697,0.10475876029099566,0.10475876029099566
3272,1378.8100593250551,1523.4794553400473,loaded:unit_ball_P2_h008_N5000_slepc_eigs.txt,144.66939601499212,144.66939601499212,0.10492336854998693,0.10492336854998693
3273,1378.8100593250551,1523.629472112127,loaded:unit_ball_P2_h008_N5000_slepc_eigs.txt,144.81941278707177,144.81941278707177,0.10503217017285375,0.10503217017285375
3274,1378.8100593250551,1523.9589972469457,loaded:unit_ball_P2_h008_N5000_slepc_eigs.txt,145.1489379218906,145.1489379218906,0.1052711625798138,0.1052711625798138
3275,1378.8100593250551,1524.1818714098222,loaded:unit_ball_P2_h008_N5000_slepc_eigs.txt,145.37181208476704,145.37181208476704,0.10543280497672636,0.10543280497672636
3276,1378.8100593250551,1524.5336277140223,loaded:unit_ball_P2_h008_N5000_slepc_eigs.txt,145.72356838896712,145.72356838896712,0.10568792082957434,0.10568792082957434
3277,1378.8100593250551,1524.8101568647164,loaded:unit_ball_P2_h008_N5000_slepc_eigs.txt,146.00009753966128,146.00009753966128,0.10588847720702746,0.10588847720702746
3278,1378.8100593250551,1524.96142588453,loaded:unit_ball_P2_h008_N5000_slepc_eigs.txt,146.1513665594748,146.1513665594748,0.10599818703891509,0.10599818703891509
3279,1378.8100593250551,1525.4546354333995,loaded:unit_ball_P2_h008_N5000_slepc_eigs.txt,146.64457610834438,146.64457610834438,0.1063558937045533,0.1063558937045533
3280,1378.8100593250551,1525.5651034531497,loaded:unit_ball_P2_h008_N5000_slepc_eigs.txt,146.7550441280946,146.7550441280946,0.10643601207836635,0.10643601207836635
3281,1378.8100593250551,1525.9075910853687,loaded:unit_ball_P2_h008_N5000_slepc_eigs.txt,147.0975317603136,147.0975317603136,0.1066844057058299,0.1066844057058299
3282,1378.8100593250551,1526.253991113945,loaded:unit_ball_P2_h008_N5000_slepc_eigs.txt,147.4439317888898,147.4439317888898,0.10693563684983955,0.10693563684983955
3283,1378.8100593250551,1526.4042120287568,loaded:unit_ball_P2_h008_N5000_slepc_eigs.txt,147.59415270370164,147.59415270370164,0.10704458652988856,0.10704458652988856
3284,1382.0027412490717,1526.4890260044112,loaded:unit_ball_P2_h008_N5000_slepc_eigs.txt,144.4862847553395,144.4862847553395,0.10454847913308114,0.10454847913308114
3285,1382.0027412490717,1527.0710544759954,loaded:unit_ball_P2_h008_N5000_slepc_eigs.txt,145.0683132269237,145.0683132269237,0.10496962769828452,0.10496962769828452
3286,1382.0027412490717,1527.2149874402342,loaded:unit_ball_P2_h008_N5000_slepc_eigs.txt,145.21224619116242,145.21224619116242,0.10507377580157166,0.10507377580157166
3287,1382.0027412490717,1527.5874100471003,loaded:unit_ball_P2_h008_N5000_slepc_eigs.txt,145.5846687980286,145.5846687980286,0.10534325616926585,0.10534325616926585
3288,1382.0027412490717,1528.047001625002,loaded:unit_ball_P2_h008_N5000_slepc_eigs.txt,146.0442603759302,146.0442603759302,0.10567581092055833,0.10567581092055833
3289,1382.0027412490717,1528.153614967425,loaded:unit_ball_P2_h008_N5000_slepc_eigs.txt,146.1508737183533,146.1508737183533,0.105752955009525,0.105752955009525
3290,1382.0027412490717,1528.3326231709198,loaded:unit_ball_P2_h008_N5000_slepc_eigs.txt,146.32988192184803,146.32988192184803,0.10588248311981871,0.10588248311981871
3291,1382.0027412490717,1528.7441305311056,loaded:unit_ball_P2_h008_N5000_slepc_eigs.txt,146.74138928203388,146.74138928203388,0.10618024472904239,0.10618024472904239
3292,1382.0027412490717,1528.812470159161,loaded:unit_ball_P2_h008_N5000_slepc_eigs.txt,146.80972891008923,146.80972891008923,0.10622969443418089,0.10622969443418089
3293,1382.0027412490717,1529.4226750526711,loaded:unit_ball_P2_h008_N5000_slepc_eigs.txt,147.4199338035994,147.4199338035994,0.10667123110794946,0.10667123110794946
3294,1382.0027412490717,1529.506020533462,loaded:unit_ball_P2_h008_N5000_slepc_eigs.txt,147.50327928439037,147.50327928439037,0.10673153886154743,0.10673153886154743
3295,1382.0027412490717,1529.670652679583,loaded:unit_ball_P2_h008_N5000_slepc_eigs.txt,147.66791143051137,147.66791143051137,0.10685066463547477,0.10685066463547477
3296,1382.0027412490717,1529.787862104883,loaded:unit_ball_P2_h008_N5000_slepc_eigs.txt,147.78512085581133,147.78512085581133,0.10693547591826139,0.10693547591826139
3297,1382.0027412490717,1529.9818984173687,loaded:unit_ball_P2_h008_N5000_slepc_eigs.txt,147.97915716829698,147.97915716829698,0.10707587818136419,0.10707587818136419
3298,1382.0027412490717,1530.1623364280954,loaded:unit_ball_P2_h008_N5000_slepc_eigs.txt,148.15959517902365,148.15959517902365,0.10720644088239298,0.10720644088239298
3299,1382.0027412490717,1530.7392364013258,loaded:unit_ball_P2_h008_N5000_slepc_eigs.txt,148.73649515225407,148.73649515225407,0.10762387852995438,0.10762387852995438
3300,1382.0027412490717,1530.8132626641689,loaded:unit_ball_P2_h008_N5000_slepc_eigs.txt,148.81052141509713,148.81052141509713,0.10767744301331868,0.10767744301331868
3301,1382.0027412490717,1530.9279281429815,loaded:unit_ball_P2_h008_N5000_slepc_eigs.txt,148.92518689390977,148.92518689390977,0.10776041352805804,0.10776041352805804
3302,1382.0027412490717,1531.2170138759523,loaded:unit_ball_P2_h008_N5000_slepc_eigs.txt,149.21427262688053,149.21427262688053,0.10796959236999687,0.10796959236999687
3303,1382.0027412490717,1531.434794739559,loaded:unit_ball_P2_h008_N5000_slepc_eigs.txt,149.4320534904873,149.4320534904873,0.10812717589505554,0.10812717589505554
3304,1382.0027412490717,1531.8110035640584,loaded:unit_ball_P2_h008_N5000_slepc_eigs.txt,149.80826231498668,149.80826231498668,0.10839939592275197,0.10839939592275197
3305,1382.0027412490717,1531.9258918510827,loaded:unit_ball_P2_h008_N5000_slepc_eigs.txt,149.923150602011,149.923150602011,0.10848252765874294,0.10848252765874294
3306,1382.0027412490717,1532.174247073841,loaded:unit_ball_P2_h008_N5000_slepc_eigs.txt,150.17150582476916,150.17150582476916,0.1086622344099276,0.1086622344099276
3307,1382.0027412490717,1532.460361896463,loaded:unit_ball_P2_h008_N5000_slepc_eigs.txt,150.4576206473912,150.4576206473912,0.10886926353807784,0.10886926353807784
3308,1382.0027412490717,1532.6783711509192,loaded:unit_ball_P2_h008_N5000_slepc_eigs.txt,150.67562990184751,150.67562990184751,0.10902701232391547,0.10902701232391547
3309,1382.0027412490717,1533.0642133053511,loaded:unit_ball_P2_h008_N5000_slepc_eigs.txt,151.0614720562794,151.0614720562794,0.10930620290937203,0.10930620290937203
3310,1382.0027412490717,1533.1118294790922,loaded:unit_ball_P2_h008_N5000_slepc_eigs.txt,151.10908823002046,151.10908823002046,0.10934065738064032,0.10934065738064032
3311,1382.0027412490717,1533.5147510104075,loaded:unit_ball_P2_h008_N5000_slepc_eigs.txt,151.51200976133578,151.51200976133578,0.10963220639084788,0.10963220639084788
3312,1382.0027412490717,1533.932521886968,loaded:unit_ball_P2_h008_N5000_slepc_eigs.txt,151.92978063789633,151.92978063789633,0.10993450020264088,0.10993450020264088
3313,1382.0027412490717,1534.2460141359866,loaded:unit_ball_P2_h008_N5000_slepc_eigs.txt,152.24327288691484,152.24327288691484,0.11016133929612572,0.11016133929612572
3314,1382.0027412490717,1534.338181737511,loaded:unit_ball_P2_h008_N5000_slepc_eigs.txt,152.3354404884392,152.3354404884392,0.11022803062659374,0.11022803062659374
3315,1382.0027412490717,1534.6607676742199,loaded:unit_ball_P2_h008_N5000_slepc_eigs.txt,152.65802642514814,152.65802642514814,0.11046144979942216,0.11046144979942216
3316,1382.0027412490717,1534.827191912882,loaded:unit_ball_P2_h008_N5000_slepc_eigs.txt,152.82445066381024,152.82445066381024,0.11058187230922968,0.11058187230922968
3317,1382.0027412490717,1535.1088326157553,loaded:unit_ball_P2_h008_N5000_slepc_eigs.txt,153.1060913666836,153.1060913666836,0.11078566401996015,0.11078566401996015
3318,1382.0027412490717,1535.264761801744,loaded:unit_ball_P2_h008_N5000_slepc_eigs.txt,153.2620205526723,153.2620205526723,0.11089849244014678,0.11089849244014678
3319,1382.0027412490717,1535.466748024615,loaded:unit_ball_P2_h008_N5000_slepc_eigs.txt,153.46400677554334,153.46400677554334,0.11104464715955673,0.11104464715955673
3320,1382.0027412490717,1535.7027651618857,loaded:unit_ball_P2_h008_N5000_slepc_eigs.txt,153.700023912814,153.700023912814,0.11121542622549212,0.11121542622549212
3321,1382.0027412490717,1536.0197295338044,loaded:unit_ball_P2_h008_N5000_slepc_eigs.txt,154.01698828473263,154.01698828473263,0.11144477770393575,0.11144477770393575
3322,1382.0027412490717,1536.1708968998425,loaded:unit_ball_P2_h008_N5000_slepc_eigs.txt,154.1681556507708,154.1681556507708,0.11155416053041375,0.11155416053041375
3323,1385.8023383392901,1536.6976994126235,loaded:unit_ball_P2_h008_N5000_slepc_eigs.txt,150.89536107333333,150.89536107333333,0.10888664053934449,0.10888664053934449
3324,1385.8023383392901,1536.8714993495705,loaded:unit_ball_P2_h008_N5000_slepc_eigs.txt,151.06916101028037,151.06916101028037,0.10901205520501413,0.10901205520501413
3325,1385.8023383392901,1537.234503523016,loaded:unit_ball_P2_h008_N5000_slepc_eigs.txt,151.43216518372583,151.43216518372583,0.10927400033485168,0.10927400033485168
3326,1385.8023383392901,1537.4241029591194,loaded:unit_ball_P2_h008_N5000_slepc_eigs.txt,151.62176461982926,151.62176461982926,0.10941081597648976,0.10941081597648976
3327,1385.8023383392901,1537.7820812913876,loaded:unit_ball_P2_h008_N5000_slepc_eigs.txt,151.97974295209747,151.97974295209747,0.10966913444108203,0.10966913444108203
3328,1385.8023383392901,1538.244478374732,loaded:unit_ball_P2_h008_N5000_slepc_eigs.txt,152.44214003544175,152.44214003544175,0.11000280185565604,0.11000280185565604
3329,1385.8023383392901,1538.5467106546091,loaded:unit_ball_P2_h008_N5000_slepc_eigs.txt,152.74437231531897,152.74437231531897,0.11022089376639665,0.11022089376639665
3330,1385.8023383392901,1538.676050899097,loaded:unit_ball_P2_h008_N5000_slepc_eigs.txt,152.8737125598068,152.8737125598068,0.11031422615652872,0.11031422615652872
3331,1385.8023383392901,1538.8108031921847,loaded:unit_ball_P2_h008_N5000_slepc_eigs.txt,153.00846485289458,153.00846485289458,0.11041146390058483,0.11041146390058483
3332,1385.8023383392901,1539.2484906050092,loaded:unit_ball_P2_h008_N5000_slepc_eigs.txt,153.4461522657191,153.4461522657191,0.11072730072717658,0.11072730072717658
3333,1385.8023383392901,1539.6628630909731,loaded:unit_ball_P2_h008_N5000_slepc_eigs.txt,153.860524751683,153.860524751683,0.11102631341787565,0.11102631341787565
3334,1385.8023383392901,1539.6800252345167,loaded:unit_ball_P2_h008_N5000_slepc_eigs.txt,153.8776868952266,153.8776868952266,0.11103869768298244,0.11103869768298244
3335,1385.8023383392901,1539.929035082438,loaded:unit_ball_P2_h008_N5000_slepc_eigs.txt,154.12669674314793,154.12669674314793,0.11121838409354208,0.11121838409354208
3336,1385.8023383392901,1540.178948177782,loaded:unit_ball_P2_h008_N5000_slepc_eigs.txt,154.37660983849196,154.37660983849196,0.11139872229072215,0.11139872229072215
3337,1385.8023383392901,1540.3354150935425,loaded:unit_ball_P2_h008_N5000_slepc_eigs.txt,154.5330767542523,154.5330767542523,0.1115116293853572,0.1115116293853572
3338,1385.8023383392901,1540.6366789126018,loaded:unit_ball_P2_h008_N5000_slepc_eigs.txt,154.8343405733117,154.8343405733117,0.11172902245125461,0.11172902245125461
3339,1385.8023383392901,1540.9496417526266,loaded:unit_ball_P2_h008_N5000_slepc_eigs.txt,155.14730341333643,155.14730341333643,0.11195485757316657,0.11195485757316657
3340,1385.8023383392901,1541.3831145541196,loaded:unit_ball_P2_h008_N5000_slepc_eigs.txt,155.58077621482948,155.58077621482948,0.11226765312091584,0.11226765312091584
3341,1385.8023383392901,1541.5995571674985,loaded:unit_ball_P2_h008_N5000_slepc_eigs.txt,155.79721882820832,155.79721882820832,0.11242383889675904,0.11242383889675904
3342,1385.8023383392901,1541.7226326149803,loaded:unit_ball_P2_h008_N5000_slepc_eigs.txt,155.92029427569014,155.92029427569014,0.11251265058662047,0.11251265058662047
3343,1385.8023383392901,1542.0814692343688,loaded:unit_ball_P2_h008_N5000_slepc_eigs.txt,156.27913089507865,156.27913089507865,0.1127715883943157,0.1127715883943157
3344,1385.8023383392901,1542.517745312061,loaded:unit_ball_P2_h008_N5000_slepc_eigs.txt,156.71540697277078,156.71540697277078,0.11308640679635054,0.11308640679635054
3345,1385.8023383392901,1542.6614315290155,loaded:unit_ball_P2_h008_N5000_slepc_eigs.txt,156.8590931897254,156.8590931897254,0.11319009129231324,0.11319009129231324
3346,1385.8023383392901,1542.8102453841725,loaded:unit_ball_P2_h008_N5000_slepc_eigs.txt,157.00790704488236,157.00790704488236,0.11329747591062417,0.11329747591062417
3347,1385.8023383392901,1542.9658000302024,loaded:unit_ball_P2_h008_N5000_slepc_eigs.txt,157.1634616909123,157.1634616909123,0.11340972470810877,0.11340972470810877
3348,1385.8023383392901,1543.0965866019599,loaded:unit_ball_P2_h008_N5000_slepc_eigs.txt,157.29424826266973,157.29424826266973,0.11350410077325104,0.11350410077325104
3349,1385.8023383392901,1543.4586980067422,loaded:unit_ball_P2_h008_N5000_slepc_eigs.txt,157.65635966745208,157.65635966745208,0.11376540167797913,0.11376540167797913
3350,1385.8023383392901,1543.830558129951,loaded:unit_ball_P2_h008_N5000_slepc_eigs.txt,158.02821979066084,158.02821979066084,0.11403373729332698,0.11403373729332698
3351,1385.8023383392901,1544.1503559125451,loaded:unit_ball_P2_h008_N5000_slepc_eigs.txt,158.348017573255,158.348017573255,0.11426450453461869,0.11426450453461869
3352,1385.8023383392901,1544.2882270460914,loaded:unit_ball_P2_h008_N5000_slepc_eigs.txt,158.48588870680123,158.48588870680123,0.11436399284527593,0.11436399284527593
3353,1385.8023383392901,1544.7324517268053,loaded:unit_ball_P2_h008_N5000_slepc_eigs.txt,158.93011338751512,158.93011338751512,0.11468454698811728,0.11468454698811728
3354,1385.8023383392901,1544.799924142279,loaded:unit_ball_P2_h008_N5000_slepc_eigs.txt,158.99758580298885,158.99758580298885,0.11473323532815471,0.11473323532815471
3355,1385.8023383392901,1545.0572543514447,loaded:unit_ball_P2_h008_N5000_slepc_eigs.txt,159.25491601215458,159.25491601215458,0.11491892574160437,0.11491892574160437
3356,1385.8023383392901,1545.4494763295158,loaded:unit_ball_P2_h008_N5000_slepc_eigs.txt,159.6471379902257,159.6471379902257,0.11520195454536664,0.11520195454536664
3357,1385.8023383392901,1545.806213261866,loaded:unit_ball_P2_h008_N5000_slepc_eigs.txt,160.00387492257596,160.00387492257596,0.11545937721126989,0.11545937721126989
3358,1385.8023383392901,1546.00167911613,loaded:unit_ball_P2_h008_N5000_slepc_eigs.txt,160.1993407768398,160.1993407768398,0.11560042608155688,0.11560042608155688
3359,1385.8023383392901,1546.1045322220714,loaded:unit_ball_P2_h008_N5000_slepc_eigs.txt,160.30219388278124,160.30219388278124,0.11567464525632369,0.11567464525632369
3360,1385.8023383392901,1546.3999445637107,loaded:unit_ball_P2_h008_N5000_slepc_eigs.txt,160.5976062244206,160.5976062244206,0.11588781587486469,0.11588781587486469
3361,1385.8023383392901,1546.570789560886,loaded:unit_ball_P2_h008_N5000_slepc_eigs.txt,160.7684512215958,160.7684512215958,0.11601109824526387,0.11601109824526387
3362,1385.8023383392901,1547.0642745488103,loaded:unit_ball_P2_h008_N5000_slepc_eigs.txt,161.26193620952017,161.26193620952017,0.11636719880468115,0.11636719880468115
3363,1385.8023383392901,1547.4276914958762,loaded:unit_ball_P2_h008_N5000_slepc_eigs.txt,161.62535315658602,161.62535315658602,0.11662944179346217,0.11662944179346217
3364,1385.8023383392901,1547.5461016232462,loaded:unit_ball_P2_h008_N5000_slepc_eigs.txt,161.743763283956,161.743763283956,0.11671488697138842,0.11671488697138842
3365,1385.8023383392901,1547.7062290962926,loaded:unit_ball_P2_h008_N5000_slepc_eigs.txt,161.9038907570025,161.9038907570025,0.11683043553745476,0.11683043553745476
3366,1385.8023383392901,1547.8436187902125,loaded:unit_ball_P2_h008_N5000_slepc_eigs.txt,162.0412804509224,162.0412804509224,0.11692957643952924,0.11692957643952924
3367,1385.8023383392901,1548.2767000637525,loaded:unit_ball_P2_h008_N5000_slepc_eigs.txt,162.47436172446237,162.47436172446237,0.1172420894592857,0.1172420894592857
3368,1385.8023383392901,1548.459737533004,loaded:unit_ball_P2_h008_N5000_slepc_eigs.txt,162.6573991937139,162.6573991937139,0.11737416996181313,0.11737416996181313
3369,1385.8023383392901,1548.6944465454994,loaded:unit_ball_P2_h008_N5000_slepc_eigs.txt,162.8921082062093,162.8921082062093,0.11754353683759475,0.11754353683759475
3370,1385.8023383392901,1549.1740886302864,loaded:unit_ball_P2_h008_N5000_slepc_eigs.txt,163.37175029099626,163.37175029099626,0.11788964830783642,0.11788964830783642
3371,1385.8023383392901,1549.5618083372065,loaded:unit_ball_P2_h008_N5000_slepc_eigs.txt,163.7594699979163,163.7594699979163,0.11816942825638571,0.11816942825638571
3372,1385.8023383392901,1549.7869812186088,loaded:unit_ball_P2_h008_N5000_slepc_eigs.txt,163.9846428793187,163.9846428793187,0.11833191382533939,0.11833191382533939
3373,1385.8023383392901,1549.992399577831,loaded:unit_ball_P2_h008_N5000_slepc_eigs.txt,164.19006123854092,164.19006123854092,0.1184801444593477,0.1184801444593477
3374,1385.8023383392901,1550.218759776188,loaded:unit_ball_P2_h008_N5000_slepc_eigs.txt,164.41642143689796,164.41642143689796,0.11864348680052768,0.11864348680052768
3375,1385.8023383392901,1550.6199237156115,loaded:unit_ball_P2_h008_N5000_slepc_eigs.txt,164.8175853763214,164.8175853763214,0.11893296815607524,0.11893296815607524
3376,1401.134917483928,1550.7901252206989,loaded:unit_ball_P2_h008_N5000_slepc_eigs.txt,149.655207736771,149.655207736771,0.1068099908647717,0.1068099908647717
3377,1401.134917483928,1550.8838127311162,loaded:unit_ball_P2_h008_N5000_slepc_eigs.txt,149.74889524718833,149.74889524718833,0.106876856310239,0.106876856310239
3378,1401.134917483928,1551.036375692277,loaded:unit_ball_P2_h008_N5000_slepc_eigs.txt,149.90145820834914,149.90145820834914,0.10698574158549484,0.10698574158549484
3379,1401.134917483928,1551.695519003022,loaded:unit_ball_P2_h008_N5000_slepc_eigs.txt,150.560601519094,150.560601519094,0.10745617687514454,0.10745617687514454
3380,1401.134917483928,1551.8744694275017,loaded:unit_ball_P2_h008_N5000_slepc_eigs.txt,150.73955194357382,150.73955194357382,0.10758389507147724,0.10758389507147724
3381,1401.134917483928,1552.1641951871657,loaded:unit_ball_P2_h008_N5000_slepc_eigs.txt,151.02927770323777,151.02927770323777,0.10779067441588486,0.10779067441588486
3382,1401.134917483928,1552.667796224302,loaded:unit_ball_P2_h008_N5000_slepc_eigs.txt,151.53287874037414,151.53287874037414,0.10815009807370128,0.10815009807370128
3383,1401.134917483928,1553.0877462850533,loaded:unit_ball_P2_h008_N5000_slepc_eigs.txt,151.9528288011254,151.9528288011254,0.10844981943208794,0.10844981943208794
3384,1401.134917483928,1553.3215452920526,loaded:unit_ball_P2_h008_N5000_slepc_eigs.txt,152.18662780812474,152.18662780812474,0.10861668345359071,0.10861668345359071
3385,1405.9705365697262,1553.74040263085,loaded:unit_ball_P2_h008_N5000_slepc_eigs.txt,147.76986606112382,147.76986606112382,0.10510168045317035,0.10510168045317035
3386,1405.9705365697262,1554.1918107162764,loaded:unit_ball_P2_h008_N5000_slepc_eigs.txt,148.2212741465503,148.2212741465503,0.10542274556348753,0.10542274556348753
3387,1405.9705365697262,1554.4518043480057,loaded:unit_ball_P2_h008_N5000_slepc_eigs.txt,148.48126777827952,148.48126777827952,0.1056076666731173,0.1056076666731173
3388,1405.9705365697262,1554.5439181109907,loaded:unit_ball_P2_h008_N5000_slepc_eigs.txt,148.57338154126455,148.57338154126455,0.10567318281345532,0.10567318281345532
3389,1405.9705365697262,1555.0308301057548,loaded:unit_ball_P2_h008_N5000_slepc_eigs.txt,149.06029353602867,149.06029353602867,0.10601950016655724,0.10601950016655724
3390,1405.9705365697262,1555.5985179305649,loaded:unit_ball_P2_h008_N5000_slepc_eigs.txt,149.6279813608387,149.6279813608387,0.1064232695273257,0.1064232695273257
3391,1405.9705365697262,1555.8241635099855,loaded:unit_ball_P2_h008_N5000_slepc_eigs.txt,149.85362694025935,149.85362694025935,0.10658376050032374,0.10658376050032374
3392,1405.9705365697262,1556.5950438335287,loaded:unit_ball_P2_h008_N5000_slepc_eigs.txt,150.62450726380257,150.62450726380257,0.10713205102526177,0.10713205102526177
3393,1405.9705365697262,1556.7869506852235,loaded:unit_ball_P2_h008_N5000_slepc_eigs.txt,150.8164141154973,150.8164141154973,0.10726854524523521,0.10726854524523521
3394,1405.9705365697262,1557.1335999018513,loaded:unit_ball_P2_h008_N5000_slepc_eigs.txt,151.16306333212515,151.16306333212515,0.10751510035262288,0.10751510035262288
3395,1405.9705365697262,1557.2654710370412,loaded:unit_ball_P2_h008_N5000_slepc_eigs.txt,151.294934467315,151.294934467315,0.10760889402166489,0.10760889402166489
3396,1405.9705365697262,1557.7995296253227,loaded:unit_ball_P2_h008_N5000_slepc_eigs.txt,151.82899305559658,151.82899305559658,0.10798874450529208,0.10798874450529208
3397,1405.9705365697262,1558.2421333268978,loaded:unit_ball_P2_h008_N5000_slepc_eigs.txt,152.27159675717166,152.27159675717166,0.10830354747595386,0.10830354747595386
3398,1405.9705365697262,1558.5923438066186,loaded:unit_ball_P2_h008_N5000_slepc_eigs.txt,152.62180723689244,152.62180723689244,0.10855263554046993,0.10855263554046993
3399,1405.9705365697262,1558.9379905050405,loaded:unit_ball_P2_h008_N5000_slepc_eigs.txt,152.96745393531432,152.96745393531432,0.10879847760431943,0.10879847760431943
3400,1405.9705365697262,1559.1745360145749,loaded:unit_ball_P2_h008_N5000_slepc_eigs.txt,153.2039994448487,153.2039994448487,0.1089667211794028,0.1089667211794028
3401,1405.9705365697262,1559.831045250367,loaded:unit_ball_P2_h008_N5000_slepc_eigs.txt,153.8605086806408,153.8605086806408,0.10943366498705459,0.10943366498705459
3402,1405.9705365697262,1560.1586958525572,loaded:unit_ball_P2_h008_N5000_slepc_eigs.txt,154.18815928283107,154.18815928283107,0.10966670728322508,0.10966670728322508
3403,1405.9705365697262,1560.9084252247983,loaded:unit_ball_P2_h008_N5000_slepc_eigs.txt,154.93788865507213,154.93788865507213,0.11019995414206057,0.11019995414206057
3404,1405.9705365697262,1561.215457296674,loaded:unit_ball_P2_h008_N5000_slepc_eigs.txt,155.24492072694784,155.24492072694784,0.11041833145786466,0.11041833145786466
3405,1405.9705365697262,1561.3270148489794,loaded:unit_ball_P2_h008_N5000_slepc_eigs.txt,155.35647827925322,155.35647827925322,0.11049767704114946,0.11049767704114946
3406,1405.9705365697262,1561.7125142603138,loaded:unit_ball_P2_h008_N5000_slepc_eigs.txt,155.74197769058765,155.74197769058765,0.11077186444501566,0.11077186444501566
3407,1405.9705365697262,1562.029545867882,loaded:unit_ball_P2_h008_N5000_slepc_eigs.txt,156.05900929815584,156.05900929815584,0.1109973539551598,0.1109973539551598
3408,1415.2166797022617,1562.4719540290018,loaded:unit_ball_P2_h008_N5000_slepc_eigs.txt,147.25527432674016,147.25527432674016,0.10405139823374626,0.10405139823374626
3409,1415.2166797022617,1562.7025548709687,loaded:unit_ball_P2_h008_N5000_slepc_eigs.txt,147.48587516870703,147.48587516870703,0.10421434207497868,0.10421434207497868
3410,1415.2166797022617,1562.7362068900372,loaded:unit_ball_P2_h008_N5000_slepc_eigs.txt,147.51952718777557,147.51952718777557,0.10423812077936451,0.10423812077936451
3411,1415.2166797022617,1562.9699934310038,loaded:unit_ball_P2_h008_N5000_slepc_eigs.txt,147.7533137287421,147.7533137287421,0.10440331565328002,0.10440331565328002
3412,1415.2166797022617,1563.7862034956786,loaded:unit_ball_P2_h008_N5000_slepc_eigs.txt,148.56952379341692,148.56952379341692,0.10498005423782421,0.10498005423782421
3413,1420.3512781568888,1564.3229092990957,loaded:unit_ball_P2_h008_N5000_slepc_eigs.txt,143.9716311422069,143.9716311422069,0.10136339746110617,0.10136339746110617
3414,1420.3512781568888,1564.7603472300073,loaded:unit_ball_P2_h008_N5000_slepc_eigs.txt,144.40906907311842,144.40906907311842,0.10167137615457358,0.10167137615457358
3415,1420.3512781568888,1565.234036657755,loaded:unit_ball_P2_h008_N5000_slepc_eigs.txt,144.8827585008662,144.8827585008662,0.10200487775733376,0.10200487775733376
3416,1420.3512781568888,1565.3291321429147,loaded:unit_ball_P2_h008_N5000_slepc_eigs.txt,144.97785398602582,144.97785398602582,0.10207182984631488,0.10207182984631488
3417,1420.3512781568888,1565.7931407156939,loaded:unit_ball_P2_h008_N5000_slepc_eigs.txt,145.44186255880504,145.44186255880504,0.10239851563166605,0.10239851563166605
3418,1420.3512781568888,1565.9141045673048,loaded:unit_ball_P2_h008_N5000_slepc_eigs.txt,145.56282641041594,145.56282641041594,0.10248368037469206,0.10248368037469206
3419,1420.3512781568888,1566.4277905184965,loaded:unit_ball_P2_h008_N5000_slepc_eigs.txt,146.07651236160768,146.07651236160768,0.10284534157716468,0.10284534157716468
3420,1420.3512781568888,1566.9217034152514,loaded:unit_ball_P2_h008_N5000_slepc_eigs.txt,146.57042525836255,146.57042525836255,0.10319308153723696,0.10319308153723696
3421,1420.3512781568888,1566.992806833764,loaded:unit_ball_P2_h008_N5000_slepc_eigs.txt,146.64152867687517,146.64152867687517,0.10324314198327315,0.10324314198327315
3422,1420.3512781568888,1567.6069865303084,loaded:unit_ball_P2_h008_N5000_slepc_eigs.txt,147.25570837341957,147.25570837341957,0.10367555592621083,0.10367555592621083
3423,1420.3512781568888,1568.041032020654,loaded:unit_ball_P2_h008_N5000_slepc_eigs.txt,147.6897538637652,147.6897538637652,0.10398114616787899,0.10398114616787899
3424,1420.3512781568888,1568.1670535409373,loaded:unit_ball_P2_h008_N5000_slepc_eigs.txt,147.8157753840485,147.8157753840485,0.10406987176852535,0.10406987176852535
3425,1420.3512781568888,1568.5411985749552,loaded:unit_ball_P2_h008_N5000_slepc_eigs.txt,148.18992041806632,148.18992041806632,0.10433328902295506,0.10433328902295506
3426,1420.3512781568888,1568.6531049375576,loaded:unit_ball_P2_h008_N5000_slepc_eigs.txt,148.30182678066876,148.30182678066876,0.10441207683011475,0.10441207683011475
3427,1420.3512781568888,1569.1251202763406,loaded:unit_ball_P2_h008_N5000_slepc_eigs.txt,148.77384211945173,148.77384211945173,0.10474439978855604,0.10474439978855604
3428,1420.3512781568888,1569.335162283864,loaded:unit_ball_P2_h008_N5000_slepc_eigs.txt,148.98388412697523,148.98388412697523,0.10489228011277842,0.10489228011277842
3429,1420.3512781568888,1569.8530292171765,loaded:unit_ball_P2_h008_N5000_slepc_eigs.txt,149.5017510602877,149.5017510602877,0.10525688494066611,0.10525688494066611
3430,1420.3512781568888,1570.7285988813533,loaded:unit_ball_P2_h008_N5000_slepc_eigs.txt,150.37732072446443,150.37732072446443,0.10587333079996995,0.10587333079996995
3431,1420.3512781568888,1570.8961968485585,loaded:unit_ball_P2_h008_N5000_slepc_eigs.txt,150.54491869166964,150.54491869166964,0.10599132834732507,0.10599132834732507
3432,1420.3512781568888,1571.3913185388778,loaded:unit_ball_P2_h008_N5000_slepc_eigs.txt,151.040040381989,151.040040381989,0.1063399193599384,0.1063399193599384
3433,1420.3512781568888,1571.6492459157585,loaded:unit_ball_P2_h008_N5000_slepc_eigs.txt,151.29796775886962,151.29796775886962,0.10652151343518387,0.10652151343518387
3434,1420.3512781568888,1572.1306966542513,loaded:unit_ball_P2_h008_N5000_slepc_eigs.txt,151.77941849736249,151.77941849736249,0.10686047939796853,0.10686047939796853
3435,1420.3512781568888,1572.301805870769,loaded:unit_ball_P2_h008_N5000_slepc_eigs.txt,151.9505277138801,151.9505277138801,0.10698094904456162,0.10698094904456162
3436,1420.3512781568888,1572.5385592824427,loaded:unit_ball_P2_h008_N5000_slepc_eigs.txt,152.1872811255539,152.1872811255539,0.10714763556451959,0.10714763556451959
3437,1420.3512781568888,1572.8575920544538,loaded:unit_ball_P2_h008_N5000_slepc_eigs.txt,152.50631389756495,152.50631389756495,0.1073722509655949,0.1073722509655949
3438,1420.3512781568888,1573.5703089288102,loaded:unit_ball_P2_h008_N5000_slepc_eigs.txt,153.21903077192133,153.21903077192133,0.10787404012530279,0.10787404012530279
3439,1420.3512781568888,1574.1018873208986,loaded:unit_ball_P2_h008_N5000_slepc_eigs.txt,153.7506091640098,153.7506091640098,0.10824829852198496,0.10824829852198496
3440,1420.3512781568888,1574.2748804086225,loaded:unit_ball_P2_h008_N5000_slepc_eigs.txt,153.92360225173366,153.92360225173366,0.10837009451033253,0.10837009451033253
3441,1420.3512781568888,1574.603306092473,loaded:unit_ball_P2_h008_N5000_slepc_eigs.txt,154.25202793558424,154.25202793558424,0.10860132300211575,0.10860132300211575
3442,1420.3512781568888,1574.890149563026,loaded:unit_ball_P2_h008_N5000_slepc_eigs.txt,154.5388714061371,154.5388714061371,0.1088032754873665,0.1088032754873665
3443,1420.3512781568888,1575.2751334582204,loaded:unit_ball_P2_h008_N5000_slepc_eigs.txt,154.9238553013315,154.9238553013315,0.1090743238548478,0.1090743238548478
3444,1420.3512781568888,1575.7343073235988,loaded:unit_ball_P2_h008_N5000_slepc_eigs.txt,155.38302916671,155.38302916671,0.10939760575872608,0.10939760575872608
3445,1420.3512781568888,1576.131608464787,loaded:unit_ball_P2_h008_N5000_slepc_eigs.txt,155.7803303078981,155.7803303078981,0.10967732609784082,0.10967732609784082
3446,1420.3512781568888,1576.2438110404821,loaded:unit_ball_P2_h008_N5000_slepc_eigs.txt,155.89253288359328,155.89253288359328,0.10975632245417935,0.10975632245417935
3447,1420.3512781568888,1577.5181004970825,loaded:unit_ball_P2_h008_N5000_slepc_eigs.txt,157.16682234019368,157.16682234019368,0.11065348745568093,0.11065348745568093
3448,1420.3512781568888,1577.7382112666792,loaded:unit_ball_P2_h008_N5000_slepc_eigs.txt,157.38693310979033,157.38693310979033,0.11080845670376883,0.11080845670376883
3449,1420.3512781568888,1578.6097766552568,loaded:unit_ball_P2_h008_N5000_slepc_eigs.txt,158.258498498368,158.258498498368,0.1114220833480935,0.1114220833480935
3450,1420.3512781568888,1578.911542186216,loaded:unit_ball_P2_h008_N5000_slepc_eigs.txt,158.56026402932707,158.56026402932707,0.1116345417276506,0.1116345417276506
3451,1420.3512781568888,1579.6538378238176,loaded:unit_ball_P2_h008_N5000_slepc_eigs.txt,159.3025596669288,159.3025596669288,0.11215715585066174,0.11215715585066174
3452,1420.3512781568888,1579.8721534912336,loaded:unit_ball_P2_h008_N5000_slepc_eigs.txt,159.52087533434474,159.52087533434474,0.11231086125493275,0.11231086125493275
3453,1420.3512781568888,1580.515554178748,loaded:unit_ball_P2_h008_N5000_slepc_eigs.txt,160.16427602185922,160.16427602185922,0.11276384827117945,0.11276384827117945
3454,1420.3512781568888,1580.9694168393985,loaded:unit_ball_P2_h008_N5000_slepc_eigs.txt,160.61813868250965,160.61813868250965,0.11308339081507704,0.11308339081507704
3455,1420.3512781568888,1581.269070312722,loaded:unit_ball_P2_h008_N5000_slepc_eigs.txt,160.91779215583324,160.91779215583324,0.11329436219795383,0.11329436219795383
3456,1420.3512781568888,1581.7460399614592,loaded:unit_ball_P2_h008_N5000_slepc_eigs.txt,161.3947618045704,161.3947618045704,0.11363017324418749,0.11363017324418749
3457,1420.3512781568888,1581.8140430479393,loaded:unit_ball_P2_h008_N5000_slepc_eigs.txt,161.46276489105048,161.46276489105048,0.11367805089778338,0.11367805089778338
3458,1420.3512781568888,1582.0390337742056,loaded:unit_ball_P2_h008_N5000_slepc_eigs.txt,161.68775561731672,161.68775561731672,0.11383645588514552,0.11383645588514552
3459,1420.3512781568888,1582.779035271305,loaded:unit_ball_P2_h008_N5000_slepc_eigs.txt,162.42775711441618,162.42775711441618,0.1143574548158183,0.1143574548158183
3460,1420.3512781568888,1583.0505886933963,loaded:unit_ball_P2_h008_N5000_slepc_eigs.txt,162.69931053650748,162.69931053650748,0.11454864232433638,0.11454864232433638
3461,1420.3512781568888,1583.990311962196,loaded:unit_ball_P2_h008_N5000_slepc_eigs.txt,163.63903380530724,163.63903380530724,0.11521025560497439,0.11521025560497439
3462,1420.3512781568888,1584.4089913373787,loaded:unit_ball_P2_h008_N5000_slepc_eigs.txt,164.05771318048983,164.05771318048983,0.11550502731505859,0.11550502731505859
3463,1420.3512781568888,1584.5809867485232,loaded:unit_ball_P2_h008_N5000_slepc_eigs.txt,164.22970859163433,164.22970859163433,0.11562612088802858,0.11562612088802858
3464,1420.3512781568888,1585.2003322398152,loaded:unit_ball_P2_h008_N5000_slepc_eigs.txt,164.8490540829264,164.8490540829264,0.11606217181487799,0.11606217181487799
3465,1420.3512781568888,1585.674271487512,loaded:unit_ball_P2_h008_N5000_slepc_eigs.txt,165.32299333062315,165.32299333062315,0.11639584930366918,0.11639584930366918
3466,1420.3512781568888,1586.5079118454053,loaded:unit_ball_P2_h008_N5000_slepc_eigs.txt,166.15663368851642,166.15663368851642,0.11698277478521277,0.11698277478521277
3467,1420.3512781568888,1587.2065115959545,loaded:unit_ball_P2_h008_N5000_slepc_eigs.txt,166.85523343906561,166.85523343906561,0.11747462476718042,0.11747462476718042
3468,1420.3512781568888,1588.0068146859765,loaded:unit_ball_P2_h008_N5000_slepc_eigs.txt,167.6555365290876,167.6555365290876,0.11803807910578636,0.11803807910578636
3469,1420.3512781568888,1588.8673480085358,loaded:unit_ball_P2_h008_N5000_slepc_eigs.txt,168.516069851647,168.516069851647,0.11864393861096176,0.11864393861096176
3470,1420.3512781568888,1589.1407860419204,loaded:unit_ball_P2_h008_N5000_slepc_eigs.txt,168.78950788503153,168.78950788503153,0.11883645298229345,0.11883645298229345
3471,1420.3512781568888,1589.653862008794,loaded:unit_ball_P2_h008_N5000_slepc_eigs.txt,169.30258385190518,169.30258385190518,0.11919768472458431,0.11919768472458431
3472,1420.3512781568888,1590.6201493183046,loaded:unit_ball_P2_h008_N5000_slepc_eigs.txt,170.26887116141575,170.26887116141575,0.11987800044955374,0.11987800044955374
3473,1420.3512781568888,1592.1791845972955,loaded:unit_ball_P2_h008_N5000_slepc_eigs.txt,171.82790644040665,171.82790644040665,0.1209756410846324,0.1209756410846324
3474,1420.3512781568888,1593.2664215524283,loaded:unit_ball_P2_h008_N5000_slepc_eigs.txt,172.91514339553942,172.91514339553942,0.12174111155088467,0.12174111155088467
3475,1420.3512781568888,1593.7835792402318,loaded:unit_ball_P2_h008_N5000_slepc_eigs.txt,173.43230108334296,173.43230108334296,0.1221052170336316,0.1221052170336316
3476,1421.2230337568676,1594.4102600438255,loaded:unit_ball_P2_h008_N5000_slepc_eigs.txt,173.18722628695787,173.18722628695787,0.12185788027172198,0.12185788027172198
3477,1447.0117774311452,1594.949369211519,loaded:unit_ball_P2_h008_N5000_slepc_eigs.txt,147.93759178037385,147.93759178037385,0.10223661900181966,0.10223661900181966
3478,1447.0117774311452,1595.6806931230506,loaded:unit_ball_P2_h008_N5000_slepc_eigs.txt,148.66891569190534,148.66891569190534,0.10274202187616929,0.10274202187616929
3479,1447.0117774311452,1596.5515237039606,loaded:unit_ball_P2_h008_N5000_slepc_eigs.txt,149.53974627281536,149.53974627281536,0.10334383493290612,0.10334383493290612
3480,1447.0117774311452,1597.3888238803627,loaded:unit_ball_P2_h008_N5000_slepc_eigs.txt,150.37704644921746,150.37704644921746,0.1039224758185308,0.1039224758185308
3481,1447.0117774311452,1598.1940632935552,loaded:unit_ball_P2_h008_N5000_slepc_eigs.txt,151.18228586241003,151.18228586241003,0.10447896017183862,0.10447896017183862
3482,1447.0117774311452,1599.2069020296874,loaded:unit_ball_P2_h008_N5000_slepc_eigs.txt,152.19512459854218,152.19512459854218,0.10517891213624503,0.10517891213624503
3483,1447.0117774311452,1599.4793406089698,loaded:unit_ball_P2_h008_N5000_slepc_eigs.txt,152.46756317782456,152.46756317782456,0.10536718882032707,0.10536718882032707
3484,1447.0117774311452,1600.4530907905191,loaded:unit_ball_P2_h008_N5000_slepc_eigs.txt,153.4413133593739,153.4413133593739,0.10604012749072132,0.10604012749072132
3485,1447.0117774311452,1600.829304650225,loaded:unit_ball_P2_h008_N5000_slepc_eigs.txt,153.8175272190797,153.8175272190797,0.10630012113111427,0.10630012113111427
3486,1447.0117774311452,1601.2592615899239,loaded:unit_ball_P2_h008_N5000_slepc_eigs.txt,154.24748415877866,154.24748415877866,0.10659725550583392,0.10659725550583392
3487,1447.0117774311452,1601.4368376542348,loaded:unit_ball_P2_h008_N5000_slepc_eigs.txt,154.42506022308953,154.42506022308953,0.1067199746620153,0.1067199746620153
3488,1447.0117774311452,1602.256374730395,loaded:unit_ball_P2_h008_N5000_slepc_eigs.txt,155.2445972992498,155.2445972992498,0.10728633983536251,0.10728633983536251
3489,1447.0117774311452,1602.5234723403037,loaded:unit_ball_P2_h008_N5000_slepc_eigs.txt,155.51169490915845,155.51169490915845,0.10747092548564853,0.10747092548564853
3490,1447.0117774311452,1602.9476024314597,loaded:unit_ball_P2_h008_N5000_slepc_eigs.txt,155.93582500031448,155.93582500031448,0.10776403304549782,0.10776403304549782
3491,1447.0117774311452,1603.479192997057,loaded:unit_ball_P2_h008_N5000_slepc_eigs.txt,156.46741556591178,156.46741556591178,0.10813140432324998,0.10813140432324998
3492,1447.0117774311452,1604.094228136526,loaded:unit_ball_P2_h008_N5000_slepc_eigs.txt,157.08245070538078,157.08245070538078,0.10855644242526244,0.10855644242526244
3493,1447.0117774311452,1604.300664814245,loaded:unit_ball_P2_h008_N5000_slepc_eigs.txt,157.2888873830998,157.2888873830998,0.10869910655622445,0.10869910655622445
3494,1447.0117774311452,1604.886407201555,loaded:unit_ball_P2_h008_N5000_slepc_eigs.txt,157.87462977040968,157.87462977040968,0.10910390104127678,0.10910390104127678
3495,1447.0117774311452,1605.0342036328373,loaded:unit_ball_P2_h008_N5000_slepc_eigs.txt,158.02242620169204,158.02242620169204,0.10920604010716935,0.10920604010716935
3496,1447.0117774311452,1605.5280254323402,loaded:unit_ball_P2_h008_N5000_slepc_eigs.txt,158.51624800119498,158.51624800119498,0.10954731016951784,0.10954731016951784
3497,1447.0117774311452,1605.7148160760094,loaded:unit_ball_P2_h008_N5000_slepc_eigs.txt,158.70303864486414,158.70303864486414,0.10967639733147637,0.10967639733147637
3498,1447.0117774311452,1605.79619151304,loaded:unit_ball_P2_h008_N5000_slepc_eigs.txt,158.78441408189474,158.78441408189474,0.10973263421793425,0.10973263421793425
3499,1447.0117774311452,1606.6188028824758,loaded:unit_ball_P2_h008_N5000_slepc_eigs.txt,159.60702545133063,159.60702545133063,0.11030112397196808,0.11030112397196808
3500,1447.0117774311452,1606.768830268293,loaded:unit_ball_P2_h008_N5000_slepc_eigs.txt,159.75705283714774,159.75705283714774,0.11040480480453424,0.11040480480453424
3501,1447.0117774311452,1607.286521356251,loaded:unit_ball_P2_h008_N5000_slepc_eigs.txt,160.27474392510567,160.27474392510567,0.11076257043991627,0.11076257043991627
3502,1447.0117774311452,1607.7553715996157,loaded:unit_ball_P2_h008_N5000_slepc_eigs.txt,160.7435941684705,160.7435941684705,0.11108658317476573,0.11108658317476573
3503,1447.0117774311452,1607.8091379111302,loaded:unit_ball_P2_h008_N5000_slepc_eigs.txt,160.79736047998495,160.79736047998495,0.11112373996391771,0.11112373996391771
3504,1447.0117774311452,1607.8749819967022,loaded:unit_ball_P2_h008_N5000_slepc_eigs.txt,160.863204565557,160.863204565557,0.11116924345366051,0.11116924345366051
3505,1447.0117774311452,1608.266989612614,loaded:unit_ball_P2_h008_N5000_slepc_eigs.txt,161.25521218146878,161.25521218146878,0.11144015183327834,0.11144015183327834
3506,1447.0117774311452,1608.8573065835662,loaded:unit_ball_P2_h008_N5000_slepc_eigs.txt,161.84552915242102,161.84552915242102,0.11184810771875166,0.11184810771875166
3507,1447.0117774311452,1609.0836467671152,loaded:unit_ball_P2_h008_N5000_slepc_eigs.txt,162.07186933596995,162.07186933596995,0.11200452675215493,0.11200452675215493
3508,1447.0117774311452,1609.2811912952284,loaded:unit_ball_P2_h008_N5000_slepc_eigs.txt,162.26941386408316,162.26941386408316,0.11214104570189279,0.11214104570189279
3509,1447.0117774311452,1609.8166790219784,loaded:unit_ball_P2_h008_N5000_slepc_eigs.txt,162.8049015908332,162.8049015908332,0.11251111022735275,0.11251111022735275
3510,1447.0117774311452,1610.416229518939,loaded:unit_ball_P2_h008_N5000_slepc_eigs.txt,163.40445208779374,163.40445208779374,0.11292544721224233,0.11292544721224233
3511,1447.0117774311452,1610.5899055996895,loaded:unit_ball_P2_h008_N5000_slepc_eigs.txt,163.57812816854425,163.57812816854425,0.1130454711702082,0.1130454711702082
3512,1447.0117774311452,1611.0569591096728,loaded:unit_ball_P2_h008_N5000_slepc_eigs.txt,164.04518167852757,164.04518167852757,0.11336824221966882,0.11336824221966882
3513,1447.0117774311452,1611.1711963783523,loaded:unit_ball_P2_h008_N5000_slepc_eigs.txt,164.1594189472071,164.1594189472071,0.11344718924032286,0.11344718924032286
3514,1447.0117774311452,1611.4847021670291,loaded:unit_ball_P2_h008_N5000_slepc_eigs.txt,164.4729247358839,164.4729247358839,0.11366384662595479,0.11366384662595479
3515,1447.0117774311452,1611.842402574305,loaded:unit_ball_P2_h008_N5000_slepc_eigs.txt,164.83062514315975,164.83062514315975,0.11391104600114636,0.11391104600114636
3516,1447.0117774311452,1612.0442908323953,loaded:unit_ball_P2_h008_N5000_slepc_eigs.txt,165.03251340125007,165.03251340125007,0.11405056681309769,0.11405056681309769
3517,1447.0117774311452,1612.2417551550727,loaded:unit_ball_P2_h008_N5000_slepc_eigs.txt,165.2299777239275,165.2299777239275,0.11418703033451283,0.11418703033451283
3518,1447.0117774311452,1612.789149675898,loaded:unit_ball_P2_h008_N5000_slepc_eigs.txt,165.77737224475277,165.77737224475277,0.11456532339982363,0.11456532339982363
3519,1447.0117774311452,1613.1699630909152,loaded:unit_ball_P2_h008_N5000_slepc_eigs.txt,166.15818565976997,166.15818565976997,0.11482849569804311,0.11482849569804311
3520,1447.0117774311452,1613.402584606154,loaded:unit_ball_P2_h008_N5000_slepc_eigs.txt,166.39080717500883,166.39080717500883,0.11498925563024755,0.11498925563024755
3521,1447.0117774311452,1613.6365479026567,loaded:unit_ball_P2_h008_N5000_slepc_eigs.txt,166.6247704715115,166.6247704715115,0.11515094283981403,0.11515094283981403
3522,1447.0117774311452,1614.0655248980079,loaded:unit_ball_P2_h008_N5000_slepc_eigs.txt,167.05374746686266,167.05374746686266,0.1154473999952027,0.1154473999952027
3523,1447.0117774311452,1614.163494070683,loaded:unit_ball_P2_h008_N5000_slepc_eigs.txt,167.15171663953788,167.15171663953788,0.11551510447017882,0.11551510447017882
3524,1447.592820785528,1614.2648724164542,loaded:unit_ball_P2_h008_N5000_slepc_eigs.txt,166.67205163092626,166.67205163092626,0.11513738479338591,0.11513738479338591
3525,1447.592820785528,1614.7998166822201,loaded:unit_ball_P2_h008_N5000_slepc_eigs.txt,167.2069958966922,167.2069958966922,0.11550692535623262,0.11550692535623262
3526,1447.592820785528,1615.2337415092888,loaded:unit_ball_P2_h008_N5000_slepc_eigs.txt,167.64092072376093,167.64092072376093,0.11580668148988991,0.11580668148988991
3527,1447.592820785528,1615.6104990491974,loaded:unit_ball_P2_h008_N5000_slepc_eigs.txt,168.0176782636695,168.0176782636695,0.11606694634786574,0.11606694634786574
3528,1447.592820785528,1615.8266009978772,loaded:unit_ball_P2_h008_N5000_slepc_eigs.txt,168.2337802123493,168.2337802123493,0.11621623000386132,0.11621623000386132
3529,1447.592820785528,1616.0840106792666,loaded:unit_ball_P2_h008_N5000_slepc_eigs.txt,168.4911898937387,168.4911898937387,0.11639404912377772,0.11639404912377772
3530,1447.592820785528,1616.5369632943687,loaded:unit_ball_P2_h008_N5000_slepc_eigs.txt,168.94414250884074,168.94414250884074,0.11670694969125653,0.11670694969125653
3531,1447.592820785528,1616.5866292257533,loaded:unit_ball_P2_h008_N5000_slepc_eigs.txt,168.9938084402254,168.9938084402254,0.11674125901544737,0.11674125901544737
3532,1447.592820785528,1616.9217276202803,loaded:unit_ball_P2_h008_N5000_slepc_eigs.txt,169.3289068347524,169.3289068347524,0.11697274565292955,0.11697274565292955
3533,1447.592820785528,1617.0554851710294,loaded:unit_ball_P2_h008_N5000_slepc_eigs.txt,169.4626643855015,169.4626643855015,0.11706514563504368,0.11706514563504368
3534,1447.592820785528,1617.4065780831952,loaded:unit_ball_P2_h008_N5000_slepc_eigs.txt,169.81375729766728,169.81375729766728,0.11730768131712536,0.11730768131712536
3535,1447.592820785528,1618.1407724240087,loaded:unit_ball_P2_h008_N5000_slepc_eigs.txt,170.54795163848075,170.54795163848075,0.11781486422814247,0.11781486422814247
3536,1447.592820785528,1618.3743115069929,loaded:unit_ball_P2_h008_N5000_slepc_eigs.txt,170.78149072146493,170.78149072146493,0.11797619349119964,0.11797619349119964
3537,1447.592820785528,1618.5891611598815,loaded:unit_ball_P2_h008_N5000_slepc_eigs.txt,170.99634037435362,170.99634037435362,0.11812461205877178,0.11812461205877178
3538,1447.592820785528,1619.0092664486415,loaded:unit_ball_P2_h008_N5000_slepc_eigs.txt,171.41644566311356,171.41644566311356,0.11841482162787698,0.11841482162787698
3539,1447.592820785528,1619.213604162434,loaded:unit_ball_P2_h008_N5000_slepc_eigs.txt,171.62078337690605,171.62078337690605,0.11855597852701219,0.11855597852701219
3540,1447.592820785528,1619.4168526446203,loaded:unit_ball_P2_h008_N5000_slepc_eigs.txt,171.82403185909243,171.82403185909243,0.11869638298278731,0.11869638298278731
3541,1447.592820785528,1619.9325442112372,loaded:unit_ball_P2_h008_N5000_slepc_eigs.txt,172.33972342570928,172.33972342570928,0.11905262374276637,0.11905262374276637
3542,1447.592820785528,1620.13156097124,loaded:unit_ball_P2_h008_N5000_slepc_eigs.txt,172.5387401857122,172.5387401857122,0.11919010491643985,0.11919010491643985
3543,1447.592820785528,1620.2933943112482,loaded:unit_ball_P2_h008_N5000_slepc_eigs.txt,172.7005735257203,172.7005735257203,0.11930189970961953,0.11930189970961953
3544,1447.592820785528,1620.6033801505073,loaded:unit_ball_P2_h008_N5000_slepc_eigs.txt,173.01055936497937,173.01055936497937,0.11951603854397136,0.11951603854397136
3545,1447.592820785528,1621.070290577631,loaded:unit_ball_P2_h008_N5000_slepc_eigs.txt,173.4774697921032,173.4774697921032,0.11983858119575824,0.11983858119575824
3546,1447.592820785528,1621.1561538528242,loaded:unit_ball_P2_h008_N5000_slepc_eigs.txt,173.5633330672963,173.5633330672963,0.11989789571705195,0.11989789571705195
3547,1447.592820785528,1621.6174998138933,loaded:unit_ball_P2_h008_N5000_slepc_eigs.txt,174.02467902836543,174.02467902836543,0.12021659442461999,0.12021659442461999
3548,1447.592820785528,1622.0040526977175,loaded:unit_ball_P2_h008_N5000_slepc_eigs.txt,174.41123191218958,174.41123191218958,0.12048362592565659,0.12048362592565659
3549,1447.592820785528,1622.2460846184024,loaded:unit_ball_P2_h008_N5000_slepc_eigs.txt,174.65326383287447,174.65326383287447,0.12065082205789047,0.12065082205789047
3550,1447.592820785528,1622.5503998495965,loaded:unit_ball_P2_h008_N5000_slepc_eigs.txt,174.95757906406857,174.95757906406857,0.12086104362491162,0.12086104362491162
3551,1447.592820785528,1623.1021708292242,loaded:unit_ball_P2_h008_N5000_slepc_eigs.txt,175.50935004369626,175.50935004369626,0.12124220811516398,0.12124220811516398
3552,1447.592820785528,1623.332522198148,loaded:unit_ball_P2_h008_N5000_slepc_eigs.txt,175.73970141261998,175.73970141261998,0.12140133529900753,0.12140133529900753
3553,1450.2752134367488,1624.243882464035,loaded:unit_ball_P2_h008_N5000_slepc_eigs.txt,173.9686690272863,173.9686690272863,0.1199556245707523,0.1199556245707523
3554,1450.2752134367488,1624.3136682127756,loaded:unit_ball_P2_h008_N5000_slepc_eigs.txt,174.0384547760268,174.0384547760268,0.1200037435402375,0.1200037435402375
3555,1450.2752134367488,1624.4912739731699,loaded:unit_ball_P2_h008_N5000_slepc_eigs.txt,174.21606053642108,174.21606053642108,0.12012620702768372,0.12012620702768372
3556,1450.2752134367488,1624.8126099273256,loaded:unit_ball_P2_h008_N5000_slepc_eigs.txt,174.53739649057684,174.53739649057684,0.12034777597623816,0.12034777597623816
3557,1450.2752134367488,1625.2114363206117,loaded:unit_ball_P2_h008_N5000_slepc_eigs.txt,174.9362228838629,174.9362228838629,0.12062277646551837,0.12062277646551837
3558,1450.2752134367488,1625.7875420833957,loaded:unit_ball_P2_h008_N5000_slepc_eigs.txt,175.5123286466469,175.5123286466469,0.12102001538779078,0.12102001538779078
3559,1450.2752134367488,1625.8661228897065,loaded:unit_ball_P2_h008_N5000_slepc_eigs.txt,175.5909094529577,175.5909094529577,0.1210741987631824,0.1210741987631824
3560,1450.2752134367488,1626.7362068244872,loaded:unit_ball_P2_h008_N5000_slepc_eigs.txt,176.46099338773843,176.46099338773843,0.121674142778442,0.121674142778442
3561,1450.2752134367488,1626.8257136499187,loaded:unit_ball_P2_h008_N5000_slepc_eigs.txt,176.55050021316993,176.55050021316993,0.12173585990950941,0.12173585990950941
3562,1450.2752134367488,1627.3160371990064,loaded:unit_ball_P2_h008_N5000_slepc_eigs.txt,177.04082376225756,177.04082376225756,0.12207394991101038,0.12207394991101038
3563,1450.2752134367488,1627.577214416345,loaded:unit_ball_P2_h008_N5000_slepc_eigs.txt,177.3020009795962,177.3020009795962,0.1222540379487282,0.1222540379487282
3564,1450.2752134367488,1628.3287825450875,loaded:unit_ball_P2_h008_N5000_slepc_eigs.txt,178.0535691083387,178.0535691083387,0.12277226243590089,0.12277226243590089
3565,1450.2752134367488,1628.532537516598,loaded:unit_ball_P2_h008_N5000_slepc_eigs.txt,178.25732407984924,178.25732407984924,0.12291275643981323,0.12291275643981323
3566,1450.2752134367488,1628.9778546647747,loaded:unit_ball_P2_h008_N5000_slepc_eigs.txt,178.70264122802587,178.70264122802587,0.12321981343427246,0.12321981343427246
3567,1450.2752134367488,1629.2948793104365,loaded:unit_ball_P2_h008_N5000_slepc_eigs.txt,179.0196658736877,179.0196658736877,0.12343840963085957,0.12343840963085957
3568,1450.2752134367488,1630.0251630585467,loaded:unit_ball_P2_h008_N5000_slepc_eigs.txt,179.7499496217979,179.7499496217979,0.12394195802039568,0.12394195802039568
3569,1450.2752134367488,1630.33265983396,loaded:unit_ball_P2_h008_N5000_slepc_eigs.txt,180.05744639721115,180.05744639721115,0.12415398451892803,0.12415398451892803
3570,1450.2752134367488,1630.9257355150837,loaded:unit_ball_P2_h008_N5000_slepc_eigs.txt,180.65052207833492,180.65052207833492,0.1245629246122489,0.1245629246122489
3571,1450.2752134367488,1631.176942568292,loaded:unit_ball_P2_h008_N5000_slepc_eigs.txt,180.9017291315431,180.9017291315431,0.12473613797953309,0.12473613797953309
3572,1469.4833754213153,1631.3325600666026,loaded:unit_ball_P2_h008_N5000_slepc_eigs.txt,161.84918464528732,161.84918464528732,0.11014019440599904,0.11014019440599904
3573,1469.4833754213153,1632.3788632410592,loaded:unit_ball_P2_h008_N5000_slepc_eigs.txt,162.89548781974395,162.89548781974395,0.11085221550944067,0.11085221550944067
3574,1469.4833754213153,1632.9951535851246,loaded:unit_ball_P2_h008_N5000_slepc_eigs.txt,163.51177816380937,163.51177816380937,0.11127160803498641,0.11127160803498641
3575,1469.4833754213153,1633.553711576751,loaded:unit_ball_P2_h008_N5000_slepc_eigs.txt,164.07033615543583,164.07033615543583,0.11165171304397728,0.11165171304397728
3576,1469.4833754213153,1633.9033778458152,loaded:unit_ball_P2_h008_N5000_slepc_eigs.txt,164.4200024244999,164.4200024244999,0.1118896648812778,0.1118896648812778
3577,1469.4833754213153,1634.021318612642,loaded:unit_ball_P2_h008_N5000_slepc_eigs.txt,164.5379431913268,164.5379431913268,0.1119699249024523,0.1119699249024523
3578,1469.4833754213153,1634.4840072633074,loaded:unit_ball_P2_h008_N5000_slepc_eigs.txt,165.00063184199212,165.00063184199212,0.11228478974434455,0.11228478974434455
3579,1469.4833754213153,1634.7725756617529,loaded:unit_ball_P2_h008_N5000_slepc_eigs.txt,165.2892002404376,165.2892002404376,0.11248116379203511,0.11248116379203511
3580,1469.4833754213153,1635.774033486256,loaded:unit_ball_P2_h008_N5000_slepc_eigs.txt,166.29065806494077,166.29065806494077,0.11316266712936689,0.11316266712936689
3581,1469.4833754213153,1635.950512904158,loaded:unit_ball_P2_h008_N5000_slepc_eigs.txt,166.46713748284265,166.46713748284265,0.11328276336240611,0.11328276336240611
3582,1469.4833754213153,1636.3775160379066,loaded:unit_ball_P2_h008_N5000_slepc_eigs.txt,166.89414061659136,166.89414061659136,0.11357334380781353,0.11357334380781353
3583,1469.4833754213153,1636.5915721900521,loaded:unit_ball_P2_h008_N5000_slepc_eigs.txt,167.1081967687369,167.1081967687369,0.11371901143204519,0.11371901143204519
3584,1469.4833754213153,1637.0025229823457,loaded:unit_ball_P2_h008_N5000_slepc_eigs.txt,167.51914756103042,167.51914756103042,0.11399866807816117,0.11399866807816117
3585,1469.4833754213153,1637.1994973011138,loaded:unit_ball_P2_h008_N5000_slepc_eigs.txt,167.7161218797985,167.7161218797985,0.11413271132224455,0.11413271132224455
3586,1469.4833754213153,1637.4248263633833,loaded:unit_ball_P2_h008_N5000_slepc_eigs.txt,167.94145094206806,167.94145094206806,0.11428605028887626,0.11428605028887626
3587,1469.4833754213153,1637.6194999936401,loaded:unit_ball_P2_h008_N5000_slepc_eigs.txt,168.1361245723249,168.1361245723249,0.11441852788849592,0.11441852788849592
3588,1469.4833754213153,1637.896657911232,loaded:unit_ball_P2_h008_N5000_slepc_eigs.txt,168.4132824899168,168.4132824899168,0.11460713697535439,0.11460713697535439
3589,1469.4833754213153,1638.4829345942915,loaded:unit_ball_P2_h008_N5000_slepc_eigs.txt,168.9995591729762,168.9995591729762,0.11500610486629179,0.11500610486629179
3590,1469.4833754213153,1638.6309203489448,loaded:unit_ball_P2_h008_N5000_slepc_eigs.txt,169.1475449276295,169.1475449276295,0.11510681084032899,0.11510681084032899
3591,1469.4833754213153,1638.699623964967,loaded:unit_ball_P2_h008_N5000_slepc_eigs.txt,169.21624854365177,169.21624854365177,0.115153564425413,0.115153564425413
3592,1469.4833754213153,1639.2495199121577,loaded:unit_ball_P2_h008_N5000_slepc_eigs.txt,169.7661444908424,169.7661444908424,0.11552777481553256,0.11552777481553256
3593,1469.4833754213153,1639.510436389516,loaded:unit_ball_P2_h008_N5000_slepc_eigs.txt,170.02706096820066,170.02706096820066,0.11570533141924946,0.11570533141924946
3594,1469.4833754213153,1639.6503284710868,loaded:unit_ball_P2_h008_N5000_slepc_eigs.txt,170.16695304977156,170.16695304977156,0.11580052955752768,0.11580052955752768
3595,1469.4833754213153,1640.28328713066,loaded:unit_ball_P2_h008_N5000_slepc_eigs.txt,170.79991170934477,170.79991170934477,0.11623126505965048,0.11623126505965048
3596,1469.4833754213153,1640.345988757708,loaded:unit_ball_P2_h008_N5000_slepc_eigs.txt,170.86261333639277,170.86261333639277,0.1162739342235871,0.1162739342235871
3597,1469.4833754213153,1640.6780401244368,loaded:unit_ball_P2_h008_N5000_slepc_eigs.txt,171.1946647031216,171.1946647031216,0.11649989892130519,0.11649989892130519
3598,1469.4833754213153,1640.7427582759062,loaded:unit_ball_P2_h008_N5000_slepc_eigs.txt,171.25938285459097,171.25938285459097,0.11654394035283946,0.11654394035283946
3599,1469.4833754213153,1641.3098782362613,loaded:unit_ball_P2_h008_N5000_slepc_eigs.txt,171.82650281494602,171.82650281494602,0.11692987187805488,0.11692987187805488
3600,1469.4833754213153,1641.4070858278403,loaded:unit_ball_P2_h008_N5000_slepc_eigs.txt,171.92371040652506,171.92371040652506,0.11699602273978285,0.11699602273978285
3601,1469.4833754213153,1641.649086091463,loaded:unit_ball_P2_h008_N5000_slepc_eigs.txt,172.16571067014775,172.16571067014775,0.11716070664684189,0.11716070664684189
3602,1469.4833754213153,1641.8978370357763,loaded:unit_ball_P2_h008_N5000_slepc_eigs.txt,172.41446161446106,172.41446161446106,0.11732998446820002,0.11732998446820002
3603,1469.4833754213153,1642.104695664013,loaded:unit_ball_P2_h008_N5000_slepc_eigs.txt,172.62132024269772,172.62132024269772,0.11747075409628605,0.11747075409628605
3604,1469.4833754213153,1642.4283893275724,loaded:unit_ball_P2_h008_N5000_slepc_eigs.txt,172.94501390625715,172.94501390625715,0.11769103128279496,0.11769103128279496
3605,1469.4833754213153,1642.7003683912064,loaded:unit_ball_P2_h008_N5000_slepc_eigs.txt,173.21699296989118,173.21699296989118,0.11787611610116254,0.11787611610116254
3606,1469.4833754213153,1643.013081801134,loaded:unit_ball_P2_h008_N5000_slepc_eigs.txt,173.52970637981866,173.52970637981866,0.1180889211013129,0.1180889211013129
3607,1469.4833754213153,1643.2651815539098,loaded:unit_ball_P2_h008_N5000_slepc_eigs.txt,173.7818061325945,173.7818061325945,0.1182604778245753,0.1182604778245753
3608,1469.4833754213153,1643.5300413856087,loaded:unit_ball_P2_h008_N5000_slepc_eigs.txt,174.04666596429342,174.04666596429342,0.11844071792536785,0.11844071792536785
3609,1469.4833754213153,1643.9815518981939,loaded:unit_ball_P2_h008_N5000_slepc_eigs.txt,174.4981764768786,174.4981764768786,0.11874797591830412,0.11874797591830412
3610,1469.4833754213153,1644.082792378382,loaded:unit_ball_P2_h008_N5000_slepc_eigs.txt,174.59941695706675,174.59941695706675,0.11881687120618659,0.11881687120618659
3611,1469.4833754213153,1644.2258948262402,loaded:unit_ball_P2_h008_N5000_slepc_eigs.txt,174.7425194049249,174.7425194049249,0.11891425403490836,0.11891425403490836
3612,1469.4833754213153,1644.6863423706054,loaded:unit_ball_P2_h008_N5000_slepc_eigs.txt,175.20296694929016,175.20296694929016,0.11922759377870318,0.11922759377870318
3613,1469.4833754213153,1644.8437198423567,loaded:unit_ball_P2_h008_N5000_slepc_eigs.txt,175.36034442104142,175.36034442104142,0.11933469092208267,0.11933469092208267
3614,1469.4833754213153,1645.0506561818456,loaded:unit_ball_P2_h008_N5000_slepc_eigs.txt,175.56728076053037,175.56728076053037,0.11947551343355178,0.11947551343355178
3615,1469.4833754213153,1645.1978058519583,loaded:unit_ball_P2_h008_N5000_slepc_eigs.txt,175.714430430643,175.714430430643,0.1195756504426353,0.1195756504426353
3616,1469.4833754213153,1645.2679357539416,loaded:unit_ball_P2_h008_N5000_slepc_eigs.txt,175.78456033262637,175.78456033262637,0.11962337463139194,0.11962337463139194
3617,1469.4833754213153,1645.5425176193703,loaded:unit_ball_P2_h008_N5000_slepc_eigs.txt,176.05914219805504,176.05914219805504,0.1198102306857178,0.1198102306857178
3618,1469.4833754213153,1645.8025150143737,loaded:unit_ball_P2_h008_N5000_slepc_eigs.txt,176.31913959305848,176.31913959305848,0.11998716184353297,0.11998716184353297
3619,1469.4833754213153,1646.1752420801738,loaded:unit_ball_P2_h008_N5000_slepc_eigs.txt,176.69186665885854,176.69186665885854,0.12024080681293808,0.12024080681293808
3620,1469.4833754213153,1646.2681102124943,loaded:unit_ball_P2_h008_N5000_slepc_eigs.txt,176.78473479117906,176.78473479117906,0.12030400462372917,0.12030400462372917
3621,1469.4833754213153,1646.3871593096696,loaded:unit_ball_P2_h008_N5000_slepc_eigs.txt,176.90378388835438,176.90378388835438,0.12038501887619814,0.12038501887619814
3622,1469.4833754213153,1646.6544070185016,loaded:unit_ball_P2_h008_N5000_slepc_eigs.txt,177.17103159718636,177.17103159718636,0.12056688395429427,0.12056688395429427
3623,1469.4833754213153,1646.8307470851396,loaded:unit_ball_P2_h008_N5000_slepc_eigs.txt,177.34737166382433,177.34737166382433,0.12068688535722774,0.12068688535722774
3624,1469.4833754213153,1647.2029601901447,loaded:unit_ball_P2_h008_N5000_slepc_eigs.txt,177.71958476882946,177.71958476882946,0.12094018057051889,0.12094018057051889
3625,1469.4833754213153,1647.2241789031423,loaded:unit_ball_P2_h008_N5000_slepc_eigs.txt,177.74080348182702,177.74080348182702,0.12095462014387674,0.12095462014387674
3626,1469.4833754213153,1647.5183047997969,loaded:unit_ball_P2_h008_N5000_slepc_eigs.txt,178.0349293784816,178.0349293784816,0.12115477613173897,0.12115477613173897
3627,1470.7105213600594,1647.7848275196636,loaded:unit_ball_P2_h008_N5000_slepc_eigs.txt,177.07430615960425,177.07430615960425,0.12040051634080404,0.12040051634080404
3628,1470.7105213600594,1648.0602945207686,loaded:unit_ball_P2_h008_N5000_slepc_eigs.txt,177.34977316070922,177.34977316070922,0.12058781832654779,0.12058781832654779
3629,1470.7105213600594,1648.3826041419427,loaded:unit_ball_P2_h008_N5000_slepc_eigs.txt,177.67208278188332,177.67208278188332,0.12080697064543923,0.12080697064543923
3630,1470.7105213600594,1648.6642370190564,loaded:unit_ball_P2_h008_N5000_slepc_eigs.txt,177.953715658997,177.953715658997,0.12099846507824796,0.12099846507824796
3631,1470.7105213600594,1649.1545938230445,loaded:unit_ball_P2_h008_N5000_slepc_eigs.txt,178.4440724629851,178.4440724629851,0.12133187998000214,0.12133187998000214
3632,1470.7105213600594,1649.3935202081063,loaded:unit_ball_P2_h008_N5000_slepc_eigs.txt,178.68299884804696,178.68299884804696,0.12149433641285673,0.12149433641285673
3633,1470.7105213600594,1649.4480842067705,loaded:unit_ball_P2_h008_N5000_slepc_eigs.txt,178.73756284671117,178.73756284671117,0.12153143684687942,0.12153143684687942
3634,1470.7105213600594,1649.5663281021962,loaded:unit_ball_P2_h008_N5000_slepc_eigs.txt,178.8558067421368,178.8558067421368,0.12161183601021462,0.12161183601021462
3635,1470.7105213600594,1649.8852827370315,loaded:unit_ball_P2_h008_N5000_slepc_eigs.txt,179.17476137697213,179.17476137697213,0.1218287071280879,0.1218287071280879
3636,1470.7105213600594,1650.0454873863384,loaded:unit_ball_P2_h008_N5000_slepc_eigs.txt,179.33496602627906,179.33496602627906,0.12193763723158561,0.12193763723158561
3637,1470.7105213600594,1650.2957683876907,loaded:unit_ball_P2_h008_N5000_slepc_eigs.txt,179.58524702763134,179.58524702763134,0.12210781416152341,0.12210781416152341
3638,1470.7105213600594,1650.3750688087237,loaded:unit_ball_P2_h008_N5000_slepc_eigs.txt,179.66454744866428,179.66454744866428,0.12216173396415024,0.12216173396415024
3639,1470.7105213600594,1650.8145210934147,loaded:unit_ball_P2_h008_N5000_slepc_eigs.txt,180.1039997333553,180.1039997333553,0.12246053667094303,0.12246053667094303
3640,1470.7105213600594,1651.104503283241,loaded:unit_ball_P2_h008_N5000_slepc_eigs.txt,180.39398192318163,180.39398192318163,0.12265770816432309,0.12265770816432309
3641,1470.7105213600594,1651.4565117702432,loaded:unit_ball_P2_h008_N5000_slepc_eigs.txt,180.74599041018382,180.74599041018382,0.12289705403279262,0.12289705403279262
3642,1470.7105213600594,1651.6721022211439,loaded:unit_ball_P2_h008_N5000_slepc_eigs.txt,180.96158086108449,180.96158086108449,0.12304364334984007,0.12304364334984007
3643,1470.7105213600594,1651.8479083862117,loaded:unit_ball_P2_h008_N5000_slepc_eigs.txt,181.13738702615228,181.13738702615228,0.12316318160193962,0.12316318160193962
3644,1470.7105213600594,1652.1122249776172,loaded:unit_ball_P2_h008_N5000_slepc_eigs.txt,181.4017036175578,181.4017036175578,0.12334290193953609,0.12334290193953609
3645,1470.7105213600594,1652.2770671571293,loaded:unit_ball_P2_h008_N5000_slepc_eigs.txt,181.56654579706992,181.56654579706992,0.12345498530136563,0.12345498530136563
3646,1470.7105213600594,1652.4537974184443,loaded:unit_ball_P2_h008_N5000_slepc_eigs.txt,181.74327605838494,181.74327605838494,0.12357515188666454,0.12357515188666454
3647,1470.7105213600594,1652.6026605021439,loaded:unit_ball_P2_h008_N5000_slepc_eigs.txt,181.8921391420845,181.8921391420845,0.12367637036680562,0.12367637036680562
3648,1470.7105213600594,1652.821211868344,loaded:unit_ball_P2_h008_N5000_slepc_eigs.txt,182.11069050828473,182.11069050828473,0.12382497293884552,0.12382497293884552
3649,1470.7105213600594,1653.096615598783,loaded:unit_ball_P2_h008_N5000_slepc_eigs.txt,182.38609423872367,182.38609423872367,0.12401223190411371,0.12401223190411371
3650,1470.7105213600594,1653.595788277767,loaded:unit_ball_P2_h008_N5000_slepc_eigs.txt,182.88526691770767,182.88526691770767,0.12435164110241222,0.12435164110241222
3651,1470.7105213600594,1653.692735586972,loaded:unit_ball_P2_h008_N5000_slepc_eigs.txt,182.98221422691267,182.98221422691267,0.12441755979123438,0.12441755979123438
3652,1470.7105213600594,1653.7074943362236,loaded:unit_ball_P2_h008_N5000_slepc_eigs.txt,182.99697297616422,182.99697297616422,0.12442759490626021,0.12442759490626021
3653,1470.7105213600594,1654.012867139279,loaded:unit_ball_P2_h008_N5000_slepc_eigs.txt,183.30234577921965,183.30234577921965,0.12463523114644501,0.12463523114644501
3654,1470.7105213600594,1654.2333618819005,loaded:unit_ball_P2_h008_N5000_slepc_eigs.txt,183.5228405218411,183.5228405218411,0.12478515510457208,0.12478515510457208
3655,1470.7105213600594,1654.552767256195,loaded:unit_ball_P2_h008_N5000_slepc_eigs.txt,183.84224589613564,183.84224589613564,0.12500233269979263,0.12500233269979263
3656,1470.7105213600594,1654.8792669500897,loaded:unit_ball_P2_h008_N5000_slepc_eigs.txt,184.1687455900303,184.1687455900303,0.1252243340312258,0.1252243340312258
3657,1470.7105213600594,1655.0133905754394,loaded:unit_ball_P2_h008_N5000_slepc_eigs.txt,184.30286921538004,184.30286921538004,0.1253155305130635,0.1253155305130635
3658,1470.7105213600594,1655.300323813116,loaded:unit_ball_P2_h008_N5000_slepc_eigs.txt,184.58980245305656,184.58980245305656,0.12551062889137057,0.12551062889137057
3659,1470.7105213600594,1655.665818445628,loaded:unit_ball_P2_h008_N5000_slepc_eigs.txt,184.95529708556865,184.95529708556865,0.1257591445762751,0.1257591445762751
3660,1470.7105213600594,1655.7612848125896,loaded:unit_ball_P2_h008_N5000_slepc_eigs.txt,185.0507634525302,185.0507634525302,0.12582405630810475,0.12582405630810475
3661,1470.7105213600594,1655.7953199144913,loaded:unit_ball_P2_h008_N5000_slepc_eigs.txt,185.08479855443193,185.08479855443193,0.1258471982530405,0.1258471982530405
3662,1472.1935276570139,1656.3938249293747,loaded:unit_ball_P2_h008_N5000_slepc_eigs.txt,184.20029727236079,184.20029727236079,0.1251196217154373,0.1251196217154373
3663,1472.1935276570139,1656.4960172497128,loaded:unit_ball_P2_h008_N5000_slepc_eigs.txt,184.30248959269898,184.30248959269898,0.1251890367199312,0.1251890367199312
3664,1472.1935276570139,1656.6510160512964,loaded:unit_ball_P2_h008_N5000_slepc_eigs.txt,184.45748839428256,184.45748839428256,0.12529432097683885,0.12529432097683885
3665,1472.1935276570139,1656.9865620420892,loaded:unit_ball_P2_h008_N5000_slepc_eigs.txt,184.79303438507532,184.79303438507532,0.12552224345067745,0.12552224345067745
3666,1472.1935276570139,1657.1795037064765,loaded:unit_ball_P2_h008_N5000_slepc_eigs.txt,184.98597604946258,184.98597604946258,0.1256533007205014,0.1256533007205014
3667,1472.1935276570139,1657.593621411054,loaded:unit_ball_P2_h008_N5000_slepc_eigs.txt,185.4000937540402,185.4000937540402,0.12593459370053284,0.12593459370053284
3668,1472.1935276570139,1657.8095332122602,loaded:unit_ball_P2_h008_N5000_slepc_eigs.txt,185.61600555524637,185.61600555524637,0.12608125363154735,0.12608125363154735
3669,1472.1935276570139,1657.9783436399716,loaded:unit_ball_P2_h008_N5000_slepc_eigs.txt,185.78481598295775,185.78481598295775,0.12619591955320783,0.12619591955320783
3670,1472.1935276570139,1658.1675780437838,loaded:unit_ball_P2_h008_N5000_slepc_eigs.txt,185.97405038676993,185.97405038676993,0.12632445863469213,0.12632445863469213
3671,1472.1935276570139,1658.2651247680137,loaded:unit_ball_P2_h008_N5000_slepc_eigs.txt,186.07159711099985,186.07159711099985,0.12639071807843874,0.12639071807843874
3672,1472.1935276570139,1658.4847538794475,loaded:unit_ball_P2_h008_N5000_slepc_eigs.txt,186.29122622243358,186.29122622243358,0.126539903024105,0.126539903024105
3673,1472.1935276570139,1658.7118444967707,loaded:unit_ball_P2_h008_N5000_slepc_eigs.txt,186.51831683975684,186.51831683975684,0.12669415626123523,0.12669415626123523
3674,1472.1935276570139,1658.871903678275,loaded:unit_ball_P2_h008_N5000_slepc_eigs.txt,186.6783760212611,186.6783760212611,0.12680287782432959,0.12680287782432959
3675,1472.1935276570139,1659.2671488607907,loaded:unit_ball_P2_h008_N5000_slepc_eigs.txt,187.07362120377684,187.07362120377684,0.12707135148291493,0.12707135148291493
3676,1472.1935276570139,1659.5029458258266,loaded:unit_ball_P2_h008_N5000_slepc_eigs.txt,187.30941816881273,187.30941816881273,0.12723151858092624,0.12723151858092624
3677,1472.1935276570139,1659.6212931841849,loaded:unit_ball_P2_h008_N5000_slepc_eigs.txt,187.427765527171,187.427765527171,0.12731190703267187,0.12731190703267187
3678,1472.1935276570139,1660.02050985127,loaded:unit_ball_P2_h008_N5000_slepc_eigs.txt,187.82698219425606,187.82698219425606,0.12758307835599675,0.12758307835599675
3679,1472.1935276570139,1660.0664179680864,loaded:unit_ball_P2_h008_N5000_slepc_eigs.txt,187.87289031107252,187.87289031107252,0.12761426183558283,0.12761426183558283
3680,1472.1935276570139,1660.377945193314,loaded:unit_ball_P2_h008_N5000_slepc_eigs.txt,188.1844175363001,188.1844175363001,0.12782586935821835,0.12782586935821835
3681,1472.1935276570139,1660.4643767992634,loaded:unit_ball_P2_h008_N5000_slepc_eigs.txt,188.27084914224952,188.27084914224952,0.1278845787631476,0.1278845787631476
3682,1472.1935276570139,1660.634433946727,loaded:unit_ball_P2_h008_N5000_slepc_eigs.txt,188.4409062897132,188.4409062897132,0.12800009152982464,0.12800009152982464
3683,1472.1935276570139,1660.825610871287,loaded:unit_ball_P2_h008_N5000_slepc_eigs.txt,188.63208321427305,188.63208321427305,0.12812995008508138,0.12812995008508138
3684,1472.1935276570139,1660.917321581831,loaded:unit_ball_P2_h008_N5000_slepc_eigs.txt,188.72379392481707,188.72379392481707,0.12819224536679613,0.12819224536679613
3685,1472.1935276570139,1661.2630361140446,loaded:unit_ball_P2_h008_N5000_slepc_eigs.txt,189.06950845703068,189.06950845703068,0.12842707490905325,0.12842707490905325
3686,1472.1935276570139,1661.514993016316,loaded:unit_ball_P2_h008_N5000_slepc_eigs.txt,189.32146535930224,189.32146535930224,0.12859821878215025,0.12859821878215025
3687,1472.1935276570139,1661.8339511145925,loaded:unit_ball_P2_h008_N5000_slepc_eigs.txt,189.64042345757866,189.64042345757866,0.12881487378863166,0.12881487378863166
3688,1472.1935276570139,1662.4992733922363,loaded:unit_ball_P2_h008_N5000_slepc_eigs.txt,190.30574573522244,190.30574573522244,0.1292667996157358,0.1292667996157358
3689,1472.1935276570139,1662.770954517621,loaded:unit_ball_P2_h008_N5000_slepc_eigs.txt,190.57742686060715,190.57742686060715,0.12945134133547634,0.12945134133547634
3690,1472.1935276570139,1662.89710303228,loaded:unit_ball_P2_h008_N5000_slepc_eigs.txt,190.70357537526615,190.70357537526615,0.12953702878912232,0.12953702878912232
3691,1472.1935276570139,1663.173981943203,loaded:unit_ball_P2_h008_N5000_slepc_eigs.txt,190.98045428618912,190.98045428618912,0.12972510114898633,0.12972510114898633
3692,1472.1935276570139,1663.3103633054836,loaded:unit_ball_P2_h008_N5000_slepc_eigs.txt,191.11683564846976,191.11683564846976,0.12981773935158575,0.12981773935158575
3693,1472.1935276570139,1663.5543714199573,loaded:unit_ball_P2_h008_N5000_slepc_eigs.txt,191.36084376294343,191.36084376294343,0.1299834839428298,0.1299834839428298
3694,1472.1935276570139,1663.75377893828,loaded:unit_ball_P2_h008_N5000_slepc_eigs.txt,191.56025128126612,191.56025128126612,0.13011893319904277,0.13011893319904277
3695,1472.1935276570139,1663.8997833541168,loaded:unit_ball_P2_h008_N5000_slepc_eigs.txt,191.70625569710296,191.70625569710296,0.1302181079427799,0.1302181079427799
3696,1472.1935276570139,1663.995349302472,loaded:unit_ball_P2_h008_N5000_slepc_eigs.txt,191.80182164545818,191.80182164545818,0.13028302192763305,0.13028302192763305
3697,1472.1935276570139,1664.3596162776066,loaded:unit_ball_P2_h008_N5000_slepc_eigs.txt,192.16608862059275,192.16608862059275,0.130530453374852,0.130530453374852
3698,1472.1935276570139,1664.8374463887008,loaded:unit_ball_P2_h008_N5000_slepc_eigs.txt,192.64391873168688,192.64391873168688,0.13085502354998013,0.13085502354998013
3699,1472.1935276570139,1665.0681685827992,loaded:unit_ball_P2_h008_N5000_slepc_eigs.txt,192.87464092578534,192.87464092578534,0.13101174356658396,0.13101174356658396
3700,1472.1935276570139,1665.194714848842,loaded:unit_ball_P2_h008_N5000_slepc_eigs.txt,193.0011871918282,193.0011871918282,0.13109770119624714,0.13109770119624714
3701,1472.1935276570139,1665.355966960262,loaded:unit_ball_P2_h008_N5000_slepc_eigs.txt,193.16243930324822,193.16243930324822,0.13120723306715318,0.13120723306715318
3702,1472.1935276570139,1665.619304935344,loaded:unit_ball_P2_h008_N5000_slepc_eigs.txt,193.4257772783301,193.4257772783301,0.13138610763094843,0.13138610763094843
3703,1485.4368046301804,1666.0185666714221,loaded:unit_ball_P2_h008_N5000_slepc_eigs.txt,180.58176204124175,180.58176204124175,0.12156812156421559,0.12156812156421559
3704,1485.4368046301804,1666.1021945437567,loaded:unit_ball_P2_h008_N5000_slepc_eigs.txt,180.6653899135763,180.6653899135763,0.12162442006986314,0.12162442006986314
3705,1485.4368046301804,1666.346697081286,loaded:unit_ball_P2_h008_N5000_slepc_eigs.txt,180.90989245110563,180.90989245110563,0.12178901982716497,0.12178901982716497
3706,1485.4368046301804,1666.6230210246677,loaded:unit_ball_P2_h008_N5000_slepc_eigs.txt,181.18621639448725,181.18621639448725,0.12197504183935715,0.12197504183935715
3707,1485.4368046301804,1666.9553600091579,loaded:unit_ball_P2_h008_N5000_slepc_eigs.txt,181.51855537897745,181.51855537897745,0.12219877332591672,0.12219877332591672
3708,1485.4368046301804,1667.3374975567267,loaded:unit_ball_P2_h008_N5000_slepc_eigs.txt,181.9006929265463,181.9006929265463,0.12245602933733216,0.12245602933733216
3709,1485.4368046301804,1667.5107769570063,loaded:unit_ball_P2_h008_N5000_slepc_eigs.txt,182.07397232682592,182.07397232682592,0.12257268148957418,0.12257268148957418
3710,1485.4368046301804,1667.640920495937,loaded:unit_ball_P2_h008_N5000_slepc_eigs.txt,182.20411586575665,182.20411586575665,0.12266029446545107,0.12266029446545107
3711,1485.4368046301804,1668.2675198088432,loaded:unit_ball_P2_h008_N5000_slepc_eigs.txt,182.83071517866279,182.83071517866279,0.12308212278622042,0.12308212278622042
3712,1485.4368046301804,1668.4146034609807,loaded:unit_ball_P2_h008_N5000_slepc_eigs.txt,182.97779883080034,182.97779883080034,0.12318113989127605,0.12318113989127605
3713,1485.4368046301804,1668.540426725325,loaded:unit_ball_P2_h008_N5000_slepc_eigs.txt,183.1036220951446,183.1036220951446,0.12326584444683308,0.12326584444683308
3714,1485.4368046301804,1669.2184159617457,loaded:unit_ball_P2_h008_N5000_slepc_eigs.txt,183.78161133156527,183.78161133156527,0.12372226860052804,0.12372226860052804
3715,1485.4368046301804,1669.5860965078623,loaded:unit_ball_P2_h008_N5000_slepc_eigs.txt,184.1492918776819,184.1492918776819,0.12396979212018942,0.12396979212018942
3716,1485.4368046301804,1669.9062003852582,loaded:unit_ball_P2_h008_N5000_slepc_eigs.txt,184.4693957550778,184.4693957550778,0.12418528690017477,0.12418528690017477
3717,1485.4368046301804,1670.0452913435374,loaded:unit_ball_P2_h008_N5000_slepc_eigs.txt,184.60848671335702,184.60848671335702,0.12427892330250818,0.12427892330250818
3718,1501.2176161883942,1670.1675325538658,loaded:unit_ball_P2_h008_N5000_slepc_eigs.txt,168.9499163654716,168.9499163654716,0.11254192233264425,0.11254192233264425
3719,1501.2176161883942,1670.4853504519167,loaded:unit_ball_P2_h008_N5000_slepc_eigs.txt,169.26773426352247,169.26773426352247,0.11275362907963661,0.11275362907963661
3720,1501.2176161883942,1670.9012858199017,loaded:unit_ball_P2_h008_N5000_slepc_eigs.txt,169.68366963150743,169.68366963150743,0.11303069441879844,0.11303069441879844
3721,1501.2176161883942,1671.248374354313,loaded:unit_ball_P2_h008_N5000_slepc_eigs.txt,170.03075816591877,170.03075816591877,0.11326189909603411,0.11326189909603411
3722,1501.2176161883942,1671.6499060430203,loaded:unit_ball_P2_h008_N5000_slepc_eigs.txt,170.4322898546261,170.4322898546261,0.11352936977075669,0.11352936977075669
3723,1501.2176161883942,1671.7074824198087,loaded:unit_ball_P2_h008_N5000_slepc_eigs.txt,170.48986623141445,170.48986623141445,0.11356772288903047,0.11356772288903047
3724,1501.2176161883942,1672.038675215474,loaded:unit_ball_P2_h008_N5000_slepc_eigs.txt,170.82105902707985,170.82105902707985,0.11378833900230677,0.11378833900230677
3725,1501.2176161883942,1672.5688106559335,loaded:unit_ball_P2_h008_N5000_slepc_eigs.txt,171.35119446753924,171.35119446753924,0.11414147597241868,0.11414147597241868
3726,1501.2176161883942,1672.7914611582355,loaded:unit_ball_P2_h008_N5000_slepc_eigs.txt,171.57384496984128,171.57384496984128,0.11428978924818968,0.11428978924818968
3727,1501.2176161883942,1672.9241512536769,loaded:unit_ball_P2_h008_N5000_slepc_eigs.txt,171.70653506528265,171.70653506528265,0.11437817756312184,0.11437817756312184
3728,1501.2176161883942,1673.183378835469,loaded:unit_ball_P2_h008_N5000_slepc_eigs.txt,171.96576264707483,171.96576264707483,0.11455085578045475,0.11455085578045475
3729,1501.2176161883942,1673.4276389773681,loaded:unit_ball_P2_h008_N5000_slepc_eigs.txt,172.2100227889739,172.2100227889739,0.11471356379777689,0.11471356379777689
3730,1501.2176161883942,1673.92133415563,loaded:unit_ball_P2_h008_N5000_slepc_eigs.txt,172.70371796723566,172.70371796723566,0.11504242696387486,0.11504242696387486
3731,1501.2176161883942,1674.5859307818735,loaded:unit_ball_P2_h008_N5000_slepc_eigs.txt,173.36831459347923,173.36831459347923,0.1154851320181434,0.1154851320181434
3732,1501.2176161883942,1674.8208590600802,loaded:unit_ball_P2_h008_N5000_slepc_eigs.txt,173.603242871686,173.603242871686,0.115641623838965,0.115641623838965
3733,1501.2176161883942,1674.9936385140024,loaded:unit_ball_P2_h008_N5000_slepc_eigs.txt,173.7760223256082,173.7760223256082,0.11575671671561327,0.11575671671561327
3734,1501.2176161883942,1675.205128094994,loaded:unit_ball_P2_h008_N5000_slepc_eigs.txt,173.98751190659982,173.98751190659982,0.11589759541215335,0.11589759541215335
3735,1501.2176161883942,1675.4940612267815,loaded:unit_ball_P2_h008_N5000_slepc_eigs.txt,174.27644503838724,174.27644503838724,0.11609006126698458,0.11609006126698458
3736,1501.2176161883942,1675.8406385538099,loaded:unit_ball_P2_h008_N5000_slepc_eigs.txt,174.62302236541564,174.62302236541564,0.11632092541572031,0.11632092541572031
3737,1501.2176161883942,1676.174737158368,loaded:unit_ball_P2_h008_N5000_slepc_eigs.txt,174.95712096997386,174.95712096997386,0.11654347716368507,0.11654347716368507
3738,1501.2176161883942,1676.6720186090645,loaded:unit_ball_P2_h008_N5000_slepc_eigs.txt,175.45440242067025,175.45440242067025,0.11687472923888986,0.11687472923888986
3739,1501.2176161883942,1677.1769566077587,loaded:unit_ball_P2_h008_N5000_slepc_eigs.txt,175.95934041936448,175.95934041936448,0.11721108153934864,0.11721108153934864
3740,1501.2176161883942,1677.3939260751372,loaded:unit_ball_P2_h008_N5000_slepc_eigs.txt,176.17630988674296,176.17630988674296,0.11735561053037485,0.11735561053037485
3741,1501.2176161883942,1677.653522380512,loaded:unit_ball_P2_h008_N5000_slepc_eigs.txt,176.43590619211773,176.43590619211773,0.11752853436405188,0.11752853436405188
3742,1501.2176161883942,1677.991953382167,loaded:unit_ball_P2_h008_N5000_slepc_eigs.txt,176.77433719377268,176.77433719377268,0.11775397203411749,0.11775397203411749
3743,1501.2176161883942,1678.28485643384,loaded:unit_ball_P2_h008_N5000_slepc_eigs.txt,177.06724024544587,177.06724024544587,0.11794908235557565,0.11794908235557565
3744,1501.2176161883942,1678.7401683998282,loaded:unit_ball_P2_h008_N5000_slepc_eigs.txt,177.522552211434,177.522552211434,0.11825237746820841,0.11825237746820841
3745,1501.2176161883942,1678.8565668952938,loaded:unit_ball_P2_h008_N5000_slepc_eigs.txt,177.63895070689955,177.63895070689955,0.1183299135257462,0.1183299135257462
3746,1501.2176161883942,1679.2215037915655,loaded:unit_ball_P2_h008_N5000_slepc_eigs.txt,178.00388760317128,178.00388760317128,0.11857300745985438,0.11857300745985438
3747,1501.2176161883942,1679.5122574527286,loaded:unit_ball_P2_h008_N5000_slepc_eigs.txt,178.29464126433436,178.29464126433436,0.11876668601653247,0.11876668601653247
3748,1501.2176161883942,1679.8988722493175,loaded:unit_ball_P2_h008_N5000_slepc_eigs.txt,178.68125606092326,178.68125606092326,0.11902422016242832,0.11902422016242832
3749,1501.2176161883942,1680.475582319688,loaded:unit_ball_P2_h008_N5000_slepc_eigs.txt,179.25796613129387,179.25796613129387,0.11940838170180253,0.11940838170180253
3750,1501.2176161883942,1680.6452808517536,loaded:unit_ball_P2_h008_N5000_slepc_eigs.txt,179.42766466335934,179.42766466335934,0.11952142229647417,0.11952142229647417
3751,1501.2176161883942,1680.9233744181433,loaded:unit_ball_P2_h008_N5000_slepc_eigs.txt,179.7057582297491,179.7057582297491,0.11970666763558487,0.11970666763558487
3752,1501.2176161883942,1681.1268622954863,loaded:unit_ball_P2_h008_N5000_slepc_eigs.txt,179.90924610709203,179.90924610709203,0.11984221618973757,0.11984221618973757
3753,1501.2176161883942,1681.5095325327534,loaded:unit_ball_P2_h008_N5000_slepc_eigs.txt,180.29191634435915,180.29191634435915,0.12009712276233611,0.12009712276233611
3754,1501.2176161883942,1682.1638130369536,loaded:unit_ball_P2_h008_N5000_slepc_eigs.txt,180.94619684855934,180.94619684855934,0.12053295598008198,0.12053295598008198
3755,1501.2176161883942,1682.3920555371883,loaded:unit_ball_P2_h008_N5000_slepc_eigs.txt,181.17443934879407,181.17443934879407,0.1206849942307483,0.1206849942307483
3756,1501.2176161883942,1682.7953933157837,loaded:unit_ball_P2_h008_N5000_slepc_eigs.txt,181.57777712738948,181.57777712738948,0.12095366798880043,0.12095366798880043
3757,1501.2176161883942,1683.2256741042372,loaded:unit_ball_P2_h008_N5000_slepc_eigs.txt,182.00805791584298,182.00805791584298,0.1212402891846974,0.1212402891846974
3758,1501.2176161883942,1683.5160293927302,loaded:unit_ball_P2_h008_N5000_slepc_eigs.txt,182.29841320433593,182.29841320433593,0.12143370237500499,0.12143370237500499
3759,1501.2176161883942,1683.7262483302156,loaded:unit_ball_P2_h008_N5000_slepc_eigs.txt,182.5086321418214,182.5086321418214,0.12157373466294151,0.12157373466294151
3760,1501.2176161883942,1684.0736053134258,loaded:unit_ball_P2_h008_N5000_slepc_eigs.txt,182.85598912503156,182.85598912503156,0.12180511816088639,0.12180511816088639
3761,1501.2176161883942,1684.5849161394033,loaded:unit_ball_P2_h008_N5000_slepc_eigs.txt,183.36729995100904,183.36729995100904,0.12214571556692784,0.12214571556692784
3762,1501.2176161883942,1684.818188485685,loaded:unit_ball_P2_h008_N5000_slepc_eigs.txt,183.60057229729068,183.60057229729068,0.12230110432853451,0.12230110432853451
3763,1501.2176161883942,1684.8911592510499,loaded:unit_ball_P2_h008_N5000_slepc_eigs.txt,183.67354306265565,183.67354306265565,0.12234971204841343,0.12234971204841343
3764,1501.2176161883942,1685.366884511572,loaded:unit_ball_P2_h008_N5000_slepc_eigs.txt,184.1492683231777,184.1492683231777,0.12266660498611416,0.12266660498611416
3765,1501.2176161883942,1685.5610477034334,loaded:unit_ball_P2_h008_N5000_slepc_eigs.txt,184.34343151503913,184.34343151503913,0.12279594212535878,0.12279594212535878
3766,1501.2176161883942,1686.1974260745403,loaded:unit_ball_P2_h008_N5000_slepc_eigs.txt,184.97980988614609,184.97980988614609,0.12321985026781898,0.12321985026781898
3767,1501.2176161883942,1686.6561778887396,loaded:unit_ball_P2_h008_N5000_slepc_eigs.txt,185.43856170034542,185.43856170034542,0.12352543675258466,0.12352543675258466
3768,1501.2176161883942,1686.765055946187,loaded:unit_ball_P2_h008_N5000_slepc_eigs.txt,185.54743975779274,185.54743975779274,0.12359796325125698,0.12359796325125698
3769,1501.2176161883942,1687.072178554056,loaded:unit_ball_P2_h008_N5000_slepc_eigs.txt,185.85456236566188,185.85456236566188,0.12380254558799302,0.12380254558799302
3770,1501.2176161883942,1687.2646501194047,loaded:unit_ball_P2_h008_N5000_slepc_eigs.txt,186.04703393101045,186.04703393101045,0.1239307558909318,0.1239307558909318
3771,1501.2176161883942,1687.4340156293722,loaded:unit_ball_P2_h008_N5000_slepc_eigs.txt,186.21639944097797,186.21639944097797,0.12404357465094445,0.12404357465094445
3772,1501.2176161883942,1687.8859999034698,loaded:unit_ball_P2_h008_N5000_slepc_eigs.txt,186.6683837150756,186.6683837150756,0.12434465310167916,0.12434465310167916
3773,1501.2176161883942,1687.992014653875,loaded:unit_ball_P2_h008_N5000_slepc_eigs.txt,186.77439846548077,186.77439846548077,0.12441527227724834,0.12441527227724834
3774,1501.2176161883942,1688.1804982574286,loaded:unit_ball_P2_h008_N5000_slepc_eigs.txt,186.96288206903432,186.96288206903432,0.1245408260953764,0.1245408260953764
3775,1501.2176161883942,1688.8115616476937,loaded:unit_ball_P2_h008_N5000_slepc_eigs.txt,187.59394545929945,187.59394545929945,0.12496119379121214,0.12496119379121214
3776,1501.2176161883942,1688.9747089069529,loaded:unit_ball_P2_h008_N5000_slepc_eigs.txt,187.75709271855862,187.75709271855862,0.12506987041310882,0.12506987041310882
3777,1501.2176161883942,1689.2992502616237,loaded:unit_ball_P2_h008_N5000_slepc_eigs.txt,188.08163407322945,188.08163407322945,0.12528605582898134,0.12528605582898134
3778,1501.2176161883942,1689.5777184138756,loaded:unit_ball_P2_h008_N5000_slepc_eigs.txt,188.36010222548134,188.36010222548134,0.12547155068945262,0.12547155068945262
3779,1501.2176161883942,1689.9361921770792,loaded:unit_ball_P2_h008_N5000_slepc_eigs.txt,188.71857598868496,188.71857598868496,0.12571033936295206,0.12571033936295206
3780,1501.2176161883942,1690.385796339925,loaded:unit_ball_P2_h008_N5000_slepc_eigs.txt,189.1681801515308,189.1681801515308,0.1260098323598351,0.1260098323598351
3781,1501.2176161883942,1690.733177000761,loaded:unit_ball_P2_h008_N5000_slepc_eigs.txt,189.51556081236686,189.51556081236686,0.12624123163006085,0.12624123163006085
3782,1501.2176161883942,1690.8178880641974,loaded:unit_ball_P2_h008_N5000_slepc_eigs.txt,189.60027187580317,189.60027187580317,0.12629765986706182,0.12629765986706182
3783,1506.5257328709513,1691.4703432656981,loaded:unit_ball_P2_h008_N5000_slepc_eigs.txt,184.94461039474686,184.94461039474686,0.12276233081150376,0.12276233081150376
3784,1506.5257328709513,1691.4912758208752,loaded:unit_ball_P2_h008_N5000_slepc_eigs.txt,184.96554294992393,184.96554294992393,0.12277622540003971,0.12277622540003971
3785,1506.5257328709513,1691.9345649726874,loaded:unit_ball_P2_h008_N5000_slepc_eigs.txt,185.40883210173615,185.40883210173615,0.12307047138743978,0.12307047138743978
3786,1506.5257328709513,1692.7283084924925,loaded:unit_ball_P2_h008_N5000_slepc_eigs.txt,186.2025756215412,186.2025756215412,0.12359734159117167,0.12359734159117167
3787,1506.5257328709513,1693.0646449013773,loaded:unit_ball_P2_h008_N5000_slepc_eigs.txt,186.538912030426,186.538912030426,0.12382059460407828,0.12382059460407828
3788,1506.5257328709513,1693.4599239295655,loaded:unit_ball_P2_h008_N5000_slepc_eigs.txt,186.93419105861426,186.93419105861426,0.12408297248423238,0.12408297248423238
3789,1506.5257328709513,1693.6955483155887,loaded:unit_ball_P2_h008_N5000_slepc_eigs.txt,187.16981544463738,187.16981544463738,0.12423937498097173,0.12423937498097173
3790,1506.5257328709513,1694.1603751436996,loaded:unit_ball_P2_h008_N5000_slepc_eigs.txt,187.63464227274835,187.63464227274835,0.12454791722354278,0.12454791722354278
3791,1506.5257328709513,1694.4822021245138,loaded:unit_ball_P2_h008_N5000_slepc_eigs.txt,187.95646925356255,187.95646925356255,0.12476153918418523,0.12476153918418523
3792,1506.5257328709513,1694.971500032242,loaded:unit_ball_P2_h008_N5000_slepc_eigs.txt,188.44576716129063,188.44576716129063,0.12508632481316723,0.12508632481316723
3793,1506.5257328709513,1695.3122744830337,loaded:unit_ball_P2_h008_N5000_slepc_eigs.txt,188.78654161208237,188.78654161208237,0.1253125237046673,0.1253125237046673
3794,1506.5257328709513,1695.5222448923366,loaded:unit_ball_P2_h008_N5000_slepc_eigs.txt,188.99651202138534,188.99651202138534,0.12545189763285294,0.12545189763285294
3795,1506.5257328709513,1696.0930873198035,loaded:unit_ball_P2_h008_N5000_slepc_eigs.txt,189.56735444885226,189.56735444885226,0.12583081079378453,0.12583081079378453
3796,1506.5257328709513,1696.3739413523363,loaded:unit_ball_P2_h008_N5000_slepc_eigs.txt,189.84820848138497,189.84820848138497,0.12601723577571797,0.12601723577571797
3797,1506.5257328709513,1696.7159492278681,loaded:unit_ball_P2_h008_N5000_slepc_eigs.txt,190.19021635691684,190.19021635691684,0.12624425338854037,0.12624425338854037
3798,1506.5257328709513,1697.177503642738,loaded:unit_ball_P2_h008_N5000_slepc_eigs.txt,190.6517707717867,190.6517707717867,0.12655062347223636,0.12655062347223636
3799,1506.5257328709513,1697.9374550810844,loaded:unit_ball_P2_h008_N5000_slepc_eigs.txt,191.41172221013312,191.41172221013312,0.12705506320516957,0.12705506320516957
3800,1506.5257328709513,1698.0476680056345,loaded:unit_ball_P2_h008_N5000_slepc_eigs.txt,191.5219351346832,191.5219351346832,0.12712822021944772,0.12712822021944772
3801,1506.5257328709513,1698.5221010805042,loaded:unit_ball_P2_h008_N5000_slepc_eigs.txt,191.99636820955288,191.99636820955288,0.12744313888596503,0.12744313888596503
3802,1506.5257328709513,1698.6891605357325,loaded:unit_ball_P2_h008_N5000_slepc_eigs.txt,192.16342766478124,192.16342766478124,0.12755402942808008,0.12755402942808008
3803,1506.5257328709513,1698.8940256281237,loaded:unit_ball_P2_h008_N5000_slepc_eigs.txt,192.3682927571724,192.3682927571724,0.1276900145546008,0.1276900145546008
3804,1506.5257328709513,1699.3629781169013,loaded:unit_ball_P2_h008_N5000_slepc_eigs.txt,192.83724524595004,192.83724524595004,0.12800129532368795,0.12800129532368795
3805,1506.5257328709513,1699.5183630344684,loaded:unit_ball_P2_h008_N5000_slepc_eigs.txt,192.9926301635171,192.9926301635171,0.12810443655398804,0.12810443655398804
3806,1506.5257328709513,1700.2032367816018,loaded:unit_ball_P2_h008_N5000_slepc_eigs.txt,193.67750391065056,193.67750391065056,0.12855904129932372,0.12855904129932372
3807,1506.5257328709513,1700.40998455099,loaded:unit_ball_P2_h008_N5000_slepc_eigs.txt,193.8842516800387,193.8842516800387,0.12869627610711828,0.12869627610711828
3808,1511.9367562806447,1700.8025422127855,loaded:unit_ball_P2_h008_N5000_slepc_eigs.txt,188.86578593214085,188.86578593214085,0.12491645906985524,0.12491645906985524
3809,1511.9367562806447,1701.222264091424,loaded:unit_ball_P2_h008_N5000_slepc_eigs.txt,189.28550781077934,189.28550781077934,0.12519406451657444,0.12519406451657444
3810,1511.9367562806447,1701.6064462199547,loaded:unit_ball_P2_h008_N5000_slepc_eigs.txt,189.66968993931005,189.66968993931005,0.12544816385435087,0.12544816385435087
3811,1511.9367562806447,1702.231309004413,loaded:unit_ball_P2_h008_N5000_slepc_eigs.txt,190.29455272376845,190.29455272376845,0.12586145017857223,0.12586145017857223
3812,1511.9367562806447,1703.2461896468226,loaded:unit_ball_P2_h008_N5000_slepc_eigs.txt,191.30943336617793,191.30943336617793,0.12653269561142094,0.12653269561142094
3813,1511.9367562806447,1703.6517566528698,loaded:unit_ball_P2_h008_N5000_slepc_eigs.txt,191.71500037222518,191.71500037222518,0.1268009389783227,0.1268009389783227
3814,1511.9367562806447,1704.3366191272476,loaded:unit_ball_P2_h008_N5000_slepc_eigs.txt,192.3998628466029,192.3998628466029,0.12725390929704322,0.12725390929704322
3815,1511.9367562806447,1705.2852083948578,loaded:unit_ball_P2_h008_N5000_slepc_eigs.txt,193.34845211421316,193.34845211421316,0.12788130939408418,0.12788130939408418
3816,1511.9367562806447,1706.401459144772,loaded:unit_ball_P2_h008_N5000_slepc_eigs.txt,194.46470286412728,194.46470286412728,0.12861960135324,0.12861960135324
3817,1511.9367562806447,1707.3266286828782,loaded:unit_ball_P2_h008_N5000_slepc_eigs.txt,195.38987240223355,195.38987240223355,0.12923151156328222,0.12923151156328222
3818,1511.9367562806447,1709.8542026368448,loaded:unit_ball_P2_h008_N5000_slepc_eigs.txt,197.91744635620012,197.91744635620012,0.13090325738430741,0.13090325738430741
3819,1530.0982401464016,1712.4721808071822,loaded:unit_ball_P2_h008_N5000_slepc_eigs.txt,182.3739406607806,182.3739406607806,0.11919100086235694,0.11919100086235694
3820,1530.0982401464016,1714.1684177166383,loaded:unit_ball_P2_h008_N5000_slepc_eigs.txt,184.07017757023664,184.07017757023664,0.12029958125605358,0.12029958125605358
3821,1530.0982401464016,1716.2553750538325,loaded:unit_ball_P2_h008_N5000_slepc_eigs.txt,186.15713490743087,186.15713490743087,0.1216635180820933,0.1216635180820933
3822,1530.0982401464016,1719.1115028334918,loaded:unit_ball_P2_h008_N5000_slepc_eigs.txt,189.01326268709022,189.01326268709022,0.12353014840995125,0.12353014840995125
3823,1530.0982401464016,1719.3631787565669,loaded:unit_ball_P2_h008_N5000_slepc_eigs.txt,189.26493861016525,189.26493861016525,0.12369463191595864,0.12369463191595864
3824,1530.0982401464016,1720.439301707849,loaded:unit_ball_P2_h008_N5000_slepc_eigs.txt,190.3410615614473,190.3410615614473,0.1243979350915633,0.1243979350915633
3825,1530.0982401464016,1721.0052267867973,loaded:unit_ball_P2_h008_N5000_slepc_eigs.txt,190.90698664039564,190.90698664039564,0.12476779701552329,0.12476779701552329
3826,1535.7443806533984,1721.2585497757693,loaded:unit_ball_P2_h008_N5000_slepc_eigs.txt,185.51416912237096,185.51416912237096,0.12079755684565294,0.12079755684565294
3827,1535.7443806533984,1722.6155444309115,loaded:unit_ball_P2_h008_N5000_slepc_eigs.txt,186.87116377751317,186.87116377751317,0.12168116395646969,0.12168116395646969
3828,1535.7443806533984,1723.366024056916,loaded:unit_ball_P2_h008_N5000_slepc_eigs.txt,187.62164340351774,187.62164340351774,0.1221698387876843,0.1221698387876843
3829,1535.7443806533984,1723.4035138870363,loaded:unit_ball_P2_h008_N5000_slepc_eigs.txt,187.65913323363793,187.65913323363793,0.12219425029170311,0.12219425029170311
3830,1535.7443806533984,1723.7053254781943,loaded:unit_ball_P2_h008_N5000_slepc_eigs.txt,187.9609448247959,187.9609448247959,0.12239077491843138,0.12239077491843138
3831,1535.7443806533984,1724.0663499951274,loaded:unit_ball_P2_h008_N5000_slepc_eigs.txt,188.32196934172907,188.32196934172907,0.12262585604357253,0.12262585604357253
3832,1535.7443806533984,1724.5355825994418,loaded:unit_ball_P2_h008_N5000_slepc_eigs.txt,188.79120194604343,188.79120194604343,0.12293139686809093,0.12293139686809093
3833,1535.7443806533984,1725.615664130471,loaded:unit_ball_P2_h008_N5000_slepc_eigs.txt,189.87128347707267,189.87128347707267,0.12363469198975024,0.12363469198975024
3834,1535.7443806533984,1726.0179943715375,loaded:unit_ball_P2_h008_N5000_slepc_eigs.txt,190.27361371813913,190.27361371813913,0.12389666933841245,0.12389666933841245
3835,1535.7443806533984,1726.270625366859,loaded:unit_ball_P2_h008_N5000_slepc_eigs.txt,190.52624471346053,190.52624471346053,0.12406117001867144,0.12406117001867144
3836,1535.7443806533984,1727.0617602207867,loaded:unit_ball_P2_h008_N5000_slepc_eigs.txt,191.31737956738834,191.31737956738834,0.12457631750278024,0.12457631750278024
3837,1535.7443806533984,1727.33443910972,loaded:unit_ball_P2_h008_N5000_slepc_eigs.txt,191.59005845632169,191.59005845632169,0.12475387236957215,0.12475387236957215
3838,1535.7443806533984,1727.7254725963123,loaded:unit_ball_P2_h008_N5000_slepc_eigs.txt,191.98109194291396,191.98109194291396,0.12500849383621618,0.12500849383621618
3839,1535.7443806533984,1727.996612721037,loaded:unit_ball_P2_h008_N5000_slepc_eigs.txt,192.25223206763872,192.25223206763872,0.12518504673664702,0.12518504673664702
3840,1535.7443806533984,1728.580407927765,loaded:unit_ball_P2_h008_N5000_slepc_eigs.txt,192.83602727436664,192.83602727436664,0.1255651850031986,0.1255651850031986
3841,1535.7443806533984,1729.0421923867514,loaded:unit_ball_P2_h008_N5000_slepc_eigs.txt,193.297811733353,193.297811733353,0.125865875967661,0.125865875967661
3842,1535.7443806533984,1729.4004730584447,loaded:unit_ball_P2_h008_N5000_slepc_eigs.txt,193.65609240504637,193.65609240504637,0.1260991704378911,0.1260991704378911
3843,1535.7443806533984,1729.7300275208456,loaded:unit_ball_P2_h008_N5000_slepc_eigs.txt,193.98564686744726,193.98564686744726,0.12631375983606988,0.12631375983606988
3844,1535.7443806533984,1730.2179248407351,loaded:unit_ball_P2_h008_N5000_slepc_eigs.txt,194.47354418733676,194.47354418733676,0.12663145419070065,0.12663145419070065
3845,1535.7443806533984,1730.6962723380252,loaded:unit_ball_P2_h008_N5000_slepc_eigs.txt,194.95189168462684,194.95189168462684,0.1269429301780564,0.1269429301780564
3846,1535.7443806533984,1730.8723225203598,loaded:unit_ball_P2_h008_N5000_slepc_eigs.txt,195.12794186696146,195.12794186696146,0.12705756525961845,0.12705756525961845
3847,1535.7443806533984,1731.098903064401,loaded:unit_ball_P2_h008_N5000_slepc_eigs.txt,195.35452241100256,195.35452241100256,0.12720510318773684,0.12720510318773684
3848,1535.7443806533984,1731.286135686792,loaded:unit_ball_P2_h008_N5000_slepc_eigs.txt,195.54175503339366,195.54175503339366,0.12732701971548052,0.12732701971548052
3849,1535.7443806533984,1731.8294275837777,loaded:unit_ball_P2_h008_N5000_slepc_eigs.txt,196.08504693037935,196.08504693037935,0.12768078425066606,0.12768078425066606
3850,1535.7443806533984,1732.2703702946765,loaded:unit_ball_P2_h008_N5000_slepc_eigs.txt,196.5259896412781,196.5259896412781,0.12796790411022965,0.12796790411022965
3851,1535.7443806533984,1732.6928405037088,loaded:unit_ball_P2_h008_N5000_slepc_eigs.txt,196.94845985031043,196.94845985031043,0.12824299559964314,0.12824299559964314
3852,1535.7443806533984,1733.0761571384942,loaded:unit_ball_P2_h008_N5000_slepc_eigs.txt,197.33177648509582,197.33177648509582,0.12849259223799925,0.12849259223799925
3853,1535.7443806533984,1733.5190286038062,loaded:unit_ball_P2_h008_N5000_slepc_eigs.txt,197.77464795040783,197.77464795040783,0.12878096800605746,0.12878096800605746
3854,1535.7443806533984,1733.7529440935903,loaded:unit_ball_P2_h008_N5000_slepc_eigs.txt,198.0085634401919,198.0085634401919,0.12893328208431867,0.12893328208431867
3855,1535.7443806533984,1734.1085320549732,loaded:unit_ball_P2_h008_N5000_slepc_eigs.txt,198.36415140157487,198.36415140157487,0.12916482319614855,0.12916482319614855
3856,1535.7443806533984,1734.7198586424927,loaded:unit_ball_P2_h008_N5000_slepc_eigs.txt,198.97547798909432,198.97547798909432,0.12956288852213682,0.12956288852213682
3857,1535.7443806533984,1734.7701370111104,loaded:unit_ball_P2_h008_N5000_slepc_eigs.txt,199.025756357712,199.025756357712,0.1295956272833858,0.1295956272833858
3858,1535.7443806533984,1735.2837003993302,loaded:unit_ball_P2_h008_N5000_slepc_eigs.txt,199.53931974593183,199.53931974593183,0.12993003409918763,0.12993003409918763
3859,1535.7443806533984,1735.7951173261188,loaded:unit_ball_P2_h008_N5000_slepc_eigs.txt,200.0507366727204,200.0507366727204,0.13026304324656343,0.13026304324656343
3860,1535.7443806533984,1735.8953160797298,loaded:unit_ball_P2_h008_N5000_slepc_eigs.txt,200.15093542633144,200.15093542633144,0.13032828766801358,0.13032828766801358
3861,1535.7443806533984,1736.1840177283257,loaded:unit_ball_P2_h008_N5000_slepc_eigs.txt,200.4396370749273,200.4396370749273,0.13051627575524527,0.13051627575524527
3862,1535.7443806533984,1736.402139187579,loaded:unit_ball_P2_h008_N5000_slepc_eigs.txt,200.65775853418063,200.65775853418063,0.1306583055500478,0.1306583055500478
3863,1535.7443806533984,1736.590632748121,loaded:unit_ball_P2_h008_N5000_slepc_eigs.txt,200.84625209472256,200.84625209472256,0.13078104313770658,0.13078104313770658
3864,1535.7443806533984,1737.193555270157,loaded:unit_ball_P2_h008_N5000_slepc_eigs.txt,201.44917461675868,201.44917461675868,0.1311736361562007,0.1311736361562007
3865,1535.7443806533984,1737.5237562629654,loaded:unit_ball_P2_h008_N5000_slepc_eigs.txt,201.77937560956707,201.77937560956707,0.13138864654267396,0.13138864654267396
3866,1535.7443806533984,1737.6705455401195,loaded:unit_ball_P2_h008_N5000_slepc_eigs.txt,201.92616488672115,201.92616488672115,0.13148422838494098,0.13148422838494098
3867,1535.7443806533984,1737.9892188352367,loaded:unit_ball_P2_h008_N5000_slepc_eigs.txt,202.2448381818383,202.2448381818383,0.13169173251071323,0.13169173251071323
3868,1535.7443806533984,1738.4903796416056,loaded:unit_ball_P2_h008_N5000_slepc_eigs.txt,202.74599898820725,202.74599898820725,0.13201806338496702,0.13201806338496702
3869,1535.7443806533984,1738.9340050974092,loaded:unit_ball_P2_h008_N5000_slepc_eigs.txt,203.18962444401086,203.18962444401086,0.13230693011395667,0.13230693011395667
3870,1535.7443806533984,1739.0218165515557,loaded:unit_ball_P2_h008_N5000_slepc_eigs.txt,203.27743589815736,203.27743589815736,0.13236410854498512,0.13236410854498512
3871,1535.7443806533984,1739.2923852159945,loaded:unit_ball_P2_h008_N5000_slepc_eigs.txt,203.54800456259613,203.54800456259613,0.13254028933903345,0.13254028933903345
3872,1535.7443806533984,1739.6386171873037,loaded:unit_ball_P2_h008_N5000_slepc_eigs.txt,203.8942365339053,203.8942365339053,0.13276573829764327,0.13276573829764327
3873,1535.7443806533984,1739.9555828321083,loaded:unit_ball_P2_h008_N5000_slepc_eigs.txt,204.21120217870998,204.21120217870998,0.1329721304868628,0.1329721304868628
3874,1535.7443806533984,1740.2386639426682,loaded:unit_ball_P2_h008_N5000_slepc_eigs.txt,204.4942832892698,204.4942832892698,0.133156458760582,0.133156458760582
3875,1540.1254713499914,1740.3617101004033,loaded:unit_ball_P2_h008_N5000_slepc_eigs.txt,200.23623875041199,200.23623875041199,0.130012938864582,0.130012938864582
3876,1540.1254713499914,1740.7215334030009,loaded:unit_ball_P2_h008_N5000_slepc_eigs.txt,200.59606205300952,200.59606205300952,0.1302465713245933,0.1302465713245933
3877,1540.1254713499914,1740.9209181230212,loaded:unit_ball_P2_h008_N5000_slepc_eigs.txt,200.79544677302988,200.79544677302988,0.13037603137426418,0.13037603137426418
3878,1546.011737442057,1741.4441903456434,loaded:unit_ball_P2_h008_N5000_slepc_eigs.txt,195.4324529035864,195.4324529035864,0.12641071744185967,0.12641071744185967
3879,1546.011737442057,1741.8069675295008,loaded:unit_ball_P2_h008_N5000_slepc_eigs.txt,195.79523008744377,195.79523008744377,0.1266453710185897,0.1266453710185897
3880,1546.011737442057,1741.9370283771673,loaded:unit_ball_P2_h008_N5000_slepc_eigs.txt,195.9252909351103,195.9252909351103,0.12672949770696898,0.12672949770696898
3881,1546.011737442057,1742.625257256957,loaded:unit_ball_P2_h008_N5000_slepc_eigs.txt,196.61351981489997,196.61351981489997,0.12717466177857453,0.12717466177857453
3882,1546.011737442057,1742.8412311063996,loaded:unit_ball_P2_h008_N5000_slepc_eigs.txt,196.82949366434264,196.82949366434264,0.1273143591975605,0.1273143591975605
3883,1546.011737442057,1742.8988517149019,loaded:unit_ball_P2_h008_N5000_slepc_eigs.txt,196.88711427284488,196.88711427284488,0.12735162968335745,0.12735162968335745
3884,1546.011737442057,1743.151165882948,loaded:unit_ball_P2_h008_N5000_slepc_eigs.txt,197.13942844089092,197.13942844089092,0.12751483295144098,0.12751483295144098
3885,1546.011737442057,1743.475250032656,loaded:unit_ball_P2_h008_N5000_slepc_eigs.txt,197.46351259059907,197.46351259059907,0.1277244588823827,0.1277244588823827
3886,1546.011737442057,1743.8472043396503,loaded:unit_ball_P2_h008_N5000_slepc_eigs.txt,197.83546689759328,197.83546689759328,0.12796504845747197,0.12796504845747197
3887,1546.011737442057,1744.3360973748738,loaded:unit_ball_P2_h008_N5000_slepc_eigs.txt,198.32435993281683,198.32435993281683,0.12828127699790495,0.12828127699790495
3888,1546.011737442057,1744.422877805532,loaded:unit_ball_P2_h008_N5000_slepc_eigs.txt,198.41114036347494,198.41114036347494,0.12833740880373568,0.12833740880373568
3889,1546.011737442057,1744.7960095556534,loaded:unit_ball_P2_h008_N5000_slepc_eigs.txt,198.78427211359644,198.78427211359644,0.12857875997920531,0.12857875997920531
3890,1546.011737442057,1745.4374957919026,loaded:unit_ball_P2_h008_N5000_slepc_eigs.txt,199.42575834984564,199.42575834984564,0.12899368971144046,0.12899368971144046
3891,1546.011737442057,1745.7983464106837,loaded:unit_ball_P2_h008_N5000_slepc_eigs.txt,199.78660896862675,199.78660896862675,0.12922709713652128,0.12922709713652128
3892,1546.011737442057,1745.8677299158478,loaded:unit_ball_P2_h008_N5000_slepc_eigs.txt,199.85599247379082,199.85599247379082,0.12927197616523997,0.12927197616523997
3893,1546.011737442057,1746.465698891427,loaded:unit_ball_P2_h008_N5000_slepc_eigs.txt,200.45396144937013,200.45396144937013,0.12965875781837843,0.12965875781837843
3894,1546.011737442057,1746.8344765783431,loaded:unit_ball_P2_h008_N5000_slepc_eigs.txt,200.82273913628615,200.82273913628615,0.12989729267421735,0.12989729267421735
3895,1546.011737442057,1747.091366503341,loaded:unit_ball_P2_h008_N5000_slepc_eigs.txt,201.0796290612841,201.0796290612841,0.1300634556591265,0.1300634556591265
3896,1546.011737442057,1747.2290005391628,loaded:unit_ball_P2_h008_N5000_slepc_eigs.txt,201.21726309710584,201.21726309710584,0.13015248087962675,0.13015248087962675
3897,1546.011737442057,1747.3801157288258,loaded:unit_ball_P2_h008_N5000_slepc_eigs.txt,201.3683782867688,201.3683782867688,0.13025022605581343,0.13025022605581343
3898,1546.011737442057,1747.6368042712431,loaded:unit_ball_P2_h008_N5000_slepc_eigs.txt,201.62506682918615,201.62506682918615,0.1304162587813101,0.1304162587813101
3899,1546.011737442057,1747.7792781998526,loaded:unit_ball_P2_h008_N5000_slepc_eigs.txt,201.7675407577956,201.7675407577956,0.1305084145684616,0.1305084145684616
3900,1546.011737442057,1747.9124125337864,loaded:unit_ball_P2_h008_N5000_slepc_eigs.txt,201.90067509172945,201.90067509172945,0.13059452926650014,0.13059452926650014
3901,1546.011737442057,1748.1863380257773,loaded:unit_ball_P2_h008_N5000_slepc_eigs.txt,202.17460058372035,202.17460058372035,0.13077171129258497,0.13077171129258497
3902,1546.011737442057,1748.4319087458596,loaded:unit_ball_P2_h008_N5000_slepc_eigs.txt,202.4201713038026,202.4201713038026,0.13093055272576098,0.13093055272576098
3903,1546.011737442057,1748.6396163904953,loaded:unit_ball_P2_h008_N5000_slepc_eigs.txt,202.62787894843837,202.62787894843837,0.13106490335170087,0.13106490335170087
3904,1546.011737442057,1749.1851818420057,loaded:unit_ball_P2_h008_N5000_slepc_eigs.txt,203.17344439994872,203.17344439994872,0.13141778906291354,0.13141778906291354
3905,1546.011737442057,1749.6850571289044,loaded:unit_ball_P2_h008_N5000_slepc_eigs.txt,203.67331968684744,203.67331968684744,0.13174112120509104,0.13174112120509104
3906,1546.011737442057,1749.9657831662876,loaded:unit_ball_P2_h008_N5000_slepc_eigs.txt,203.95404572423058,203.95404572423058,0.13192270199816292,0.13192270199816292
3907,1546.011737442057,1750.1742019599164,loaded:unit_ball_P2_h008_N5000_slepc_eigs.txt,204.16246451785946,204.16246451785946,0.1320575126134909,0.1320575126134909
3908,1546.011737442057,1750.6499990208122,loaded:unit_ball_P2_h008_N5000_slepc_eigs.txt,204.6382615787552,204.6382615787552,0.13236527034221487,0.13236527034221487
3909,1555.3727613711171,1750.9445918992783,loaded:unit_ball_P2_h008_N5000_slepc_eigs.txt,195.57183052816117,195.57183052816117,0.12573952391692753,0.12573952391692753
3910,1555.3727613711171,1751.094498059004,loaded:unit_ball_P2_h008_N5000_slepc_eigs.txt,195.72173668788696,195.72173668788696,0.12583590348808166,0.12583590348808166
3911,1555.3727613711171,1751.2983427449383,loaded:unit_ball_P2_h008_N5000_slepc_eigs.txt,195.92558137382116,195.92558137382116,0.12596696190121376,0.12596696190121376
3912,1555.3727613711171,1751.6580880677013,loaded:unit_ball_P2_h008_N5000_slepc_eigs.txt,196.2853266965842,196.2853266965842,0.12619825393081438,0.12619825393081438
3913,1555.3727613711171,1752.3362107378744,loaded:unit_ball_P2_h008_N5000_slepc_eigs.txt,196.96344936675723,196.96344936675723,0.12663424116616703,0.12663424116616703
3914,1555.3727613711171,1752.4466676189163,loaded:unit_ball_P2_h008_N5000_slepc_eigs.txt,197.0739062477992,197.0739062477992,0.12670525750629158,0.12670525750629158
3915,1555.3727613711171,1752.6089634159223,loaded:unit_ball_P2_h008_N5000_slepc_eigs.txt,197.23620204480517,197.23620204480517,0.1268096027803228,0.1268096027803228
3916,1555.3727613711171,1752.643104090514,loaded:unit_ball_P2_h008_N5000_slepc_eigs.txt,197.27034271939692,197.27034271939692,0.1268315529362209,0.1268315529362209
3917,1555.3727613711171,1753.2095372092224,loaded:unit_ball_P2_h008_N5000_slepc_eigs.txt,197.83677583810527,197.83677583810527,0.12719573130733305,0.12719573130733305
3918,1555.3727613711171,1753.61408844994,loaded:unit_ball_P2_h008_N5000_slepc_eigs.txt,198.2413270788229,198.2413270788229,0.12745583052648166,0.12745583052648166
3919,1555.3727613711171,1753.7384501305255,loaded:unit_ball_P2_h008_N5000_slepc_eigs.txt,198.36568875940839,198.36568875940839,0.12753578671683943,0.12753578671683943
3920,1555.3727613711171,1753.978918878305,loaded:unit_ball_P2_h008_N5000_slepc_eigs.txt,198.60615750718785,198.60615750718785,0.12769039193672735,0.12769039193672735
3921,1555.3727613711171,1754.0707409032323,loaded:unit_ball_P2_h008_N5000_slepc_eigs.txt,198.69797953211514,198.69797953211514,0.1277494273186035,0.1277494273186035
3922,1555.3727613711171,1754.6029029229899,loaded:unit_ball_P2_h008_N5000_slepc_eigs.txt,199.23014155187275,199.23014155187275,0.12809157167973304,0.12809157167973304
3923,1555.3727613711171,1754.809628461335,loaded:unit_ball_P2_h008_N5000_slepc_eigs.txt,199.4368670902179,199.4368670902179,0.1282244822870674,0.1282244822870674
3924,1555.3727613711171,1755.3491366870978,loaded:unit_ball_P2_h008_N5000_slepc_eigs.txt,199.9763753159807,199.9763753159807,0.12857134976421622,0.12857134976421622
3925,1555.3727613711171,1755.3694265708327,loaded:unit_ball_P2_h008_N5000_slepc_eigs.txt,199.9966651997156,199.9966651997156,0.12858439479383152,0.12858439479383152
3926,1555.3727613711171,1755.9524838750137,loaded:unit_ball_P2_h008_N5000_slepc_eigs.txt,200.57972250389662,200.57972250389662,0.128959261397299,0.128959261397299
3927,1555.3727613711171,1756.0083536707477,loaded:unit_ball_P2_h008_N5000_slepc_eigs.txt,200.63559229963062,200.63559229963062,0.1289951819155963,0.1289951819155963
3928,1555.3727613711171,1756.2795425835707,loaded:unit_ball_P2_h008_N5000_slepc_eigs.txt,200.90678121245355,200.90678121245355,0.1291695381339628,0.1291695381339628
3929,1555.3727613711171,1756.4992156411483,loaded:unit_ball_P2_h008_N5000_slepc_eigs.txt,201.12645427003122,201.12645427003122,0.12931077312472092,0.12931077312472092
3930,1555.4369438973754,1756.6861604515275,loaded:unit_ball_P2_h008_N5000_slepc_eigs.txt,201.2492165541521,201.2492165541521,0.12938436195934286,0.12938436195934286
3931,1555.4369438973754,1756.8775995309393,loaded:unit_ball_P2_h008_N5000_slepc_eigs.txt,201.4406556335639,201.4406556335639,0.12950743932365705,0.12950743932365705
3932,1555.4369438973754,1757.1367813760346,loaded:unit_ball_P2_h008_N5000_slepc_eigs.txt,201.69983747865922,201.69983747865922,0.12967406892964153,0.12967406892964153
3933,1555.4369438973754,1757.6484518794268,loaded:unit_ball_P2_h008_N5000_slepc_eigs.txt,202.21150798205144,202.21150798205144,0.13000302505055644,0.13000302505055644
3934,1555.4369438973754,1757.828226991058,loaded:unit_ball_P2_h008_N5000_slepc_eigs.txt,202.39128309368266,202.39128309368266,0.1301186035780799,0.1301186035780799
3935,1555.4369438973754,1758.0444521955515,loaded:unit_ball_P2_h008_N5000_slepc_eigs.txt,202.60750829817607,202.60750829817607,0.13025761609500752,0.13025761609500752
3936,1555.4369438973754,1758.2820085414305,loaded:unit_ball_P2_h008_N5000_slepc_eigs.txt,202.84506464405513,202.84506464405513,0.13041034253423162,0.13041034253423162
3937,1555.4369438973754,1758.5977509777229,loaded:unit_ball_P2_h008_N5000_slepc_eigs.txt,203.16080708034747,203.16080708034747,0.1306133352929745,0.1306133352929745
3938,1555.4369438973754,1758.894703666375,loaded:unit_ball_P2_h008_N5000_slepc_eigs.txt,203.45775976899972,203.45775976899972,0.13080424800712684,0.13080424800712684
3939,1555.4369438973754,1759.3939524223683,loaded:unit_ball_P2_h008_N5000_slepc_eigs.txt,203.95700852499294,203.95700852499294,0.13112521811006286,0.13112521811006286
3940,1555.4369438973754,1759.455993622116,loaded:unit_ball_P2_h008_N5000_slepc_eigs.txt,204.01904972474063,204.01904972474063,0.13116510477984467,0.13116510477984467
3941,1555.4369438973754,1759.6934841748437,loaded:unit_ball_P2_h008_N5000_slepc_eigs.txt,204.25654027746828,204.25654027746828,0.13131778892024615,0.13131778892024615
3942,1555.4369438973754,1759.9412211951292,loaded:unit_ball_P2_h008_N5000_slepc_eigs.txt,204.5042772977538,204.5042772977538,0.13147706057780673,0.13147706057780673
3943,1555.4369438973754,1760.0754631876773,loaded:unit_ball_P2_h008_N5000_slepc_eigs.txt,204.63851929030193,204.63851929030193,0.13156336558237464,0.13156336558237464
3944,1555.4369438973754,1760.656081019391,loaded:unit_ball_P2_h008_N5000_slepc_eigs.txt,205.21913712201558,205.21913712201558,0.13193664836570548,0.13193664836570548
3945,1555.4369438973754,1760.998183902731,loaded:unit_ball_P2_h008_N5000_slepc_eigs.txt,205.56124000535556,205.56124000535556,0.13215658841835898,0.13215658841835898
3946,1555.4369438973754,1761.1189946579093,loaded:unit_ball_P2_h008_N5000_slepc_eigs.txt,205.6820507605339,205.6820507605339,0.13223425839762257,0.13223425839762257
3947,1555.4369438973754,1761.279851718088,loaded:unit_ball_P2_h008_N5000_slepc_eigs.txt,205.84290782071253,205.84290782071253,0.13233767439324343,0.13233767439324343
3948,1555.4369438973754,1761.59747929306,loaded:unit_ball_P2_h008_N5000_slepc_eigs.txt,206.16053539568452,206.16053539568452,0.13254187911926477,0.13254187911926477
3949,1555.4369438973754,1762.0585289918392,loaded:unit_ball_P2_h008_N5000_slepc_eigs.txt,206.62158509446385,206.62158509446385,0.13283829081283305,0.13283829081283305
3950,1555.4369438973754,1762.2130886760392,loaded:unit_ball_P2_h008_N5000_slepc_eigs.txt,206.77614477866382,206.77614477866382,0.13293765818661596,0.13293765818661596
3951,1555.4369438973754,1762.4491259923896,loaded:unit_ball_P2_h008_N5000_slepc_eigs.txt,207.01218209501417,207.01218209501417,0.13308940803239172,0.13308940803239172
3952,1555.4369438973754,1762.630153002678,loaded:unit_ball_P2_h008_N5000_slepc_eigs.txt,207.19320910530269,207.19320910530269,0.13320579141327948,0.13320579141327948
3953,1555.4369438973754,1762.7036267901524,loaded:unit_ball_P2_h008_N5000_slepc_eigs.txt,207.266682892777,207.266682892777,0.133253028164189,0.133253028164189
3954,1555.4369438973754,1763.113610422662,loaded:unit_ball_P2_h008_N5000_slepc_eigs.txt,207.6766665252867,207.6766665252867,0.13351660916894667,0.13351660916894667
3955,1555.4369438973754,1763.2586982372432,loaded:unit_ball_P2_h008_N5000_slepc_eigs.txt,207.82175433986777,207.82175433986777,0.13360988701936055,0.13360988701936055
3956,1555.4369438973754,1763.543660755438,loaded:unit_ball_P2_h008_N5000_slepc_eigs.txt,208.10671685806255,208.10671685806255,0.13379309117901023,0.13379309117901023
3957,1555.4369438973754,1763.7151138018726,loaded:unit_ball_P2_h008_N5000_slepc_eigs.txt,208.2781699044972,208.2781699044972,0.1339033193995159,0.1339033193995159
3958,1555.4369438973754,1764.0758233662598,loaded:unit_ball_P2_h008_N5000_slepc_eigs.txt,208.6388794688844,208.6388794688844,0.1341352218021189,0.1341352218021189
3959,1555.4369438973754,1764.3303906641702,loaded:unit_ball_P2_h008_N5000_slepc_eigs.txt,208.8934467667948,208.8934467667948,0.13429888468727097,0.13429888468727097
3960,1555.4369438973754,1764.882555581167,loaded:unit_ball_P2_h008_N5000_slepc_eigs.txt,209.44561168379164,209.44561168379164,0.13465387491632733,0.13465387491632733
3961,1555.4369438973754,1765.0228390703053,loaded:unit_ball_P2_h008_N5000_slepc_eigs.txt,209.5858951729299,209.5858951729299,0.1347440640362969,0.1347440640362969
3962,1555.4369438973754,1765.3407572221395,loaded:unit_ball_P2_h008_N5000_slepc_eigs.txt,209.9038133247641,209.9038133247641,0.13494845557597424,0.13494845557597424
3963,1555.4369438973754,1765.5452839440313,loaded:unit_ball_P2_h008_N5000_slepc_eigs.txt,210.10834004665594,210.10834004665594,0.13507994706631996,0.13507994706631996
3964,1555.4369438973754,1765.754265005124,loaded:unit_ball_P2_h008_N5000_slepc_eigs.txt,210.3173211077485,210.3173211077485,0.13521430227879738,0.13521430227879738
3965,1555.4369438973754,1766.1051541133186,loaded:unit_ball_P2_h008_N5000_slepc_eigs.txt,210.6682102159432,210.6682102159432,0.1354398910495742,0.1354398910495742
3966,1555.4369438973754,1766.2518549261508,loaded:unit_ball_P2_h008_N5000_slepc_eigs.txt,210.81491102877544,210.81491102877544,0.1355342059065074,0.1355342059065074
3967,1555.4369438973754,1766.4655406042557,loaded:unit_ball_P2_h008_N5000_slepc_eigs.txt,211.0285967068803,211.0285967068803,0.13567158574626445,0.13567158574626445
3968,1555.4369438973754,1766.6912528220494,loaded:unit_ball_P2_h008_N5000_slepc_eigs.txt,211.25430892467398,211.25430892467398,0.13581669752252723,0.13581669752252723
3969,1555.4369438973754,1766.857749435233,loaded:unit_ball_P2_h008_N5000_slepc_eigs.txt,211.42080553785763,211.42080553785763,0.13592373922154105,0.13592373922154105
3970,1555.4369438973754,1767.1831675811075,loaded:unit_ball_P2_h008_N5000_slepc_eigs.txt,211.74622368373207,211.74622368373207,0.1361329525536219,0.1361329525536219
3971,1555.4369438973754,1767.362346509704,loaded:unit_ball_P2_h008_N5000_slepc_eigs.txt,211.92540261232853,211.92540261232853,0.13624814779139702,0.13624814779139702
3972,1555.4369438973754,1767.674875137321,loaded:unit_ball_P2_h008_N5000_slepc_eigs.txt,212.2379312399455,212.2379312399455,0.13644907437273043,0.13644907437273043
3973,1555.4369438973754,1767.9704263891122,loaded:unit_ball_P2_h008_N5000_slepc_eigs.txt,212.53348249173678,212.53348249173678,0.13663908609448544,0.13663908609448544
3974,1555.4369438973754,1768.2337194433353,loaded:unit_ball_P2_h008_N5000_slepc_eigs.txt,212.79677554595992,212.79677554595992,0.13680835882216247,0.13680835882216247
3975,1555.4369438973754,1768.316062135903,loaded:unit_ball_P2_h008_N5000_slepc_eigs.txt,212.87911823852755,212.87911823852755,0.1368612974468304,0.1368612974468304
3976,1555.4369438973754,1768.5634382435405,loaded:unit_ball_P2_h008_N5000_slepc_eigs.txt,213.12649434616515,213.12649434616515,0.13702033707142475,0.13702033707142475
3977,1555.4369438973754,1768.8118616367528,loaded:unit_ball_P2_h008_N5000_slepc_eigs.txt,213.37491773937745,213.37491773937745,0.13718005000237124,0.13718005000237124
3978,1555.4369438973754,1769.2464027857557,loaded:unit_ball_P2_h008_N5000_slepc_eigs.txt,213.80945888838028,213.80945888838028,0.13745941918587154,0.13745941918587154
3979,1555.4369438973754,1769.426908337723,loaded:unit_ball_P2_h008_N5000_slepc_eigs.txt,213.98996444034765,213.98996444034765,0.13757546731799003,0.13757546731799003
3980,1555.4369438973754,1769.5720025553128,loaded:unit_ball_P2_h008_N5000_slepc_eigs.txt,214.1350586579374,214.1350586579374,0.13766874928493766,0.13766874928493766
3981,1555.4369438973754,1769.863609132994,loaded:unit_ball_P2_h008_N5000_slepc_eigs.txt,214.42666523561866,214.42666523561866,0.13785622495138966,0.13785622495138966
3982,1555.4369438973754,1770.0859207486951,loaded:unit_ball_P2_h008_N5000_slepc_eigs.txt,214.64897685131973,214.64897685131973,0.13799915045960348,0.13799915045960348
3983,1555.4369438973754,1770.5833147762721,loaded:unit_ball_P2_h008_N5000_slepc_eigs.txt,215.14637087889673,215.14637087889673,0.13831892814620692,0.13831892814620692
3984,1555.4369438973754,1770.8244091057547,loaded:unit_ball_P2_h008_N5000_slepc_eigs.txt,215.38746520837935,215.38746520837935,0.13847392917690027,0.13847392917690027
3985,1555.4369438973754,1770.973194225524,loaded:unit_ball_P2_h008_N5000_slepc_eigs.txt,215.53625032814853,215.53625032814853,0.13856958404761227,0.13856958404761227
3986,1555.4369438973754,1771.2897647151642,loaded:unit_ball_P2_h008_N5000_slepc_eigs.txt,215.85282081778882,215.85282081778882,0.13877310916695723,0.13877310916695723
3987,1564.8537937084911,1771.4938910757437,loaded:unit_ball_P2_h008_N5000_slepc_eigs.txt,206.64009736725257,206.64009736725257,0.13205073739032422,0.13205073739032422
3988,1564.8537937084911,1771.6477092665257,loaded:unit_ball_P2_h008_N5000_slepc_eigs.txt,206.79391555803454,206.79391555803454,0.13214903295723304,0.13214903295723304
3989,1564.8537937084911,1772.0713627952487,loaded:unit_ball_P2_h008_N5000_slepc_eigs.txt,207.21756908675752,207.21756908675752,0.13241976337973402,0.13241976337973402
3990,1564.8537937084911,1772.1424555036128,loaded:unit_ball_P2_h008_N5000_slepc_eigs.txt,207.2886617951217,207.2886617951217,0.13246519427471604,0.13246519427471604
3991,1564.8537937084911,1772.4075523653319,loaded:unit_ball_P2_h008_N5000_slepc_eigs.txt,207.55375865684073,207.55375865684073,0.1326346010670853,0.1326346010670853
3992,1564.8537937084911,1772.638114983881,loaded:unit_ball_P2_h008_N5000_slepc_eigs.txt,207.78432127538986,207.78432127538986,0.1327819391886888,0.1327819391886888
3993,1564.8537937084911,1772.7227190814117,loaded:unit_ball_P2_h008_N5000_slepc_eigs.txt,207.86892537292056,207.86892537292056,0.13283600436581325,0.13283600436581325
3994,1564.8537937084911,1773.0330315955678,loaded:unit_ball_P2_h008_N5000_slepc_eigs.txt,208.17923788707662,208.17923788707662,0.13303430564827406,0.13303430564827406
3995,1564.8537937084911,1773.2765874987879,loaded:unit_ball_P2_h008_N5000_slepc_eigs.txt,208.42279379029674,208.42279379029674,0.13318994696390327,0.13318994696390327
3996,1564.8537937084911,1773.4925593864207,loaded:unit_ball_P2_h008_N5000_slepc_eigs.txt,208.63876567792954,208.63876567792954,0.1333279610636876,0.1333279610636876
3997,1564.8537937084911,1773.9376447874881,loaded:unit_ball_P2_h008_N5000_slepc_eigs.txt,209.083851078997,209.083851078997,0.1336123872528031,0.1336123872528031
3998,1564.8537937084911,1774.1318573935112,loaded:unit_ball_P2_h008_N5000_slepc_eigs.txt,209.27806368502002,209.27806368502002,0.13373649635922816,0.13373649635922816
3999,1564.8537937084911,1774.4263828140179,loaded:unit_ball_P2_h008_N5000_slepc_eigs.txt,209.57258910552673,209.57258910552673,0.1339247090994157,0.1339247090994157
4000,1564.8537937084911,1774.546464283476,loaded:unit_ball_P2_h008_N5000_slepc_eigs.txt,209.69267057498496,209.69267057498496,0.13400144564179495,0.13400144564179495
4001,1564.8537937084911,1774.7515052879967,loaded:unit_ball_P2_h008_N5000_slepc_eigs.txt,209.89771157950554,209.89771157950554,0.13413247449915205,0.13413247449915205
4002,1564.8537937084911,1775.0079858772915,loaded:unit_ball_P2_h008_N5000_slepc_eigs.txt,210.15419216880036,210.15419216880036,0.1342963751717427,0.1342963751717427
4003,1564.8537937084911,1775.1823695573491,loaded:unit_ball_P2_h008_N5000_slepc_eigs.txt,210.328575848858,210.328575848858,0.13440781285413753,0.13440781285413753
4004,1564.8537937084911,1775.2255600465933,loaded:unit_ball_P2_h008_N5000_slepc_eigs.txt,210.37176633810213,210.37176633810213,0.13443541318933674,0.13443541318933674
4005,1564.8537937084911,1775.542294575524,loaded:unit_ball_P2_h008_N5000_slepc_eigs.txt,210.68850086703287,210.68850086703287,0.13463781837901273,0.13463781837901273
4006,1564.8537937084911,1775.849747627667,loaded:unit_ball_P2_h008_N5000_slepc_eigs.txt,210.99595391917592,210.99595391917592,0.13483429235848554,0.13483429235848554
4007,1564.8537937084911,1776.0216867608503,loaded:unit_ball_P2_h008_N5000_slepc_eigs.txt,211.1678930523592,211.1678930523592,0.1349441678841574,0.1349441678841574
4008,1564.8537937084911,1776.25866409044,loaded:unit_ball_P2_h008_N5000_slepc_eigs.txt,211.40487038194897,211.40487038194897,0.1350956052456173,0.1350956052456173
4009,1564.8537937084911,1776.5314525781264,loaded:unit_ball_P2_h008_N5000_slepc_eigs.txt,211.67765886963525,211.67765886963525,0.13526992727415635,0.13526992727415635
4010,1564.8537937084911,1776.872419117039,loaded:unit_ball_P2_h008_N5000_slepc_eigs.txt,212.0186254085479,212.0186254085479,0.1354878176229439,0.1354878176229439
4011,1564.8537937084911,1777.115421979994,loaded:unit_ball_P2_h008_N5000_slepc_eigs.txt,212.2616282715028,212.2616282715028,0.13564310552519512,0.13564310552519512
4012,1564.8537937084911,1777.204947513983,loaded:unit_ball_P2_h008_N5000_slepc_eigs.txt,212.35115380549178,212.35115380549178,0.13570031568396454,0.13570031568396454
4013,1564.8537937084911,1777.4598364895546,loaded:unit_ball_P2_h008_N5000_slepc_eigs.txt,212.60604278106348,212.60604278106348,0.13586319925596116,0.13586319925596116
4014,1564.8537937084911,1777.830253698346,loaded:unit_ball_P2_h008_N5000_slepc_eigs.txt,212.9764599898549,212.9764599898549,0.13609990968237973,0.13609990968237973
4015,1564.8537937084911,1778.0204130870063,loaded:unit_ball_P2_h008_N5000_slepc_eigs.txt,213.16661937851518,213.16661937851518,0.1362214286315779,0.1362214286315779
4016,1564.8537937084911,1778.3524843455052,loaded:unit_ball_P2_h008_N5000_slepc_eigs.txt,213.49869063701408,213.49869063701408,0.13643363456406438,0.13643363456406438
4017,1564.8537937084911,1778.7111136184324,loaded:unit_ball_P2_h008_N5000_slepc_eigs.txt,213.85731990994122,213.85731990994122,0.136662812059348,0.136662812059348
4018,1564.8537937084911,1778.9965208807746,loaded:unit_ball_P2_h008_N5000_slepc_eigs.txt,214.14272717228346,214.14272717228346,0.13684519795603028,0.13684519795603028
4019,1564.8537937084911,1779.0308322855374,loaded:unit_ball_P2_h008_N5000_slepc_eigs.txt,214.17703857704623,214.17703857704623,0.13686712422473393,0.13686712422473393
4020,1564.8537937084911,1779.2344785241564,loaded:unit_ball_P2_h008_N5000_slepc_eigs.txt,214.3806848156653,214.3806848156653,0.1369972617746046,0.1369972617746046
4021,1564.8537937084911,1779.479850418321,loaded:unit_ball_P2_h008_N5000_slepc_eigs.txt,214.62605670982975,214.62605670982975,0.1371540635762496,0.1371540635762496
4022,1564.8537937084911,1779.73054903578,loaded:unit_ball_P2_h008_N5000_slepc_eigs.txt,214.87675532728895,214.87675532728895,0.13731426935295993,0.13731426935295993
4023,1564.8537937084911,1779.9845133224349,loaded:unit_ball_P2_h008_N5000_slepc_eigs.txt,215.1307196139437,215.1307196139437,0.13747656201421418,0.13747656201421418
4024,1564.8537937084911,1780.2246803927917,loaded:unit_ball_P2_h008_N5000_slepc_eigs.txt,215.37088668430056,215.37088668430056,0.13763003773911733,0.13763003773911733
4025,1564.8537937084911,1780.5159864015388,loaded:unit_ball_P2_h008_N5000_slepc_eigs.txt,215.6621926930477,215.6621926930477,0.13781619315498964,0.13781619315498964
4026,1564.8537937084911,1780.9151866121354,loaded:unit_ball_P2_h008_N5000_slepc_eigs.txt,216.06139290364422,216.06139290364422,0.13807129699421186,0.13807129699421186
4027,1564.8537937084911,1781.1030663636889,loaded:unit_ball_P2_h008_N5000_slepc_eigs.txt,216.24927265519773,216.24927265519773,0.13819135917018566,0.13819135917018566
4028,1564.8537937084911,1781.2658288668035,loaded:unit_ball_P2_h008_N5000_slepc_eigs.txt,216.4120351583124,216.4120351583124,0.1382953704866224,0.1382953704866224
4029,1564.8537937084911,1781.351767709265,loaded:unit_ball_P2_h008_N5000_slepc_eigs.txt,216.49797400077387,216.49797400077387,0.13835028861559204,0.13835028861559204
4030,1566.536731660952,1781.5348699511567,loaded:unit_ball_P2_h008_N5000_slepc_eigs.txt,214.99813829020468,214.99813829020468,0.13724423688568643,0.13724423688568643
4031,1566.536731660952,1781.7632005455755,loaded:unit_ball_P2_h008_N5000_slepc_eigs.txt,215.2264688846235,215.2264688846235,0.137389991906813,0.137389991906813
4032,1566.536731660952,1782.0896070961403,loaded:unit_ball_P2_h008_N5000_slepc_eigs.txt,215.5528754351883,215.5528754351883,0.1375983537945159,0.1375983537945159
4033,1566.536731660952,1782.2024126953033,loaded:unit_ball_P2_h008_N5000_slepc_eigs.txt,215.66568103435134,215.66568103435134,0.1376703633407226,0.1376703633407226
4034,1566.536731660952,1782.537917200297,loaded:unit_ball_P2_h008_N5000_slepc_eigs.txt,216.001185539345,216.001185539345,0.13788453291505356,0.13788453291505356
4035,1566.536731660952,1782.7967630140324,loaded:unit_ball_P2_h008_N5000_slepc_eigs.txt,216.26003135308042,216.26003135308042,0.13804976735131286,0.13804976735131286
4036,1566.536731660952,1783.0902427527587,loaded:unit_ball_P2_h008_N5000_slepc_eigs.txt,216.55351109180674,216.55351109180674,0.13823711038183034,0.13823711038183034
4037,1566.536731660952,1783.3512228511784,loaded:unit_ball_P2_h008_N5000_slepc_eigs.txt,216.81449119022636,216.81449119022636,0.13840370724045803,0.13840370724045803
4038,1566.536731660952,1783.4165632926129,loaded:unit_ball_P2_h008_N5000_slepc_eigs.txt,216.87983163166086,216.87983163166086,0.13844541736452592,0.13844541736452592
4039,1566.536731660952,1783.6629666379094,loaded:unit_ball_P2_h008_N5000_slepc_eigs.txt,217.12623497695745,217.12623497695745,0.13860270914091175,0.13860270914091175
4040,1566.536731660952,1784.0394510274657,loaded:unit_ball_P2_h008_N5000_slepc_eigs.txt,217.5027193665137,217.5027193665137,0.13884303825796798,0.13884303825796798
4041,1566.536731660952,1784.1680950465807,loaded:unit_ball_P2_h008_N5000_slepc_eigs.txt,217.63136338562867,217.63136338562867,0.13892515827246557,0.13892515827246557
4042,1566.536731660952,1784.3948478523632,loaded:unit_ball_P2_h008_N5000_slepc_eigs.txt,217.85811619141123,217.85811619141123,0.13906990611092968,0.13906990611092968
4043,1566.536731660952,1784.5134109253518,loaded:unit_ball_P2_h008_N5000_slepc_eigs.txt,217.97667926439976,217.97667926439976,0.1391455909452475,0.1391455909452475
4044,1566.536731660952,1784.785558360742,loaded:unit_ball_P2_h008_N5000_slepc_eigs.txt,218.24882669979002,218.24882669979002,0.13931931648253618,0.13931931648253618
4045,1566.536731660952,1785.3174551094446,loaded:unit_ball_P2_h008_N5000_slepc_eigs.txt,218.7807234484926,218.7807234484926,0.13965885320577576,0.13965885320577576
4046,1566.536731660952,1785.418268401608,loaded:unit_ball_P2_h008_N5000_slepc_eigs.txt,218.88153674065597,218.88153674065597,0.13972320745303077,0.13972320745303077
4047,1566.536731660952,1785.5301710468873,loaded:unit_ball_P2_h008_N5000_slepc_eigs.txt,218.9934393859353,218.9934393859353,0.1397946405978895,0.1397946405978895
4048,1566.536731660952,1785.6819818249417,loaded:unit_ball_P2_h008_N5000_slepc_eigs.txt,219.14525016398966,219.14525016398966,0.1398915491318461,0.1398915491318461
4049,1566.536731660952,1786.0482371455955,loaded:unit_ball_P2_h008_N5000_slepc_eigs.txt,219.51150548464352,219.51150548464352,0.14012534851442776,0.14012534851442776
4050,1566.536731660952,1786.3014941585352,loaded:unit_ball_P2_h008_N5000_slepc_eigs.txt,219.7647624975832,219.7647624975832,0.140287015335142,0.140287015335142
4051,1566.536731660952,1786.6426358362696,loaded:unit_ball_P2_h008_N5000_slepc_eigs.txt,220.10590417531762,220.10590417531762,0.14050478340328856,0.14050478340328856
4052,1566.536731660952,1786.796606425991,loaded:unit_ball_P2_h008_N5000_slepc_eigs.txt,220.25987476503906,220.25987476503906,0.1406030706547839,0.1406030706547839
4053,1566.536731660952,1787.1288371794674,loaded:unit_ball_P2_h008_N5000_slepc_eigs.txt,220.59210551851538,220.59210551851538,0.14081515042716436,0.14081515042716436
4054,1566.536731660952,1787.3745098499064,loaded:unit_ball_P2_h008_N5000_slepc_eigs.txt,220.83777818895442,220.83777818895442,0.1409719757766591,0.1409719757766591
4055,1566.536731660952,1787.4714806542386,loaded:unit_ball_P2_h008_N5000_slepc_eigs.txt,220.93474899328658,220.93474899328658,0.1410338771686739,0.1410338771686739
4056,1566.536731660952,1787.652879790483,loaded:unit_ball_P2_h008_N5000_slepc_eigs.txt,221.11614812953098,221.11614812953098,0.14114967345520724,0.14114967345520724
4057,1566.536731660952,1787.9368514342407,loaded:unit_ball_P2_h008_N5000_slepc_eigs.txt,221.40011977328868,221.40011977328868,0.14133094698554866,0.14133094698554866
4058,1566.536731660952,1788.0138895987639,loaded:unit_ball_P2_h008_N5000_slepc_eigs.txt,221.47715793781185,221.47715793781185,0.14138012436068847,0.14138012436068847
4059,1566.536731660952,1788.4328268922022,loaded:unit_ball_P2_h008_N5000_slepc_eigs.txt,221.89609523125023,221.89609523125023,0.1416475533235537,0.1416475533235537
4060,1566.536731660952,1788.6321719646917,loaded:unit_ball_P2_h008_N5000_slepc_eigs.txt,222.09544030373968,222.09544030373968,0.14177480541312207,0.14177480541312207
4061,1566.536731660952,1789.0759113723188,loaded:unit_ball_P2_h008_N5000_slepc_eigs.txt,222.53917971136684,222.53917971136684,0.1420580668258032,0.1420580668258032
4062,1566.536731660952,1789.5426714291038,loaded:unit_ball_P2_h008_N5000_slepc_eigs.txt,223.00593976815185,223.00593976815185,0.14235602348864512,0.14235602348864512
4063,1566.536731660952,1789.598067431369,loaded:unit_ball_P2_h008_N5000_slepc_eigs.txt,223.06133577041692,223.06133577041692,0.1423913855718606,0.1423913855718606
4064,1566.536731660952,1789.6355667944752,loaded:unit_ball_P2_h008_N5000_slepc_eigs.txt,223.09883513352315,223.09883513352315,0.1424153233208762,0.1424153233208762
4065,1566.536731660952,1789.8927325796822,loaded:unit_ball_P2_h008_N5000_slepc_eigs.txt,223.35600091873016,223.35600091873016,0.14257948530955447,0.14257948530955447
4066,1566.536731660952,1790.2132675437413,loaded:unit_ball_P2_h008_N5000_slepc_eigs.txt,223.67653588278927,223.67653588278927,0.1427840990652238,0.1427840990652238
4067,1584.2342164839185,1790.2564918991798,loaded:unit_ball_P2_h008_N5000_slepc_eigs.txt,206.02227541526122,206.02227541526122,0.13004533879624897,0.13004533879624897
4068,1584.2342164839185,1790.6009924793734,loaded:unit_ball_P2_h008_N5000_slepc_eigs.txt,206.36677599545487,206.36677599545487,0.13026279438243005,0.13026279438243005
4069,1584.2342164839185,1790.8115766029664,loaded:unit_ball_P2_h008_N5000_slepc_eigs.txt,206.57736011904785,206.57736011904785,0.13039571925010546,0.13039571925010546
4070,1584.2342164839185,1791.2763608027549,loaded:unit_ball_P2_h008_N5000_slepc_eigs.txt,207.04214431883634,207.04214431883634,0.13068910023818944,0.13068910023818944
4071,1584.2342164839185,1791.4529266112763,loaded:unit_ball_P2_h008_N5000_slepc_eigs.txt,207.21871012735778,207.21871012735778,0.13080055207194247,0.13080055207194247
4072,1584.2342164839185,1791.6926452219188,loaded:unit_ball_P2_h008_N5000_slepc_eigs.txt,207.4584287380003,207.4584287380003,0.13095186720460925,0.13095186720460925
4073,1584.2342164839185,1791.9271269650594,loaded:unit_ball_P2_h008_N5000_slepc_eigs.txt,207.69291048114087,207.69291048114087,0.1310998767228363,0.1310998767228363
4074,1584.2342164839185,1792.1627326618375,loaded:unit_ball_P2_h008_N5000_slepc_eigs.txt,207.92851617791894,207.92851617791894,0.13124859570284986,0.13124859570284986
4075,1584.2342164839185,1792.655722632196,loaded:unit_ball_P2_h008_N5000_slepc_eigs.txt,208.42150614827756,208.42150614827756,0.1315597807316979,0.1315597807316979
4076,1584.2342164839185,1792.7931950614893,loaded:unit_ball_P2_h008_N5000_slepc_eigs.txt,208.55897857757077,208.55897857757077,0.13164655605056352,0.13164655605056352
4077,1584.2342164839185,1793.0596911164791,loaded:unit_ball_P2_h008_N5000_slepc_eigs.txt,208.8254746325606,208.8254746325606,0.13181477363620644,0.13181477363620644
4078,1584.2342164839185,1793.2797075553324,loaded:unit_ball_P2_h008_N5000_slepc_eigs.txt,209.04549107141384,209.04549107141384,0.13195365236800252,0.13195365236800252
4079,1584.2342164839185,1793.3798548790564,loaded:unit_ball_P2_h008_N5000_slepc_eigs.txt,209.1456383951379,209.1456383951379,0.13201686734132023,0.13201686734132023
4080,1584.2342164839185,1793.5458016964346,loaded:unit_ball_P2_h008_N5000_slepc_eigs.txt,209.3115852125161,209.3115852125161,0.13212161625764304,0.13212161625764304
4081,1584.2342164839185,1794.1077264910762,loaded:unit_ball_P2_h008_N5000_slepc_eigs.txt,209.87351000715762,209.87351000715762,0.13247631431225815,0.13247631431225815
4082,1584.2342164839185,1794.2231970598143,loaded:unit_ball_P2_h008_N5000_slepc_eigs.txt,209.98898057589577,209.98898057589577,0.13254920162117792,0.13254920162117792
4083,1584.2342164839185,1794.2526457309345,loaded:unit_ball_P2_h008_N5000_slepc_eigs.txt,210.018429247016,210.018429247016,0.1325677902053745,0.1325677902053745
4084,1584.2342164839185,1794.5651336907058,loaded:unit_ball_P2_h008_N5000_slepc_eigs.txt,210.33091720678726,210.33091720678726,0.13276503879180185,0.13276503879180185
4085,1584.2342164839185,1795.1141755121953,loaded:unit_ball_P2_h008_N5000_slepc_eigs.txt,210.87995902827674,210.87995902827674,0.13311160485872348,0.13311160485872348
4086,1584.2342164839185,1795.2357726593148,loaded:unit_ball_P2_h008_N5000_slepc_eigs.txt,211.00155617539622,211.00155617539622,0.13318835938520338,0.13318835938520338
4087,1584.2342164839185,1795.3226360519445,loaded:unit_ball_P2_h008_N5000_slepc_eigs.txt,211.08841956802598,211.08841956802598,0.13324318927823683,0.13324318927823683
4088,1584.2342164839185,1795.9628071307084,loaded:unit_ball_P2_h008_N5000_slepc_eigs.txt,211.72859064678983,211.72859064678983,0.1336472779364055,0.1336472779364055
4089,1584.2342164839185,1796.032024013097,loaded:unit_ball_P2_h008_N5000_slepc_eigs.txt,211.7978075291785,211.7978075291785,0.1336909690028327,0.1336909690028327
4090,1584.2342164839185,1796.3382637888913,loaded:unit_ball_P2_h008_N5000_slepc_eigs.txt,212.1040473049727,212.1040473049727,0.1338842736118405,0.1338842736118405
4091,1584.2342164839185,1796.5328653997458,loaded:unit_ball_P2_h008_N5000_slepc_eigs.txt,212.29864891582724,212.29864891582724,0.13400711000107493,0.13400711000107493
4092,1584.2342164839185,1796.8084382620696,loaded:unit_ball_P2_h008_N5000_slepc_eigs.txt,212.574221778151,212.574221778151,0.13418105704719757,0.13418105704719757
4093,1584.2342164839185,1796.9931956955345,loaded:unit_ball_P2_h008_N5000_slepc_eigs.txt,212.75897921161595,212.75897921161595,0.1342976795967818,0.1342976795967818
4094,1584.2342164839185,1797.357639574523,loaded:unit_ball_P2_h008_N5000_slepc_eigs.txt,213.12342309060455,213.12342309060455,0.1345277237879731,0.1345277237879731
4095,1584.2342164839185,1797.6348861995507,loaded:unit_ball_P2_h008_N5000_slepc_eigs.txt,213.40066971563215,213.40066971563215,0.13470272734624927,0.13470272734624927
4096,1584.2342164839185,1797.8436376139127,loaded:unit_ball_P2_h008_N5000_slepc_eigs.txt,213.6094211299942,213.6094211299942,0.1348344953715766,0.1348344953715766
4097,1584.2342164839185,1798.223453614513,loaded:unit_ball_P2_h008_N5000_slepc_eigs.txt,213.98923713059435,213.98923713059435,0.13507424275024585,0.13507424275024585
4098,1584.2342164839185,1798.3006336296169,loaded:unit_ball_P2_h008_N5000_slepc_eigs.txt,214.06641714569832,214.06641714569832,0.13512296030368645,0.13512296030368645
4099,1584.2342164839185,1798.6607462285303,loaded:unit_ball_P2_h008_N5000_slepc_eigs.txt,214.4265297446118,214.4265297446118,0.13535027050514942,0.13535027050514942
4100,1584.2342164839185,1798.9459515181052,loaded:unit_ball_P2_h008_N5000_slepc_eigs.txt,214.71173503418663,214.71173503418663,0.13553029773004285,0.13553029773004285
4101,1584.2342164839185,1799.5035541460986,loaded:unit_ball_P2_h008_N5000_slepc_eigs.txt,215.26933766218008,215.26933766218008,0.13588226754750518,0.13588226754750518
4102,1584.2342164839185,1799.6956013674944,loaded:unit_ball_P2_h008_N5000_slepc_eigs.txt,215.46138488357587,215.46138488357587,0.1360034915555449,0.1360034915555449
4103,1584.2342164839185,1800.043475046438,loaded:unit_ball_P2_h008_N5000_slepc_eigs.txt,215.80925856251952,215.80925856251952,0.13622307630843308,0.13622307630843308
4104,1584.2342164839185,1800.120434941014,loaded:unit_ball_P2_h008_N5000_slepc_eigs.txt,215.88621845709554,215.88621845709554,0.13627165491743878,0.13627165491743878
4105,1584.2342164839185,1800.5329997228764,loaded:unit_ball_P2_h008_N5000_slepc_eigs.txt,216.29878323895787,216.29878323895787,0.13653207397515738,0.13653207397515738
4106,1584.2342164839185,1800.7502121939897,loaded:unit_ball_P2_h008_N5000_slepc_eigs.txt,216.51599571007114,216.51599571007114,0.1366691827870068,0.1366691827870068
4107,1584.2342164839185,1800.9643182392044,loaded:unit_ball_P2_h008_N5000_slepc_eigs.txt,216.7301017552859,216.7301017552859,0.13680433076133217,0.13680433076133217
4108,1584.2342164839185,1801.2271038659535,loaded:unit_ball_P2_h008_N5000_slepc_eigs.txt,216.99288738203495,216.99288738203495,0.1369702062512154,0.1369702062512154
4109,1584.2342164839185,1801.4233289103443,loaded:unit_ball_P2_h008_N5000_slepc_eigs.txt,217.1891124264257,217.1891124264257,0.13709406738383648,0.13709406738383648
4110,1584.2342164839185,1801.5857765534033,loaded:unit_ball_P2_h008_N5000_slepc_eigs.txt,217.35156006948478,217.35156006948478,0.13719660755205706,0.13719660755205706
4111,1584.2342164839185,1802.3351835852086,loaded:unit_ball_P2_h008_N5000_slepc_eigs.txt,218.10096710129005,218.10096710129005,0.13766964810629312,0.13766964810629312
4112,1584.2342164839185,1802.4232458936508,loaded:unit_ball_P2_h008_N5000_slepc_eigs.txt,218.18902940973226,218.18902940973226,0.13772523477872192,0.13772523477872192
4113,1584.2342164839185,1802.846564464028,loaded:unit_ball_P2_h008_N5000_slepc_eigs.txt,218.61234798010946,218.61234798010946,0.13799244184064027,0.13799244184064027
4114,1584.2342164839185,1803.2180137268672,loaded:unit_ball_P2_h008_N5000_slepc_eigs.txt,218.98379724294864,218.98379724294864,0.1382269079688013,0.1382269079688013
4115,1584.2342164839185,1803.446278108626,loaded:unit_ball_P2_h008_N5000_slepc_eigs.txt,219.21206162470753,219.21206162470753,0.1383709929654412,0.1383709929654412
4116,1584.2342164839185,1803.5635872160835,loaded:unit_ball_P2_h008_N5000_slepc_eigs.txt,219.329370732165,219.329370732165,0.13844504079639752,0.13844504079639752
4117,1584.2342164839185,1804.0306299371607,loaded:unit_ball_P2_h008_N5000_slepc_eigs.txt,219.79641345324217,219.79641345324217,0.13873984740783013,0.13873984740783013
4118,1584.2342164839185,1804.2644460145666,loaded:unit_ball_P2_h008_N5000_slepc_eigs.txt,220.03022953064806,220.03022953064806,0.13888743674466747,0.13888743674466747
4119,1584.2342164839185,1804.606998721841,loaded:unit_ball_P2_h008_N5000_slepc_eigs.txt,220.37278223792237,220.37278223792237,0.13910366279490047,0.13910366279490047
4120,1584.2342164839185,1804.9769218430008,loaded:unit_ball_P2_h008_N5000_slepc_eigs.txt,220.74270535908227,220.74270535908227,0.139337165592221,0.139337165592221
4121,1584.2342164839185,1805.2196753766698,loaded:unit_ball_P2_h008_N5000_slepc_eigs.txt,220.98545889275124,220.98545889275124,0.13949039642838346,0.13949039642838346
4122,1584.2342164839185,1805.7941757193325,loaded:unit_ball_P2_h008_N5000_slepc_eigs.txt,221.559959235414,221.559959235414,0.13985303241786348,0.13985303241786348
4123,1584.2342164839185,1805.9899809937092,loaded:unit_ball_P2_h008_N5000_slepc_eigs.txt,221.75576450979065,221.75576450979065,0.1399766285833416,0.1399766285833416
4124,1584.2342164839185,1806.135821454702,loaded:unit_ball_P2_h008_N5000_slepc_eigs.txt,221.9016049707834,221.9016049707834,0.14006868596947508,0.14006868596947508
4125,1584.2342164839185,1806.5108141539436,loaded:unit_ball_P2_h008_N5000_slepc_eigs.txt,222.276597670025,222.276597670025,0.14030538878484153,0.14030538878484153
4126,1584.2342164839185,1806.7746005402728,loaded:unit_ball_P2_h008_N5000_slepc_eigs.txt,222.54038405635424,222.54038405635424,0.1404718959739835,0.1404718959739835
4127,1584.2342164839185,1806.8334834123343,loaded:unit_ball_P2_h008_N5000_slepc_eigs.txt,222.59926692841577,222.59926692841577,0.14050906400851326,0.14050906400851326
4128,1584.2342164839185,1807.5675690128364,loaded:unit_ball_P2_h008_N5000_slepc_eigs.txt,223.33335252891789,223.33335252891789,0.1409724333719975,0.1409724333719975
4129,1584.2342164839185,1807.977062540372,loaded:unit_ball_P2_h008_N5000_slepc_eigs.txt,223.74284605645335,223.74284605645335,0.14123091379318442,0.14123091379318442
4130,1584.2342164839185,1808.1647393998394,loaded:unit_ball_P2_h008_N5000_slepc_eigs.txt,223.93052291592085,223.93052291592085,0.14134937914225637,0.14134937914225637
4131,1584.2342164839185,1808.5329129751399,loaded:unit_ball_P2_h008_N5000_slepc_eigs.txt,224.29869649122134,224.29869649122134,0.14158177759159526,0.14158177759159526
4132,1584.2342164839185,1808.9029043773626,loaded:unit_ball_P2_h008_N5000_slepc_eigs.txt,224.66868789344403,224.66868789344403,0.14181532348927436,0.14181532348927436
4133,1584.2342164839185,1809.775054813187,loaded:unit_ball_P2_h008_N5000_slepc_eigs.txt,225.54083832926835,225.54083832926835,0.1423658421100374,0.1423658421100374
4134,1594.8943045259584,1810.2550099422647,loaded:unit_ball_P2_h008_N5000_slepc_eigs.txt,215.36070541630625,215.36070541630625,0.13503133392925165,0.13503133392925165
4135,1594.8943045259584,1811.2349728669678,loaded:unit_ball_P2_h008_N5000_slepc_eigs.txt,216.3406683410094,216.3406683410094,0.13564577146402887,0.13564577146402887
4136,1594.8943045259584,1811.3434981621776,loaded:unit_ball_P2_h008_N5000_slepc_eigs.txt,216.4491936362192,216.4491936362192,0.1357138169106154,0.1357138169106154
4137,1594.8943045259584,1811.5804276198548,loaded:unit_ball_P2_h008_N5000_slepc_eigs.txt,216.6861230938964,216.6861230938964,0.13586237186940162,0.13586237186940162
4138,1594.8943045259584,1812.1209685848319,loaded:unit_ball_P2_h008_N5000_slepc_eigs.txt,217.22666405887344,217.22666405887344,0.1362012914852301,0.1362012914852301
4139,1594.8943045259584,1813.2083915747985,loaded:unit_ball_P2_h008_N5000_slepc_eigs.txt,218.31408704884007,218.31408704884007,0.1368831065665686,0.1368831065665686
4140,1594.8943045259584,1814.1171637585533,loaded:unit_ball_P2_h008_N5000_slepc_eigs.txt,219.22285923259483,219.22285923259483,0.13745290745003522,0.13745290745003522
4141,1594.8943045259584,1814.7063332185671,loaded:unit_ball_P2_h008_N5000_slepc_eigs.txt,219.8120286926087,219.8120286926087,0.13782231717100663,0.13782231717100663
4142,1594.8943045259584,1815.2399002463405,loaded:unit_ball_P2_h008_N5000_slepc_eigs.txt,220.3455957203821,220.3455957203821,0.13815686412265057,0.13815686412265057
4143,1594.8943045259584,1815.3119853269188,loaded:unit_ball_P2_h008_N5000_slepc_eigs.txt,220.4176808009604,220.4176808009604,0.13820206152562187,0.13820206152562187
4144,1594.8943045259584,1816.3779470216014,loaded:unit_ball_P2_h008_N5000_slepc_eigs.txt,221.48364249564293,221.48364249564293,0.13887042035771346,0.13887042035771346
4145,1594.8943045259584,1816.6675561195004,loaded:unit_ball_P2_h008_N5000_slepc_eigs.txt,221.773251593542,221.773251593542,0.1390520054929022,0.1390520054929022
4146,1594.8943045259584,1817.7753154799095,loaded:unit_ball_P2_h008_N5000_slepc_eigs.txt,222.8810109539511,222.8810109539511,0.1397465714947153,0.1397465714947153
4147,1594.8943045259584,1818.1307605699835,loaded:unit_ball_P2_h008_N5000_slepc_eigs.txt,223.2364560440251,223.2364560440251,0.13996943584946617,0.13996943584946617
4148,1594.8943045259584,1818.6684378985558,loaded:unit_ball_P2_h008_N5000_slepc_eigs.txt,223.77413337259736,223.77413337259736,0.14030655996298672,0.14030655996298672
4149,1594.8943045259584,1819.3382380298742,loaded:unit_ball_P2_h008_N5000_slepc_eigs.txt,224.4439335039158,224.4439335039158,0.1407265251791253,0.1407265251791253
4150,1594.8943045259584,1821.0449763626932,loaded:unit_ball_P2_h008_N5000_slepc_eigs.txt,226.15067183673477,226.15067183673477,0.1417966514739999,0.1417966514739999
4151,1609.7848445944524,1821.6192314767493,loaded:unit_ball_P2_h008_N5000_slepc_eigs.txt,211.83438688229694,211.83438688229694,0.13159173885480557,0.13159173885480557
4152,1609.7848445944524,1822.2035774325302,loaded:unit_ball_P2_h008_N5000_slepc_eigs.txt,212.41873283807786,212.41873283807786,0.13195473516312783,0.13195473516312783
4153,1609.7848445944524,1823.538043173831,loaded:unit_ball_P2_h008_N5000_slepc_eigs.txt,213.7531985793787,213.7531985793787,0.1327837066531887,0.1327837066531887
4154,1609.7848445944524,1824.1538065717841,loaded:unit_ball_P2_h008_N5000_slepc_eigs.txt,214.36896197733176,214.36896197733176,0.13316621950887916,0.13316621950887916
4155,1609.7848445944524,1824.9892096808705,loaded:unit_ball_P2_h008_N5000_slepc_eigs.txt,215.2043650864182,215.2043650864182,0.1336851727788715,0.1336851727788715
4156,1609.7848445944524,1825.5376157920239,loaded:unit_ball_P2_h008_N5000_slepc_eigs.txt,215.75277119757152,215.75277119757152,0.13402584321877212,0.13402584321877212
4157,1609.7848445944524,1825.9928886684613,loaded:unit_ball_P2_h008_N5000_slepc_eigs.txt,216.20804407400897,216.20804407400897,0.13430865919754484,0.13430865919754484
4158,1609.7848445944524,1826.4480781973893,loaded:unit_ball_P2_h008_N5000_slepc_eigs.txt,216.663233602937,216.663233602937,0.13459142340075902,0.13459142340075902
4159,1609.7848445944524,1827.698392789319,loaded:unit_ball_P2_h008_N5000_slepc_eigs.txt,217.91354819486673,217.91354819486673,0.13536812011033994,0.13536812011033994
4160,1609.7848445944524,1827.9560200654466,loaded:unit_ball_P2_h008_N5000_slepc_eigs.txt,218.17117547099429,218.17117547099429,0.13552815843905985,0.13552815843905985
4161,1609.7848445944524,1828.9716168333168,loaded:unit_ball_P2_h008_N5000_slepc_eigs.txt,219.18677223886448,219.18677223886448,0.13615904819509184,0.13615904819509184
4162,1609.7848445944524,1830.6349017381767,loaded:unit_ball_P2_h008_N5000_slepc_eigs.txt,220.85005714372437,220.85005714372437,0.13719228248751614,0.13719228248751614
4163,1609.7848445944524,1831.220976678615,loaded:unit_ball_P2_h008_N5000_slepc_eigs.txt,221.43613208416264,221.43613208416264,0.1375563528428846,0.1375563528428846
4164,1609.7848445944524,1832.4032574637572,loaded:unit_ball_P2_h008_N5000_slepc_eigs.txt,222.61841286930485,222.61841286930485,0.1382907868817639,0.1382907868817639
4165,1609.7848445944524,1833.8819713899286,loaded:unit_ball_P2_h008_N5000_slepc_eigs.txt,224.09712679547624,224.09712679547624,0.13920936549252474,0.13920936549252474
4166,1609.7848445944524,1834.0549170816068,loaded:unit_ball_P2_h008_N5000_slepc_eigs.txt,224.2700724871545,224.2700724871545,0.13931679953394896,0.13931679953394896
4167,1609.7848445944524,1834.5306003125077,loaded:unit_ball_P2_h008_N5000_slepc_eigs.txt,224.7457557180553,224.7457557180553,0.13961229444589207,0.13961229444589207
4168,1609.7848445944524,1834.8989457731955,loaded:unit_ball_P2_h008_N5000_slepc_eigs.txt,225.1141011787431,225.1141011787431,0.13984111102465704,0.13984111102465704
4169,1609.7848445944524,1836.005919727071,loaded:unit_ball_P2_h008_N5000_slepc_eigs.txt,226.22107513261858,226.22107513261858,0.14052876438255305,0.14052876438255305
4170,1609.7848445944524,1837.4288066374547,loaded:unit_ball_P2_h008_N5000_slepc_eigs.txt,227.64396204300238,227.64396204300238,0.14141266319372758,0.14141266319372758
4171,1609.7848445944524,1837.7870195879025,loaded:unit_ball_P2_h008_N5000_slepc_eigs.txt,228.00217499345013,228.00217499345013,0.14163518544671722,0.14163518544671722
4172,1609.7848445944524,1839.4156488765825,loaded:unit_ball_P2_h008_N5000_slepc_eigs.txt,229.63080428213016,229.63080428213016,0.14264689163475153,0.14264689163475153
4173,1609.7848445944524,1840.8002241320125,loaded:unit_ball_P2_h008_N5000_slepc_eigs.txt,231.0153795375602,231.0153795375602,0.14350699120649202,0.14350699120649202
4174,1609.7848445944524,1841.2326313212077,loaded:unit_ball_P2_h008_N5000_slepc_eigs.txt,231.44778672675534,231.44778672675534,0.14377560299684844,0.14377560299684844
4175,1609.7848445944524,1842.270672089812,loaded:unit_ball_P2_h008_N5000_slepc_eigs.txt,232.48582749535967,232.48582749535967,0.14442043498920443,0.14442043498920443
4176,1609.7848445944524,1842.7566456046827,loaded:unit_ball_P2_h008_N5000_slepc_eigs.txt,232.97180101023037,232.97180101023037,0.14472232223612602,0.14472232223612602
4177,1609.7848445944524,1843.7507768915275,loaded:unit_ball_P2_h008_N5000_slepc_eigs.txt,233.96593229707514,233.96593229707514,0.1453398776132828,0.1453398776132828
4178,1625.613093170553,1844.836081599106,loaded:unit_ball_P2_h008_N5000_slepc_eigs.txt,219.22298842855298,219.22298842855298,0.13485557501323162,0.13485557501323162
4179,1625.613093170553,1845.889159238707,loaded:unit_ball_P2_h008_N5000_slepc_eigs.txt,220.27606606815402,220.27606606815402,0.1355033783829419,0.1355033783829419
4180,1625.613093170553,1846.4845620774452,loaded:unit_ball_P2_h008_N5000_slepc_eigs.txt,220.87146890689223,220.87146890689223,0.13586964194297324,0.13586964194297324
4181,1625.613093170553,1846.7784518149197,loaded:unit_ball_P2_h008_N5000_slepc_eigs.txt,221.16535864436673,221.16535864436673,0.13605042895724445,0.13605042895724445
4182,1625.613093170553,1846.9561160043659,loaded:unit_ball_P2_h008_N5000_slepc_eigs.txt,221.34302283381294,221.34302283381294,0.13615971953210057,0.13615971953210057
4183,1625.613093170553,1848.3626280712506,loaded:unit_ball_P2_h008_N5000_slepc_eigs.txt,222.74953490069765,222.74953490069765,0.13702493898240745,0.13702493898240745
4184,1625.613093170553,1848.902432624348,loaded:unit_ball_P2_h008_N5000_slepc_eigs.txt,223.28933945379504,223.28933945379504,0.13735700111660482,0.13735700111660482
4185,1625.613093170553,1849.1043869305129,loaded:unit_ball_P2_h008_N5000_slepc_eigs.txt,223.49129375995994,223.49129375995994,0.13748123381810884,0.13748123381810884
4186,1625.613093170553,1849.7352061451054,loaded:unit_ball_P2_h008_N5000_slepc_eigs.txt,224.12211297455246,224.12211297455246,0.13786928385119648,0.13786928385119648
4187,1625.613093170553,1850.1807393104132,loaded:unit_ball_P2_h008_N5000_slepc_eigs.txt,224.56764613986024,224.56764613986024,0.13814335470309816,0.13814335470309816
4188,1625.613093170553,1850.390390624703,loaded:unit_ball_P2_h008_N5000_slepc_eigs.txt,224.77729745415013,224.77729745415013,0.13827232223859026,0.13827232223859026
4189,1625.613093170553,1851.1977446583935,loaded:unit_ball_P2_h008_N5000_slepc_eigs.txt,225.58465148784057,225.58465148784057,0.13876896811151182,0.13876896811151182
4190,1625.613093170553,1851.6349744010017,loaded:unit_ball_P2_h008_N5000_slepc_eigs.txt,226.0218812304488,226.0218812304488,0.1390379310919683,0.1390379310919683
4191,1626.847089258019,1851.8230791124934,loaded:unit_ball_P2_h008_N5000_slepc_eigs.txt,224.9759898544744,224.9759898544744,0.13828957333481331,0.13828957333481331
4192,1626.847089258019,1852.5752738460674,loaded:unit_ball_P2_h008_N5000_slepc_eigs.txt,225.7281845880484,225.7281845880484,0.13875193684675044,0.13875193684675044
4193,1626.847089258019,1852.8783330670456,loaded:unit_ball_P2_h008_N5000_slepc_eigs.txt,226.0312438090266,226.0312438090266,0.1389382230828566,0.1389382230828566
4194,1626.847089258019,1853.2852066668504,loaded:unit_ball_P2_h008_N5000_slepc_eigs.txt,226.43811740883143,226.43811740883143,0.1391883225559364,0.1391883225559364
4195,1626.847089258019,1853.8339915979536,loaded:unit_ball_P2_h008_N5000_slepc_eigs.txt,226.98690233993466,226.98690233993466,0.13952565292627475,0.13952565292627475
4196,1626.847089258019,1854.1188839190231,loaded:unit_ball_P2_h008_N5000_slepc_eigs.txt,227.27179466100415,227.27179466100415,0.13970077222479432,0.13970077222479432
4197,1626.847089258019,1854.7782230758467,loaded:unit_ball_P2_h008_N5000_slepc_eigs.txt,227.93113381782769,227.93113381782769,0.14010605872109574,0.14010605872109574
4198,1626.847089258019,1854.8236888895356,loaded:unit_ball_P2_h008_N5000_slepc_eigs.txt,227.9765996315166,227.9765996315166,0.14013400591661837,0.14013400591661837
4199,1626.847089258019,1855.557879703567,loaded:unit_ball_P2_h008_N5000_slepc_eigs.txt,228.71079044554813,228.71079044554813,0.14058530267270525,0.14058530267270525
4200,1626.847089258019,1856.0499083535449,loaded:unit_ball_P2_h008_N5000_slepc_eigs.txt,229.2028190955259,229.2028190955259,0.1408877457561558,0.1408877457561558
4201,1626.847089258019,1856.5470487251064,loaded:unit_ball_P2_h008_N5000_slepc_eigs.txt,229.6999594670874,229.6999594670874,0.1411933309428916,0.1411933309428916
4202,1626.847089258019,1856.9042143514655,loaded:unit_ball_P2_h008_N5000_slepc_eigs.txt,230.05712509344653,230.05712509344653,0.14141287562457527,0.14141287562457527
4203,1626.847089258019,1857.117412317401,loaded:unit_ball_P2_h008_N5000_slepc_eigs.txt,230.270323059382,230.270323059382,0.1415439254124399,0.1415439254124399
4204,1626.847089258019,1857.3583595484065,loaded:unit_ball_P2_h008_N5000_slepc_eigs.txt,230.51127029038753,230.51127029038753,0.14169203228283755,0.14169203228283755
4205,1626.847089258019,1857.6952924405311,loaded:unit_ball_P2_h008_N5000_slepc_eigs.txt,230.84820318251218,230.84820318251218,0.14189914018766117,0.14189914018766117
4206,1626.847089258019,1858.060181720751,loaded:unit_ball_P2_h008_N5000_slepc_eigs.txt,231.213092462732,231.213092462732,0.1421234324906251,0.1421234324906251
4207,1626.847089258019,1858.2667761397963,loaded:unit_ball_P2_h008_N5000_slepc_eigs.txt,231.41968688177735,231.41968688177735,0.14225042317119335,0.14225042317119335
4208,1626.847089258019,1858.7421876481337,loaded:unit_ball_P2_h008_N5000_slepc_eigs.txt,231.89509839011475,231.89509839011475,0.14254265193164448,0.14254265193164448
4209,1626.847089258019,1859.187297635395,loaded:unit_ball_P2_h008_N5000_slepc_eigs.txt,232.34020837737603,232.34020837737603,0.14281625477373106,0.14281625477373106
4210,1626.847089258019,1859.261111874804,loaded:unit_ball_P2_h008_N5000_slepc_eigs.txt,232.41402261678513,232.41402261678513,0.14286162734740224,0.14286162734740224
4211,1626.847089258019,1860.0382940410234,loaded:unit_ball_P2_h008_N5000_slepc_eigs.txt,233.19120478300442,233.19120478300442,0.14333935028236705,0.14333935028236705
4212,1626.847089258019,1861.0001739842514,loaded:unit_ball_P2_h008_N5000_slepc_eigs.txt,234.15308472623246,234.15308472623246,0.1439306043403417,0.1439306043403417
4213,1626.847089258019,1861.3002240538376,loaded:unit_ball_P2_h008_N5000_slepc_eigs.txt,234.45313479581864,234.45313479581864,0.14411504089345561,0.14411504089345561
4214,1626.847089258019,1861.698068827272,loaded:unit_ball_P2_h008_N5000_slepc_eigs.txt,234.850979569253,234.850979569253,0.14435959047409003,0.14435959047409003
4215,1626.847089258019,1861.9792776275096,loaded:unit_ball_P2_h008_N5000_slepc_eigs.txt,235.13218836949068,235.13218836949068,0.1445324455642177,0.1445324455642177
4216,1626.847089258019,1862.714914997311,loaded:unit_ball_P2_h008_N5000_slepc_eigs.txt,235.86782573929213,235.86782573929213,0.14498463149776908,0.14498463149776908
4217,1626.847089258019,1863.1153561925491,loaded:unit_ball_P2_h008_N5000_slepc_eigs.txt,236.26826693453017,236.26826693453017,0.14523077706232898,0.14523077706232898
4218,1626.847089258019,1863.270794336092,loaded:unit_ball_P2_h008_N5000_slepc_eigs.txt,236.423705078073,236.423705078073,0.14532632270061863,0.14532632270061863
4219,1626.847089258019,1863.7806856937248,loaded:unit_ball_P2_h008_N5000_slepc_eigs.txt,236.9335964357058,236.9335964357058,0.14563974573896046,0.14563974573896046
4220,1626.847089258019,1864.3274179324985,loaded:unit_ball_P2_h008_N5000_slepc_eigs.txt,237.48032867447955,237.48032867447955,0.14597581434822546,0.14597581434822546
4221,1626.847089258019,1864.6590625521646,loaded:unit_ball_P2_h008_N5000_slepc_eigs.txt,237.81197329414567,237.81197329414567,0.14617967162642692,0.14617967162642692
4222,1626.847089258019,1865.102016415199,loaded:unit_ball_P2_h008_N5000_slepc_eigs.txt,238.25492715717996,238.25492715717996,0.1464519491293091,0.1464519491293091
4223,1626.847089258019,1865.2831009443978,loaded:unit_ball_P2_h008_N5000_slepc_eigs.txt,238.43601168637883,238.43601168637883,0.14656325923976418,0.14656325923976418
4224,1626.847089258019,1865.524881611249,loaded:unit_ball_P2_h008_N5000_slepc_eigs.txt,238.67779235322996,238.67779235322996,0.14671187841144148,0.14671187841144148
4225,1626.847089258019,1865.672291778865,loaded:unit_ball_P2_h008_N5000_slepc_eigs.txt,238.825202520846,238.825202520846,0.14680248936596166,0.14680248936596166
4226,1626.847089258019,1866.074336834062,loaded:unit_ball_P2_h008_N5000_slepc_eigs.txt,239.22724757604306,239.22724757604306,0.14704962080065626,0.14704962080065626
4227,1626.847089258019,1866.560382530005,loaded:unit_ball_P2_h008_N5000_slepc_eigs.txt,239.713293271986,239.713293271986,0.1473483862465007,0.1473483862465007
4228,1626.847089258019,1866.944448195375,loaded:unit_ball_P2_h008_N5000_slepc_eigs.txt,240.09735893735592,240.09735893735592,0.1475844660034157,0.1475844660034157
4229,1626.847089258019,1866.9736809104106,loaded:unit_ball_P2_h008_N5000_slepc_eigs.txt,240.12659165239165,240.12659165239165,0.14760243494175587,0.14760243494175587
4230,1626.847089258019,1867.4925600311249,loaded:unit_ball_P2_h008_N5000_slepc_eigs.txt,240.6454707731059,240.6454707731059,0.1479213826315175,0.1479213826315175
4231,1626.847089258019,1867.5146986247755,loaded:unit_ball_P2_h008_N5000_slepc_eigs.txt,240.66760936675655,240.66760936675655,0.1479349909133264,0.1479349909133264
4232,1626.847089258019,1867.8267643377549,loaded:unit_ball_P2_h008_N5000_slepc_eigs.txt,240.9796750797359,240.9796750797359,0.14812681331325564,0.14812681331325564
4233,1626.847089258019,1868.2939055732743,loaded:unit_ball_P2_h008_N5000_slepc_eigs.txt,241.44681631525532,241.44681631525532,0.14841395845344976,0.14841395845344976
4234,1626.847089258019,1868.8462825144834,loaded:unit_ball_P2_h008_N5000_slepc_eigs.txt,241.99919325646442,241.99919325646442,0.1487534967818252,0.1487534967818252
4235,1626.847089258019,1869.0253631002417,loaded:unit_ball_P2_h008_N5000_slepc_eigs.txt,242.17827384222278,242.17827384222278,0.14886357509646264,0.14886357509646264
4236,1626.847089258019,1869.501386373803,loaded:unit_ball_P2_h008_N5000_slepc_eigs.txt,242.65429711578395,242.65429711578395,0.14915617990038327,0.14915617990038327
4237,1626.847089258019,1869.7643380511852,loaded:unit_ball_P2_h008_N5000_slepc_eigs.txt,242.9172487931662,242.9172487931662,0.14931781259414934,0.14931781259414934
4238,1626.847089258019,1869.9089867165917,loaded:unit_ball_P2_h008_N5000_slepc_eigs.txt,243.06189745857273,243.06189745857273,0.14940672609214287,0.14940672609214287
4239,1626.847089258019,1870.1688536344984,loaded:unit_ball_P2_h008_N5000_slepc_eigs.txt,243.32176437647945,243.32176437647945,0.14956646262769227,0.14956646262769227
4240,1626.847089258019,1870.3752061233627,loaded:unit_ball_P2_h008_N5000_slepc_eigs.txt,243.5281168653437,243.5281168653437,0.14969330459718452,0.14969330459718452
4241,1626.847089258019,1871.0085400463954,loaded:unit_ball_P2_h008_N5000_slepc_eigs.txt,244.16145078837644,244.16145078837644,0.1500826060424246,0.1500826060424246
4242,1643.6575997154648,1871.3125634878988,loaded:unit_ball_P2_h008_N5000_slepc_eigs.txt,227.65496377243403,227.65496377243403,0.1385051021647353,0.1385051021647353
4243,1643.6575997154648,1871.3969916832273,loaded:unit_ball_P2_h008_N5000_slepc_eigs.txt,227.73939196776246,227.73939196776246,0.1385564682128362,0.1385564682128362
4244,1643.6575997154648,1871.5600806704765,loaded:unit_ball_P2_h008_N5000_slepc_eigs.txt,227.9024809550117,227.9024809550117,0.1386556914253091,0.1386556914253091
4245,1643.6575997154648,1872.2423947894795,loaded:unit_ball_P2_h008_N5000_slepc_eigs.txt,228.58479507401466,228.58479507401466,0.1390708108024355,0.1390708108024355
4246,1643.6575997154648,1872.6059725756954,loaded:unit_ball_P2_h008_N5000_slepc_eigs.txt,228.94837286023062,228.94837286023062,0.13929201124362162,0.13929201124362162
4247,1643.6575997154648,1872.9710522580792,loaded:unit_ball_P2_h008_N5000_slepc_eigs.txt,229.3134525426144,229.3134525426144,0.13951412543726327,0.13951412543726327
4248,1643.6575997154648,1873.2276843513898,loaded:unit_ball_P2_h008_N5000_slepc_eigs.txt,229.570084635925,229.570084635925,0.13967026020240841,0.13967026020240841
4249,1643.6575997154648,1873.4694893384064,loaded:unit_ball_P2_h008_N5000_slepc_eigs.txt,229.81188962294164,229.81188962294164,0.139817374167664,0.139817374167664
4250,1643.6575997154648,1873.7904840951135,loaded:unit_ball_P2_h008_N5000_slepc_eigs.txt,230.13288437964866,230.13288437964866,0.14001266712695346,0.14001266712695346
4251,1643.6575997154648,1873.8377858141264,loaded:unit_ball_P2_h008_N5000_slepc_eigs.txt,230.18018609866158,230.18018609866158,0.14004144545585911,0.14004144545585911
4252,1643.6575997154648,1874.1906392880119,loaded:unit_ball_P2_h008_N5000_slepc_eigs.txt,230.53303957254707,230.53303957254707,0.14025612123379885,0.14025612123379885
4253,1643.6575997154648,1874.2358292692627,loaded:unit_ball_P2_h008_N5000_slepc_eigs.txt,230.57822955379788,230.57822955379788,0.1402836147830993,0.1402836147830993
4254,1643.6575997154648,1874.5036923031923,loaded:unit_ball_P2_h008_N5000_slepc_eigs.txt,230.84609258772753,230.84609258772753,0.1404465824437459,0.1404465824437459
4255,1643.6575997154648,1874.9025505583447,loaded:unit_ball_P2_h008_N5000_slepc_eigs.txt,231.24495084287992,231.24495084287992,0.14068924749467954,0.14068924749467954
4256,1643.6575997154648,1874.954985478859,loaded:unit_ball_P2_h008_N5000_slepc_eigs.txt,231.29738576339423,231.29738576339423,0.1407211488593697,0.1407211488593697
4257,1643.6575997154648,1875.414451566889,loaded:unit_ball_P2_h008_N5000_slepc_eigs.txt,231.75685185142424,231.75685185142424,0.14100068766849244,0.14100068766849244
4258,1643.6575997154648,1875.613943464921,loaded:unit_ball_P2_h008_N5000_slepc_eigs.txt,231.9563437494562,231.9563437494562,0.14112205838345554,0.14112205838345554
4259,1643.6575997154648,1876.1457492548095,loaded:unit_ball_P2_h008_N5000_slepc_eigs.txt,232.4881495393447,232.4881495393447,0.14144560861069297,0.14144560861069297
4260,1643.6575997154648,1876.3426124351845,loaded:unit_ball_P2_h008_N5000_slepc_eigs.txt,232.68501271971968,232.68501271971968,0.14156538001588653,0.14156538001588653
4261,1643.6575997154648,1876.40992351176,loaded:unit_ball_P2_h008_N5000_slepc_eigs.txt,232.7523237962953,232.7523237962953,0.14160633202230638,0.14160633202230638
4262,1643.6575997154648,1876.7529446888607,loaded:unit_ball_P2_h008_N5000_slepc_eigs.txt,233.09534497339587,233.09534497339587,0.14181502583856104,0.14181502583856104
4263,1643.6575997154648,1876.9665182866183,loaded:unit_ball_P2_h008_N5000_slepc_eigs.txt,233.30891857115353,233.30891857115353,0.1419449638486397,0.1419449638486397
4264,1643.6575997154648,1877.1964413387313,loaded:unit_ball_P2_h008_N5000_slepc_eigs.txt,233.53884162326653,233.53884162326653,0.14208484885397948,0.14208484885397948
4265,1643.6575997154648,1877.435477843197,loaded:unit_ball_P2_h008_N5000_slepc_eigs.txt,233.77787812773227,233.77787812773227,0.14223027847661324,0.14223027847661324
4266,1643.6575997154648,1877.8046110050736,loaded:unit_ball_P2_h008_N5000_slepc_eigs.txt,234.14701128960883,234.14701128960883,0.14245485880401262,0.14245485880401262
4267,1643.6575997154648,1877.9573651099508,loaded:unit_ball_P2_h008_N5000_slepc_eigs.txt,234.29976539448603,234.29976539448603,0.14254779428212172,0.14254779428212172
4268,1643.6575997154648,1878.1107177741271,loaded:unit_ball_P2_h008_N5000_slepc_eigs.txt,234.4531180586623,234.4531180586623,0.1426410939232409,0.1426410939232409
4269,1643.6575997154648,1878.3157651908318,loaded:unit_ball_P2_h008_N5000_slepc_eigs.txt,234.658165475367,234.658165475367,0.14276584461142572,0.14276584461142572
4270,1643.6575997154648,1878.9092673879297,loaded:unit_ball_P2_h008_N5000_slepc_eigs.txt,235.25166767246492,235.25166767246492,0.14312693088462558,0.14312693088462558
4271,1643.6575997154648,1879.136162222614,loaded:unit_ball_P2_h008_N5000_slepc_eigs.txt,235.47856250714926,235.47856250714926,0.14326497352484677,0.14326497352484677
4272,1643.6575997154648,1879.3143988634633,loaded:unit_ball_P2_h008_N5000_slepc_eigs.txt,235.65679914799853,235.65679914799853,0.14337341255793987,0.14337341255793987
4273,1643.6575997154648,1879.6049975439144,loaded:unit_ball_P2_h008_N5000_slepc_eigs.txt,235.94739782844954,235.94739782844954,0.14355021256817393,0.14355021256817393
4274,1643.6575997154648,1879.9419514523897,loaded:unit_ball_P2_h008_N5000_slepc_eigs.txt,236.28435173692492,236.28435173692492,0.14375521506293545,0.14375521506293545
4275,1643.6575997154648,1880.2020826444486,loaded:unit_ball_P2_h008_N5000_slepc_eigs.txt,236.54448292898383,236.54448292898383,0.14391347867702634,0.14391347867702634
4276,1643.6575997154648,1880.3830004368244,loaded:unit_ball_P2_h008_N5000_slepc_eigs.txt,236.72540072135962,236.72540072135962,0.14402354892061422,0.14402354892061422
4277,1643.6575997154648,1880.6063721254984,loaded:unit_ball_P2_h008_N5000_slepc_eigs.txt,236.9487724100336,236.9487724100336,0.14415944808155423,0.14415944808155423
4278,1643.6575997154648,1880.9358165986066,loaded:unit_ball_P2_h008_N5000_slepc_eigs.txt,237.2782168831418,237.2782168831418,0.1443598818417031,0.1443598818417031
4279,1643.6575997154648,1881.0970469995355,loaded:unit_ball_P2_h008_N5000_slepc_eigs.txt,237.43944728407064,237.43944728407064,0.14445797429171015,0.14445797429171015
4280,1643.6575997154648,1881.3896202911083,loaded:unit_ball_P2_h008_N5000_slepc_eigs.txt,237.73202057564345,237.73202057564345,0.1446359756538086,0.1446359756538086
4281,1643.6575997154648,1881.5235248963809,loaded:unit_ball_P2_h008_N5000_slepc_eigs.txt,237.86592518091607,237.86592518091607,0.14471744311107937,0.14471744311107937
4282,1643.6575997154648,1881.9007799408578,loaded:unit_ball_P2_h008_N5000_slepc_eigs.txt,238.24318022539296,238.24318022539296,0.14494696478550975,0.14494696478550975
4283,1643.6575997154648,1881.920582384624,loaded:unit_ball_P2_h008_N5000_slepc_eigs.txt,238.2629826691591,238.2629826691591,0.14495901257683172,0.14495901257683172
4284,1643.6575997154648,1882.2080505251738,loaded:unit_ball_P2_h008_N5000_slepc_eigs.txt,238.550450809709,238.550450809709,0.14513390796903486,0.14513390796903486
4285,1643.6575997154648,1882.398568711106,loaded:unit_ball_P2_h008_N5000_slepc_eigs.txt,238.7409689956412,238.7409689956412,0.14524981908456475,0.14524981908456475
4286,1643.6575997154648,1882.5252043317614,loaded:unit_ball_P2_h008_N5000_slepc_eigs.txt,238.8676046162966,238.8676046162966,0.14532686409727136,0.14532686409727136
4287,1643.6575997154648,1882.599879744514,loaded:unit_ball_P2_h008_N5000_slepc_eigs.txt,238.94228002904924,238.94228002904924,0.14537229656006992,0.14537229656006992
4288,1643.6575997154648,1883.232421767066,loaded:unit_ball_P2_h008_N5000_slepc_eigs.txt,239.57482205160113,239.57482205160113,0.1457571346325866,0.1457571346325866
4289,1643.6575997154648,1883.387000310229,loaded:unit_ball_P2_h008_N5000_slepc_eigs.txt,239.72940059476423,239.72940059476423,0.14585118009752399,0.14585118009752399
4290,1643.6575997154648,1883.6408949059746,loaded:unit_ball_P2_h008_N5000_slepc_eigs.txt,239.9832951905098,239.9832951905098,0.1460056493712885,0.1460056493712885
4291,1643.6575997154648,1883.7617478090096,loaded:unit_ball_P2_h008_N5000_slepc_eigs.txt,240.10414809354484,240.10414809354484,0.14607917618311106,0.14607917618311106
4292,1643.6575997154648,1883.7886072093138,loaded:unit_ball_P2_h008_N5000_slepc_eigs.txt,240.13100749384898,240.13100749384898,0.1460955174212794,0.1460955174212794
4293,1643.6575997154648,1884.387742948931,loaded:unit_ball_P2_h008_N5000_slepc_eigs.txt,240.73014323346615,240.73014323346615,0.14646003113734832,0.14646003113734832
4294,1643.6575997154648,1884.489464216883,loaded:unit_ball_P2_h008_N5000_slepc_eigs.txt,240.8318645014183,240.8318645014183,0.1465219182773279,0.1465219182773279
4295,1643.6575997154648,1884.6323120158204,loaded:unit_ball_P2_h008_N5000_slepc_eigs.txt,240.97471230035558,240.97471230035558,0.1466088267666398,0.1466088267666398
4296,1643.6575997154648,1884.8715997964816,loaded:unit_ball_P2_h008_N5000_slepc_eigs.txt,241.21400008101682,241.21400008101682,0.14675440926551467,0.14675440926551467
4297,1643.6575997154648,1885.2144840901672,loaded:unit_ball_P2_h008_N5000_slepc_eigs.txt,241.55688437470235,241.55688437470235,0.14696301980200652,0.14696301980200652
4298,1643.6575997154648,1885.4241019693761,loaded:unit_ball_P2_h008_N5000_slepc_eigs.txt,241.7665022539113,241.7665022539113,0.14709055115600947,0.14709055115600947
4299,1643.6575997154648,1885.6717253802751,loaded:unit_ball_P2_h008_N5000_slepc_eigs.txt,242.0141256648103,242.0141256648103,0.147241205045811,0.147241205045811
4300,1643.6575997154648,1885.7911265319717,loaded:unit_ball_P2_h008_N5000_slepc_eigs.txt,242.1335268165069,242.1335268165069,0.14731384861325308,0.14731384861325308
4301,1647.0558838325194,1886.2286031308356,loaded:unit_ball_P2_h008_N5000_slepc_eigs.txt,239.17271929831622,239.17271929831622,0.14521226732258008,0.14521226732258008
4302,1647.0558838325194,1886.6533761433616,loaded:unit_ball_P2_h008_N5000_slepc_eigs.txt,239.5974923108422,239.5974923108422,0.1454701656833434,0.1454701656833434
4303,1647.0558838325194,1886.7815518552102,loaded:unit_ball_P2_h008_N5000_slepc_eigs.txt,239.7256680226908,239.7256680226908,0.14554798679014783,0.14554798679014783
4304,1647.0558838325194,1886.9591353156172,loaded:unit_ball_P2_h008_N5000_slepc_eigs.txt,239.90325148309785,239.90325148309785,0.14565580551211726,0.14565580551211726
4305,1647.0558838325194,1887.0973174723051,loaded:unit_ball_P2_h008_N5000_slepc_eigs.txt,240.04143363978574,240.04143363978574,0.14573970197127464,0.14573970197127464
4306,1647.0558838325194,1887.3827857067897,loaded:unit_ball_P2_h008_N5000_slepc_eigs.txt,240.32690187427033,240.32690187427033,0.145913022280128,0.145913022280128
4307,1647.0558838325194,1887.6277074199447,loaded:unit_ball_P2_h008_N5000_slepc_eigs.txt,240.57182358742534,240.57182358742534,0.14606172501423628,0.14606172501423628
4308,1647.0558838325194,1887.7803116308112,loaded:unit_ball_P2_h008_N5000_slepc_eigs.txt,240.7244277982918,240.7244277982918,0.14615437773620182,0.14615437773620182
4309,1647.0558838325194,1888.0035355812672,loaded:unit_ball_P2_h008_N5000_slepc_eigs.txt,240.94765174874783,240.94765174874783,0.14628990680515885,0.14628990680515885
4310,1647.0558838325194,1888.1531493040613,loaded:unit_ball_P2_h008_N5000_slepc_eigs.txt,241.09726547154196,241.09726547154196,0.1463807438704113,0.1463807438704113
4311,1647.0558838325194,1888.5059086557887,loaded:unit_ball_P2_h008_N5000_slepc_eigs.txt,241.45002482326936,241.45002482326936,0.14659491957336718,0.14659491957336718
4312,1647.0558838325194,1888.6927785068174,loaded:unit_ball_P2_h008_N5000_slepc_eigs.txt,241.636894674298,241.636894674298,0.14670837647113424,0.14670837647113424
4313,1647.0558838325194,1888.8444060378185,loaded:unit_ball_P2_h008_N5000_slepc_eigs.txt,241.78852220529916,241.78852220529916,0.1468004362078375,0.1468004362078375
4314,1647.0558838325194,1889.1620701850684,loaded:unit_ball_P2_h008_N5000_slepc_eigs.txt,242.106186352549,242.106186352549,0.14699330407004424,0.14699330407004424
4315,1647.0558838325194,1889.4310170591204,loaded:unit_ball_P2_h008_N5000_slepc_eigs.txt,242.37513322660106,242.37513322660106,0.1471565935350175,0.1471565935350175
4316,1647.0558838325194,1889.641073887962,loaded:unit_ball_P2_h008_N5000_slepc_eigs.txt,242.58519005544258,242.58519005544258,0.14728412826586873,0.14728412826586873
4317,1647.0558838325194,1889.8387979708182,loaded:unit_ball_P2_h008_N5000_slepc_eigs.txt,242.7829141382988,242.7829141382988,0.14740417524472177,0.14740417524472177
4318,1647.0558838325194,1890.1139271943641,loaded:unit_ball_P2_h008_N5000_slepc_eigs.txt,243.05804336184474,243.05804336184474,0.14757121828573005,0.14757121828573005
4319,1647.0558838325194,1890.1471233360594,loaded:unit_ball_P2_h008_N5000_slepc_eigs.txt,243.09123950354,243.09123950354,0.1475913731220177,0.1475913731220177
4320,1647.0558838325194,1890.5439031227352,loaded:unit_ball_P2_h008_N5000_slepc_eigs.txt,243.4880192902158,243.4880192902158,0.1478322755653231,0.1478322755653231
4321,1647.0558838325194,1890.7312288968499,loaded:unit_ball_P2_h008_N5000_slepc_eigs.txt,243.6753450643305,243.6753450643305,0.14794600927402932,0.14794600927402932
4322,1647.0558838325194,1891.130084242089,loaded:unit_ball_P2_h008_N5000_slepc_eigs.txt,244.07420040956958,244.07420040956958,0.1481881718801402,0.1481881718801402
4323,1647.0558838325194,1891.325892787558,loaded:unit_ball_P2_h008_N5000_slepc_eigs.txt,244.27000895503852,244.27000895503852,0.14830705585207518,0.14830705585207518
4324,1647.0558838325194,1891.584313078501,loaded:unit_ball_P2_h008_N5000_slepc_eigs.txt,244.52842924598167,244.52842924598167,0.14846395416589672,0.14846395416589672
4325,1647.0558838325194,1891.768588633031,loaded:unit_ball_P2_h008_N5000_slepc_eigs.txt,244.71270480051157,244.71270480051157,0.14857583595226398,0.14857583595226398
4326,1647.0558838325194,1891.961406643826,loaded:unit_ball_P2_h008_N5000_slepc_eigs.txt,244.90552281130658,244.90552281130658,0.14869290423919201,0.14869290423919201
4327,1647.0558838325194,1892.0881794251115,loaded:unit_ball_P2_h008_N5000_slepc_eigs.txt,245.03229559259216,245.03229559259216,0.14876987356520577,0.14876987356520577
4328,1647.0558838325194,1892.3297171116142,loaded:unit_ball_P2_h008_N5000_slepc_eigs.txt,245.2738332790948,245.2738332790948,0.1489165217080366,0.1489165217080366
4329,1647.0558838325194,1892.468604907513,loaded:unit_ball_P2_h008_N5000_slepc_eigs.txt,245.41272107499367,245.41272107499367,0.14900084659176532,0.14900084659176532
4330,1647.0558838325194,1892.7294094484537,loaded:unit_ball_P2_h008_N5000_slepc_eigs.txt,245.6735256159343,245.6735256159343,0.14915919248852613,0.14915919248852613
4331,1647.0558838325194,1892.9658948471417,loaded:unit_ball_P2_h008_N5000_slepc_eigs.txt,245.91001101462234,245.91001101462234,0.14930277316542326,0.14930277316542326
4332,1647.0558838325194,1893.5544434735884,loaded:unit_ball_P2_h008_N5000_slepc_eigs.txt,246.49855964106905,246.49855964106905,0.14966010689782655,0.14966010689782655
4333,1647.0558838325194,1893.8060013447216,loaded:unit_ball_P2_h008_N5000_slepc_eigs.txt,246.75011751220222,246.75011751220222,0.14981283873504134,0.14981283873504134
4334,1647.8882336179274,1893.916303187322,loaded:unit_ball_P2_h008_N5000_slepc_eigs.txt,246.02806956939457,246.02806956939457,0.14929900253565231,0.14929900253565231
4335,1647.8882336179274,1894.09316050127,loaded:unit_ball_P2_h008_N5000_slepc_eigs.txt,246.20492688334252,246.20492688334252,0.14940632614555496,0.14940632614555496
4336,1647.8882336179274,1894.2497558444477,loaded:unit_ball_P2_h008_N5000_slepc_eigs.txt,246.36152222652026,246.36152222652026,0.1495013540363931,0.1495013540363931
4337,1647.8882336179274,1894.6559285519545,loaded:unit_ball_P2_h008_N5000_slepc_eigs.txt,246.76769493402708,246.76769493402708,0.14974783477411588,0.14974783477411588
4338,1647.8882336179274,1894.9280463709742,loaded:unit_ball_P2_h008_N5000_slepc_eigs.txt,247.03981275304682,247.03981275304682,0.1499129660090312,0.1499129660090312
4339,1647.8882336179274,1895.1364566459329,loaded:unit_ball_P2_h008_N5000_slepc_eigs.txt,247.24822302800544,247.24822302800544,0.1500394371317123,0.1500394371317123
4340,1647.8882336179274,1895.4414540807543,loaded:unit_ball_P2_h008_N5000_slepc_eigs.txt,247.55322046282686,247.55322046282686,0.1502245209429801,0.1502245209429801
4341,1647.8882336179274,1895.7616096532865,loaded:unit_ball_P2_h008_N5000_slepc_eigs.txt,247.87337603535912,247.87337603535912,0.1504188032771827,0.1504188032771827
4342,1647.8882336179274,1895.8532734182713,loaded:unit_ball_P2_h008_N5000_slepc_eigs.txt,247.9650398003439,247.9650398003439,0.15047442826625343,0.15047442826625343
4343,1659.9733465478382,1896.0764548289965,loaded:unit_ball_P2_h008_N5000_slepc_eigs.txt,236.10310828115826,236.10310828115826,0.1422330718575511,0.1422330718575511
4344,1659.9733465478382,1896.1601642285289,loaded:unit_ball_P2_h008_N5000_slepc_eigs.txt,236.18681768069064,236.18681768069064,0.14228350001635648,0.14228350001635648
4345,1659.9733465478382,1896.4845074611076,loaded:unit_ball_P2_h008_N5000_slepc_eigs.txt,236.51116091326935,236.51116091326935,0.14247889064311156,0.14247889064311156
4346,1659.9733465478382,1896.7002481494508,loaded:unit_ball_P2_h008_N5000_slepc_eigs.txt,236.72690160161255,236.72690160161255,0.14260885699997616,0.14260885699997616
4347,1659.9733465478382,1896.7657194791548,loaded:unit_ball_P2_h008_N5000_slepc_eigs.txt,236.79237293131655,236.79237293131655,0.1426482981933183,0.1426482981933183
4348,1659.9733465478382,1897.1006804525134,loaded:unit_ball_P2_h008_N5000_slepc_eigs.txt,237.1273339046752,237.1273339046752,0.1428500851521603,0.1428500851521603
4349,1659.9733465478382,1897.2273677778617,loaded:unit_ball_P2_h008_N5000_slepc_eigs.txt,237.25402123002345,237.25402123002345,0.1429264040434315,0.1429264040434315
4350,1659.9733465478382,1897.4317252476258,loaded:unit_ball_P2_h008_N5000_slepc_eigs.txt,237.45837869978754,237.45837869978754,0.14304951292960072,0.14304951292960072
4351,1659.9733465478382,1897.6981416896672,loaded:unit_ball_P2_h008_N5000_slepc_eigs.txt,237.72479514182896,237.72479514182896,0.1432100073391016,0.1432100073391016
4352,1659.9733465478382,1898.247920554246,loaded:unit_ball_P2_h008_N5000_slepc_eigs.txt,238.27457400640787,238.27457400640787,0.14354120474400106,0.14354120474400106
4353,1659.9733465478382,1898.3548341680962,loaded:unit_ball_P2_h008_N5000_slepc_eigs.txt,238.38148762025799,238.38148762025799,0.14360561156961213,0.14360561156961213
4354,1659.9733465478382,1898.8603502903325,loaded:unit_ball_P2_h008_N5000_slepc_eigs.txt,238.88700374249424,238.88700374249424,0.1439101442437587,0.1439101442437587
4355,1659.9733465478382,1898.9361180514315,loaded:unit_ball_P2_h008_N5000_slepc_eigs.txt,238.96277150359333,238.96277150359333,0.14395578820620947,0.14395578820620947
4356,1659.9733465478382,1899.1474245963063,loaded:unit_ball_P2_h008_N5000_slepc_eigs.txt,239.17407804846812,239.17407804846812,0.1440830833494202,0.1440830833494202
4357,1659.9733465478382,1899.4484363792453,loaded:unit_ball_P2_h008_N5000_slepc_eigs.txt,239.4750898314071,239.4750898314071,0.14426441866035453,0.14426441866035453
4358,1659.9733465478382,1899.5824658309043,loaded:unit_ball_P2_h008_N5000_slepc_eigs.txt,239.6091192830661,239.6091192830661,0.1443451605903004,0.1443451605903004
4359,1659.9733465478382,1899.8307816871566,loaded:unit_ball_P2_h008_N5000_slepc_eigs.txt,239.85743513931834,239.85743513931834,0.14449475085737828,0.14449475085737828
4360,1659.9733465478382,1900.148327093666,loaded:unit_ball_P2_h008_N5000_slepc_eigs.txt,240.1749805458278,240.1749805458278,0.1446860463424352,0.1446860463424352
4361,1659.9733465478382,1900.2997144442365,loaded:unit_ball_P2_h008_N5000_slepc_eigs.txt,240.32636789639832,240.32636789639832,0.14477724500588687,0.14477724500588687
4362,1659.9733465478382,1900.4947419777309,loaded:unit_ball_P2_h008_N5000_slepc_eigs.txt,240.52139542989266,240.52139542989266,0.14489473335827513,0.14489473335827513
4363,1659.9733465478382,1900.6158140485877,loaded:unit_ball_P2_h008_N5000_slepc_eigs.txt,240.6424675007495,240.6424675007495,0.1449676695118035,0.1449676695118035
4364,1659.9733465478382,1900.8890380316234,loaded:unit_ball_P2_h008_N5000_slepc_eigs.txt,240.91569148378517,240.91569148378517,0.14513226491546097,0.14513226491546097
4365,1659.9733465478382,1901.1232478214781,loaded:unit_ball_P2_h008_N5000_slepc_eigs.txt,241.1499012736399,241.1499012736399,0.14527335741573624,0.14527335741573624
4366,1659.9733465478382,1901.3580056080625,loaded:unit_ball_P2_h008_N5000_slepc_eigs.txt,241.3846590602243,241.3846590602243,0.14541478003982392,0.14541478003982392
4367,1659.9733465478382,1901.5134047651125,loaded:unit_ball_P2_h008_N5000_slepc_eigs.txt,241.54005821727424,241.54005821727424,0.14550839549297148,0.14550839549297148
4368,1659.9733465478382,1901.5632813618383,loaded:unit_ball_P2_h008_N5000_slepc_eigs.txt,241.58993481400012,241.58993481400012,0.14553844211801495,0.14553844211801495
4369,1659.9733465478382,1901.7720222854841,loaded:unit_ball_P2_h008_N5000_slepc_eigs.txt,241.7986757376459,241.7986757376459,0.14566419168145214,0.14566419168145214
4370,1659.9733465478382,1902.1297738495243,loaded:unit_ball_P2_h008_N5000_slepc_eigs.txt,242.1564273016861,242.1564273016861,0.14587970813223386,0.14587970813223386
4371,1659.9733465478382,1902.2588872983824,loaded:unit_ball_P2_h008_N5000_slepc_eigs.txt,242.28554075054421,242.28554075054421,0.14595748856715868,0.14595748856715868
4372,1659.9733465478382,1902.4397747109679,loaded:unit_ball_P2_h008_N5000_slepc_eigs.txt,242.46642816312965,242.46642816312965,0.14606645863764903,0.14606645863764903
4373,1659.9733465478382,1902.5699379679054,loaded:unit_ball_P2_h008_N5000_slepc_eigs.txt,242.59659142006717,242.59659142006717,0.14614487149723393,0.14614487149723393
4374,1659.9733465478382,1902.9341988445906,loaded:unit_ball_P2_h008_N5000_slepc_eigs.txt,242.96085229675236,242.96085229675236,0.14636430928365546,0.14636430928365546
4375,1659.9733465478382,1903.216739748362,loaded:unit_ball_P2_h008_N5000_slepc_eigs.txt,243.24339320052377,243.24339320052377,0.14653451738028483,0.14653451738028483
4376,1659.9733465478382,1903.406104645155,loaded:unit_ball_P2_h008_N5000_slepc_eigs.txt,243.43275809731676,243.43275809731676,0.14664859445097203,0.14664859445097203
4377,1659.9733465478382,1903.5748644657467,loaded:unit_ball_P2_h008_N5000_slepc_eigs.txt,243.6015179179085,243.6015179179085,0.14675025862584729,0.14675025862584729
4378,1659.9733465478382,1903.7257404634788,loaded:unit_ball_P2_h008_N5000_slepc_eigs.txt,243.7523939156406,243.7523939156406,0.14684114924047426,0.14684114924047426
4379,1659.9733465478382,1903.9094651016853,loaded:unit_ball_P2_h008_N5000_slepc_eigs.txt,243.9361185538471,243.9361185538471,0.14695182851046892,0.14695182851046892
4380,1659.9733465478382,1904.122212004125,loaded:unit_ball_P2_h008_N5000_slepc_eigs.txt,244.14886545628679,244.14886545628679,0.14707999135289174,0.14707999135289174
4381,1659.9733465478382,1904.4305765544118,loaded:unit_ball_P2_h008_N5000_slepc_eigs.txt,244.45723000657358,244.45723000657358,0.147265756112867,0.147265756112867
4382,1659.9733465478382,1904.5912213299644,loaded:unit_ball_P2_h008_N5000_slepc_eigs.txt,244.61787478212614,244.61787478212614,0.14736253162789958,0.14736253162789958
4383,1659.9733465478382,1905.020280428515,loaded:unit_ball_P2_h008_N5000_slepc_eigs.txt,245.04693388067676,245.04693388067676,0.1476210051145028,0.1476210051145028
4384,1659.9733465478382,1905.1540425890603,loaded:unit_ball_P2_h008_N5000_slepc_eigs.txt,245.18069604122206,245.18069604122206,0.14770158602312009,0.14770158602312009
4385,1659.9733465478382,1905.5038926684865,loaded:unit_ball_P2_h008_N5000_slepc_eigs.txt,245.5305461206483,245.5305461206483,0.14791234246698337,0.14791234246698337
4386,1659.9733465478382,1905.827541359946,loaded:unit_ball_P2_h008_N5000_slepc_eigs.txt,245.85419481210783,245.85419481210783,0.14810731468875585,0.14810731468875585
4387,1659.9733465478382,1905.966597538582,loaded:unit_ball_P2_h008_N5000_slepc_eigs.txt,245.99325099074372,245.99325099074372,0.14819108481610463,0.14819108481610463
4388,1661.957732395997,1906.0550125231528,loaded:unit_ball_P2_h008_N5000_slepc_eigs.txt,244.09728012715573,244.09728012715573,0.14687333821375087,0.14687333821375087
4389,1661.957732395997,1906.2180925874625,loaded:unit_ball_P2_h008_N5000_slepc_eigs.txt,244.26036019146545,244.26036019146545,0.14697146349162699,0.14697146349162699
4390,1661.957732395997,1906.3730311456059,loaded:unit_ball_P2_h008_N5000_slepc_eigs.txt,244.41529874960884,244.41529874960884,0.14706469002508402,0.14706469002508402
4391,1661.957732395997,1906.702347841437,loaded:unit_ball_P2_h008_N5000_slepc_eigs.txt,244.74461544543988,244.74461544543988,0.14726283988738903,0.14726283988738903
4392,1661.957732395997,1906.9263537737554,loaded:unit_ball_P2_h008_N5000_slepc_eigs.txt,244.96862137775838,244.96862137775838,0.14739762426123443,0.14739762426123443
4393,1663.232460869633,1907.0295525180757,loaded:unit_ball_P2_h008_N5000_slepc_eigs.txt,243.79709164844257,243.79709164844257,0.14658028711210427,0.14658028711210427
4394,1663.232460869633,1907.4443707453715,loaded:unit_ball_P2_h008_N5000_slepc_eigs.txt,244.21190987573846,244.21190987573846,0.1468296919530121,0.1468296919530121
4395,1663.232460869633,1907.7185164224452,loaded:unit_ball_P2_h008_N5000_slepc_eigs.txt,244.4860555528121,244.4860555528121,0.14699451898923427,0.14699451898923427
4396,1663.232460869633,1907.7705925964074,loaded:unit_ball_P2_h008_N5000_slepc_eigs.txt,244.53813172677428,244.53813172677428,0.1470258292090546,0.1470258292090546
4397,1663.232460869633,1908.1012092345877,loaded:unit_ball_P2_h008_N5000_slepc_eigs.txt,244.86874836495463,244.86874836495463,0.14722460878193974,0.14722460878193974
4398,1663.232460869633,1908.215548268724,loaded:unit_ball_P2_h008_N5000_slepc_eigs.txt,244.9830873990909,244.9830873990909,0.14729335385325495,0.14729335385325495
4399,1663.232460869633,1908.3309313447057,loaded:unit_ball_P2_h008_N5000_slepc_eigs.txt,245.09847047507265,245.09847047507265,0.14736272664310623,0.14736272664310623
4400,1663.232460869633,1908.5782572502692,loaded:unit_ball_P2_h008_N5000_slepc_eigs.txt,245.3457963806361,245.3457963806361,0.14751142859029776,0.14751142859029776
4401,1663.232460869633,1908.6112172410415,loaded:unit_ball_P2_h008_N5000_slepc_eigs.txt,245.37875637140837,245.37875637140837,0.14753124541779947,0.14753124541779947
4402,1663.232460869633,1909.079482405427,loaded:unit_ball_P2_h008_N5000_slepc_eigs.txt,245.84702153579383,245.84702153579383,0.147812784634597,0.147812784634597
4403,1663.232460869633,1909.129442850457,loaded:unit_ball_P2_h008_N5000_slepc_eigs.txt,245.89698198082397,245.89698198082397,0.1478428227959518,0.1478428227959518
4404,1663.232460869633,1909.546879369028,loaded:unit_ball_P2_h008_N5000_slepc_eigs.txt,246.31441849939483,246.31441849939483,0.1480938018553387,0.1480938018553387
4405,1663.232460869633,1909.6941722821477,loaded:unit_ball_P2_h008_N5000_slepc_eigs.txt,246.46171141251466,246.46171141251466,0.1481823600795107,0.1481823600795107
4406,1663.232460869633,1909.808415515756,loaded:unit_ball_P2_h008_N5000_slepc_eigs.txt,246.5759546461229,246.5759546461229,0.148251047551825,0.148251047551825
4407,1663.232460869633,1910.1128585292195,loaded:unit_ball_P2_h008_N5000_slepc_eigs.txt,246.88039765958638,246.88039765958638,0.14843409052424528,0.14843409052424528
4408,1663.232460869633,1910.5471092098458,loaded:unit_ball_P2_h008_N5000_slepc_eigs.txt,247.31464834021267,247.31464834021267,0.14869517891137263,0.14869517891137263
4409,1663.232460869633,1910.6659772442974,loaded:unit_ball_P2_h008_N5000_slepc_eigs.txt,247.43351637466435,247.43351637466435,0.14876664699370523,0.14876664699370523
4410,1663.232460869633,1910.7548102331475,loaded:unit_ball_P2_h008_N5000_slepc_eigs.txt,247.52234936351442,247.52234936351442,0.148820056839256,0.148820056839256
4411,1663.232460869633,1911.0107151925047,loaded:unit_ball_P2_h008_N5000_slepc_eigs.txt,247.7782543228716,247.7782543228716,0.14897391684702868,0.14897391684702868
4412,1663.232460869633,1911.3377342607255,loaded:unit_ball_P2_h008_N5000_slepc_eigs.txt,248.1052733910924,248.1052733910924,0.1491705334210281,0.1491705334210281
4413,1663.232460869633,1911.5272855587914,loaded:unit_ball_P2_h008_N5000_slepc_eigs.txt,248.2948246891583,248.2948246891583,0.1492844990286779,0.1492844990286779
4414,1663.232460869633,1911.7931908098024,loaded:unit_ball_P2_h008_N5000_slepc_eigs.txt,248.56072994016927,248.56072994016927,0.1494443716004722,0.1494443716004722
4415,1663.232460869633,1911.9324814821089,loaded:unit_ball_P2_h008_N5000_slepc_eigs.txt,248.70002061247578,248.70002061247578,0.1495281185664457,0.1495281185664457
4416,1664.9067436633773,1912.1031986744051,loaded:unit_ball_P2_h008_N5000_slepc_eigs.txt,247.19645501102787,247.19645501102787,0.1484746553834656,0.1484746553834656
4417,1664.9067436633773,1912.2565477991277,loaded:unit_ball_P2_h008_N5000_slepc_eigs.txt,247.34980413575045,247.34980413575045,0.1485667621187565,0.1485667621187565
4418,1664.9067436633773,1912.4696431885711,loaded:unit_ball_P2_h008_N5000_slepc_eigs.txt,247.56289952519387,247.56289952519387,0.14869475450647096,0.14869475450647096
4419,1664.9067436633773,1912.809328275516,loaded:unit_ball_P2_h008_N5000_slepc_eigs.txt,247.90258461213875,247.90258461213875,0.1488987810011907,0.1488987810011907
4420,1664.9067436633773,1913.081227775221,loaded:unit_ball_P2_h008_N5000_slepc_eigs.txt,248.17448411184364,248.17448411184364,0.14906209315109922,0.14906209315109922
4421,1664.9067436633773,1913.509787669114,loaded:unit_ball_P2_h008_N5000_slepc_eigs.txt,248.60304400573682,248.60304400573682,0.14931950089812426,0.14931950089812426
4422,1664.9067436633773,1913.5380371650003,loaded:unit_ball_P2_h008_N5000_slepc_eigs.txt,248.63129350162308,248.63129350162308,0.14933646851267313,0.14933646851267313
4423,1664.9067436633773,1913.6632686791925,loaded:unit_ball_P2_h008_N5000_slepc_eigs.txt,248.7565250158152,248.7565250158152,0.14941168684827585,0.14941168684827585
4424,1664.9067436633773,1913.7679713530902,loaded:unit_ball_P2_h008_N5000_slepc_eigs.txt,248.8612276897129,248.8612276897129,0.14947457485944898,0.14947457485944898
4425,1664.9067436633773,1913.965627337567,loaded:unit_ball_P2_h008_N5000_slepc_eigs.txt,249.0588836741897,249.0588836741897,0.14959329381186423,0.14959329381186423
4426,1664.9067436633773,1914.2616422976323,loaded:unit_ball_P2_h008_N5000_slepc_eigs.txt,249.35489863425505,249.35489863425505,0.14977109053302712,0.14977109053302712
4427,1664.9067436633773,1914.39953852493,loaded:unit_ball_P2_h008_N5000_slepc_eigs.txt,249.49279486155274,249.49279486155274,0.1498539157289863,0.1498539157289863
4428,1664.9067436633773,1914.6381495086282,loaded:unit_ball_P2_h008_N5000_slepc_eigs.txt,249.73140584525095,249.73140584525095,0.14999723365631548,0.14999723365631548
4429,1664.9067436633773,1915.116910780088,loaded:unit_ball_P2_h008_N5000_slepc_eigs.txt,250.21016711671064,250.21016711671064,0.1502847940697031,0.1502847940697031
4430,1664.9067436633773,1915.327184006973,loaded:unit_ball_P2_h008_N5000_slepc_eigs.txt,250.42044034359583,250.42044034359583,0.1504110913699486,0.1504110913699486
4431,1664.9067436633773,1915.4389701802013,loaded:unit_ball_P2_h008_N5000_slepc_eigs.txt,250.53222651682404,250.53222651682404,0.1504782339733729,0.1504782339733729
4432,1664.9067436633773,1915.7400313911946,loaded:unit_ball_P2_h008_N5000_slepc_eigs.txt,250.83328772781738,250.83328772781738,0.15065906164563692,0.15065906164563692
4433,1664.9067436633773,1916.0250552706339,loaded:unit_ball_P2_h008_N5000_slepc_eigs.txt,251.1183116072566,251.1183116072566,0.15083025674741907,0.15083025674741907
4434,1664.9067436633773,1916.3623041891685,loaded:unit_ball_P2_h008_N5000_slepc_eigs.txt,251.45556052579127,251.45556052579127,0.15103281999597232,0.15103281999597232
4435,1664.9067436633773,1916.4383852647127,loaded:unit_ball_P2_h008_N5000_slepc_eigs.txt,251.53164160133542,251.53164160133542,0.1510785168951132,0.1510785168951132
4436,1664.9067436633773,1916.6200287326205,loaded:unit_ball_P2_h008_N5000_slepc_eigs.txt,251.71328506924328,251.71328506924328,0.15118761818177637,0.15118761818177637
4437,1664.9067436633773,1916.6869704695212,loaded:unit_ball_P2_h008_N5000_slepc_eigs.txt,251.7802268061439,251.7802268061439,0.1512278256811786,0.1512278256811786
4438,1664.9067436633773,1917.0929786392123,loaded:unit_ball_P2_h008_N5000_slepc_eigs.txt,252.18623497583508,252.18623497583508,0.15147168809043152,0.15147168809043152
4439,1664.9067436633773,1917.1599790801174,loaded:unit_ball_P2_h008_N5000_slepc_eigs.txt,252.25323541674015,252.25323541674015,0.15151193084946896,0.15151193084946896
4440,1664.9067436633773,1917.7029011597006,loaded:unit_ball_P2_h008_N5000_slepc_eigs.txt,252.7961574963233,252.7961574963233,0.15183802844121067,0.15183802844121067
4441,1664.9067436633773,1917.9075286364437,loaded:unit_ball_P2_h008_N5000_slepc_eigs.txt,253.0007849730664,253.0007849730664,0.15196093471059896,0.15196093471059896
4442,1664.9067436633773,1918.0614314298032,loaded:unit_ball_P2_h008_N5000_slepc_eigs.txt,253.15468776642592,253.15468776642592,0.1520533739982319,0.1520533739982319
4443,1664.9067436633773,1918.32592298555,loaded:unit_ball_P2_h008_N5000_slepc_eigs.txt,253.4191793221728,253.4191793221728,0.15221223668333636,0.15221223668333636
4444,1664.9067436633773,1918.6544243948483,loaded:unit_ball_P2_h008_N5000_slepc_eigs.txt,253.74768073147106,253.74768073147106,0.1524095458783099,0.1524095458783099
4445,1664.9067436633773,1918.6985340537617,loaded:unit_ball_P2_h008_N5000_slepc_eigs.txt,253.79179039038445,253.79179039038445,0.15243603964985675,0.15243603964985675
4446,1664.9067436633773,1918.974493605102,loaded:unit_ball_P2_h008_N5000_slepc_eigs.txt,254.06774994172474,254.06774994172474,0.15260179040580182,0.15260179040580182
4447,1664.9067436633773,1919.1358600335984,loaded:unit_ball_P2_h008_N5000_slepc_eigs.txt,254.22911637022116,254.22911637022116,0.15269871260826787,0.15269871260826787
4448,1664.9067436633773,1919.4089104747836,loaded:unit_ball_P2_h008_N5000_slepc_eigs.txt,254.50216681140637,254.50216681140637,0.15286271605304005,0.15286271605304005
4449,1664.9067436633773,1919.7161925844746,loaded:unit_ball_P2_h008_N5000_slepc_eigs.txt,254.80944892109733,254.80944892109733,0.15304728021007796,0.15304728021007796
4450,1664.9067436633773,1919.8910570557316,loaded:unit_ball_P2_h008_N5000_slepc_eigs.txt,254.98431339235435,254.98431339235435,0.15315230979922614,0.15315230979922614
4451,1664.9067436633773,1920.2609122191566,loaded:unit_ball_P2_h008_N5000_slepc_eigs.txt,255.35416855577932,255.35416855577932,0.15337445747496392,0.15337445747496392
4452,1664.9067436633773,1920.6169702735917,loaded:unit_ball_P2_h008_N5000_slepc_eigs.txt,255.71022661021448,255.71022661021448,0.15358831813460166,0.15358831813460166
4453,1664.9067436633773,1920.6666383147262,loaded:unit_ball_P2_h008_N5000_slepc_eigs.txt,255.759894651349,255.759894651349,0.15361815046084068,0.15361815046084068
4454,1664.9067436633773,1921.1892188623933,loaded:unit_ball_P2_h008_N5000_slepc_eigs.txt,256.28247519901606,256.28247519901606,0.15393203023197863,0.15393203023197863
4455,1667.9631437841017,1921.5434172670377,loaded:unit_ball_P2_h008_N5000_slepc_eigs.txt,253.58027348293604,253.58027348293604,0.1520299021162059,0.1520299021162059
4456,1669.398299853278,1921.5780932205068,loaded:unit_ball_P2_h008_N5000_slepc_eigs.txt,252.17979336722874,252.17979336722874,0.1510602912375031,0.1510602912375031
4457,1669.398299853278,1921.7590770504576,loaded:unit_ball_P2_h008_N5000_slepc_eigs.txt,252.36077719717946,252.36077719717946,0.15116870384938047,0.15116870384938047
4458,1669.398299853278,1921.990610183858,loaded:unit_ball_P2_h008_N5000_slepc_eigs.txt,252.59231033057995,252.59231033057995,0.15130739641509164,0.15130739641509164
4459,1669.398299853278,1922.0450452996433,loaded:unit_ball_P2_h008_N5000_slepc_eigs.txt,252.64674544636523,252.64674544636523,0.15134000404131842,0.15134000404131842
4460,1669.398299853278,1922.6460626064913,loaded:unit_ball_P2_h008_N5000_slepc_eigs.txt,253.24776275321324,253.24776275321324,0.15170002435935806,0.15170002435935806
4461,1669.398299853278,1922.8526284317984,loaded:unit_ball_P2_h008_N5000_slepc_eigs.txt,253.4543285785203,253.4543285785203,0.1518237610525877,0.1518237610525877
4462,1669.398299853278,1923.0384042758913,loaded:unit_ball_P2_h008_N5000_slepc_eigs.txt,253.64010442261315,253.64010442261315,0.15193504416825232,0.15193504416825232
4463,1669.398299853278,1923.1306309147417,loaded:unit_ball_P2_h008_N5000_slepc_eigs.txt,253.73233106146358,253.73233106146358,0.15199028960540087,0.15199028960540087
4464,1669.398299853278,1923.1894091834113,loaded:unit_ball_P2_h008_N5000_slepc_eigs.txt,253.79110933013317,253.79110933013317,0.1520254988593427,0.1520254988593427
4465,1669.398299853278,1923.3657103058952,loaded:unit_ball_P2_h008_N5000_slepc_eigs.txt,253.96741045261706,253.96741045261706,0.15213110644412303,0.15213110644412303
4466,1669.398299853278,1923.4926556176247,loaded:unit_ball_P2_h008_N5000_slepc_eigs.txt,254.09435576434657,254.09435576434657,0.15220714899894094,0.15220714899894094
4467,1669.398299853278,1923.8566319625415,loaded:unit_ball_P2_h008_N5000_slepc_eigs.txt,254.45833210926344,254.45833210926344,0.1524251774616205,0.1524251774616205
4468,1669.398299853278,1924.1340068398176,loaded:unit_ball_P2_h008_N5000_slepc_eigs.txt,254.73570698653953,254.73570698653953,0.15259133006720327,0.15259133006720327
4469,1669.398299853278,1924.653658273651,loaded:unit_ball_P2_h008_N5000_slepc_eigs.txt,255.2553584203729,255.2553584203729,0.15290261074472583,0.15290261074472583
4470,1669.398299853278,1925.04730961814,loaded:unit_ball_P2_h008_N5000_slepc_eigs.txt,255.64900976486183,255.64900976486183,0.15313841507286224,0.15313841507286224
4471,1669.398299853278,1925.306660385723,loaded:unit_ball_P2_h008_N5000_slepc_eigs.txt,255.90836053244493,255.90836053244493,0.15329377090831858,0.15329377090831858
4472,1669.398299853278,1925.6433426966707,loaded:unit_ball_P2_h008_N5000_slepc_eigs.txt,256.24504284339264,256.24504284339264,0.1534954497473214,0.1534954497473214
4473,1669.398299853278,1926.1528931628802,loaded:unit_ball_P2_h008_N5000_slepc_eigs.txt,256.7545933096021,256.7545933096021,0.15380067976118583,0.15380067976118583
4474,1669.398299853278,1926.1996228629857,loaded:unit_ball_P2_h008_N5000_slepc_eigs.txt,256.80132300970763,256.80132300970763,0.15382867170301878,0.15382867170301878
4475,1669.398299853278,1926.4801102323934,loaded:unit_ball_P2_h008_N5000_slepc_eigs.txt,257.08181037911527,257.08181037911527,0.1539966887481016,0.1539966887481016
4476,1669.398299853278,1926.618197625561,loaded:unit_ball_P2_h008_N5000_slepc_eigs.txt,257.2198977722828,257.2198977722828,0.15407940561272265,0.15407940561272265
4477,1669.398299853278,1926.673347600762,loaded:unit_ball_P2_h008_N5000_slepc_eigs.txt,257.275047747484,257.275047747484,0.15411244145276515,0.15411244145276515
4478,1669.398299853278,1926.7744146908751,loaded:unit_ball_P2_h008_N5000_slepc_eigs.txt,257.376114837597,257.376114837597,0.15417298248130334,0.15417298248130334
4479,1669.398299853278,1927.0924603845533,loaded:unit_ball_P2_h008_N5000_slepc_eigs.txt,257.6941605312752,257.6941605312752,0.15436349764698076,0.15436349764698076
4480,1669.398299853278,1927.4053367200775,loaded:unit_ball_P2_h008_N5000_slepc_eigs.txt,258.00703686679935,258.00703686679935,0.15455091627293222,0.15455091627293222
4481,1669.398299853278,1927.8401922271644,loaded:unit_ball_P2_h008_N5000_slepc_eigs.txt,258.4418923738863,258.4418923738863,0.15481140264525278,0.15481140264525278
4482,1669.398299853278,1928.0315277045968,loaded:unit_ball_P2_h008_N5000_slepc_eigs.txt,258.6332278513187,258.6332278513187,0.1549260160825908,0.1549260160825908
4483,1669.398299853278,1928.5174718927685,loaded:unit_ball_P2_h008_N5000_slepc_eigs.txt,259.1191720394904,259.1191720394904,0.15521710550577664,0.15521710550577664
4484,1669.398299853278,1928.8282414167713,loaded:unit_ball_P2_h008_N5000_slepc_eigs.txt,259.42994156349323,259.42994156349323,0.1554032621132382,0.1554032621132382
4485,1669.398299853278,1929.295234110328,loaded:unit_ball_P2_h008_N5000_slepc_eigs.txt,259.8969342570499,259.8969342570499,0.15568299924583126,0.15568299924583126
4486,1669.398299853278,1929.3429649909235,loaded:unit_ball_P2_h008_N5000_slepc_eigs.txt,259.9446651376454,259.9446651376454,0.15571159091302042,0.15571159091302042
4487,1669.398299853278,1929.8317296765033,loaded:unit_ball_P2_h008_N5000_slepc_eigs.txt,260.4334298232252,260.4334298232252,0.15600436986554644,0.15600436986554644
4488,1669.398299853278,1930.1472540853129,loaded:unit_ball_P2_h008_N5000_slepc_eigs.txt,260.74895423203475,260.74895423203475,0.15619337473564682,0.15619337473564682
4489,1669.398299853278,1930.5380163932064,loaded:unit_ball_P2_h008_N5000_slepc_eigs.txt,261.13971653992826,261.13971653992826,0.15642744847822093,0.15642744847822093
4490,1669.398299853278,1930.5877032263902,loaded:unit_ball_P2_h008_N5000_slepc_eigs.txt,261.1894033731121,261.1894033731121,0.1564572117966502,0.1564572117966502
4491,1669.398299853278,1930.7642536443398,loaded:unit_ball_P2_h008_N5000_slepc_eigs.txt,261.36595379106166,261.36595379106166,0.15656296871395692,0.15656296871395692
4492,1669.398299853278,1931.1027241114564,loaded:unit_ball_P2_h008_N5000_slepc_eigs.txt,261.7044242581783,261.7044242581783,0.1567657186910872,0.1567657186910872
4493,1669.398299853278,1931.1914094866213,loaded:unit_ball_P2_h008_N5000_slepc_eigs.txt,261.7931096333432,261.7931096333432,0.15681884284676217,0.15681884284676217
4494,1669.398299853278,1931.7499381206985,loaded:unit_ball_P2_h008_N5000_slepc_eigs.txt,262.3516382674204,262.3516382674204,0.15715341167561886,0.15715341167561886
4495,1669.398299853278,1931.9080302408431,loaded:unit_ball_P2_h008_N5000_slepc_eigs.txt,262.509730387565,262.509730387565,0.15724811173620865,0.15724811173620865
4496,1669.398299853278,1932.258694812234,loaded:unit_ball_P2_h008_N5000_slepc_eigs.txt,262.8603949589558,262.8603949589558,0.15745816620399,0.15745816620399
4497,1669.398299853278,1932.816693352883,loaded:unit_ball_P2_h008_N5000_slepc_eigs.txt,263.4183934996049,263.4183934996049,0.1577924174972243,0.1577924174972243
4498,1669.398299853278,1932.9333257707954,loaded:unit_ball_P2_h008_N5000_slepc_eigs.txt,263.53502591751726,263.53502591751726,0.15786228244073275,0.15786228244073275
4499,1669.398299853278,1933.1729956175486,loaded:unit_ball_P2_h008_N5000_slepc_eigs.txt,263.7746957642705,263.7746957642705,0.15800584904600265,0.15800584904600265
4500,1669.398299853278,1933.424876450863,loaded:unit_ball_P2_h008_N5000_slepc_eigs.txt,264.02657659758484,264.02657659758484,0.15815673025472105,0.15815673025472105
4501,1669.398299853278,1934.0031813040318,loaded:unit_ball_P2_h008_N5000_slepc_eigs.txt,264.60488145075374,264.60488145075374,0.15850314539915947,0.15850314539915947
4502,1669.398299853278,1934.6233534061416,loaded:unit_ball_P2_h008_N5000_slepc_eigs.txt,265.2250535528635,265.2250535528635,0.15887463978858365,0.15887463978858365
4503,1669.398299853278,1934.8725341690888,loaded:unit_ball_P2_h008_N5000_slepc_eigs.txt,265.4742343158107,265.4742343158107,0.1590239036059537,0.1590239036059537
4504,1669.398299853278,1934.9676674786058,loaded:unit_ball_P2_h008_N5000_slepc_eigs.txt,265.5693676253277,265.5693676253277,0.15908089019179444,0.15908089019179444
4505,1669.398299853278,1935.0405882746738,loaded:unit_ball_P2_h008_N5000_slepc_eigs.txt,265.64228842139573,265.64228842139573,0.15912457107734135,0.15912457107734135
4506,1669.398299853278,1935.8545213773107,loaded:unit_ball_P2_h008_N5000_slepc_eigs.txt,266.45622152403257,266.45622152403257,0.1596121318366331,0.1596121318366331
4507,1669.398299853278,1936.0563192425766,loaded:unit_ball_P2_h008_N5000_slepc_eigs.txt,266.6580193892985,266.6580193892985,0.1597330124349203,0.1597330124349203
4508,1669.398299853278,1936.215052998553,loaded:unit_ball_P2_h008_N5000_slepc_eigs.txt,266.8167531452748,266.8167531452748,0.15982809684706464,0.15982809684706464
4509,1669.398299853278,1936.5616235541577,loaded:unit_ball_P2_h008_N5000_slepc_eigs.txt,267.1633237008796,267.1633237008796,0.16003569892479244,0.16003569892479244
4510,1669.398299853278,1937.165380145625,loaded:unit_ball_P2_h008_N5000_slepc_eigs.txt,267.7670802923469,267.7670802923469,0.16039736012423203,0.16039736012423203
4511,1669.398299853278,1937.6493375563634,loaded:unit_ball_P2_h008_N5000_slepc_eigs.txt,268.25103770308533,268.25103770308533,0.16068725943153392,0.16068725943153392
4512,1669.398299853278,1938.093081267674,loaded:unit_ball_P2_h008_N5000_slepc_eigs.txt,268.69478141439595,268.69478141439595,0.16095307000013795,0.16095307000013795
4513,1669.398299853278,1938.2636092108514,loaded:unit_ball_P2_h008_N5000_slepc_eigs.txt,268.8653093575733,268.8653093575733,0.1610552193453196,0.1610552193453196
4514,1669.398299853278,1938.9061821281211,loaded:unit_ball_P2_h008_N5000_slepc_eigs.txt,269.50788227484304,269.50788227484304,0.16144013223119363,0.16144013223119363
4515,1669.398299853278,1939.0498971152622,loaded:unit_ball_P2_h008_N5000_slepc_eigs.txt,269.6515972619841,269.6515972619841,0.16152622012714613,0.16152622012714613
4516,1669.398299853278,1939.9884974151043,loaded:unit_ball_P2_h008_N5000_slepc_eigs.txt,270.59019756182624,270.59019756182624,0.16208845880914588,0.16208845880914588
4517,1669.398299853278,1940.091366490268,loaded:unit_ball_P2_h008_N5000_slepc_eigs.txt,270.6930666369899,270.6930666369899,0.16215007925956368,0.16215007925956368
4518,1669.398299853278,1940.7615605078736,loaded:unit_ball_P2_h008_N5000_slepc_eigs.txt,271.3632606545955,271.3632606545955,0.16255153768782762,0.16255153768782762
4519,1669.398299853278,1941.3435746804369,loaded:unit_ball_P2_h008_N5000_slepc_eigs.txt,271.94527482715876,271.94527482715876,0.1629001747821714,0.1629001747821714
4520,1669.398299853278,1941.5201079864962,loaded:unit_ball_P2_h008_N5000_slepc_eigs.txt,272.1218081332181,272.1218081332181,0.16300592144914408,0.16300592144914408
4521,1669.398299853278,1942.0999013979413,loaded:unit_ball_P2_h008_N5000_slepc_eigs.txt,272.70160154466316,272.70160154466316,0.16335322826711315,0.16335322826711315
4522,1669.398299853278,1943.0633402280762,loaded:unit_ball_P2_h008_N5000_slepc_eigs.txt,273.6650403747981,273.6650403747981,0.16393034568134535,0.16393034568134535
4523,1669.398299853278,1943.622148608072,loaded:unit_ball_P2_h008_N5000_slepc_eigs.txt,274.22384875479383,274.22384875479383,0.1642650820831045,0.1642650820831045
4524,1669.398299853278,1944.9373895173114,loaded:unit_ball_P2_h008_N5000_slepc_eigs.txt,275.5390896640333,275.5390896640333,0.1650529353529653,0.1650529353529653
4525,1707.1659425613566,1950.9982067776987,loaded:unit_ball_P2_h008_N5000_slepc_eigs.txt,243.83226421634208,243.83226421634208,0.14282868357279135,0.14282868357279135
4526,1707.1659425613566,1954.116585988612,loaded:unit_ball_P2_h008_N5000_slepc_eigs.txt,246.9506434272555,246.9506434272555,0.14465532451797958,0.14465532451797958
4527,1707.1659425613566,1956.773126940381,loaded:unit_ball_P2_h008_N5000_slepc_eigs.txt,249.60718437902437,249.60718437902437,0.14621143625002544,0.14621143625002544
4528,1707.1659425613566,1957.066355088362,loaded:unit_ball_P2_h008_N5000_slepc_eigs.txt,249.9004125270053,249.9004125270053,0.1463831993696323,0.1463831993696323
4529,1707.1659425613566,1957.8272708978002,loaded:unit_ball_P2_h008_N5000_slepc_eigs.txt,250.6613283364436,250.6613283364436,0.14682891808418014,0.14682891808418014
4530,1707.1659425613566,1959.0697591454045,loaded:unit_ball_P2_h008_N5000_slepc_eigs.txt,251.90381658404795,251.90381658404795,0.14755672562568964,0.14755672562568964
4531,1707.1659425613566,1961.170939448375,loaded:unit_ball_P2_h008_N5000_slepc_eigs.txt,254.00499688701848,254.00499688701848,0.14878752589564936,0.14878752589564936
4532,1707.1659425613566,1961.9814772883706,loaded:unit_ball_P2_h008_N5000_slepc_eigs.txt,254.81553472701398,254.81553472701398,0.14926231151536445,0.14926231151536445
4533,1707.1659425613566,1963.0236427407847,loaded:unit_ball_P2_h008_N5000_slepc_eigs.txt,255.8577001794281,255.8577001794281,0.14987277674691102,0.14987277674691102
4534,1707.1659425613566,1964.685891771578,loaded:unit_ball_P2_h008_N5000_slepc_eigs.txt,257.5199492102215,257.5199492102215,0.15084646594100273,0.15084646594100273
4535,1707.1659425613566,1965.5279964991962,loaded:unit_ball_P2_h008_N5000_slepc_eigs.txt,258.3620539378396,258.3620539378396,0.1513397423745489,0.1513397423745489
4536,1707.1659425613566,1966.2667071719195,loaded:unit_ball_P2_h008_N5000_slepc_eigs.txt,259.1007646105629,259.1007646105629,0.1517724540719337,0.1517724540719337
4537,1707.1659425613566,1966.6201878488912,loaded:unit_ball_P2_h008_N5000_slepc_eigs.txt,259.4542452875346,259.4542452875346,0.15197951108271343,0.15197951108271343
4538,1707.1659425613566,1967.487618346354,loaded:unit_ball_P2_h008_N5000_slepc_eigs.txt,260.3216757849975,260.3216757849975,0.15248762249463713,0.15248762249463713
4539,1707.1659425613566,1969.050948518017,loaded:unit_ball_P2_h008_N5000_slepc_eigs.txt,261.8850059566605,261.8850059566605,0.15340336837070437,0.15340336837070437
4540,1707.1659425613566,1969.1335987352527,loaded:unit_ball_P2_h008_N5000_slepc_eigs.txt,261.9676561738961,261.9676561738961,0.1534517820692061,0.1534517820692061
4541,1707.1659425613566,1970.2198951537448,loaded:unit_ball_P2_h008_N5000_slepc_eigs.txt,263.0539525923882,263.0539525923882,0.15408809772628995,0.15408809772628995
4542,1707.1659425613566,1971.3429626876668,loaded:unit_ball_P2_h008_N5000_slepc_eigs.txt,264.17702012631025,264.17702012631025,0.15474595265762547,0.15474595265762547
4543,1707.1659425613566,1971.8163317172985,loaded:unit_ball_P2_h008_N5000_slepc_eigs.txt,264.65038915594187,264.65038915594187,0.15502323620565678,0.15502323620565678
4544,1715.7323624237115,1972.0274168868254,loaded:unit_ball_P2_h008_N5000_slepc_eigs.txt,256.29505446311396,256.29505446311396,0.14937939044354295,0.14937939044354295
4545,1715.7323624237115,1972.7442768627272,loaded:unit_ball_P2_h008_N5000_slepc_eigs.txt,257.01191443901575,257.01191443901575,0.14979720617727962,0.14979720617727962
4546,1715.7323624237115,1973.2401357968638,loaded:unit_ball_P2_h008_N5000_slepc_eigs.txt,257.5077733731523,257.5077733731523,0.15008621333538677,0.15008621333538677
4547,1715.7323624237115,1973.5395228058283,loaded:unit_ball_P2_h008_N5000_slepc_eigs.txt,257.80716038211676,257.80716038211676,0.15026070850463422,0.15026070850463422
4548,1715.7323624237115,1974.0602293900624,loaded:unit_ball_P2_h008_N5000_slepc_eigs.txt,258.32786696635094,258.32786696635094,0.15056419790405234,0.15056419790405234
4549,1715.7323624237115,1974.9204153096816,loaded:unit_ball_P2_h008_N5000_slepc_eigs.txt,259.18805288597014,259.18805288597014,0.15106554994383323,0.15106554994383323
4550,1715.7323624237115,1975.4738121488715,loaded:unit_ball_P2_h008_N5000_slepc_eigs.txt,259.74144972516,259.74144972516,0.15138809258003325,0.15138809258003325
4551,1715.7323624237115,1975.9720800266084,loaded:unit_ball_P2_h008_N5000_slepc_eigs.txt,260.2397176028969,260.2397176028969,0.15167850377040856,0.15167850377040856
4552,1715.7323624237115,1976.7106186929582,loaded:unit_ball_P2_h008_N5000_slepc_eigs.txt,260.9782562692467,260.9782562692467,0.15210895474430433,0.15210895474430433
4553,1715.7323624237115,1977.0982283908882,loaded:unit_ball_P2_h008_N5000_slepc_eigs.txt,261.36586596717666,261.36586596717666,0.15233486975670313,0.15233486975670313
4554,1715.7323624237115,1977.4398790796342,loaded:unit_ball_P2_h008_N5000_slepc_eigs.txt,261.70751665592275,261.70751665592275,0.15253399795188588,0.15253399795188588
4555,1715.7323624237115,1978.05070658105,loaded:unit_ball_P2_h008_N5000_slepc_eigs.txt,262.3183441573385,262.3183441573385,0.1528900135606099,0.1528900135606099
4556,1715.7323624237115,1978.5489830363344,loaded:unit_ball_P2_h008_N5000_slepc_eigs.txt,262.81662061262296,262.81662061262296,0.15318042975033577,0.15318042975033577
4557,1715.7323624237115,1978.9656729655803,loaded:unit_ball_P2_h008_N5000_slepc_eigs.txt,263.23331054186883,263.23331054186883,0.15342329392797313,0.15342329392797313
4558,1715.7323624237115,1979.3427435918632,loaded:unit_ball_P2_h008_N5000_slepc_eigs.txt,263.61038116815166,263.61038116815166,0.1536430663321902,0.1536430663321902
4559,1715.7323624237115,1980.0262195177309,loaded:unit_ball_P2_h008_N5000_slepc_eigs.txt,264.29385709401936,264.29385709401936,0.1540414244565903,0.1540414244565903
4560,1715.7323624237115,1980.703800463693,loaded:unit_ball_P2_h008_N5000_slepc_eigs.txt,264.9714380399814,264.9714380399814,0.1544363467421412,0.1544363467421412
4561,1715.7323624237115,1980.9665279249173,loaded:unit_ball_P2_h008_N5000_slepc_eigs.txt,265.2341655012058,265.2341655012058,0.1545894752061012,0.1545894752061012
4562,1715.7323624237115,1981.2366280263163,loaded:unit_ball_P2_h008_N5000_slepc_eigs.txt,265.50426560260485,265.50426560260485,0.15474690075061764,0.15474690075061764
4563,1715.7323624237115,1981.851371041712,loaded:unit_ball_P2_h008_N5000_slepc_eigs.txt,266.1190086180004,266.1190086180004,0.15510519848332882,0.15510519848332882
4564,1715.7323624237115,1982.2070671879699,loaded:unit_ball_P2_h008_N5000_slepc_eigs.txt,266.4747047642584,266.4747047642584,0.15531251295384185,0.15531251295384185
4565,1715.7323624237115,1982.334611317262,loaded:unit_ball_P2_h008_N5000_slepc_eigs.txt,266.6022488935505,266.6022488935505,0.15538685096371185,0.15538685096371185
4566,1715.7323624237115,1983.105797028861,loaded:unit_ball_P2_h008_N5000_slepc_eigs.txt,267.37343460514944,267.37343460514944,0.15583632998997998,0.15583632998997998
4567,1715.7323624237115,1983.4467505977566,loaded:unit_ball_P2_h008_N5000_slepc_eigs.txt,267.7143881740451,267.7143881740451,0.15603505187479308,0.15603505187479308
4568,1715.7323624237115,1983.7863788485467,loaded:unit_ball_P2_h008_N5000_slepc_eigs.txt,268.05401642483525,268.05401642483525,0.1562330013092319,0.1562330013092319
4569,1715.7323624237115,1984.2033955244237,loaded:unit_ball_P2_h008_N5000_slepc_eigs.txt,268.47103310071225,268.47103310071225,0.15647605592836136,0.15647605592836136
4570,1715.7323624237115,1984.2664432668992,loaded:unit_ball_P2_h008_N5000_slepc_eigs.txt,268.53408084318767,268.53408084318767,0.15651280276828594,0.15651280276828594
4571,1715.7323624237115,1985.0349642480055,loaded:unit_ball_P2_h008_N5000_slepc_eigs.txt,269.302601824294,269.302601824294,0.1569607286790735,0.1569607286790735
4572,1715.7323624237115,1985.3924291773217,loaded:unit_ball_P2_h008_N5000_slepc_eigs.txt,269.6600667536102,269.6600667536102,0.15716907406973293,0.15716907406973293
4573,1720.312327223015,1985.8954289304695,loaded:unit_ball_P2_h008_N5000_slepc_eigs.txt,265.5831017074545,265.5831017074545,0.15438074674275426,0.15438074674275426
4574,1720.312327223015,1986.3971823430925,loaded:unit_ball_P2_h008_N5000_slepc_eigs.txt,266.08485512007746,266.08485512007746,0.15467241088111042,0.15467241088111042
4575,1720.312327223015,1986.6957559963776,loaded:unit_ball_P2_h008_N5000_slepc_eigs.txt,266.38342877336254,266.38342877336254,0.15484596869881614,0.15484596869881614
4576,1720.312327223015,1987.2506124577435,loaded:unit_ball_P2_h008_N5000_slepc_eigs.txt,266.9382852347285,266.9382852347285,0.15516850109748914,0.15516850109748914
4577,1720.312327223015,1987.2807888491266,loaded:unit_ball_P2_h008_N5000_slepc_eigs.txt,266.96846162611155,266.96846162611155,0.15518604232584954,0.15518604232584954
4578,1720.312327223015,1987.6503821885883,loaded:unit_ball_P2_h008_N5000_slepc_eigs.txt,267.3380549655733,267.3380549655733,0.15540088316237274,0.15540088316237274
4579,1720.312327223015,1987.8636454102484,loaded:unit_ball_P2_h008_N5000_slepc_eigs.txt,267.5513181872334,267.5513181872334,0.15552485089676918,0.15552485089676918
4580,1720.312327223015,1988.0403505854022,loaded:unit_ball_P2_h008_N5000_slepc_eigs.txt,267.72802336238715,267.72802336238715,0.15562756781180692,0.15562756781180692
4581,1720.312327223015,1988.3815461045283,loaded:unit_ball_P2_h008_N5000_slepc_eigs.txt,268.0692188815133,268.0692188815133,0.15582590128516924,0.15582590128516924
4582,1720.312327223015,1988.7337755093781,loaded:unit_ball_P2_h008_N5000_slepc_eigs.txt,268.4214482863631,268.4214482863631,0.15603064864370172,0.15603064864370172
4583,1720.312327223015,1989.0721159690934,loaded:unit_ball_P2_h008_N5000_slepc_eigs.txt,268.75978874607836,268.75978874607836,0.1562273225001644,0.1562273225001644
4584,1720.312327223015,1989.5176794461395,loaded:unit_ball_P2_h008_N5000_slepc_eigs.txt,269.20535222312446,269.20535222312446,0.15648632400238893,0.15648632400238893
4585,1720.312327223015,1989.8228837565248,loaded:unit_ball_P2_h008_N5000_slepc_eigs.txt,269.51055653350977,269.51055653350977,0.15666373615340107,0.15666373615340107
4586,1720.312327223015,1990.1758017487816,loaded:unit_ball_P2_h008_N5000_slepc_eigs.txt,269.8634745257666,269.8634745257666,0.15686888378076622,0.15686888378076622
4587,1720.312327223015,1990.5796449314507,loaded:unit_ball_P2_h008_N5000_slepc_eigs.txt,270.2673177084357,270.2673177084357,0.15710363370162564,0.15710363370162564
4588,1720.312327223015,1990.7706700784267,loaded:unit_ball_P2_h008_N5000_slepc_eigs.txt,270.45834285541173,270.45834285541173,0.15721467467014813,0.15721467467014813
4589,1720.312327223015,1991.227762229433,loaded:unit_ball_P2_h008_N5000_slepc_eigs.txt,270.91543500641797,270.91543500641797,0.15748037767289536,0.15748037767289536
4590,1720.312327223015,1991.3938169880646,loaded:unit_ball_P2_h008_N5000_slepc_eigs.txt,271.0814897650496,271.0814897650496,0.15757690360949647,0.15757690360949647
4591,1720.312327223015,1991.950002700829,loaded:unit_ball_P2_h008_N5000_slepc_eigs.txt,271.6376754778139,271.6376754778139,0.1579002086884423,0.1579002086884423
4592,1720.312327223015,1992.0849640280123,loaded:unit_ball_P2_h008_N5000_slepc_eigs.txt,271.7726368049973,271.7726368049973,0.15797866033065153,0.15797866033065153
4593,1720.312327223015,1992.2126489801865,loaded:unit_ball_P2_h008_N5000_slepc_eigs.txt,271.90032175717147,271.90032175717147,0.15805288229032338,0.15805288229032338
4594,1720.312327223015,1992.706363399409,loaded:unit_ball_P2_h008_N5000_slepc_eigs.txt,272.3940361763939,272.3940361763939,0.15833987344385386,0.15833987344385386
4595,1720.312327223015,1993.098525154423,loaded:unit_ball_P2_h008_N5000_slepc_eigs.txt,272.78619793140797,272.78619793140797,0.15856783307002656,0.15856783307002656
4596,1720.312327223015,1993.2913505178005,loaded:unit_ball_P2_h008_N5000_slepc_eigs.txt,272.9790232947855,272.9790232947855,0.15867992048597204,0.15867992048597204
4597,1720.312327223015,1993.779452913238,loaded:unit_ball_P2_h008_N5000_slepc_eigs.txt,273.46712569022293,273.46712569022293,0.15896364942734706,0.15896364942734706
4598,1720.312327223015,1994.223960624566,loaded:unit_ball_P2_h008_N5000_slepc_eigs.txt,273.91163340155094,273.91163340155094,0.15922203722373376,0.15922203722373376
4599,1720.312327223015,1994.3501819684755,loaded:unit_ball_P2_h008_N5000_slepc_eigs.txt,274.03785474546044,274.03785474546044,0.15929540840285752,0.15929540840285752
4600,1720.312327223015,1994.9982645426649,loaded:unit_ball_P2_h008_N5000_slepc_eigs.txt,274.68593731964984,274.68593731964984,0.15967213218954082,0.15967213218954082
4601,1720.312327223015,1995.3610425272886,loaded:unit_ball_P2_h008_N5000_slepc_eigs.txt,275.0487153042736,275.0487153042736,0.1598830113298475,0.1598830113298475
4602,1720.312327223015,1995.4401183712314,loaded:unit_ball_P2_h008_N5000_slepc_eigs.txt,275.1277911482164,275.1277911482164,0.15992897731096117,0.15992897731096117
4603,1720.312327223015,1995.5458280120536,loaded:unit_ball_P2_h008_N5000_slepc_eigs.txt,275.23350078903854,275.23350078903854,0.15999042524640253,0.15999042524640253
4604,1720.312327223015,1995.7921241954764,loaded:unit_ball_P2_h008_N5000_slepc_eigs.txt,275.4797969724614,275.4797969724614,0.16013359470436975,0.16013359470436975
4605,1720.312327223015,1996.1792510491018,loaded:unit_ball_P2_h008_N5000_slepc_eigs.txt,275.8669238260868,275.8669238260868,0.16035862759374647,0.16035862759374647
4606,1720.312327223015,1996.4162685925173,loaded:unit_ball_P2_h008_N5000_slepc_eigs.txt,276.1039413695023,276.1039413695023,0.1604964034729661,0.1604964034729661
4607,1720.312327223015,1996.944399397941,loaded:unit_ball_P2_h008_N5000_slepc_eigs.txt,276.63207217492595,276.63207217492595,0.16080340052057557,0.16080340052057557
4608,1720.312327223015,1997.1246335100432,loaded:unit_ball_P2_h008_N5000_slepc_eigs.txt,276.81230628702815,276.81230628702815,0.1609081687706486,0.1609081687706486
4609,1720.312327223015,1997.442591679806,loaded:unit_ball_P2_h008_N5000_slepc_eigs.txt,277.1302644567909,277.1302644567909,0.16109299460996349,0.16109299460996349
4610,1720.312327223015,1997.7731500092514,loaded:unit_ball_P2_h008_N5000_slepc_eigs.txt,277.46082278623635,277.46082278623635,0.1612851447935171,0.1612851447935171
4611,1720.312327223015,1998.1223433591153,loaded:unit_ball_P2_h008_N5000_slepc_eigs.txt,277.81001613610033,277.81001613610033,0.16148812732426931,0.16148812732426931
4612,1720.312327223015,1998.495923778325,loaded:unit_ball_P2_h008_N5000_slepc_eigs.txt,278.18359655531003,278.18359655531003,0.16170528580956178,0.16170528580956178
4613,1720.312327223015,1998.7945059029191,loaded:unit_ball_P2_h008_N5000_slepc_eigs.txt,278.4821786799041,278.4821786799041,0.161878848551553,0.161878848551553
4614,1720.312327223015,1999.300862292353,loaded:unit_ball_P2_h008_N5000_slepc_eigs.txt,278.988535069338,278.988535069338,0.1621731883533559,0.1621731883533559
4615,1720.312327223015,1999.382164306411,loaded:unit_ball_P2_h008_N5000_slepc_eigs.txt,279.0698370833959,279.0698370833959,0.1622204483844394,0.1622204483844394
4616,1720.312327223015,1999.8687110169926,loaded:unit_ball_P2_h008_N5000_slepc_eigs.txt,279.5563837939776,279.5563837939776,0.1625032730220836,0.1625032730220836
4617,1720.312327223015,2000.0055830770577,loaded:unit_ball_P2_h008_N5000_slepc_eigs.txt,279.6932558540427,279.6932558540427,0.16258283535381787,0.16258283535381787
4618,1720.312327223015,2000.4925756056612,loaded:unit_ball_P2_h008_N5000_slepc_eigs.txt,280.18024838264614,280.18024838264614,0.16286591914092852,0.16286591914092852
4619,1720.312327223015,2000.8048164218117,loaded:unit_ball_P2_h008_N5000_slepc_eigs.txt,280.49248919879665,280.49248919879665,0.1630474215409343,0.1630474215409343
4620,1720.312327223015,2001.1164767783068,loaded:unit_ball_P2_h008_N5000_slepc_eigs.txt,280.8041495552918,280.8041495552918,0.16322858652566605,0.16322858652566605
4621,1720.312327223015,2001.2792508063987,loaded:unit_ball_P2_h008_N5000_slepc_eigs.txt,280.96692358338373,280.96692358338373,0.1633232054070843,0.1633232054070843
4622,1720.312327223015,2001.5141434389725,loaded:unit_ball_P2_h008_N5000_slepc_eigs.txt,281.2018162159575,281.2018162159575,0.16345974609731637,0.16345974609731637
4623,1720.312327223015,2001.8898344817485,loaded:unit_ball_P2_h008_N5000_slepc_eigs.txt,281.5775072587335,281.5775072587335,0.16367813146654897,0.16367813146654897
4624,1720.312327223015,2002.251816178866,loaded:unit_ball_P2_h008_N5000_slepc_eigs.txt,281.93948895585095,281.93948895585095,0.16388854773305436,0.16388854773305436
4625,1720.312327223015,2002.3498158751052,loaded:unit_ball_P2_h008_N5000_slepc_eigs.txt,282.03748865209013,282.03748865209013,0.16394551395638976,0.16394551395638976
4626,1734.1401678525756,2002.854907059613,loaded:unit_ball_P2_h008_N5000_slepc_eigs.txt,268.7147392070374,268.7147392070374,0.15495560519758494,0.15495560519758494
4627,1734.1401678525756,2003.112671256786,loaded:unit_ball_P2_h008_N5000_slepc_eigs.txt,268.97250340421033,268.97250340421033,0.15510424612174514,0.15510424612174514
4628,1734.1401678525756,2003.3820043265123,loaded:unit_ball_P2_h008_N5000_slepc_eigs.txt,269.2418364739367,269.2418364739367,0.15525955829011495,0.15525955829011495
4629,1734.1401678525756,2003.7775848397926,loaded:unit_ball_P2_h008_N5000_slepc_eigs.txt,269.63741698721697,269.63741698721697,0.15548767163447635,0.15548767163447635
4630,1734.1401678525756,2004.281861480557,loaded:unit_ball_P2_h008_N5000_slepc_eigs.txt,270.14169362798134,270.14169362798134,0.15577846510671847,0.15577846510671847
4631,1734.1401678525756,2004.434497201816,loaded:unit_ball_P2_h008_N5000_slepc_eigs.txt,270.29432934924034,270.29432934924034,0.15586648320588284,0.15586648320588284
4632,1734.1401678525756,2004.503826382202,loaded:unit_ball_P2_h008_N5000_slepc_eigs.txt,270.3636585296265,270.3636585296265,0.15590646220047127,0.15590646220047127
4633,1734.1401678525756,2004.6387632737578,loaded:unit_ball_P2_h008_N5000_slepc_eigs.txt,270.49859542118224,270.49859542118224,0.15598427418710142,0.15598427418710142
4634,1734.1401678525756,2004.974535115391,loaded:unit_ball_P2_h008_N5000_slepc_eigs.txt,270.8343672628155,270.8343672628155,0.1561778985825556,0.1561778985825556
4635,1734.1401678525756,2005.2999799347767,loaded:unit_ball_P2_h008_N5000_slepc_eigs.txt,271.15981208220114,271.15981208220114,0.15636556785255967,0.15636556785255967
4636,1734.1401678525756,2005.3483604166663,loaded:unit_ball_P2_h008_N5000_slepc_eigs.txt,271.2081925640907,271.2081925640907,0.15639346668264645,0.15639346668264645
4637,1734.1401678525756,2005.638427959127,loaded:unit_ball_P2_h008_N5000_slepc_eigs.txt,271.49826010655147,271.49826010655147,0.15656073548123495,0.15656073548123495
4638,1734.1401678525756,2006.2477841515752,loaded:unit_ball_P2_h008_N5000_slepc_eigs.txt,272.1076162989996,272.1076162989996,0.1569121235660878,0.1569121235660878
4639,1734.1401678525756,2006.4631587090855,loaded:unit_ball_P2_h008_N5000_slepc_eigs.txt,272.32299085650993,272.32299085650993,0.15703632030721804,0.15703632030721804
4640,1734.1401678525756,2006.5694279738632,loaded:unit_ball_P2_h008_N5000_slepc_eigs.txt,272.4292601212876,272.4292601212876,0.15709760097342237,0.15709760097342237
4641,1734.1401678525756,2006.755423786464,loaded:unit_ball_P2_h008_N5000_slepc_eigs.txt,272.6152559338884,272.6152559338884,0.15720485632454612,0.15720485632454612
4642,1734.1401678525756,2007.0092909997381,loaded:unit_ball_P2_h008_N5000_slepc_eigs.txt,272.86912314716255,272.86912314716255,0.1573512500348011,0.1573512500348011
4643,1734.1401678525756,2007.3598897145082,loaded:unit_ball_P2_h008_N5000_slepc_eigs.txt,273.2197218619326,273.2197218619326,0.15755342441566686,0.15755342441566686
4644,1734.1401678525756,2007.6679041611262,loaded:unit_ball_P2_h008_N5000_slepc_eigs.txt,273.52773630855063,273.52773630855063,0.15773104238007826,0.15773104238007826
4645,1734.1401678525756,2008.0292491639702,loaded:unit_ball_P2_h008_N5000_slepc_eigs.txt,273.88908131139465,273.88908131139465,0.15793941365798453,0.15793941365798453
4646,1734.1401678525756,2008.3216273799328,loaded:unit_ball_P2_h008_N5000_slepc_eigs.txt,274.1814595273572,274.1814595273572,0.15810801491720375,0.15810801491720375
4647,1734.1401678525756,2008.64448957479,loaded:unit_ball_P2_h008_N5000_slepc_eigs.txt,274.5043217222144,274.5043217222144,0.1582941949047517,0.1582941949047517
4648,1734.1401678525756,2008.7843735002637,loaded:unit_ball_P2_h008_N5000_slepc_eigs.txt,274.64420564768807,274.64420564768807,0.15837485962151843,0.15837485962151843
4649,1734.1401678525756,2008.86347985692,loaded:unit_ball_P2_h008_N5000_slepc_eigs.txt,274.7233120043445,274.7233120043445,0.15842047667031467,0.15842047667031467
4650,1734.1401678525756,2009.241075993876,loaded:unit_ball_P2_h008_N5000_slepc_eigs.txt,275.10090814130035,275.10090814130035,0.15863821924035354,0.15863821924035354
4651,1734.1401678525756,2009.5698934187515,loaded:unit_ball_P2_h008_N5000_slepc_eigs.txt,275.4297255661759,275.4297255661759,0.1588278333390124,0.1588278333390124
4652,1734.1401678525756,2009.7205967615857,loaded:unit_ball_P2_h008_N5000_slepc_eigs.txt,275.58042890901015,275.58042890901015,0.1589147371231632,0.1589147371231632
4653,1734.1401678525756,2009.9453211124076,loaded:unit_ball_P2_h008_N5000_slepc_eigs.txt,275.80515325983197,275.80515325983197,0.15904432546612862,0.15904432546612862
4654,1734.1401678525756,2010.3674454386105,loaded:unit_ball_P2_h008_N5000_slepc_eigs.txt,276.2272775860349,276.2272775860349,0.15928774542377006,0.15928774542377006
4655,1734.1401678525756,2010.6990169751584,loaded:unit_ball_P2_h008_N5000_slepc_eigs.txt,276.55884912258284,276.55884912258284,0.15947894769374488,0.15947894769374488
4656,1734.1401678525756,2010.8071846302985,loaded:unit_ball_P2_h008_N5000_slepc_eigs.txt,276.6670167777229,276.6670167777229,0.1595413230755884,0.1595413230755884
4657,1734.1401678525756,2010.9984124449884,loaded:unit_ball_P2_h008_N5000_slepc_eigs.txt,276.8582445924128,276.8582445924128,0.15965159548507116,0.15965159548507116
4658,1734.1401678525756,2011.4201295914743,loaded:unit_ball_P2_h008_N5000_slepc_eigs.txt,277.2799617388987,277.2799617388987,0.15989478064063337,0.15989478064063337
4659,1734.1401678525756,2011.5963831504316,loaded:unit_ball_P2_h008_N5000_slepc_eigs.txt,277.45621529785603,277.45621529785603,0.1599964180758446,0.1599964180758446
4660,1734.1401678525756,2011.7756412122653,loaded:unit_ball_P2_h008_N5000_slepc_eigs.txt,277.63547335968974,277.63547335968974,0.16009978807162512,0.16009978807162512
4661,1734.1401678525756,2011.9646652145277,loaded:unit_ball_P2_h008_N5000_slepc_eigs.txt,277.8244973619521,277.8244973619521,0.16020878964241303,0.16020878964241303
4662,1734.1401678525756,2012.4757880632837,loaded:unit_ball_P2_h008_N5000_slepc_eigs.txt,278.33562021070816,278.33562021070816,0.16050353101236178,0.16050353101236178
4663,1734.1401678525756,2012.8005409568832,loaded:unit_ball_P2_h008_N5000_slepc_eigs.txt,278.6603731043076,278.6603731043076,0.16069080128014043,0.16069080128014043
4664,1734.1401678525756,2013.1032484159607,loaded:unit_ball_P2_h008_N5000_slepc_eigs.txt,278.9630805633851,278.9630805633851,0.16086535894548323,0.16086535894548323
4665,1734.1401678525756,2013.2538378025424,loaded:unit_ball_P2_h008_N5000_slepc_eigs.txt,279.11366994996683,279.11366994996683,0.16095219701623054,0.16095219701623054
4666,1734.1401678525756,2013.4461211297537,loaded:unit_ball_P2_h008_N5000_slepc_eigs.txt,279.3059532771781,279.3059532771781,0.161063078091922,0.161063078091922
4667,1734.1401678525756,2013.5188916673862,loaded:unit_ball_P2_h008_N5000_slepc_eigs.txt,279.37872381481066,279.37872381481066,0.16110504156118566,0.16110504156118566
4668,1734.1401678525756,2013.8994584260247,loaded:unit_ball_P2_h008_N5000_slepc_eigs.txt,279.7592905734491,279.7592905734491,0.16132449715404568,0.16132449715404568
4669,1734.1401678525756,2014.1685683536489,loaded:unit_ball_P2_h008_N5000_slepc_eigs.txt,280.0284005010733,280.0284005010733,0.16147968064648355,0.16147968064648355
4670,1734.1401678525756,2014.397186702261,loaded:unit_ball_P2_h008_N5000_slepc_eigs.txt,280.25701884968544,280.25701884968544,0.16161151448140085,0.16161151448140085
4671,1734.1401678525756,2014.4995688160277,loaded:unit_ball_P2_h008_N5000_slepc_eigs.txt,280.3594009634521,280.3594009634521,0.16167055360388047,0.16167055360388047
4672,1734.1401678525756,2014.6934724533282,loaded:unit_ball_P2_h008_N5000_slepc_eigs.txt,280.55330460075265,280.55330460075265,0.16178236903892726,0.16178236903892726
4673,1734.1401678525756,2015.2027686803676,loaded:unit_ball_P2_h008_N5000_slepc_eigs.txt,281.06260082779204,281.06260082779204,0.16207605707896042,0.16207605707896042
4674,1734.1401678525756,2015.60032863277,loaded:unit_ball_P2_h008_N5000_slepc_eigs.txt,281.4601607801944,281.4601607801944,0.1623053118761056,0.1623053118761056
4675,1734.1401678525756,2015.9943525511335,loaded:unit_ball_P2_h008_N5000_slepc_eigs.txt,281.8541846985579,281.8541846985579,0.1625325276027625,0.1625325276027625
4676,1734.1401678525756,2016.0625103718708,loaded:unit_ball_P2_h008_N5000_slepc_eigs.txt,281.92234251929517,281.92234251929517,0.16257183112735685,0.16257183112735685
4677,1734.1401678525756,2016.275838406567,loaded:unit_ball_P2_h008_N5000_slepc_eigs.txt,282.1356705539913,282.1356705539913,0.16269484773157997,0.16269484773157997
4678,1734.1401678525756,2016.6086532731053,loaded:unit_ball_P2_h008_N5000_slepc_eigs.txt,282.46848542052976,282.46848542052976,0.16288676697358137,0.16288676697358137
4679,1734.1401678525756,2016.780259835145,loaded:unit_ball_P2_h008_N5000_slepc_eigs.txt,282.6400919825694,282.6400919825694,0.16298572469638883,0.16298572469638883
4680,1734.1401678525756,2017.311331803831,loaded:unit_ball_P2_h008_N5000_slepc_eigs.txt,283.1711639512555,283.1711639512555,0.16329196981920593,0.16329196981920593
4681,1734.1401678525756,2017.542745695086,loaded:unit_ball_P2_h008_N5000_slepc_eigs.txt,283.4025778425105,283.4025778425105,0.16342541571680114,0.16342541571680114
4682,1734.1401678525756,2017.663448518203,loaded:unit_ball_P2_h008_N5000_slepc_eigs.txt,283.52328066562745,283.52328066562745,0.16349501956160825,0.16349501956160825
4683,1734.1401678525756,2017.9886523312086,loaded:unit_ball_P2_h008_N5000_slepc_eigs.txt,283.84848447863305,283.84848447863305,0.16368254985416142,0.16368254985416142
4684,1734.1401678525756,2018.2725578925033,loaded:unit_ball_P2_h008_N5000_slepc_eigs.txt,284.1323900399277,284.1323900399277,0.16384626531762722,0.16384626531762722
4685,1734.1401678525756,2018.3107150296087,loaded:unit_ball_P2_h008_N5000_slepc_eigs.txt,284.1705471770331,284.1705471770331,0.16386826880835578,0.16386826880835578
4686,1734.1401678525756,2018.6005450145228,loaded:unit_ball_P2_h008_N5000_slepc_eigs.txt,284.46037716194724,284.46037716194724,0.16403540061827923,0.16403540061827923
4687,1742.1485342449687,2018.7102109987918,loaded:unit_ball_P2_h008_N5000_slepc_eigs.txt,276.5616767538231,276.5616767538231,0.15874747262791944,0.15874747262791944
4688,1742.1485342449687,2019.1725281316253,loaded:unit_ball_P2_h008_N5000_slepc_eigs.txt,277.0239938866566,277.0239938866566,0.15901284445112845,0.15901284445112845
4689,1742.1485342449687,2019.3778965831998,loaded:unit_ball_P2_h008_N5000_slepc_eigs.txt,277.2293623382311,277.2293623382311,0.15913072673701717,0.15913072673701717
4690,1742.1485342449687,2019.6538199513018,loaded:unit_ball_P2_h008_N5000_slepc_eigs.txt,277.5052857063331,277.5052857063331,0.15928910781800895,0.15928910781800895
4691,1742.1485342449687,2019.7344271890552,loaded:unit_ball_P2_h008_N5000_slepc_eigs.txt,277.5858929440865,277.5858929440865,0.1593353766843937,0.1593353766843937
4692,1742.1485342449687,2019.9647833982463,loaded:unit_ball_P2_h008_N5000_slepc_eigs.txt,277.81624915327757,277.81624915327757,0.15946760203984592,0.15946760203984592
4693,1742.1485342449687,2020.2252528290428,loaded:unit_ball_P2_h008_N5000_slepc_eigs.txt,278.0767185840741,278.0767185840741,0.1596171125010245,0.1596171125010245
4694,1742.1485342449687,2020.4034076614937,loaded:unit_ball_P2_h008_N5000_slepc_eigs.txt,278.254873416525,278.254873416525,0.15971937406423165,0.15971937406423165
4695,1742.1485342449687,2021.0738022743649,loaded:unit_ball_P2_h008_N5000_slepc_eigs.txt,278.9252680293962,278.9252680293962,0.16010418316615,0.16010418316615
4696,1742.1485342449687,2021.244096298827,loaded:unit_ball_P2_h008_N5000_slepc_eigs.txt,279.0955620538582,279.0955620538582,0.16020193259515364,0.16020193259515364
4697,1742.1485342449687,2021.296325139438,loaded:unit_ball_P2_h008_N5000_slepc_eigs.txt,279.1477908944694,279.1477908944694,0.16023191215176696,0.16023191215176696
4698,1742.1485342449687,2021.3954007121088,loaded:unit_ball_P2_h008_N5000_slepc_eigs.txt,279.2468664671401,279.2468664671401,0.16028878191385854,0.16028878191385854
4699,1742.1485342449687,2021.578691071127,loaded:unit_ball_P2_h008_N5000_slepc_eigs.txt,279.4301568261583,279.4301568261583,0.1603939912891875,0.1603939912891875
4700,1742.1485342449687,2022.1033738354274,loaded:unit_ball_P2_h008_N5000_slepc_eigs.txt,279.95483959045873,279.95483959045873,0.16069516122618593,0.16069516122618593
4701,1742.1485342449687,2022.2038204612038,loaded:unit_ball_P2_h008_N5000_slepc_eigs.txt,280.0552862162351,280.0552862162351,0.16075281797806554,0.16075281797806554
4702,1750.7115649647315,2022.7614318032718,loaded:unit_ball_P2_h008_N5000_slepc_eigs.txt,272.0498668385403,272.0498668385403,0.15539388228352785,0.15539388228352785
4703,1750.7115649647315,2022.887252125595,loaded:unit_ball_P2_h008_N5000_slepc_eigs.txt,272.1756871608636,272.1756871608636,0.15546575038838376,0.15546575038838376
4704,1750.7115649647315,2023.1318692063587,loaded:unit_ball_P2_h008_N5000_slepc_eigs.txt,272.42030424162726,272.42030424162726,0.15560547476426548,0.15560547476426548
4705,1750.7115649647315,2023.3089153992405,loaded:unit_ball_P2_h008_N5000_slepc_eigs.txt,272.59735043450905,272.59735043450905,0.15570660289777694,0.15570660289777694
4706,1750.7115649647315,2023.4493963324267,loaded:unit_ball_P2_h008_N5000_slepc_eigs.txt,272.7378313676952,272.7378313676952,0.1557868450895791,0.1557868450895791
4707,1750.7115649647315,2023.468309730344,loaded:unit_ball_P2_h008_N5000_slepc_eigs.txt,272.75674476561244,272.75674476561244,0.15579764835283258,0.15579764835283258
4708,1750.7115649647315,2023.7726825017605,loaded:unit_ball_P2_h008_N5000_slepc_eigs.txt,273.0611175370291,273.0611175370291,0.1559715049592021,0.1559715049592021
4709,1750.7115649647315,2023.9944458779426,loaded:unit_ball_P2_h008_N5000_slepc_eigs.txt,273.2828809132111,273.2828809132111,0.1560981753831714,0.1560981753831714
4710,1750.7115649647315,2024.3666376513058,loaded:unit_ball_P2_h008_N5000_slepc_eigs.txt,273.6550726865744,273.6550726865744,0.15631076995375148,0.15631076995375148
4711,1750.7115649647315,2024.7417983978246,loaded:unit_ball_P2_h008_N5000_slepc_eigs.txt,274.03023343309314,274.03023343309314,0.15652506039086658,0.15652506039086658
4712,1750.7115649647315,2024.8029787734802,loaded:unit_ball_P2_h008_N5000_slepc_eigs.txt,274.0914138087487,274.0914138087487,0.1565600063961823,0.1565600063961823
4713,1750.7115649647315,2025.2591469193499,loaded:unit_ball_P2_h008_N5000_slepc_eigs.txt,274.5475819546184,274.5475819546184,0.15682056796154725,0.15682056796154725
4714,1750.7115649647315,2025.4024565606576,loaded:unit_ball_P2_h008_N5000_slepc_eigs.txt,274.69089159592613,274.69089159592613,0.1569024259010135,0.1569024259010135
4715,1750.7115649647315,2025.5444981347187,loaded:unit_ball_P2_h008_N5000_slepc_eigs.txt,274.8329331699872,274.8329331699872,0.1569835595251373,0.1569835595251373
4716,1750.7115649647315,2025.6781868389348,loaded:unit_ball_P2_h008_N5000_slepc_eigs.txt,274.9666218742034,274.9666218742034,0.15705992202075997,0.15705992202075997
4717,1750.7115649647315,2025.7055138533406,loaded:unit_ball_P2_h008_N5000_slepc_eigs.txt,274.9939488886091,274.9939488886091,0.15707553111077377,0.15707553111077377
4718,1750.7115649647315,2026.328704345814,loaded:unit_ball_P2_h008_N5000_slepc_eigs.txt,275.61713938108255,275.61713938108255,0.1574314952255627,0.1574314952255627
4719,1750.7115649647315,2026.5051291262123,loaded:unit_ball_P2_h008_N5000_slepc_eigs.txt,275.79356416148084,275.79356416148084,0.15753226841055157,0.15753226841055157
4720,1750.7115649647315,2026.8925504410659,loaded:unit_ball_P2_h008_N5000_slepc_eigs.txt,276.1809854763344,276.1809854763344,0.15775356203915758,0.15775356203915758
4721,1750.7115649647315,2026.9732925951325,loaded:unit_ball_P2_h008_N5000_slepc_eigs.txt,276.2617276304011,276.2617276304011,0.15779968166027764,0.15779968166027764
4722,1750.7115649647315,2027.3354816073372,loaded:unit_ball_P2_h008_N5000_slepc_eigs.txt,276.62391664260576,276.62391664260576,0.1580065626905129,0.1580065626905129
4723,1750.7115649647315,2027.6143011796098,loaded:unit_ball_P2_h008_N5000_slepc_eigs.txt,276.90273621487836,276.90273621487836,0.15816582340361512,0.15816582340361512
4724,1750.7115649647315,2027.8387825305806,loaded:unit_ball_P2_h008_N5000_slepc_eigs.txt,277.12721756584915,277.12721756584915,0.1582940463247765,0.1582940463247765
4725,1750.7115649647315,2028.083285202367,loaded:unit_ball_P2_h008_N5000_slepc_eigs.txt,277.3717202376356,277.3717202376356,0.1584337053506717,0.1584337053506717
4726,1750.7115649647315,2028.2361829519518,loaded:unit_ball_P2_h008_N5000_slepc_eigs.txt,277.5246179872204,277.5246179872204,0.15852103998228353,0.15852103998228353
4727,1750.7115649647315,2028.5333657726685,loaded:unit_ball_P2_h008_N5000_slepc_eigs.txt,277.82180080793705,277.82180080793705,0.15869078971528577,0.15869078971528577
4728,1750.7115649647315,2028.9627419749133,loaded:unit_ball_P2_h008_N5000_slepc_eigs.txt,278.2511770101819,278.2511770101819,0.15893604782109685,0.15893604782109685
4729,1750.7115649647315,2029.1259970721355,loaded:unit_ball_P2_h008_N5000_slepc_eigs.txt,278.4144321074041,278.4144321074041,0.15902929853154468,0.15902929853154468
4730,1750.7115649647315,2029.2700959380397,loaded:unit_ball_P2_h008_N5000_slepc_eigs.txt,278.5585309733083,278.5585309733083,0.15911160727319462,0.15911160727319462
4731,1750.7115649647315,2029.5016046055407,loaded:unit_ball_P2_h008_N5000_slepc_eigs.txt,278.79003964080925,278.79003964080925,0.1592438441716843,0.1592438441716843
4732,1750.7115649647315,2029.7553245406737,loaded:unit_ball_P2_h008_N5000_slepc_eigs.txt,279.0437595759422,279.0437595759422,0.1593887680644662,0.1593887680644662
4733,1750.7115649647315,2029.810746749638,loaded:unit_ball_P2_h008_N5000_slepc_eigs.txt,279.0991817849065,279.0991817849065,0.1594204250261687,0.1594204250261687
4734,1750.7115649647315,2029.9675206035047,loaded:unit_ball_P2_h008_N5000_slepc_eigs.txt,279.25595563877323,279.25595563877323,0.15950997367427508,0.15950997367427508
4735,1750.7115649647315,2030.3291930224043,loaded:unit_ball_P2_h008_N5000_slepc_eigs.txt,279.61762805767285,279.61762805767285,0.15971655962831652,0.15971655962831652
4736,1750.7115649647315,2030.6606987806354,loaded:unit_ball_P2_h008_N5000_slepc_eigs.txt,279.9491338159039,279.9491338159039,0.15990591449685407,0.15990591449685407
4737,1756.7072136330983,2030.7610820640348,loaded:unit_ball_P2_h008_N5000_slepc_eigs.txt,274.0538684309365,274.0538684309365,0.15600429388808484,0.15600429388808484
4738,1756.7072136330983,2030.9992318280588,loaded:unit_ball_P2_h008_N5000_slepc_eigs.txt,274.2920181949605,274.2920181949605,0.1561398598846128,0.1561398598846128
4739,1756.7072136330983,2031.1557208624106,loaded:unit_ball_P2_h008_N5000_slepc_eigs.txt,274.4485072293123,274.4485072293123,0.156228940770225,0.156228940770225
4740,1756.7072136330983,2031.4534626183033,loaded:unit_ball_P2_h008_N5000_slepc_eigs.txt,274.74624898520506,274.74624898520506,0.15639842931879022,0.15639842931879022
4741,1756.7072136330983,2031.5847211497255,loaded:unit_ball_P2_h008_N5000_slepc_eigs.txt,274.87750751662725,274.87750751662725,0.1564731478207714,0.1564731478207714
4742,1756.7072136330983,2032.2758739472665,loaded:unit_ball_P2_h008_N5000_slepc_eigs.txt,275.56866031416826,275.56866031416826,0.15686658435486045,0.15686658435486045
4743,1756.7072136330983,2032.3282445820037,loaded:unit_ball_P2_h008_N5000_slepc_eigs.txt,275.6210309489054,275.6210309489054,0.15689639617229406,0.15689639617229406
4744,1756.7072136330983,2032.5701292825702,loaded:unit_ball_P2_h008_N5000_slepc_eigs.txt,275.8629156494719,275.8629156494719,0.1570340882695823,0.1570340882695823
4745,1756.7072136330983,2032.7666501789568,loaded:unit_ball_P2_h008_N5000_slepc_eigs.txt,276.0594365458585,276.0594365458585,0.1571459571654697,0.1571459571654697
4746,1756.7072136330983,2032.9151010887292,loaded:unit_ball_P2_h008_N5000_slepc_eigs.txt,276.20788745563095,276.20788745563095,0.15723046237420363,0.15723046237420363
4747,1756.7072136330983,2033.1187331171411,loaded:unit_ball_P2_h008_N5000_slepc_eigs.txt,276.41151948404286,276.41151948404286,0.15734637925940317,0.15734637925940317
4748,1756.7072136330983,2033.685649294667,loaded:unit_ball_P2_h008_N5000_slepc_eigs.txt,276.9784356615687,276.9784356615687,0.15766909449226965,0.15766909449226965
4749,1756.7072136330983,2033.7830890287064,loaded:unit_ball_P2_h008_N5000_slepc_eigs.txt,277.07587539560814,277.07587539560814,0.15772456175128882,0.15772456175128882
4750,1756.7072136330983,2033.9387510623053,loaded:unit_ball_P2_h008_N5000_slepc_eigs.txt,277.23153742920704,277.23153742920704,0.15781317186934998,0.15781317186934998
4751,1756.7072136330983,2034.0644362099772,loaded:unit_ball_P2_h008_N5000_slepc_eigs.txt,277.35722257687894,277.35722257687894,0.1578847177403389,0.1578847177403389
4752,1756.7072136330983,2034.4502759163313,loaded:unit_ball_P2_h008_N5000_slepc_eigs.txt,277.74306228323303,277.74306228323303,0.15810435576730192,0.15810435576730192
4753,1756.7072136330983,2034.5012313846282,loaded:unit_ball_P2_h008_N5000_slepc_eigs.txt,277.79401775152996,277.79401775152996,0.15813336200573566,0.15813336200573566
4754,1756.7072136330983,2034.6607120162982,loaded:unit_ball_P2_h008_N5000_slepc_eigs.txt,277.9534983832,277.9534983832,0.15822414584861647,0.15822414584861647
4755,1756.7072136330983,2034.8397778461378,loaded:unit_ball_P2_h008_N5000_slepc_eigs.txt,278.1325642130396,278.1325642130396,0.15832607850332975,0.15832607850332975
4756,1756.7072136330983,2035.0859883465907,loaded:unit_ball_P2_h008_N5000_slepc_eigs.txt,278.3787747134925,278.3787747134925,0.1584662330484595,0.1584662330484595
4757,1756.7072136330983,2035.5510526751011,loaded:unit_ball_P2_h008_N5000_slepc_eigs.txt,278.84383904200286,278.84383904200286,0.15873096943987475,0.15873096943987475
4758,1756.7072136330983,2035.627977467297,loaded:unit_ball_P2_h008_N5000_slepc_eigs.txt,278.9207638341986,278.9207638341986,0.1587747586334289,0.1587747586334289
4759,1756.7072136330983,2035.873792487517,loaded:unit_ball_P2_h008_N5000_slepc_eigs.txt,279.16657885441873,279.16657885441873,0.15891468805269265,0.15891468805269265
4760,1756.7072136330983,2036.0613596286314,loaded:unit_ball_P2_h008_N5000_slepc_eigs.txt,279.35414599553314,279.35414599553314,0.159021460051839,0.159021460051839
4761,1756.7072136330983,2036.439203926862,loaded:unit_ball_P2_h008_N5000_slepc_eigs.txt,279.73199029376383,279.73199029376383,0.15923654671813056,0.15923654671813056
4762,1756.7072136330983,2036.5846318736267,loaded:unit_ball_P2_h008_N5000_slepc_eigs.txt,279.8774182405284,279.8774182405284,0.15931933111477672,0.15931933111477672
4763,1756.7072136330983,2036.8262103057343,loaded:unit_ball_P2_h008_N5000_slepc_eigs.txt,280.11899667263606,280.11899667263606,0.15945684886971784,0.15945684886971784
4764,1756.7072136330983,2036.9876871003246,loaded:unit_ball_P2_h008_N5000_slepc_eigs.txt,280.28047346722633,280.28047346722633,0.15954876902199883,0.15954876902199883
4765,1756.7072136330983,2037.3495923032508,loaded:unit_ball_P2_h008_N5000_slepc_eigs.txt,280.64237867015254,280.64237867015254,0.15975478240892954,0.15975478240892954
4766,1756.7072136330983,2037.546335715488,loaded:unit_ball_P2_h008_N5000_slepc_eigs.txt,280.83912208238985,280.83912208238985,0.159866777971258,0.159866777971258
4767,1756.7072136330983,2037.8132051987457,loaded:unit_ball_P2_h008_N5000_slepc_eigs.txt,281.1059915656474,281.1059915656474,0.16001869257671217,0.16001869257671217
4768,1756.7072136330983,2037.9432012762616,loaded:unit_ball_P2_h008_N5000_slepc_eigs.txt,281.2359876431633,281.2359876431633,0.16009269243081822,0.16009269243081822
4769,1756.7072136330983,2038.33890751817,loaded:unit_ball_P2_h008_N5000_slepc_eigs.txt,281.6316938850716,281.6316938850716,0.16031794695179782,0.16031794695179782
4770,1756.7072136330983,2038.607345204167,loaded:unit_ball_P2_h008_N5000_slepc_eigs.txt,281.90013157106864,281.90013157106864,0.16047075425167898,0.16047075425167898
4771,1756.7072136330983,2038.974177114718,loaded:unit_ball_P2_h008_N5000_slepc_eigs.txt,282.26696348161977,282.26696348161977,0.1606795721512722,0.1606795721512722
4772,1756.7072136330983,2039.1800235769404,loaded:unit_ball_P2_h008_N5000_slepc_eigs.txt,282.4728099438421,282.4728099438421,0.1607967495958827,0.1607967495958827
4773,1756.7072136330983,2039.3159882530417,loaded:unit_ball_P2_h008_N5000_slepc_eigs.txt,282.60877461994346,282.60877461994346,0.16087414705577024,0.16087414705577024
4774,1756.7072136330983,2039.7039006835673,loaded:unit_ball_P2_h008_N5000_slepc_eigs.txt,282.99668705046906,282.99668705046906,0.16109496497438253,0.16109496497438253
4775,1756.7072136330983,2040.062834426754,loaded:unit_ball_P2_h008_N5000_slepc_eigs.txt,283.3556207936558,283.3556207936558,0.16129928686729741,0.16129928686729741
4776,1756.7072136330983,2040.262817554606,loaded:unit_ball_P2_h008_N5000_slepc_eigs.txt,283.5556039215078,283.5556039215078,0.16141312662744636,0.16141312662744636
4777,1756.7072136330983,2040.348930086231,loaded:unit_ball_P2_h008_N5000_slepc_eigs.txt,283.64171645313263,283.64171645313263,0.1614621459124795,0.1614621459124795
4778,1756.7072136330983,2040.7449131836765,loaded:unit_ball_P2_h008_N5000_slepc_eigs.txt,284.0376995505783,284.0376995505783,0.1616875580325941,0.1616875580325941
4779,1756.7072136330983,2040.8624270368625,loaded:unit_ball_P2_h008_N5000_slepc_eigs.txt,284.15521340376426,284.15521340376426,0.16175445242015854,0.16175445242015854
4780,1756.7072136330983,2040.954289847788,loaded:unit_ball_P2_h008_N5000_slepc_eigs.txt,284.24707621468974,284.24707621468974,0.16180674503341394,0.16180674503341394
4781,1756.7072136330983,2041.0826586939534,loaded:unit_ball_P2_h008_N5000_slepc_eigs.txt,284.3754450608551,284.3754450608551,0.16187981859124367,0.16187981859124367
4782,1756.7072136330983,2041.3492597529698,loaded:unit_ball_P2_h008_N5000_slepc_eigs.txt,284.64204611987157,284.64204611987157,0.16203158039705143,0.16203158039705143
4783,1756.7072136330983,2041.6263119480307,loaded:unit_ball_P2_h008_N5000_slepc_eigs.txt,284.9190983149324,284.9190983149324,0.1621892914788474,0.1621892914788474
4784,1756.7072136330983,2041.9818305641534,loaded:unit_ball_P2_h008_N5000_slepc_eigs.txt,285.2746169310551,285.2746169310551,0.1623916693215315,0.1623916693215315
4785,1756.7072136330983,2042.31267689647,loaded:unit_ball_P2_h008_N5000_slepc_eigs.txt,285.6054632633718,285.6054632633718,0.16258000254504715,0.16258000254504715
4786,1756.7072136330983,2042.3648938841918,loaded:unit_ball_P2_h008_N5000_slepc_eigs.txt,285.65768025109355,285.65768025109355,0.16260972689940542,0.16260972689940542
4787,1756.7072136330983,2042.840468786025,loaded:unit_ball_P2_h008_N5000_slepc_eigs.txt,286.1332551529267,286.1332551529267,0.16288044640129076,0.16288044640129076
4788,1756.7072136330983,2043.0962493161423,loaded:unit_ball_P2_h008_N5000_slepc_eigs.txt,286.3890356830441,286.3890356830441,0.16302604865540138,0.16302604865540138
4789,1756.7072136330983,2043.5172093079398,loaded:unit_ball_P2_h008_N5000_slepc_eigs.txt,286.8099956748415,286.8099956748415,0.16326567879326986,0.16326567879326986
4790,1756.7072136330983,2043.672861520083,loaded:unit_ball_P2_h008_N5000_slepc_eigs.txt,286.9656478869847,286.9656478869847,0.16335428332049853,0.16335428332049853
4791,1756.7072136330983,2043.787697587183,loaded:unit_ball_P2_h008_N5000_slepc_eigs.txt,287.0804839540847,287.0804839540847,0.1634196533868413,0.1634196533868413
4792,1756.7072136330983,2044.1228566294774,loaded:unit_ball_P2_h008_N5000_slepc_eigs.txt,287.4156429963791,287.4156429963791,0.16361044160680954,0.16361044160680954
4793,1756.7072136330983,2044.3711699559444,loaded:unit_ball_P2_h008_N5000_slepc_eigs.txt,287.66395632284616,287.66395632284616,0.1637517931789668,0.1637517931789668
4794,1756.7072136330983,2044.5101291169447,loaded:unit_ball_P2_h008_N5000_slepc_eigs.txt,287.8029154838464,287.8029154838464,0.16383089523986905,0.16383089523986905
4795,1756.7072136330983,2044.6068405298568,loaded:unit_ball_P2_h008_N5000_slepc_eigs.txt,287.8996268967585,287.8996268967585,0.1638859479044005,0.1638859479044005
4796,1756.7072136330983,2045.2404314218943,loaded:unit_ball_P2_h008_N5000_slepc_eigs.txt,288.53321778879604,288.53321778879604,0.16424661750666575,0.16424661750666575
4797,1756.7072136330983,2045.272784620116,loaded:unit_ball_P2_h008_N5000_slepc_eigs.txt,288.56557098701774,288.56557098701774,0.16426503446196178,0.16426503446196178
4798,1756.7072136330983,2045.4242045479946,loaded:unit_ball_P2_h008_N5000_slepc_eigs.txt,288.7169909148963,288.7169909148963,0.16435122977481953,0.16435122977481953
4799,1756.7072136330983,2045.9320608132662,loaded:unit_ball_P2_h008_N5000_slepc_eigs.txt,289.2248471801679,289.2248471801679,0.16464032534027878,0.16464032534027878
4800,1756.7072136330983,2046.2203058665348,loaded:unit_ball_P2_h008_N5000_slepc_eigs.txt,289.5130922334365,289.5130922334365,0.16480440792104786,0.16480440792104786
4801,1756.7072136330983,2046.29258333114,loaded:unit_ball_P2_h008_N5000_slepc_eigs.txt,289.58536969804163,289.58536969804163,0.1648455516381364,0.1648455516381364
4802,1756.7072136330983,2046.5060869090714,loaded:unit_ball_P2_h008_N5000_slepc_eigs.txt,289.79887327597316,289.79887327597316,0.16496708787153638,0.16496708787153638
4803,1756.7072136330983,2046.754586987255,loaded:unit_ball_P2_h008_N5000_slepc_eigs.txt,290.04737335415666,290.04737335415666,0.1651085457515149,0.1651085457515149
4804,1756.7072136330983,2046.8368379887088,loaded:unit_ball_P2_h008_N5000_slepc_eigs.txt,290.12962435561053,290.12962435561053,0.16515536687276694,0.16515536687276694
4805,1756.7072136330983,2047.0619734803786,loaded:unit_ball_P2_h008_N5000_slepc_eigs.txt,290.3547598472803,290.3547598472803,0.16528352453610584,0.16528352453610584
4806,1756.7072136330983,2047.6446239050267,loaded:unit_ball_P2_h008_N5000_slepc_eigs.txt,290.93741027192846,290.93741027192846,0.1656151964391563,0.1656151964391563
4807,1756.7072136330983,2047.7573300303247,loaded:unit_ball_P2_h008_N5000_slepc_eigs.txt,291.0501163972265,291.0501163972265,0.16567935404289547,0.16567935404289547
4808,1757.5425399938295,2047.9202385391159,loaded:unit_ball_P2_h008_N5000_slepc_eigs.txt,290.3776985452864,290.3776985452864,0.16521802001236677,0.16521802001236677
4809,1757.5425399938295,2048.308423934338,loaded:unit_ball_P2_h008_N5000_slepc_eigs.txt,290.7658839405085,290.7658839405085,0.1654388882908799,0.1654388882908799
4810,1757.5425399938295,2048.3860103724546,loaded:unit_ball_P2_h008_N5000_slepc_eigs.txt,290.84347037862517,290.84347037862517,0.16548303313309634,0.16548303313309634
4811,1757.5425399938295,2048.6880189114827,loaded:unit_ball_P2_h008_N5000_slepc_eigs.txt,291.14547891765324,291.14547891765324,0.1656548688253517,0.1656548688253517
4812,1757.5425399938295,2048.936814956686,loaded:unit_ball_P2_h008_N5000_slepc_eigs.txt,291.39427496285634,291.39427496285634,0.16579642787131593,0.16579642787131593
4813,1757.5425399938295,2048.9711020154355,loaded:unit_ball_P2_h008_N5000_slepc_eigs.txt,291.428562021606,291.428562021606,0.16581593639413655,0.16581593639413655
4814,1757.5425399938295,2049.2041815816096,loaded:unit_ball_P2_h008_N5000_slepc_eigs.txt,291.6616415877802,291.6616415877802,0.1659485531364744,0.1659485531364744
4815,1757.5425399938295,2049.6481314198,loaded:unit_ball_P2_h008_N5000_slepc_eigs.txt,292.1055914259705,292.1055914259705,0.1662011500597852,0.1662011500597852
4816,1757.5425399938295,2049.91946147985,loaded:unit_ball_P2_h008_N5000_slepc_eigs.txt,292.37692148602036,292.37692148602036,0.16635553042548085,0.16635553042548085
4817,1757.5425399938295,2049.9984697366826,loaded:unit_ball_P2_h008_N5000_slepc_eigs.txt,292.4559297428532,292.4559297428532,0.166400484248808,0.166400484248808
4818,1757.5425399938295,2050.420598993687,loaded:unit_ball_P2_h008_N5000_slepc_eigs.txt,292.87805899985733,292.87805899985733,0.166640665779211,0.166640665779211
4819,1757.5425399938295,2050.4472805507794,loaded:unit_ball_P2_h008_N5000_slepc_eigs.txt,292.90474055694995,292.90474055694995,0.166655846952062,0.166655846952062
4820,1757.5425399938295,2050.7599338147047,loaded:unit_ball_P2_h008_N5000_slepc_eigs.txt,293.21739382087526,293.21739382087526,0.16683373924019199,0.16683373924019199
4821,1757.5425399938295,2050.942838739603,loaded:unit_ball_P2_h008_N5000_slepc_eigs.txt,293.4002987457734,293.4002987457734,0.16693780780225298,0.16693780780225298
4822,1757.5425399938295,2051.338261818219,loaded:unit_ball_P2_h008_N5000_slepc_eigs.txt,293.7957218243896,293.7957218243896,0.1671627941508722,0.1671627941508722
4823,1757.5425399938295,2051.525254827734,loaded:unit_ball_P2_h008_N5000_slepc_eigs.txt,293.98271483390454,293.98271483390454,0.16726918873607274,0.16726918873607274
4824,1757.5425399938295,2051.815902553046,loaded:unit_ball_P2_h008_N5000_slepc_eigs.txt,294.27336255921637,294.27336255921637,0.16743456039490773,0.16743456039490773
4825,1757.5425399938295,2051.9456167552294,loaded:unit_ball_P2_h008_N5000_slepc_eigs.txt,294.4030767613999,294.4030767613999,0.16750836469792277,0.16750836469792277
4826,1757.5425399938295,2052.1940224697673,loaded:unit_ball_P2_h008_N5000_slepc_eigs.txt,294.6514824759379,294.6514824759379,0.16764970165500084,0.16764970165500084
4827,1757.5425399938295,2052.4414636181723,loaded:unit_ball_P2_h008_N5000_slepc_eigs.txt,294.89892362434284,294.89892362434284,0.1677904897968377,0.1677904897968377
4828,1757.5425399938295,2052.599491490655,loaded:unit_ball_P2_h008_N5000_slepc_eigs.txt,295.0569514968256,295.0569514968256,0.1678804039063894,0.1678804039063894
4829,1757.5425399938295,2052.827653019383,loaded:unit_ball_P2_h008_N5000_slepc_eigs.txt,295.2851130255535,295.2851130255535,0.1680102224021219,0.1680102224021219
4830,1757.5425399938295,2053.354428209847,loaded:unit_ball_P2_h008_N5000_slepc_eigs.txt,295.81188821601745,295.81188821601745,0.16830994498548868,0.16830994498548868
4831,1757.5425399938295,2053.620813492162,loaded:unit_ball_P2_h008_N5000_slepc_eigs.txt,296.0782734983327,296.0782734983327,0.16846151188998942,0.16846151188998942
4832,1757.5425399938295,2053.900376661637,loaded:unit_ball_P2_h008_N5000_slepc_eigs.txt,296.35783666780753,296.35783666780753,0.16862057669958191,0.16862057669958191
4833,1757.5425399938295,2054.041409102976,loaded:unit_ball_P2_h008_N5000_slepc_eigs.txt,296.49886910914665,296.49886910914665,0.16870082081210258,0.16870082081210258
4834,1757.5425399938295,2054.2303627420847,loaded:unit_ball_P2_h008_N5000_slepc_eigs.txt,296.68782274825526,296.68782274825526,0.16880833094901754,0.16880833094901754
4835,1757.5425399938295,2054.44322590388,loaded:unit_ball_P2_h008_N5000_slepc_eigs.txt,296.90068591005047,296.90068591005047,0.16892944503698493,0.16892944503698493
4836,1757.5425399938295,2055.001139676102,loaded:unit_ball_P2_h008_N5000_slepc_eigs.txt,297.4585996822725,297.4585996822725,0.16924688473447524,0.16924688473447524
4837,1757.5425399938295,2055.417696026535,loaded:unit_ball_P2_h008_N5000_slepc_eigs.txt,297.8751560327055,297.8751560327055,0.16948389541328046,0.16948389541328046
4838,1757.5425399938295,2055.6806862472226,loaded:unit_ball_P2_h008_N5000_slepc_eigs.txt,298.1381462533932,298.1381462533932,0.16963353060827757,0.16963353060827757
4839,1757.5425399938295,2055.992948856555,loaded:unit_ball_P2_h008_N5000_slepc_eigs.txt,298.45040886272545,298.45040886272545,0.1698112006232141,0.1698112006232141
4840,1757.5425399938295,2056.2528202927388,loaded:unit_ball_P2_h008_N5000_slepc_eigs.txt,298.7102802989093,298.7102802989093,0.1699590613038351,0.1699590613038351
4841,1757.5425399938295,2056.449888291834,loaded:unit_ball_P2_h008_N5000_slepc_eigs.txt,298.90734829800476,298.90734829800476,0.17007118831903448,0.17007118831903448
4842,1757.5425399938295,2056.6233613491436,loaded:unit_ball_P2_h008_N5000_slepc_eigs.txt,299.08082135531413,299.08082135531413,0.17016989037224906,0.17016989037224906
4843,1757.5425399938295,2056.9107183575534,loaded:unit_ball_P2_h008_N5000_slepc_eigs.txt,299.3681783637239,299.3681783637239,0.1703333896912532,0.1703333896912532
4844,1757.5425399938295,2056.989906173597,loaded:unit_ball_P2_h008_N5000_slepc_eigs.txt,299.4473661797674,299.4473661797674,0.1703784456795104,0.1703784456795104
4845,1757.5425399938295,2057.440485237156,loaded:unit_ball_P2_h008_N5000_slepc_eigs.txt,299.8979452433264,299.8979452433264,0.1706348144747491,0.1706348144747491
4846,1757.5425399938295,2057.6965085049083,loaded:unit_ball_P2_h008_N5000_slepc_eigs.txt,300.1539685110788,300.1539685110788,0.17078048563884696,0.17078048563884696
4847,1757.5425399938295,2057.8433770078946,loaded:unit_ball_P2_h008_N5000_slepc_eigs.txt,300.3008370140651,300.3008370140651,0.1708640503319592,0.1708640503319592
4848,1757.5425399938295,2058.376907770149,loaded:unit_ball_P2_h008_N5000_slepc_eigs.txt,300.8343677763196,300.8343677763196,0.1711676166753698,0.1711676166753698
4849,1757.5425399938295,2058.4698473777635,loaded:unit_ball_P2_h008_N5000_slepc_eigs.txt,300.927307383934,300.927307383934,0.17122049710671045,0.17122049710671045
4850,1757.5425399938295,2059.0211252052627,loaded:unit_ball_P2_h008_N5000_slepc_eigs.txt,301.47858521143326,301.47858521143326,0.17153416110911984,0.17153416110911984
4851,1757.5425399938295,2059.1646779942594,loaded:unit_ball_P2_h008_N5000_slepc_eigs.txt,301.6221380004299,301.6221380004299,0.17161583923965157,0.17161583923965157
4852,1757.5425399938295,2059.430779849121,loaded:unit_ball_P2_h008_N5000_slepc_eigs.txt,301.88823985529143,301.88823985529143,0.17176724488065667,0.17176724488065667
4853,1757.5425399938295,2059.56293733804,loaded:unit_ball_P2_h008_N5000_slepc_eigs.txt,302.0203973442103,302.0203973442103,0.17184243935584664,0.17184243935584664
4854,1757.5425399938295,2059.9391104356755,loaded:unit_ball_P2_h008_N5000_slepc_eigs.txt,302.39657044184605,302.39657044184605,0.1720564729220766,0.1720564729220766
4855,1765.8088602767787,2060.2400829945104,loaded:unit_ball_P2_h008_N5000_slepc_eigs.txt,294.43122271773177,294.43122271773177,0.16674014347825938,0.16674014347825938
4856,1765.8088602767787,2060.6558713398404,loaded:unit_ball_P2_h008_N5000_slepc_eigs.txt,294.8470110630617,294.8470110630617,0.16697560970265288,0.16697560970265288
4857,1765.8088602767787,2060.9651154108046,loaded:unit_ball_P2_h008_N5000_slepc_eigs.txt,295.15625513402597,295.15625513402597,0.167150738550356,0.167150738550356
4858,1765.8088602767787,2061.4944088301077,loaded:unit_ball_P2_h008_N5000_slepc_eigs.txt,295.685548553329,295.685548553329,0.16745048414072533,0.16745048414072533
4859,1765.8088602767787,2061.8881447920025,loaded:unit_ball_P2_h008_N5000_slepc_eigs.txt,296.0792845152239,296.0792845152239,0.1676734618201063,0.1676734618201063
4860,1765.8088602767787,2062.0868617555916,loaded:unit_ball_P2_h008_N5000_slepc_eigs.txt,296.27800147881294,296.27800147881294,0.16778599776216627,0.16778599776216627
4861,1765.8088602767787,2062.1050711102375,loaded:unit_ball_P2_h008_N5000_slepc_eigs.txt,296.2962108334589,296.2962108334589,0.1677963099511328,0.1677963099511328
4862,1765.8088602767787,2062.311848197456,loaded:unit_ball_P2_h008_N5000_slepc_eigs.txt,296.50298792067747,296.50298792067747,0.16791341044364372,0.16791341044364372
4863,1765.8088602767787,2063.017695858428,loaded:unit_ball_P2_h008_N5000_slepc_eigs.txt,297.2088355816493,297.2088355816493,0.16831314094497396,0.16831314094497396
4864,1765.8088602767787,2063.151319026636,loaded:unit_ball_P2_h008_N5000_slepc_eigs.txt,297.3424587498573,297.3424587498573,0.16838881344340456,0.16838881344340456
4865,1765.8088602767787,2063.3328379455293,loaded:unit_ball_P2_h008_N5000_slepc_eigs.txt,297.5239776687506,297.5239776687506,0.16849160991417594,0.16849160991417594
4866,1765.8088602767787,2063.806521181099,loaded:unit_ball_P2_h008_N5000_slepc_eigs.txt,297.99766090432036,297.99766090432036,0.16875986275072333,0.16875986275072333
4867,1765.8088602767787,2064.2039758137134,loaded:unit_ball_P2_h008_N5000_slepc_eigs.txt,298.3951155369348,298.3951155369348,0.16898494636059497,0.16898494636059497
4868,1765.8088602767787,2064.477984961092,loaded:unit_ball_P2_h008_N5000_slepc_eigs.txt,298.66912468431315,298.66912468431315,0.16914012122325559,0.16914012122325559
4869,1765.8088602767787,2064.8043009212374,loaded:unit_ball_P2_h008_N5000_slepc_eigs.txt,298.99544064445877,298.99544064445877,0.16932491809877612,0.16932491809877612
4870,1765.8088602767787,2065.0268840654694,loaded:unit_ball_P2_h008_N5000_slepc_eigs.txt,299.21802378869074,299.21802378869074,0.16945096976225973,0.16945096976225973
4871,1765.8088602767787,2065.257504521947,loaded:unit_ball_P2_h008_N5000_slepc_eigs.txt,299.4486442451682,299.4486442451682,0.16958157305781763,0.16958157305781763
4872,1765.8088602767787,2065.517663274612,loaded:unit_ball_P2_h008_N5000_slepc_eigs.txt,299.70880299783335,299.70880299783335,0.16972890426592152,0.16972890426592152
4873,1765.8088602767787,2065.618822801568,loaded:unit_ball_P2_h008_N5000_slepc_eigs.txt,299.8099625247894,299.8099625247894,0.16978619219171673,0.16978619219171673
4874,1765.8088602767787,2065.8169206103667,loaded:unit_ball_P2_h008_N5000_slepc_eigs.txt,300.008060333588,300.008060333588,0.16989837749854972,0.16989837749854972
4875,1765.8088602767787,2066.563255900608,loaded:unit_ball_P2_h008_N5000_slepc_eigs.txt,300.7543956238294,300.7543956238294,0.17032103665891005,0.17032103665891005
4876,1765.8088602767787,2066.845152559551,loaded:unit_ball_P2_h008_N5000_slepc_eigs.txt,301.03629228277237,301.03629228277237,0.1704806783196155,0.1704806783196155
4877,1765.8088602767787,2066.988068356336,loaded:unit_ball_P2_h008_N5000_slepc_eigs.txt,301.1792080795574,301.1792080795574,0.17056161335171327,0.17056161335171327
4878,1765.8088602767787,2067.2136331120732,loaded:unit_ball_P2_h008_N5000_slepc_eigs.txt,301.4047728352946,301.4047728352946,0.17068935353968687,0.17068935353968687
4879,1765.8088602767787,2067.479969149309,loaded:unit_ball_P2_h008_N5000_slepc_eigs.txt,301.67110887253034,301.67110887253034,0.17084018302255286,0.17084018302255286
4880,1765.8088602767787,2067.8050560083184,loaded:unit_ball_P2_h008_N5000_slepc_eigs.txt,301.99619573153973,301.99619573153973,0.17102428384247878,0.17102428384247878
4881,1765.8088602767787,2067.8399675212227,loaded:unit_ball_P2_h008_N5000_slepc_eigs.txt,302.031107244444,302.031107244444,0.17104405467594191,0.17104405467594191
4882,1765.8088602767787,2068.2419731463756,loaded:unit_ball_P2_h008_N5000_slepc_eigs.txt,302.4331128695969,302.4331128695969,0.17127171557072862,0.17127171557072862
4883,1765.8088602767787,2068.4481291044713,loaded:unit_ball_P2_h008_N5000_slepc_eigs.txt,302.6392688276926,302.6392688276926,0.17138846430992308,0.17138846430992308
4884,1765.8088602767787,2069.092863936369,loaded:unit_ball_P2_h008_N5000_slepc_eigs.txt,303.28400365959055,303.28400365959055,0.1717535858394395,0.1717535858394395
4885,1765.8088602767787,2069.309085448243,loaded:unit_ball_P2_h008_N5000_slepc_eigs.txt,303.5002251714643,303.5002251714643,0.17187603482966593,0.17187603482966593
4886,1765.8088602767787,2069.8860565798586,loaded:unit_ball_P2_h008_N5000_slepc_eigs.txt,304.07719630308,304.07719630308,0.17220278091447447,0.17220278091447447
4887,1765.8088602767787,2070.4265275699104,loaded:unit_ball_P2_h008_N5000_slepc_eigs.txt,304.6176672931317,304.6176672931317,0.17250885650521933,0.17250885650521933
4888,1765.8088602767787,2070.8745389960827,loaded:unit_ball_P2_h008_N5000_slepc_eigs.txt,305.06567871930406,305.06567871930406,0.1727625710698309,0.1727625710698309
4889,1765.8088602767787,2071.188621830431,loaded:unit_ball_P2_h008_N5000_slepc_eigs.txt,305.37976155365254,305.37976155365254,0.17294044017073645,0.17294044017073645
4890,1765.8088602767787,2071.487535651374,loaded:unit_ball_P2_h008_N5000_slepc_eigs.txt,305.6786753745953,305.6786753745953,0.1731097188665608,0.1731097188665608
4891,1765.8088602767787,2071.9369398612534,loaded:unit_ball_P2_h008_N5000_slepc_eigs.txt,306.1280795844748,306.1280795844748,0.1733642221822872,0.1733642221822872
4892,1765.8088602767787,2072.217195398938,loaded:unit_ball_P2_h008_N5000_slepc_eigs.txt,306.40833512215954,306.40833512215954,0.1735229344551664,0.1735229344551664
4893,1765.8088602767787,2072.517977302077,loaded:unit_ball_P2_h008_N5000_slepc_eigs.txt,306.70911702529816,306.70911702529816,0.17369327106968052,0.17369327106968052
4894,1765.8088602767787,2072.675204704728,loaded:unit_ball_P2_h008_N5000_slepc_eigs.txt,306.86634442794934,306.86634442794934,0.17378231094607266,0.17378231094607266
4895,1765.8088602767787,2073.1371388425036,loaded:unit_ball_P2_h008_N5000_slepc_eigs.txt,307.328278565725,307.328278565725,0.1740439101192149,0.1740439101192149
4896,1768.5739398234382,2073.8027576264235,loaded:unit_ball_P2_h008_N5000_slepc_eigs.txt,305.2288178029853,305.2288178029853,0.17258470846486473,0.17258470846486473
4897,1768.5739398234382,2074.2862996029894,loaded:unit_ball_P2_h008_N5000_slepc_eigs.txt,305.7123597795512,305.7123597795512,0.1728581163024891,0.1728581163024891
4898,1768.5739398234382,2074.3709200641892,loaded:unit_ball_P2_h008_N5000_slepc_eigs.txt,305.79698024075105,305.79698024075105,0.17290596302198122,0.17290596302198122
4899,1768.5739398234382,2074.5117171601546,loaded:unit_ball_P2_h008_N5000_slepc_eigs.txt,305.9377773367164,305.9377773367164,0.17298557354478436,0.17298557354478436
4900,1768.5739398234382,2075.1815242167627,loaded:unit_ball_P2_h008_N5000_slepc_eigs.txt,306.6075843933245,306.6075843933245,0.1733643007450025,0.1733643007450025
4901,1768.5739398234382,2075.892178241297,loaded:unit_ball_P2_h008_N5000_slepc_eigs.txt,307.318238417859,307.318238417859,0.17376612393629381,0.17376612393629381
4902,1768.5739398234382,2076.185333290708,loaded:unit_ball_P2_h008_N5000_slepc_eigs.txt,307.61139346726986,307.61139346726986,0.17393188180641156,0.17393188180641156
4903,1768.5739398234382,2076.4230166836155,loaded:unit_ball_P2_h008_N5000_slepc_eigs.txt,307.8490768601773,307.8490768601773,0.1740662744871785,0.1740662744871785
4904,1768.5739398234382,2076.6094888631196,loaded:unit_ball_P2_h008_N5000_slepc_eigs.txt,308.0355490396814,308.0355490396814,0.17417171094946332,0.17417171094946332
4905,1768.5739398234382,2077.220998767047,loaded:unit_ball_P2_h008_N5000_slepc_eigs.txt,308.64705894360895,308.64705894360895,0.17451747534763634,0.17451747534763634
4906,1768.5739398234382,2077.348385362434,loaded:unit_ball_P2_h008_N5000_slepc_eigs.txt,308.7744455389957,308.7744455389957,0.17458950320721198,0.17458950320721198
4907,1773.8381960325028,2077.9861795324723,loaded:unit_ball_P2_h008_N5000_slepc_eigs.txt,304.14798349996954,304.14798349996954,0.17146320570853044,0.17146320570853044
4908,1773.8381960325028,2078.573568229496,loaded:unit_ball_P2_h008_N5000_slepc_eigs.txt,304.735372196993,304.735372196993,0.17179434566162044,0.17179434566162044
4909,1773.8381960325028,2078.7441206305184,loaded:unit_ball_P2_h008_N5000_slepc_eigs.txt,304.90592459801564,304.90592459801564,0.17189049445433677,0.17189049445433677
4910,1773.8381960325028,2079.0792315681265,loaded:unit_ball_P2_h008_N5000_slepc_eigs.txt,305.2410355356237,305.2410355356237,0.17207941300302831,0.17207941300302831
4911,1773.8381960325028,2079.4550658547478,loaded:unit_ball_P2_h008_N5000_slepc_eigs.txt,305.616869822245,305.616869822245,0.17229128931027093,0.17229128931027093
4912,1773.8381960325028,2079.5813372712,loaded:unit_ball_P2_h008_N5000_slepc_eigs.txt,305.74314123869726,305.74314123869726,0.17236247472996405,0.17236247472996405
4913,1773.8381960325028,2080.228065576704,loaded:unit_ball_P2_h008_N5000_slepc_eigs.txt,306.38986954420125,306.38986954420125,0.17272706734441473,0.17272706734441473
4914,1773.8381960325028,2080.688416959461,loaded:unit_ball_P2_h008_N5000_slepc_eigs.txt,306.8502209269582,306.8502209269582,0.17298659010347278,0.17298659010347278
4915,1773.8381960325028,2081.199476605391,loaded:unit_ball_P2_h008_N5000_slepc_eigs.txt,307.36128057288806,307.36128057288806,0.17327469960921743,0.17327469960921743
4916,1773.8381960325028,2081.608755284822,loaded:unit_ball_P2_h008_N5000_slepc_eigs.txt,307.77055925231934,307.77055925231934,0.17350543016871645,0.17350543016871645
4917,1773.8381960325028,2082.0243701626177,loaded:unit_ball_P2_h008_N5000_slepc_eigs.txt,308.186174130115,308.186174130115,0.1737397327554604,0.1737397327554604
4918,1773.8381960325028,2082.3652790582037,loaded:unit_ball_P2_h008_N5000_slepc_eigs.txt,308.5270830257009,308.5270830257009,0.17393191989876827,0.17393191989876827
4919,1773.8381960325028,2082.602896315819,loaded:unit_ball_P2_h008_N5000_slepc_eigs.txt,308.7647002833164,308.7647002833164,0.17406587645588098,0.17406587645588098
4920,1773.8381960325028,2083.2921928016654,loaded:unit_ball_P2_h008_N5000_slepc_eigs.txt,309.4539967691626,309.4539967691626,0.1744544668512101,0.1744544668512101
4921,1773.8381960325028,2083.952071581027,loaded:unit_ball_P2_h008_N5000_slepc_eigs.txt,310.11387554852445,310.11387554852445,0.17482647303578647,0.17482647303578647
4922,1773.8381960325028,2084.1380471576144,loaded:unit_ball_P2_h008_N5000_slepc_eigs.txt,310.2998511251117,310.2998511251117,0.17493131663257178,0.17493131663257178
4923,1773.8381960325028,2084.441582621892,loaded:unit_ball_P2_h008_N5000_slepc_eigs.txt,310.6033865893892,310.6033865893892,0.17510243453101168,0.17510243453101168
4924,1773.8381960325028,2084.8615922578706,loaded:unit_ball_P2_h008_N5000_slepc_eigs.txt,311.02339622536783,311.02339622536783,0.17533921465950258,0.17533921465950258
4925,1773.8381960325028,2085.2865257881613,loaded:unit_ball_P2_h008_N5000_slepc_eigs.txt,311.4483297556585,311.4483297556585,0.17557877062985044,0.17557877062985044
4926,1773.8381960325028,2085.7814553514604,loaded:unit_ball_P2_h008_N5000_slepc_eigs.txt,311.94325931895764,311.94325931895764,0.17585778681317887,0.17585778681317887
4927,1773.8381960325028,2086.7306217271143,loaded:unit_ball_P2_h008_N5000_slepc_eigs.txt,312.8924256946116,312.8924256946116,0.1763928786709238,0.1763928786709238
4928,1773.8381960325028,2087.1583141541023,loaded:unit_ball_P2_h008_N5000_slepc_eigs.txt,313.32011812159953,313.32011812159953,0.17663398996728924,0.17663398996728924
4929,1773.8381960325028,2087.8250864169945,loaded:unit_ball_P2_h008_N5000_slepc_eigs.txt,313.98689038449174,313.98689038449174,0.1770098823482198,0.1770098823482198
4930,1773.8381960325028,2089.39674690728,loaded:unit_ball_P2_h008_N5000_slepc_eigs.txt,315.5585508747772,315.5585508747772,0.1778959048128396,0.1778959048128396
4931,1773.8381960325028,2090.370488544883,loaded:unit_ball_P2_h008_N5000_slepc_eigs.txt,316.5322925123801,316.5322925123801,0.178444850956733,0.178444850956733
4932,1786.711896456866,2090.9858823181785,loaded:unit_ball_P2_h008_N5000_slepc_eigs.txt,304.27398586131244,304.27398586131244,0.17029829289473145,0.17029829289473145
4933,1786.711896456866,2091.7276414745997,loaded:unit_ball_P2_h008_N5000_slepc_eigs.txt,305.0157450177337,305.0157450177337,0.17071344609200528,0.17071344609200528
4934,1786.711896456866,2092.679622783275,loaded:unit_ball_P2_h008_N5000_slepc_eigs.txt,305.9677263264091,305.9677263264091,0.17124625796310952,0.17124625796310952
4935,1786.711896456866,2093.6126961113237,loaded:unit_ball_P2_h008_N5000_slepc_eigs.txt,306.9007996544576,306.9007996544576,0.17176848727713537,0.17176848727713537
4936,1786.711896456866,2096.595178150869,loaded:unit_ball_P2_h008_N5000_slepc_eigs.txt,309.8832816940028,309.8832816940028,0.17343774466858142,0.17343774466858142
4937,1786.711896456866,2098.5502301963384,loaded:unit_ball_P2_h008_N5000_slepc_eigs.txt,311.8383337394723,311.8383337394723,0.17453196251609587,0.17453196251609587
4938,1786.711896456866,2100.0030312387726,loaded:unit_ball_P2_h008_N5000_slepc_eigs.txt,313.2911347819065,313.2911347819065,0.17534507684376963,0.17534507684376963
4939,1796.7352166594221,2101.8409621581573,loaded:unit_ball_P2_h008_N5000_slepc_eigs.txt,305.10574549873513,305.10574549873513,0.16981119013518456,0.16981119013518456
4940,1796.7352166594221,2107.5875983699907,loaded:unit_ball_P2_h008_N5000_slepc_eigs.txt,310.8523817105686,310.8523817105686,0.17300956692356736,0.17300956692356736
4941,1796.7352166594221,2108.4003755988315,loaded:unit_ball_P2_h008_N5000_slepc_eigs.txt,311.66515893940937,311.66515893940937,0.1734619303109517,0.1734619303109517
4942,1816.1329030420968,2109.7431859373664,loaded:unit_ball_P2_h008_N5000_slepc_eigs.txt,293.6102828952696,293.6102828952696,0.16166783961870873,0.16166783961870873
4943,1816.1329030420968,2110.827889820786,loaded:unit_ball_P2_h008_N5000_slepc_eigs.txt,294.6949867786891,294.6949867786891,0.162265099809085,0.162265099809085
4944,1816.1329030420968,2111.8396014327645,loaded:unit_ball_P2_h008_N5000_slepc_eigs.txt,295.7066983906677,295.7066983906677,0.16282216895875126,0.16282216895875126
4945,1816.1329030420968,2112.85601408108,loaded:unit_ball_P2_h008_N5000_slepc_eigs.txt,296.72311103898323,296.72311103898323,0.16338182659537742,0.16338182659537742
4946,1816.1329030420968,2113.7224616761723,loaded:unit_ball_P2_h008_N5000_slepc_eigs.txt,297.5895586340755,297.5895586340755,0.16385891040000478,0.16385891040000478
4947,1816.1329030420968,2114.6409438604633,loaded:unit_ball_P2_h008_N5000_slepc_eigs.txt,298.50804081836645,298.50804081836645,0.16436464551594945,0.16436464551594945
4948,1816.1329030420968,2114.9563854602966,loaded:unit_ball_P2_h008_N5000_slepc_eigs.txt,298.8234824181998,298.8234824181998,0.16453833412613045,0.16453833412613045
4949,1816.1329030420968,2115.4274054566104,loaded:unit_ball_P2_h008_N5000_slepc_eigs.txt,299.29450241451354,299.29450241451354,0.16479768739015907,0.16479768739015907
4950,1816.1329030420968,2115.636576144234,loaded:unit_ball_P2_h008_N5000_slepc_eigs.txt,299.5036731021371,299.5036731021371,0.16491286105794142,0.16491286105794142
4951,1816.1329030420968,2116.018122936613,loaded:unit_ball_P2_h008_N5000_slepc_eigs.txt,299.88521989451624,299.88521989451624,0.1651229485420347,0.1651229485420347
4952,1816.1329030420968,2116.7347256244366,loaded:unit_ball_P2_h008_N5000_slepc_eigs.txt,300.60182258233976,300.60182258233976,0.16551752466948835,0.16551752466948835
4953,1816.1329030420968,2116.9202096667605,loaded:unit_ball_P2_h008_N5000_slepc_eigs.txt,300.78730662466364,300.78730662466364,0.1656196559848856,0.1656196559848856
4954,1816.1329030420968,2117.454447648493,loaded:unit_ball_P2_h008_N5000_slepc_eigs.txt,301.3215446063962,301.3215446063962,0.16591381836740599,0.16591381836740599
4955,1816.1329030420968,2117.7353154891903,loaded:unit_ball_P2_h008_N5000_slepc_eigs.txt,301.60241244709346,301.60241244709346,0.1660684699571805,0.1660684699571805
4956,1816.1329030420968,2118.1331504654927,loaded:unit_ball_P2_h008_N5000_slepc_eigs.txt,302.0002474233959,302.0002474233959,0.16628752604918567,0.16628752604918567
4957,1816.1329030420968,2118.207929987052,loaded:unit_ball_P2_h008_N5000_slepc_eigs.txt,302.0750269449552,302.0750269449552,0.16632870118644247,0.16632870118644247
4958,1816.1329030420968,2118.5748699704927,loaded:unit_ball_P2_h008_N5000_slepc_eigs.txt,302.4419669283959,302.4419669283959,0.16653074586215208,0.16653074586215208
4959,1816.1329030420968,2119.452693572639,loaded:unit_ball_P2_h008_N5000_slepc_eigs.txt,303.31979053054215,303.31979053054215,0.16701409352942678,0.16701409352942678
4960,1816.1329030420968,2119.8683607085277,loaded:unit_ball_P2_h008_N5000_slepc_eigs.txt,303.7354576664309,303.7354576664309,0.16724296837398936,0.16724296837398936
4961,1816.1329030420968,2120.183714836917,loaded:unit_ball_P2_h008_N5000_slepc_eigs.txt,304.05081179482,304.05081179482,0.16741660882060033,0.16741660882060033
4962,1816.1329030420968,2120.326318161814,loaded:unit_ball_P2_h008_N5000_slepc_eigs.txt,304.1934151197172,304.1934151197172,0.1674951291340963,0.1674951291340963
4963,1816.1329030420968,2120.8188938160274,loaded:unit_ball_P2_h008_N5000_slepc_eigs.txt,304.6859907739306,304.6859907739306,0.1677663513851707,0.1677663513851707
4964,1816.1329030420968,2121.066063849889,loaded:unit_ball_P2_h008_N5000_slepc_eigs.txt,304.9331608077921,304.9331608077921,0.1679024482718289,0.1679024482718289
4965,1816.1329030420968,2121.248968996537,loaded:unit_ball_P2_h008_N5000_slepc_eigs.txt,305.11606595444005,305.11606595444005,0.16800315959440973,0.16800315959440973
4966,1816.1329030420968,2121.63315654382,loaded:unit_ball_P2_h008_N5000_slepc_eigs.txt,305.50025350172314,305.50025350172314,0.1682147011322782,0.1682147011322782
4967,1816.1329030420968,2122.0669604719674,loaded:unit_ball_P2_h008_N5000_slepc_eigs.txt,305.93405742987056,305.93405742987056,0.16845356246639137,0.16845356246639137
4968,1816.1329030420968,2122.25885261798,loaded:unit_ball_P2_h008_N5000_slepc_eigs.txt,306.1259495758834,306.1259495758834,0.16855922221502068,0.16855922221502068
4969,1816.1329030420968,2122.4779695315415,loaded:unit_ball_P2_h008_N5000_slepc_eigs.txt,306.34506648944466,306.34506648944466,0.16867987247866287,0.16867987247866287
4970,1816.1329030420968,2122.6243921255427,loaded:unit_ball_P2_h008_N5000_slepc_eigs.txt,306.4914890834459,306.4914890834459,0.1687604957600075,0.1687604957600075
4971,1816.1329030420968,2123.1051443687093,loaded:unit_ball_P2_h008_N5000_slepc_eigs.txt,306.97224132661245,306.97224132661245,0.1690252077986261,0.1690252077986261
4972,1816.1329030420968,2123.388866400611,loaded:unit_ball_P2_h008_N5000_slepc_eigs.txt,307.255963358514,307.255963358514,0.16918143096457738,0.16918143096457738
4973,1816.1329030420968,2123.5257110574466,loaded:unit_ball_P2_h008_N5000_slepc_eigs.txt,307.39280801534983,307.39280801534983,0.1692567804374087,0.1692567804374087
4974,1816.1329030420968,2123.9154916547745,loaded:unit_ball_P2_h008_N5000_slepc_eigs.txt,307.7825886126777,307.7825886126777,0.1694714016232674,0.1694714016232674
4975,1816.1329030420968,2124.1660904950145,loaded:unit_ball_P2_h008_N5000_slepc_eigs.txt,308.0331874529177,308.0331874529177,0.16960938648099458,0.16960938648099458
4976,1816.1329030420968,2124.338755187187,loaded:unit_ball_P2_h008_N5000_slepc_eigs.txt,308.20585214509015,308.20585214509015,0.16970445919945218,0.16970445919945218
4977,1816.1329030420968,2124.6187103518964,loaded:unit_ball_P2_h008_N5000_slepc_eigs.txt,308.4858073097996,308.4858073097996,0.16985860825112153,0.16985860825112153
4978,1816.1329030420968,2125.208848177248,loaded:unit_ball_P2_h008_N5000_slepc_eigs.txt,309.0759451351512,309.0759451351512,0.17018355023326562,0.17018355023326562
4979,1816.1329030420968,2126.0524204190783,loaded:unit_ball_P2_h008_N5000_slepc_eigs.txt,309.9195173769815,309.9195173769815,0.17064803839953213,0.17064803839953213
4980,1816.1329030420968,2126.1316344079523,loaded:unit_ball_P2_h008_N5000_slepc_eigs.txt,309.9987313658555,309.9987313658555,0.17069165524538155,0.17069165524538155
4981,1816.1329030420968,2126.3774800945457,loaded:unit_ball_P2_h008_N5000_slepc_eigs.txt,310.2445770524489,310.2445770524489,0.17082702291928997,0.17082702291928997
4982,1816.1329030420968,2126.597552477299,loaded:unit_ball_P2_h008_N5000_slepc_eigs.txt,310.4646494352021,310.4646494352021,0.17094819928385258,0.17094819928385258
4983,1816.1329030420968,2126.9991672681817,loaded:unit_ball_P2_h008_N5000_slepc_eigs.txt,310.8662642260849,310.8662642260849,0.17116933661923708,0.17116933661923708
4984,1816.1329030420968,2127.203281521319,loaded:unit_ball_P2_h008_N5000_slepc_eigs.txt,311.070378479222,311.070378479222,0.17128172611055412,0.17128172611055412
4985,1816.1329030420968,2127.4367157000993,loaded:unit_ball_P2_h008_N5000_slepc_eigs.txt,311.30381265800247,311.30381265800247,0.17141025975387367,0.17141025975387367
4986,1816.1329030420968,2127.536675155548,loaded:unit_ball_P2_h008_N5000_slepc_eigs.txt,311.40377211345117,311.40377211345117,0.1714652994788196,0.1714652994788196
4987,1816.1329030420968,2128.016814153668,loaded:unit_ball_P2_h008_N5000_slepc_eigs.txt,311.883911111571,311.883911111571,0.17172967385214635,0.17172967385214635
4988,1816.1329030420968,2128.3772262510956,loaded:unit_ball_P2_h008_N5000_slepc_eigs.txt,312.2443232089988,312.2443232089988,0.17192812414002126,0.17192812414002126
4989,1816.1329030420968,2128.4671462810634,loaded:unit_ball_P2_h008_N5000_slepc_eigs.txt,312.33424323896656,312.33424323896656,0.17197763595152862,0.17197763595152862
4990,1816.1329030420968,2128.667345338387,loaded:unit_ball_P2_h008_N5000_slepc_eigs.txt,312.5344422962901,312.5344422962901,0.17208786965578463,0.17208786965578463
4991,1816.1329030420968,2128.897558620857,loaded:unit_ball_P2_h008_N5000_slepc_eigs.txt,312.7646555787603,312.7646555787603,0.17221462980758,0.17221462980758
4992,1816.1329030420968,2129.2017265684517,loaded:unit_ball_P2_h008_N5000_slepc_eigs.txt,313.0688235263549,313.0688235263549,0.17238211091377278,0.17238211091377278
4993,1816.1329030420968,2129.5509954746144,loaded:unit_ball_P2_h008_N5000_slepc_eigs.txt,313.4180924325176,313.4180924325176,0.17257442553214553,0.17257442553214553
4994,1816.1329030420968,2129.6668307932673,loaded:unit_ball_P2_h008_N5000_slepc_eigs.txt,313.5339277511705,313.5339277511705,0.17263820683276448,0.17263820683276448
4995,1816.1329030420968,2129.973390231792,loaded:unit_ball_P2_h008_N5000_slepc_eigs.txt,313.8404871896953,313.8404871896953,0.17280700474287958,0.17280700474287958
4996,1816.1329030420968,2130.152651253679,loaded:unit_ball_P2_h008_N5000_slepc_eigs.txt,314.01974821158205,314.01974821158205,0.1729057095356767,0.1729057095356767
4997,1822.2355722008274,2130.4479920593394,loaded:unit_ball_P2_h008_N5000_slepc_eigs.txt,308.212419858512,308.212419858512,0.16913972296472332,0.16913972296472332
4998,1822.2355722008274,2131.1282965773507,loaded:unit_ball_P2_h008_N5000_slepc_eigs.txt,308.89272437652335,308.89272437652335,0.16951305807484285,0.16951305807484285
4999,1822.2355722008274,2131.378353744889,loaded:unit_ball_P2_h008_N5000_slepc_eigs.txt,309.14278154406156,309.14278154406156,0.16965028356388115,0.16965028356388115
5000,1822.2355722008274,2131.5776762476025,loaded:unit_ball_P2_h008_N5000_slepc_eigs.txt,309.34210404677515,309.34210404677515,0.16975966706278456,0.16975966706278456
