9.8848782405296287e+00
2.0222428292486899e+01
2.0222480469643102e+01
2.0222743713006281e+01
3.3271455483757272e+01
3.3271588272920056e+01
3.3271704536983897e+01
3.3272047222994530e+01
3.3272281829943914e+01
3.9545194045580260e+01
4.8915699356819260e+01
4.8915925887652207e+01
4.8916043526265184e+01
4.8916293809097382e+01
4.8916696132654891e+01
4.8916955608597384e+01
4.8917200772112039e+01
5.9790847673608958e+01
5.9791443223305720e+01
5.9792209942603002e+01
6.7081538897937719e+01
6.7081779937932964e+01
6.7082314221091423e+01
6.7082481088191201e+01
6.7082829186299193e+01
6.7083071001943352e+01
6.7083550013320433e+01
6.7083611857832651e+01
6.7084371055120727e+01
8.2897285995533082e+01
8.2897442986263499e+01
8.2898321197694784e+01
8.2898725069762691e+01
8.2900580027464628e+01
8.7719298068354163e+01
8.7720435390643075e+01
8.7720999860775066e+01
8.7721226861138547e+01
8.7721374049881746e+01
8.7721679306900128e+01
8.7722380249718938e+01
8.7722894329566856e+01
8.7723207086022668e+01
8.7723529408907652e+01
8.7724580940478262e+01
8.9028591994413105e+01
1.0879478379979578e+02
1.0879524007607661e+02
1.0879588598213226e+02
1.0879675646624582e+02
1.0879854083005374e+02
1.0879938764295453e+02
1.0879968432503806e+02
1.1079692413225403e+02
1.1079723999602942e+02
1.1079836101970758e+02
1.1079902817179236e+02
1.1079976800376036e+02
1.1080030674896456e+02
1.1080058614170886e+02
1.1080108458642906e+02
1.1080173439101311e+02
1.1080335199666121e+02
1.1080365270106410e+02
1.1080448655715377e+02
1.1080505151151002e+02
1.1923274348773541e+02
1.1923592457538837e+02
1.1923872612277263e+02
1.3629197979000188e+02
1.3629384910144515e+02
1.3629461565865384e+02
1.3629515038295665e+02
1.3629551161665808e+02
1.3629655744933777e+02
1.3629812061662486e+02
1.3629874406691522e+02
1.3629991505142570e+02
1.3630060236585371e+02
1.3630168450727936e+02
1.3630290963827960e+02
1.3630404735551053e+02
1.3630566970083169e+02
1.3630618756895282e+02
1.3743015431971000e+02
1.3743500071079032e+02
1.3743627524461942e+02
1.3743764994019318e+02
1.3743859424058789e+02
1.3743964758205740e+02
1.3744068423731733e+02
1.3744394602389423e+02
1.3744430165731819e+02
1.5238920871581354e+02
1.5239186167781202e+02
1.5239558090230329e+02
1.5239913370806821e+02
1.5240688587907604e+02
1.5850326605077933e+02
1.6419479832173488e+02
1.6419589152624192e+02
1.6419732951999720e+02
1.6419882276414970e+02
1.6419998958687140e+02
1.6420147032232154e+02
1.6420214093125944e+02
1.6420433459940557e+02
1.6420658428913848e+02
1.6420714833238313e+02
1.6420824400298781e+02
1.6420967141317612e+02
1.6421042887834551e+02
1.6421281685755824e+02
1.6421424164414969e+02
1.6421614184402537e+02
1.6422291270396411e+02
1.6877688554412123e+02
1.6878311228662540e+02
1.6878461794093462e+02
1.6878733954329354e+02
1.6878961741941319e+02
1.6879226453761163e+02
1.6879303687085024e+02
1.6879442881586886e+02
1.6879802018726673e+02
1.6879940632358196e+02
1.6880520642938737e+02
1.8847690937313803e+02
1.8848278256677872e+02
1.8848797337185309e+02
1.8848993856354926e+02
1.8849255827856649e+02
1.8849751092255232e+02
1.8850232427481362e+02
1.9450190507106063e+02
1.9450564720072737e+02
1.9450643048456939e+02
1.9450938202053851e+02
1.9451106683872194e+02
1.9451205160216790e+02
1.9451538594877724e+02
1.9451592290456296e+02
1.9451773428515813e+02
1.9451926378159126e+02
1.9452130666525957e+02
1.9452439028124144e+02
1.9452557807978280e+02
1.9452752144472552e+02
1.9453018035290725e+02
1.9453243599647757e+02
1.9453537836310093e+02
1.9453747629188382e+02
1.9454294857749412e+02
1.9880748773065196e+02
1.9883522952242419e+02
1.9883962265521924e+02
2.0281505679665341e+02
2.0282452354679972e+02
2.0282988317781093e+02
2.0283068334075583e+02
2.0283243933794330e+02
2.0283767685989690e+02
2.0283888961634668e+02
2.0284093840503601e+02
2.0284625085190802e+02
2.0285034147284756e+02
2.0285248079464176e+02
2.0285471070815652e+02
2.0286115732278776e+02
2.2720961405766568e+02
2.2721885003254602e+02
2.2722015788183842e+02
2.2722338777469957e+02
2.2723205179125534e+02
2.2723325299805367e+02
2.2723655292831438e+02
2.2724067458091039e+02
2.2724392208298079e+02
2.2724572001328048e+02
2.2725103789161500e+02
2.2725563779831234e+02
2.2725621369730385e+02
2.2725892445832358e+02
2.2725984995141832e+02
2.2726509041354646e+02
2.2726960652614784e+02
2.2727440611145693e+02
2.2727837927314323e+02
2.2728342227913177e+02
2.2728677163133403e+02
2.2747843734391685e+02
2.2748755011266280e+02
2.2749334254836108e+02
2.2749663331233509e+02
2.2750106070768581e+02
2.2750587093840349e+02
2.2751737854556492e+02
2.2752050326743097e+02
2.2752850901002552e+02
2.3954592486955170e+02
2.3955497142189594e+02
2.3956236220131103e+02
2.3956871411223199e+02
2.3957071919418803e+02
2.3957233945781633e+02
2.3957836197264953e+02
2.3958247740490427e+02
2.3958553321860489e+02
2.3959070996329595e+02
2.3959289607364235e+02
2.3959416012144550e+02
2.3959949929784483e+02
2.3960429993128179e+02
2.3961968975522456e+02
2.4219521856679378e+02
2.4222040348622178e+02
2.4222612259654534e+02
2.4224241960932017e+02
2.4226971710227988e+02
2.4836125489860331e+02
2.6234724144843562e+02
2.6236001807003362e+02
2.6236951935117060e+02
2.6237568985713523e+02
2.6238178430296085e+02
2.6238410545129193e+02
2.6238547947077967e+02
2.6239012541728584e+02
2.6239479099253299e+02
2.6239796194799061e+02
2.6239880751420731e+02
2.6241055385064254e+02
2.6241160581854479e+02
2.6241422095157122e+02
2.6242289048141112e+02
2.6242750454353086e+02
2.6243145426034800e+02
2.6243435973877024e+02
2.6243872022203345e+02
2.6244263870656340e+02
2.6245083519067509e+02
2.6246675932481469e+02
2.6247139616282823e+02
2.6939848481483909e+02
2.6940054253145735e+02
2.6940796122993709e+02
2.6942158006514012e+02
2.6943434275803639e+02
2.6943878717640627e+02
2.6944493196860986e+02
2.6945847407105708e+02
2.6946496086483671e+02
2.6948561081485911e+02
2.6949010474035873e+02
2.7896971787548989e+02
2.7897951866298445e+02
2.7898233624765857e+02
2.7899285878268324e+02
2.7900022422208724e+02
2.7900704457914907e+02
2.7901011221036538e+02
2.7901422694725409e+02
2.7902651215459474e+02
2.7903579015088678e+02
2.7904322860199278e+02
2.7905383542475198e+02
2.7906257240172266e+02
2.7906770852543667e+02
2.7906952157439616e+02
2.7907801221647662e+02
2.7908610260850463e+02
2.8868375082660140e+02
2.8871814481310315e+02
2.8873478088719128e+02
2.8875027056498857e+02
2.8875924744161438e+02
2.8879337542303682e+02
2.8879766635416644e+02
2.9906634150694271e+02
2.9911747602100064e+02
2.9914829903315433e+02
2.9993043456145483e+02
2.9994266589553115e+02
2.9995120652368240e+02
2.9995445379762651e+02
2.9996007906618200e+02
2.9997084653500826e+02
2.9998251046656463e+02
2.9999134980006357e+02
2.9999715770090387e+02
3.0000008106935047e+02
3.0000287175868283e+02
3.0001535870458463e+02
3.0001911030298243e+02
3.0002276756093283e+02
3.0002940175619977e+02
3.0004116459877997e+02
3.0004631576260772e+02
3.0005724822704371e+02
3.0006774403039446e+02
3.0007072019891655e+02
3.0007949376159712e+02
3.0008497281570584e+02
3.0009631009238126e+02
3.0010837458917263e+02
3.0011363153845315e+02
3.1421838047137555e+02
3.1428070382530666e+02
3.1428430557855148e+02
3.1429332597048773e+02
3.1429990748856716e+02
3.1430728446631235e+02
3.1432331898583885e+02
3.1433333583890902e+02
3.1434196510430684e+02
3.1435884565232544e+02
3.1436626735612094e+02
3.1438163146538000e+02
3.1441872697359173e+02
3.2108878825532378e+02
3.2112816721984160e+02
3.2115151529862595e+02
3.2116067017676818e+02
3.2116695811749116e+02
3.2117291331282087e+02
3.2118326309077361e+02
3.2119036593367485e+02
3.2119129360618911e+02
3.2119951292614286e+02
3.2120593470943624e+02
3.2122093080277017e+02
3.2122647895627426e+02
3.2123791483114780e+02
3.2124513144549371e+02
3.2124679458658898e+02
3.2126061371859640e+02
3.2127476236897496e+02
3.2130303724864018e+02
3.3831638473979217e+02
3.3834548696779615e+02
3.3837099287156104e+02
3.3838742202959588e+02
3.3841179399748842e+02
3.3844474641765999e+02
3.3847369916302722e+02
3.3849389442747048e+02
3.3850520699623723e+02
3.3997794064624350e+02
3.4000773469183440e+02
3.4000992198925746e+02
3.4002491532742800e+02
3.4003663947598682e+02
3.4004851465289926e+02
3.4005741588728250e+02
3.4005866154023028e+02
3.4007626738549965e+02
3.4009159670950328e+02
3.4009657318957801e+02
3.4010174880583401e+02
3.4011210311289250e+02
3.4011732184471458e+02
3.4012624260229910e+02
3.4013097483161141e+02
3.4014484614699990e+02
3.4015714008441000e+02
3.4016280389238921e+02
3.4016797378085425e+02
3.4017854031972558e+02
3.4018363368727910e+02
3.4019771927938558e+02
3.4021333160381613e+02
3.4022272198636898e+02
3.4023294056619926e+02
3.4025139096165236e+02
3.5306689330856881e+02
3.5312285038417889e+02
3.5314464308095148e+02
3.5324996618974126e+02
3.5328051595121019e+02
3.5938506659901435e+02
3.6206060786224452e+02
3.6209549376179393e+02
3.6210112347171787e+02
3.6212784517846529e+02
3.6214190507340385e+02
3.6214931544087057e+02
3.6216055875403930e+02
3.6218204279605055e+02
3.6219681789257493e+02
3.6220522471887779e+02
3.6221962687187926e+02
3.6224733953014101e+02
3.6226916206512476e+02
3.6227958855068380e+02
3.6232003502010605e+02
3.6598389996619824e+02
3.6601729901953763e+02
3.6603204962103422e+02
3.6604390533756862e+02
3.6606206929108635e+02
3.6608263587501011e+02
3.6610647623733013e+02
3.6611810136820338e+02
3.6612216438236527e+02
3.6612867364417832e+02
3.6613687913351350e+02
3.6615656798821533e+02
3.6616406039712780e+02
3.6617140876035614e+02
3.6618011203314188e+02
3.6619546507440822e+02
3.6620082740155618e+02
3.6622602422914116e+02
3.6624420284511871e+02
3.6626756316004565e+02
3.6631154685655497e+02
3.8249939908139311e+02
3.8255044200161944e+02
3.8259425253423359e+02
3.8259701989267069e+02
3.8260382944671994e+02
3.8261943769828230e+02
3.8264549389305790e+02
3.8264734185951147e+02
3.8266116000101340e+02
3.8267113604803814e+02
3.8268317835489950e+02
3.8269878979361283e+02
3.8271508755075479e+02
3.8271948005091730e+02
3.8273382491423365e+02
3.8273674384377557e+02
3.8275131567329078e+02
3.8278489226020906e+02
3.8279557987837387e+02
3.8280824320557150e+02
3.8281202701070458e+02
3.8282399778516248e+02
3.8282837345779183e+02
3.8284360365552209e+02
3.8287396256776304e+02
3.8288072862021795e+02
3.8290880623343071e+02
3.8293603201500929e+02
3.8297201422425098e+02
3.9113183100360061e+02
3.9116410137796026e+02
3.9118485277388982e+02
3.9120125384396954e+02
3.9122782084828202e+02
3.9125717608864824e+02
3.9127557038962658e+02
3.9134751049359738e+02
3.9134979572600457e+02
3.9141772394172204e+02
3.9143732803100426e+02
4.1038837163004484e+02
4.1041996428674076e+02
4.1053649413595434e+02
4.1058565663126041e+02
4.1062628854079509e+02
4.1071615366032654e+02
4.1072402462702831e+02
4.1286734063239328e+02
4.1289485784458833e+02
4.1292775801146161e+02
4.1297193963349798e+02
4.1298907099220469e+02
4.1299823048843740e+02
4.1302859754469017e+02
4.1304185853318455e+02
4.1305205645151307e+02
4.1307552975829441e+02
4.1308064728098987e+02
4.1309646150446878e+02
4.1310853169706297e+02
4.1315986409268936e+02
4.1318191492302350e+02
4.1321273696102719e+02
4.1326421316180733e+02
4.1367600008942389e+02
4.1373069810174769e+02
4.1373818988527722e+02
4.1377537557185923e+02
4.1380386364801694e+02
4.1380564458056307e+02
4.1382135511600075e+02
4.1383849986345751e+02
4.1384074191463100e+02
4.1385838042614421e+02
4.1388203148739746e+02
4.1388949958473194e+02
4.1390617340537375e+02
4.1392110214960485e+02
4.1393558380374446e+02
4.1396014525203367e+02
4.1396350468785738e+02
4.1398323203864044e+02
4.1399761442414359e+02
4.1402983645135589e+02
4.1405011513801554e+02
4.1408280097560487e+02
4.1411505144699424e+02
4.2082073805708802e+02
4.2108879093289926e+02
4.2121603218147669e+02
4.2759156773653046e+02
4.2765236697044378e+02
4.2769150565141433e+02
4.2772391510955424e+02
4.2773202380450687e+02
4.2775169659229442e+02
4.2778556357383366e+02
4.2780665600948936e+02
4.2782628648830161e+02
4.2784329095280577e+02
4.2784753188618447e+02
4.2785557915223620e+02
4.2787685180653506e+02
4.2787892558963085e+02
4.2790632196821542e+02
4.2791942281462735e+02
4.2793833563256260e+02
4.2794661401560001e+02
4.2796561825852029e+02
4.2799468604005222e+02
4.2800852141303011e+02
4.2803049324864219e+02
4.2804324114159198e+02
4.2805377376459541e+02
4.2808077617711325e+02
4.2811077372714300e+02
4.2812923057782751e+02
4.2813972182755964e+02
4.2817522504100361e+02
4.2821621181904874e+02
4.2824731723992420e+02
4.4709869470369841e+02
4.4718556211468331e+02
4.4722200528022648e+02
4.4723385671703033e+02
4.4732807234000825e+02
4.4734229783525564e+02
4.4738668213012011e+02
4.4742989538629087e+02
4.4746615355204875e+02
4.4748842369668995e+02
4.4754572304607171e+02
4.4757052062017510e+02
4.4760139345890025e+02
4.6416716261280339e+02
4.6420923384559961e+02
4.6425487907768508e+02
4.6426738902395033e+02
4.6432098607463479e+02
4.6432845096635282e+02
4.6437231223051180e+02
4.6437423752189056e+02
4.6441482063045908e+02
4.6443343447155320e+02
4.6444729042539365e+02
4.6448437136195327e+02
4.6450447357062046e+02
4.6451136174965740e+02
4.6453319037546368e+02
4.6453584879313479e+02
4.6456417207097883e+02
4.6457596816060783e+02
4.6461620096808912e+02
4.6462855337779314e+02
4.6465815055943563e+02
4.6468907205343191e+02
4.6472651126526563e+02
4.6476851265884727e+02
4.6484001777629493e+02
4.6678656990658050e+02
4.6681879792644582e+02
4.6683563343215013e+02
4.6687345889047339e+02
4.6690600799487783e+02
4.6692067480534490e+02
4.6695371249076351e+02
4.6696910814534857e+02
4.6700051386626222e+02
4.6703636717331426e+02
4.6709551376277722e+02
4.6710987034048162e+02
4.6713852275950609e+02
4.6715843669882247e+02
4.6716020504940622e+02
4.6720471625750486e+02
4.6722239091876685e+02
4.6723967514677685e+02
4.6733983000287617e+02
4.7122631306432629e+02
4.7124220523979540e+02
4.7131489389870484e+02
4.7133483787293943e+02
4.7148454257290445e+02
4.7151325177714534e+02
4.7152446723480415e+02
4.7156868545816405e+02
4.7176454056879703e+02
4.7533619690129530e+02
4.7540324442219128e+02
4.7541977330485406e+02
4.7544292884516460e+02
4.7547724680968577e+02
4.7549052081966539e+02
4.7552531182444568e+02
4.7553743298664529e+02
4.7558115445692590e+02
4.7559243540388997e+02
4.7560485124787311e+02
4.7564569933943301e+02
4.7567537108513284e+02
4.7568597763144157e+02
4.7570899805221927e+02
4.7572129672835450e+02
4.7574705496909115e+02
4.7575026277641609e+02
4.7576496225214635e+02
4.7579424448065919e+02
4.7580993886176049e+02
4.7583465369497998e+02
4.7584447272337633e+02
4.7586831169789281e+02
4.7588771979917686e+02
4.7592225933869020e+02
4.7594888390306102e+02
4.7596831815033539e+02
4.7605468500274128e+02
4.7607225917212020e+02
4.7610617412426677e+02
4.7616963189748913e+02
4.7618211640062634e+02
4.8605717852651139e+02
4.8619398671111361e+02
4.8637161351263472e+02
4.8649257535562282e+02
4.8659733286405782e+02
4.9266916530967899e+02
5.0644908194103840e+02
5.0648029408743798e+02
5.0658766212507555e+02
5.0663317110452147e+02
5.0667456372150934e+02
5.0672727388316605e+02
5.0675215639514130e+02
5.0678197517615303e+02
5.0686298614996321e+02
5.0688154128726319e+02
5.0694782694102003e+02
5.0698207268265196e+02
5.0704785731480081e+02
5.0711498211288563e+02
5.0717299248445784e+02
5.1761994731025777e+02
5.1765973952857655e+02
5.1771230723361043e+02
5.1776860353534892e+02
5.1778796306796960e+02
5.1780704113308263e+02
5.1781248074187931e+02
5.1785389469076063e+02
5.1787597015513006e+02
5.1790061143908292e+02
5.1790991817041754e+02
5.1792770024811398e+02
5.1797196082208302e+02
5.1800908698280625e+02
5.1804793141861694e+02
5.1806172851362032e+02
5.1807520310766870e+02
5.1812378800509055e+02
5.1818470626389319e+02
5.1819551619842764e+02
5.1822061797243578e+02
5.1824986594092024e+02
5.1834061978389161e+02
5.1836211985470743e+02
5.1839058528376040e+02
5.1848096317874740e+02
5.1855650452214638e+02
5.2366710173346382e+02
5.2376237102645393e+02
5.2389864031950447e+02
5.2390064371816595e+02
5.2392909189631064e+02
5.2393530453973074e+02
5.2398240843087069e+02
5.2404485682432789e+02
5.2409709201971896e+02
5.2412539678332223e+02
5.2415888401184498e+02
5.2419331260114632e+02
5.2422904514118977e+02
5.2426730704385955e+02
5.2431486476900136e+02
5.2434769956685682e+02
5.2437092352455238e+02
5.2443282102992578e+02
5.2447848972313750e+02
5.2449117421961887e+02
5.2461742795797807e+02
5.2561082911715857e+02
5.2573531266268083e+02
5.2583573733460332e+02
5.2589936435857578e+02
5.2590605547162102e+02
5.2592650879887833e+02
5.2597011781673052e+02
5.2600148484118165e+02
5.2600778112317107e+02
5.2602175899421218e+02
5.2605954186391102e+02
5.2606935381519645e+02
5.2608038275000104e+02
5.2610297010413672e+02
5.2612382930057731e+02
5.2615642434818005e+02
5.2620468047031045e+02
5.2622761233962899e+02
5.2625280563397700e+02
5.2627938112830293e+02
5.2632854234559670e+02
5.2636168928266159e+02
5.2639197273312766e+02
5.2641259183536215e+02
5.2644767831574632e+02
5.2647829079334906e+02
5.2650502361359497e+02
5.2654836521562879e+02
5.2662719543710250e+02
5.2663076340162786e+02
5.2666823267902146e+02
5.2671093556867550e+02
5.2675177397290611e+02
5.2677531194951462e+02
5.2685477275747792e+02
5.3549267870910433e+02
5.3551983428686924e+02
5.3565282861647950e+02
5.3569880045249818e+02
5.3572732331380405e+02
5.3580514442316269e+02
5.3589660516414074e+02
5.3596557831462485e+02
5.3600884588676433e+02
5.3619154504376672e+02
5.3626397448705063e+02
5.5491967157790191e+02
5.5493575842224732e+02
5.5510543585311223e+02
5.5531934351547022e+02
5.5553800594857887e+02
5.5564829627508493e+02
5.5589056192148678e+02
5.6549529898689320e+02
5.6620425960624129e+02
5.6627475708862357e+02
5.6906107053564858e+02
5.6925111086663458e+02
5.6935126100888624e+02
5.6939182688604137e+02
5.6945129761837620e+02
5.6954680547525197e+02
5.6957142993882337e+02
5.6958805726555568e+02
5.6962683094448869e+02
5.6964813849490190e+02
5.6969215818288637e+02
5.6976092652040438e+02
5.6982254334796005e+02
5.6986634972510637e+02
5.6990000590947386e+02
5.7007013070426126e+02
5.7028825474559653e+02
5.7405909258905308e+02
5.7406740234957158e+02
5.7410661557588492e+02
5.7417179437967502e+02
5.7420072072210155e+02
5.7423948256465962e+02
5.7426185142855377e+02
5.7433408534484499e+02
5.7441398785445858e+02
5.7443368116435272e+02
5.7444666973279334e+02
5.7448526595872329e+02
5.7452195704620863e+02
5.7453184896785478e+02
5.7455527963737552e+02
5.7457411929691318e+02
5.7461457577431690e+02
5.7462722174986982e+02
5.7466730300680933e+02
5.7471357442816679e+02
5.7479140231266024e+02
5.7481937913860770e+02
5.7486685821520882e+02
5.7493779649619125e+02
5.7498596825230152e+02
5.7505450019246359e+02
5.7510198971054149e+02
5.7514511087846188e+02
5.7530950815863025e+02
5.7859395142142080e+02
5.7882410662680354e+02
5.7888583402159804e+02
5.7892478342519746e+02
5.7897102520894555e+02
5.7903734974388169e+02
5.7908259784476809e+02
5.7912594998634484e+02
5.7913703777829141e+02
5.7916647154402369e+02
5.7921620876662723e+02
5.7926527469045232e+02
5.7928210549114419e+02
5.7932265571487017e+02
5.7934667171927288e+02
5.7940154387209577e+02
5.7947833020857126e+02
5.7950715639660075e+02
5.7951605389263671e+02
5.7953167565795320e+02
5.7960094620812174e+02
5.7964323385455657e+02
5.7968538285015165e+02
5.7971364929649826e+02
5.7975403861162999e+02
5.7977233450304959e+02
5.7985088988523239e+02
5.7986203978744845e+02
5.7990743212136135e+02
5.7996497942447525e+02
5.7997040690930396e+02
5.8000926284455522e+02
5.8005538267871032e+02
5.8010879834130787e+02
5.8012823870852765e+02
5.8022227063433411e+02
5.8027811710623655e+02
5.8394181482682723e+02
5.8405710260639171e+02
5.8410164276815090e+02
5.8420322145259263e+02
5.8426816696781964e+02
5.8429268604218407e+02
5.8432574331471119e+02
5.8434415782115025e+02
5.8438966612271417e+02
5.8443559345625874e+02
5.8452445524892300e+02
5.8453826799533999e+02
5.8458005146932885e+02
5.8461417433427744e+02
5.8465529552935561e+02
5.8471188872762627e+02
5.8471576722476232e+02
5.8477458551821053e+02
5.8482184017454063e+02
5.8495042850361449e+02
5.8499386975305356e+02
5.8507546634444054e+02
5.8523577149003972e+02
6.0313806733554668e+02
6.0342263066691351e+02
6.0351924411735490e+02
6.0369396899766650e+02
6.0372048616038717e+02
6.0378377300055831e+02
6.0383692042681196e+02
6.0388659250975252e+02
6.0401565047954352e+02
6.0412601062333545e+02
6.0419287295579363e+02
6.0421582729734598e+02
6.0443928601743301e+02
6.2743346454424682e+02
6.2768988972728062e+02
6.2774612748886739e+02
6.2789352736366800e+02
6.2811251168311526e+02
6.2825117806245703e+02
6.2838305896912630e+02
6.2852105762492442e+02
6.2873054386815170e+02
6.3320653623763837e+02
6.3337377386244077e+02
6.3341819648976571e+02
6.3347572269197724e+02
6.3354503212942882e+02
6.3362701751619488e+02
6.3368662616929328e+02
6.3372400863778500e+02
6.3377862945345748e+02
6.3382299934637740e+02
6.3390290724730460e+02
6.3396710500596907e+02
6.3402762751148202e+02
6.3409845977343571e+02
6.3412270530569390e+02
6.3413668040014886e+02
6.3418342084069889e+02
6.3423355288636776e+02
6.3426224481439374e+02
6.3429269952808011e+02
6.3435043002316115e+02
6.3436329869597500e+02
6.3440988720269604e+02
6.3445619316673776e+02
6.3449142396859270e+02
6.3452550164862294e+02
6.3462273216406140e+02
6.3468857997092994e+02
6.3472855565208420e+02
6.3474955241995372e+02
6.3477448714094271e+02
6.3484295564476497e+02
6.3488899482259444e+02
6.3493379970216995e+02
6.3499359964251494e+02
6.3505546522222050e+02
6.3509750221471131e+02
6.3513314508210749e+02
6.3515992456983429e+02
6.3519637780085532e+02
6.3524460800557085e+02
6.3528059890839370e+02
6.3532512405482407e+02
6.3532885024240522e+02
6.3534875898388259e+02
6.3540714056674869e+02
6.3541249201767346e+02
6.3543691196877546e+02
6.3548516562836005e+02
6.3550382413740306e+02
6.3555676889398683e+02
6.3556826978128731e+02
6.3561606629482401e+02
6.3562376630801589e+02
6.3565788124282790e+02
6.3568529417894638e+02
6.3570013364168517e+02
6.3572933005540460e+02
6.3576329126205485e+02
6.3578064056128039e+02
6.3581428649383395e+02
6.3584089611213153e+02
6.3586304972710650e+02
6.3588202972556428e+02
6.3593650288420577e+02
6.3596471798148752e+02
6.3597365641993622e+02
6.3603841220511435e+02
6.3605097998761653e+02
6.3606160406962579e+02
6.3609312560275555e+02
6.3611071776129916e+02
6.3615619691179427e+02
6.3620652598421782e+02
6.3621752329596984e+02
6.3624627560932663e+02
6.3627841521250491e+02
6.3632910300559831e+02
6.3635196710316518e+02
6.3639043661520714e+02
6.3649330223544973e+02
6.3656213135369387e+02
6.3658442122193844e+02
6.3662332600891489e+02
6.3668058748870362e+02
6.3671549034554823e+02
6.3676042796690706e+02
6.3684172402419404e+02
6.3686690765070625e+02
6.4281040762457906e+02
6.4300883849703132e+02
6.4324207855260784e+02
6.4341471525213888e+02
6.4363796368276246e+02
6.4752893500763093e+02
6.4754834839868636e+02
6.4761550862127399e+02
6.4767167014343727e+02
6.4775910629355337e+02
6.4783681277453854e+02
6.4787417452177931e+02
6.4797461934850674e+02
6.4800972248434425e+02
6.4806047785046405e+02
6.4815624686330455e+02
6.4818637512921703e+02
6.4824313740625939e+02
6.4833927608982901e+02
6.4837010441302016e+02
6.4842313215558784e+02
6.4845800130405723e+02
6.4852673610401530e+02
6.4857801694687498e+02
6.4865376217639130e+02
6.4875047911939032e+02
6.4878422755059012e+02
6.4890295449173789e+02
6.4909337484181935e+02
6.4933995357663707e+02
6.4974617882406608e+02
6.7475496982054358e+02
6.7481420389845914e+02
6.7503974893351381e+02
6.7511995694320240e+02
6.7524107804999858e+02
6.7542581929506218e+02
6.7546714933928286e+02
6.7552070904782045e+02
6.7566885668442819e+02
6.7569154495229327e+02
6.7586985653543468e+02
6.7592286978722689e+02
6.7612456158926159e+02
6.7625827237011731e+02
6.7645269400676261e+02
6.9306253153833916e+02
6.9336850137674321e+02
6.9339884071506674e+02
6.9355736159415039e+02
6.9362398266742775e+02
6.9363936148872619e+02
6.9374618762942850e+02
6.9377628275309530e+02
6.9392981981910691e+02
6.9395149770464718e+02
6.9399774155411956e+02
6.9404957400208536e+02
6.9409896872514219e+02
6.9415867505410938e+02
6.9420827473897407e+02
6.9426852865288549e+02
6.9430951197862919e+02
6.9437411899977997e+02
6.9441518255174742e+02
6.9448225684619979e+02
6.9454792509354536e+02
6.9457919801387379e+02
6.9465414185598945e+02
6.9468823263720310e+02
6.9476453990597815e+02
6.9480239838087300e+02
6.9484023709950134e+02
6.9490687655536897e+02
6.9494358285036162e+02
6.9498044733445874e+02
6.9508267264086794e+02
6.9510830109182405e+02
6.9516666874949021e+02
6.9521608220821201e+02
6.9525928492013384e+02
6.9537459049744393e+02
6.9550834741505514e+02
6.9561377340777483e+02
6.9570655315198064e+02
6.9596707642988690e+02
6.9606367114732302e+02
6.9613244251517699e+02
6.9626115730644551e+02
6.9635598976118649e+02
6.9638897820157172e+02
6.9645873530263248e+02
6.9647932507763994e+02
6.9655021410842369e+02
6.9657894059360262e+02
6.9665944560350181e+02
6.9669301749025317e+02
6.9682756691652503e+02
6.9691102935334902e+02
6.9702036507433127e+02
6.9707596229699618e+02
6.9708909111173341e+02
6.9716822601911451e+02
6.9722994589020800e+02
6.9726348980119394e+02
6.9728628714036313e+02
6.9738632912573905e+02
6.9745202517594373e+02
6.9750113744215537e+02
6.9754141179034877e+02
6.9764459856129542e+02
6.9773480312769482e+02
6.9774991228286990e+02
6.9786946648889443e+02
6.9793922374816964e+02
6.9806528829983426e+02
6.9822682584461484e+02
6.9839264716548712e+02
6.9848268596221681e+02
6.9859199331917239e+02
7.0348506130515091e+02
7.0361939324152559e+02
7.0412871040175241e+02
7.0427109669053220e+02
7.0436588829249240e+02
7.0441876639244640e+02
7.0469228942899122e+02
7.0470764801707230e+02
7.0492352684796913e+02
7.0495564491901098e+02
7.0512421951921044e+02
7.0516161763853120e+02
7.0522960387970602e+02
7.0532752898569504e+02
7.0550925434689145e+02
7.0553623697080502e+02
7.0561587189906834e+02
7.0568803706895437e+02
7.0586575919908137e+02
7.0590972236735684e+02
7.0599739282766143e+02
7.0604912922292192e+02
7.0613696736004624e+02
7.0622054155570083e+02
7.0626096798717799e+02
7.0634723676973238e+02
7.0641344576641382e+02
7.0642243634897852e+02
7.0662828628566524e+02
7.0676509751602111e+02
7.0695849633064518e+02
7.0733171149341013e+02
7.1427445373605406e+02
7.1456397798536887e+02
7.1465272336283351e+02
7.1474839430014288e+02
7.1489371617812958e+02
7.1493365584702178e+02
7.1498979501078054e+02
7.1504676033999624e+02
7.1507522197915671e+02
7.1511643636366114e+02
7.1520889041854264e+02
7.1524388905923377e+02
7.1537997560992380e+02
7.1539954297642362e+02
7.1549040019448989e+02
7.1551021150425663e+02
7.1563409418059371e+02
7.1566941617462146e+02
7.1578968786627308e+02
7.1586976835588712e+02
7.1589431787202068e+02
7.1604494010090582e+02
7.1608867447512444e+02
7.1628413575167951e+02
7.1634280391719801e+02
7.1664287824465634e+02
7.1668507422325081e+02
7.2309841967203306e+02
7.2328397545421149e+02
7.2395271668883595e+02
7.2423015308141782e+02
7.2435691888828705e+02
7.2452143385723878e+02
7.2488147248489418e+02
7.3378282352279564e+02
7.3457986106424664e+02
7.3518258597923659e+02
7.4958034199472741e+02
7.4995488963281025e+02
7.5019374577185135e+02
7.5033509253760735e+02
7.5055780810215481e+02
7.5075760754067642e+02
7.5084057486997472e+02
7.5102503260503568e+02
7.5114547970186788e+02
7.5124117377723383e+02
7.5137753180026687e+02
7.5147556403099941e+02
7.5160179619999610e+02
7.5188293482447932e+02
7.5195788654734019e+02
7.5202208758287145e+02
7.5225512059315679e+02
7.5465104808439173e+02
7.5496359281188188e+02
7.5517487039520620e+02
7.5524001331409045e+02
7.5533426214749238e+02
7.5538637355324931e+02
7.5550398096736149e+02
7.5569950625293927e+02
7.5577453196158785e+02
7.5579485624612551e+02
7.5589039945657373e+02
7.5596765625921557e+02
7.5601225796292113e+02
7.5607666116516634e+02
7.5617584124104417e+02
7.5619371951422499e+02
7.5630887067442416e+02
7.5638160941130502e+02
7.5641350703512944e+02
7.5645694171541402e+02
7.5657200788685361e+02
7.5659713525960740e+02
7.5662996963253693e+02
7.5668825867912631e+02
7.5680695785794524e+02
7.5685985308997431e+02
7.5687141170109248e+02
7.5702872308842325e+02
7.5711641515109523e+02
7.5712852981274148e+02
7.5719119344414491e+02
7.5723159840230778e+02
7.5737126069422595e+02
7.5743767802648483e+02
7.5746725465369491e+02
7.5771854438235141e+02
7.5777769691278183e+02
7.5799979055999358e+02
7.5802403279747625e+02
7.5813471808585223e+02
7.5821962353620393e+02
7.5844821364493373e+02
7.5897187893137982e+02
7.6191721270511312e+02
7.6205563611961600e+02
7.6226547596072044e+02
7.6232168608705069e+02
7.6239133534122323e+02
7.6244358660545322e+02
7.6248207958361388e+02
7.6257916617341016e+02
7.6259440269155061e+02
7.6264344891393000e+02
7.6274150564829051e+02
7.6281626969379329e+02
7.6291212271185850e+02
7.6299775990001092e+02
7.6303846390211083e+02
7.6320537693098026e+02
7.6325227778782050e+02
7.6330381828391273e+02
7.6342159189909785e+02
7.6343667686985555e+02
7.6356543835893024e+02
7.6364868478355913e+02
7.6375621232137598e+02
7.6380331355158273e+02
7.6388792695318637e+02
7.6405594472300993e+02
7.6409582198676458e+02
7.6419691949928392e+02
7.6425800485521506e+02
7.6436036166118708e+02
7.6452667480150421e+02
7.6464708440429888e+02
7.6505506897523196e+02
7.6512096368771017e+02
7.6525645153874689e+02
7.7813742678420545e+02
7.7831064923741314e+02
7.7858880139315829e+02
7.7875206653431064e+02
7.7891890045822083e+02
7.7895231431461934e+02
7.7899624141115044e+02
7.7915473708062200e+02
7.7923682147402360e+02
7.7940037114295137e+02
7.7953687454916212e+02
7.7969288124945979e+02
7.7971760234045087e+02
7.7983657306800853e+02
7.7991731490464758e+02
7.7998766097882947e+02
7.8011748986957912e+02
7.8032703598475678e+02
7.8045054152103319e+02
7.8049847441414954e+02
7.8068828637520676e+02
7.8080765458468488e+02
7.8119234693575549e+02
7.8377783652143489e+02
7.8426026588130787e+02
7.8430830243966852e+02
7.8437590553258610e+02
7.8457746676802060e+02
7.8463459078800418e+02
7.8479008989649674e+02
7.8493919563257589e+02
7.8497219037184755e+02
7.8505663629879200e+02
7.8512062963464405e+02
7.8519087399757825e+02
7.8529448516304274e+02
7.8537672665163620e+02
7.8543245119822018e+02
7.8545036930130550e+02
7.8552245976462757e+02
7.8557310612632284e+02
7.8561795536263605e+02
7.8573805952471889e+02
7.8589128117584426e+02
7.8592527837962882e+02
7.8599888089401145e+02
7.8605572830453264e+02
7.8619914879598650e+02
7.8628231292985402e+02
7.8639172847754025e+02
7.8640364573383067e+02
7.8646047699686949e+02
7.8648442605475168e+02
7.8654365206760986e+02
7.8673760105643726e+02
7.8675616738978795e+02
7.8692922530362239e+02
7.8710131041798127e+02
7.8713108353498262e+02
7.8721422587577172e+02
7.8738463444035460e+02
7.8748634173862251e+02
7.8758700459856686e+02
7.8767996975038386e+02
7.8778938362882172e+02
8.0798290100996905e+02
8.0814779261193860e+02
8.0824521779032852e+02
8.0851560908833767e+02
8.0877726189333316e+02
8.0909477503906521e+02
8.0933930257468057e+02
8.0972657597502075e+02
8.1007316960777246e+02
8.1921812517493981e+02
8.1978993477969084e+02
8.1991876570247223e+02
8.2007390892660885e+02
8.2025841606352856e+02
8.2029104457119035e+02
8.2041660106169468e+02
8.2047184737099167e+02
8.2059802366142048e+02
8.2073827715173002e+02
8.2075161120986888e+02
8.2084515195740289e+02
8.2090456268488185e+02
8.2103630143088924e+02
8.2106427865433807e+02
8.2110575933687562e+02
8.2123205191346244e+02
8.2140938765735712e+02
8.2147679154886453e+02
8.2151832991717311e+02
8.2160222058082888e+02
8.2162271834393391e+02
8.2177243343162604e+02
8.2185819790044491e+02
8.2193101280012002e+02
8.2202232382868397e+02
8.2205668623995916e+02
8.2215345639784914e+02
8.2225362660947178e+02
8.2229119868642772e+02
8.2241362226549836e+02
8.2251935457079185e+02
8.2257520806265802e+02
8.2266724149652714e+02
8.2276604983727361e+02
8.2282861246528012e+02
8.2288119784003266e+02
8.2296746512517632e+02
8.2303674000570663e+02
8.2309503062823183e+02
8.2331286754923542e+02
8.2344741171954877e+02
8.2359041086747391e+02
8.2372723354139498e+02
8.2377029661759343e+02
8.2396326016905959e+02
8.2405493918986133e+02
8.2410130446088692e+02
8.2426329488546855e+02
8.2460459792737129e+02
8.2896323836105705e+02
8.2939012278159544e+02
8.2956764623267861e+02
8.2958835382936718e+02
8.2976894410894920e+02
8.2992202084511337e+02
8.3002531327228655e+02
8.3009182610790333e+02
8.3024301401845764e+02
8.3031393824810823e+02
8.3043762759127026e+02
8.3062774119001847e+02
8.3063237267600687e+02
8.3086397085525903e+02
8.3099601352317472e+02
8.3104897091540772e+02
8.3117132636803456e+02
8.3126494578475285e+02
8.3135299399904125e+02
8.3151023101767908e+02
8.3152398893360646e+02
8.3171675860026414e+02
8.3181096556205955e+02
8.3195031857042659e+02
8.3201226130501573e+02
8.3207598163220314e+02
8.3212774159539390e+02
8.3229902588907260e+02
8.3236886875659661e+02
8.3240596106487646e+02
8.3241236872641866e+02
8.3254315625336540e+02
8.3262235024189681e+02
8.3265447285464313e+02
8.3268246933815078e+02
8.3278072893352908e+02
8.3282390773027714e+02
8.3295325114094919e+02
8.3307135839962689e+02
8.3319390966559854e+02
8.3329115964422499e+02
8.3334465837734945e+02
8.3341388357739493e+02
8.3351466139349805e+02
8.3363189154415738e+02
8.3366213759332447e+02
8.3378757625678702e+02
8.3385752596786142e+02
8.3403905714175210e+02
8.3408957271456745e+02
8.3426260313123385e+02
8.3433111042229109e+02
8.3440585171747148e+02
8.3466861546907387e+02
8.3491438387572634e+02
8.3517906442803621e+02
8.3543591680968814e+02
8.5538710777009385e+02
8.5550751053077227e+02
8.5575738697327836e+02
8.5588822319695350e+02
8.5607233689709096e+02
8.5615499230748844e+02
8.5616497309710962e+02
8.5629409935150773e+02
8.5645022049207842e+02
8.5658900786156698e+02
8.5686288642014574e+02
8.5692805598892437e+02
8.5696680935914253e+02
8.5714241091983013e+02
8.5722609786402995e+02
8.5730846678210798e+02
8.5740953747811614e+02
8.5757153319009251e+02
8.5776082665766512e+02
8.5779830061421421e+02
8.5808349449624257e+02
8.5824482041095825e+02
8.5841354922761980e+02
8.5859207717883089e+02
8.5882061814413896e+02
8.5897314811534204e+02
8.5922682657479970e+02
8.5949459945941203e+02
8.5967420511606622e+02
8.5987767853606749e+02
8.5997497304330739e+02
8.6007464403748440e+02
8.6008338556487547e+02
8.6025908239687431e+02
8.6035934444872055e+02
8.6046084544750443e+02
8.6047721003898084e+02
8.6063067810977759e+02
8.6067894236615484e+02
8.6077382499359442e+02
8.6086840063798911e+02
8.6093097003720879e+02
8.6113101836418775e+02
8.6122743915652643e+02
8.6130179258710427e+02
8.6140907643065839e+02
8.6148434100872578e+02
8.6159034824314153e+02
8.6170381155820780e+02
8.6191074249833912e+02
8.6214381888309174e+02
8.6228092464381200e+02
8.6243286650003995e+02
8.6256550809075100e+02
8.6282285297436692e+02
8.6294894483782184e+02
8.6817409773832037e+02
8.6852495823076652e+02
8.6881391198783388e+02
8.6910361768295354e+02
8.6919007391578987e+02
8.6941362156089485e+02
8.6960764539127763e+02
8.6987825001107365e+02
8.7010473492321762e+02
8.7022067097437082e+02
8.7023209194549395e+02
8.7070964387763775e+02
8.7092798009356602e+02
8.7144543229149349e+02
8.7204108078766239e+02
8.8636771960119961e+02
8.8782289456691547e+02
8.8791597025935778e+02
8.8799348631948158e+02
8.8809496955094573e+02
8.8837027719237221e+02
8.8842049546093278e+02
8.8851548626034867e+02
8.8862790985412300e+02
8.8868203606484235e+02
8.8880003193818402e+02
8.8895485313734605e+02
8.8906283255874439e+02
8.8919654194652844e+02
8.8923088003700002e+02
8.8938749795023364e+02
8.8945210111233609e+02
8.8953480357200567e+02
8.8968096266087321e+02
8.8978457914812645e+02
8.8995561892407522e+02
8.9000106359173969e+02
8.9003786667735801e+02
8.9022575672208859e+02
8.9026993673171546e+02
8.9053253716764141e+02
8.9056137913146688e+02
8.9064420120196507e+02
8.9069437703745587e+02
8.9083113334501274e+02
8.9091346909163110e+02
8.9099165003642383e+02
8.9112243587192154e+02
8.9122226204130982e+02
8.9129534384229635e+02
8.9147615515263237e+02
8.9158894187700071e+02
8.9169237195553774e+02
8.9171750021664388e+02
8.9182287339206164e+02
8.9206057388592592e+02
8.9240212185742462e+02
8.9265361158289898e+02
8.9292055205889130e+02
8.9307030362343244e+02
8.9316782676251023e+02
8.9343745738696373e+02
8.9673999665969370e+02
8.9702027538329514e+02
8.9745411587684612e+02
8.9786119263711714e+02
8.9806217547453423e+02
8.9831720114674874e+02
8.9854914925405581e+02
8.9897644987386684e+02
8.9921398243124327e+02
8.9951602697433441e+02
9.0020769361580210e+02
9.0268272391467394e+02
9.0353540194853770e+02
9.0391530929728594e+02
9.0396458364886655e+02
9.0420461433917797e+02
9.0430038326825525e+02
9.0450029226889239e+02
9.0476767434034934e+02
9.0488851263958964e+02
9.0491986721197748e+02
9.0512322456692777e+02
9.0518889359473542e+02
9.0522594484176670e+02
9.0531949804159535e+02
9.0557777353236190e+02
9.0559892625272039e+02
9.0580898972146838e+02
9.0586419763382344e+02
9.0600926934596998e+02
9.0615173432843324e+02
9.0628413489076013e+02
9.0641726746560823e+02
9.0658559744243939e+02
9.0664628876017719e+02
9.0693578782600594e+02
9.0704438805179473e+02
9.0712720164997961e+02
9.0734728298203356e+02
9.0744738488416044e+02
9.0755550725453645e+02
9.0771007536496916e+02
9.0779906355255332e+02
9.0796994963967234e+02
9.0811288969330997e+02
9.0831399194467122e+02
9.0856410855532579e+02
9.0883863442559255e+02
9.0914682085474215e+02
9.0947464622555503e+02
9.1234583680849846e+02
9.1286565010621621e+02
9.1297486065634007e+02
9.1313678870918091e+02
9.1320131706647646e+02
9.1343697148465992e+02
9.1356926097126268e+02
9.1367392610031595e+02
9.1381228694392803e+02
9.1398689428207615e+02
9.1441657514306200e+02
9.1451220238544329e+02
9.1458134812587457e+02
9.1474853917539508e+02
9.1485627081471216e+02
9.1529523246222595e+02
9.1542265342980886e+02
9.1560489342943504e+02
9.1600581877579566e+02
9.1612765406968265e+02
9.1645602340866390e+02
9.1680359700077224e+02
9.1688850443901936e+02
9.1808878922727558e+02
9.1816137763562995e+02
9.1842268164770167e+02
9.1919078168800309e+02
9.2048489021754153e+02
9.2790642673781394e+02
9.2900704833356747e+02
9.3084610022377785e+02
9.3547198735220286e+02
9.3562894537975899e+02
9.3584944304851126e+02
9.3615589631661658e+02
9.3624854101804738e+02
9.3632996977757114e+02
9.3642068991026292e+02
9.3653878992212253e+02
9.3664202138947212e+02
9.3675327348117867e+02
9.3688138426088369e+02
9.3705444505676712e+02
9.3720557033667717e+02
9.3728933125632523e+02
9.3739504852066489e+02
9.3754588567110841e+02
9.3758299967191283e+02
9.3763585515090938e+02
9.3783127511699706e+02
9.3798502480802142e+02
9.3805835599960074e+02
9.3811081357260844e+02
9.3827175910724497e+02
9.3830543294467122e+02
9.3847417956772642e+02
9.3857485827829441e+02
9.3877758493868157e+02
9.3887495221240306e+02
9.3891196018173525e+02
9.3902114649532371e+02
9.3919232247482512e+02
9.3923918072489903e+02
9.3937815272669002e+02
9.3943453982921915e+02
9.3960205326406788e+02
9.3967961870476836e+02
9.3979792823385651e+02
9.3980210768457971e+02
9.4001015563493092e+02
9.4017222263075575e+02
9.4023349193131810e+02
9.4044199301263973e+02
9.4049109020426488e+02
9.4059016438847380e+02
9.4069093051820062e+02
9.4089422707030042e+02
9.4106863254610744e+02
9.4114385692594067e+02
9.4128880082349292e+02
9.4136997266933474e+02
9.4156288309306979e+02
9.4177758359614074e+02
9.4189243455683288e+02
9.4213528724583205e+02
9.4229197025609403e+02
9.4237565671911341e+02
9.4255975070239174e+02
9.4282761282607123e+02
9.4300781353405341e+02
9.4401716562730417e+02
9.5692514551826491e+02
9.5709811270435171e+02
9.5732693606493308e+02
9.5744643709567970e+02
9.5781413860555688e+02
9.5796176465120163e+02
9.5823045317720744e+02
9.5828913377902154e+02
9.5836050190096421e+02
9.5844615021415643e+02
9.5853373065884898e+02
9.5864919663603155e+02
9.5891773727078896e+02
9.5895099964315204e+02
9.5908952273569389e+02
9.5921797246909512e+02
9.5936604092500033e+02
9.5951459147748585e+02
9.5963568311949746e+02
9.5977413489457456e+02
9.5983758803102455e+02
9.5993004125853645e+02
9.5998662812129578e+02
9.6015250025666728e+02
9.6029766080653098e+02
9.6036668044017892e+02
9.6042426205190930e+02
9.6057444692282934e+02
9.6070941503945528e+02
9.6081119676506341e+02
9.6091821952983730e+02
9.6096517489244923e+02
9.6114005525111759e+02
9.6125861841221217e+02
9.6155971884445898e+02
9.6158976156555241e+02
9.6167241009971724e+02
9.6186863746201834e+02
9.6188529958768004e+02
9.6192956681188366e+02
9.6214568195700804e+02
9.6216657410026221e+02
9.6220821566083328e+02
9.6240281711559896e+02
9.6245187419537399e+02
9.6259880028000157e+02
9.6279370516329982e+02
9.6283589955587547e+02
9.6293110527890576e+02
9.6302125125252587e+02
9.6313829537737126e+02
9.6330466663935294e+02
9.6343265268836092e+02
9.6358453353097718e+02
9.6384003219994042e+02
9.6391954807276829e+02
9.6403230585164272e+02
9.6412714936388863e+02
9.6427229770634119e+02
9.6458789299776674e+02
9.6466317415008609e+02
9.6506438795280394e+02
9.6510710530115352e+02
9.6541623779312852e+02
9.6609543493886940e+02
9.6651429022912907e+02
9.7867606274109573e+02
9.7977894836520068e+02
9.7988692712967554e+02
9.7996431298957225e+02
9.8006822660856778e+02
9.8034653279780673e+02
9.8067844432674747e+02
9.8098976277511565e+02
9.8114121322834512e+02
9.8120496818347215e+02
9.8160958554920967e+02
9.8170865272390472e+02
9.8173604969626865e+02
9.8195498952089463e+02
9.8199594308027451e+02
9.8229766409190802e+02
9.8236622766666403e+02
9.8251635154875942e+02
9.8281632043060404e+02
9.8307334234588211e+02
9.8329440107812752e+02
9.8353244864797182e+02
9.8367161674870852e+02
9.8378227909122927e+02
9.8388720420361756e+02
9.8394756685140362e+02
9.8423026972307377e+02
9.8431195170576552e+02
9.8457068965685357e+02
9.8472928895860832e+02
9.8487401962350111e+02
9.8515138303547508e+02
9.8551446922875004e+02
9.8570272643296380e+02
9.8582348028130161e+02
9.8601032867919434e+02
9.8639991453175583e+02
9.8665126587462578e+02
9.8700720521959306e+02
9.8750296740866543e+02
9.8782677381394103e+02
9.9021771720442189e+02
9.9105746828474082e+02
9.9132390063382343e+02
9.9151379963549903e+02
9.9179713096482556e+02
9.9242020659761306e+02
9.9280910668374247e+02
9.9330350199733516e+02
9.9336421327479536e+02
9.9407160064155244e+02
9.9451509791045896e+02
9.9529783790243550e+02
9.9564508701614250e+02
1.0002316085951730e+03
1.0003958601970785e+03
1.0004605031122576e+03
1.0006605784475900e+03
1.0010711217241243e+03
1.0012840259611844e+03
1.0013560015670043e+03
1.0018650046917323e+03
1.0020951881694748e+03
1.0022044479156103e+03
1.0023910411710744e+03
1.0026264150119813e+03
1.0027406225279698e+03
1.0029275347810313e+03
1.0030743211406528e+03
1.0031430475228732e+03
1.0035055363453062e+03
1.0038645065742314e+03
1.0043476879714214e+03
1.0044179292426124e+03
1.0046521606642619e+03
1.0054336500134391e+03
1.0058276298410638e+03
1.0152070026175156e+03
1.0161203894625937e+03
1.0164071004294524e+03
1.0170425667210001e+03
1.0171597624845609e+03
1.0173967918918667e+03
1.0177957716902579e+03
1.0178566919072347e+03
1.0180279354851045e+03
1.0181988193431378e+03
1.0183481323091643e+03
1.0185226628791441e+03
1.0186992564447972e+03
1.0190223281002849e+03
1.0191370530232384e+03
1.0191533851371072e+03
1.0192704207014305e+03
1.0194992127331370e+03
1.0197881114093610e+03
1.0198083661466552e+03
1.0199094292647252e+03
1.0199896502100660e+03
1.0202421145427461e+03
1.0203059059972300e+03
1.0205091893849534e+03
1.0206077140022318e+03
1.0208468612555289e+03
1.0210419927799836e+03
1.0211390441605433e+03
1.0214239354354140e+03
1.0216504102261861e+03
1.0216725862371291e+03
1.0217836270376796e+03
1.0220159495628230e+03
1.0221957736848481e+03
1.0223914429746646e+03
1.0225343448004784e+03
1.0227502427171974e+03
1.0228204410161492e+03
1.0232139107726590e+03
1.0233178561814896e+03
1.0233803185537635e+03
1.0235444792160467e+03
1.0236641469806466e+03
1.0238543811921485e+03
1.0241100975405841e+03
1.0242045845872169e+03
1.0243846970795692e+03
1.0246280167648649e+03
1.0248447026106787e+03
1.0249817495278794e+03
1.0252272180022148e+03
1.0253227612580115e+03
1.0255539561445828e+03
1.0256714531637774e+03
1.0258156497339273e+03
1.0259149465603844e+03
1.0259795464773852e+03
1.0264557349280283e+03
1.0267291861040871e+03
1.0268347309172095e+03
1.0270972361654217e+03
1.0272089090125189e+03
1.0274312221184398e+03
1.0276418933803000e+03
1.0279923015964691e+03
1.0282073518910449e+03
1.0284841129353129e+03
1.0285685484232931e+03
1.0290735863258908e+03
1.0295576446384703e+03
1.0298341212389967e+03
1.0299295687951064e+03
1.0316314984432695e+03
1.0317563585396601e+03
1.0326219279617401e+03
1.0327715301475189e+03
1.0330111963191036e+03
1.0332237746234880e+03
1.0332502410556012e+03
1.0335529542214015e+03
1.0336414117729698e+03
1.0338673194472524e+03
1.0340199119700428e+03
1.0341373378253529e+03
1.0341884196968767e+03
1.0344924740638910e+03
1.0345894399713548e+03
1.0346759366423612e+03
1.0348820227597130e+03
1.0351877586443929e+03
1.0354025975552736e+03
1.0355675249884587e+03
1.0357941754026058e+03
1.0359936541258003e+03
1.0362142334135879e+03
1.0363289760634264e+03
1.0366140394049157e+03
1.0367643989401301e+03
1.0370444523959809e+03
1.0371093485354349e+03
1.0373046539051022e+03
1.0373118402739703e+03
1.0373558860940855e+03
1.0375015415714370e+03
1.0377533959731193e+03
1.0377640802832602e+03
1.0380806949583587e+03
1.0381327454006600e+03
1.0382923420762083e+03
1.0383878337269432e+03
1.0387264958637586e+03
1.0389211557945766e+03
1.0390828877345314e+03
1.0394480890955786e+03
1.0395289674669018e+03
1.0395876278426203e+03
1.0397104574575646e+03
1.0401695265966330e+03
1.0403653394326720e+03
1.0405537521838967e+03
1.0408547104210581e+03
1.0412507412777804e+03
1.0414096518381498e+03
1.0414268717781879e+03
1.0417363590562961e+03
1.0419306074928847e+03
1.0420479903078333e+03
1.0423443572036870e+03
1.0426161745417608e+03
1.0501239944809911e+03
1.0503959547846694e+03
1.0510093844410922e+03
1.0510778837607791e+03
1.0517951477866877e+03
1.0518546247292572e+03
1.0522208496322469e+03
1.0526707228038251e+03
1.0527603133320988e+03
1.0532858598811920e+03
1.0538136629598293e+03
1.0539176610594009e+03
1.0541538398282014e+03
1.0548717572497549e+03
1.0553315904191845e+03
1.0555980602586776e+03
1.0559332146942145e+03
1.0562962115243013e+03
1.0568492519055114e+03
1.0593375049315996e+03
1.0594397181764652e+03
1.0596629729644217e+03
1.0602886983907024e+03
1.0603568123078105e+03
1.0604358776787049e+03
1.0606551806701098e+03
1.0608238170031516e+03
1.0611705863880538e+03
1.0614330331423737e+03
1.0616031024517231e+03
1.0617007601608939e+03
1.0619685178199902e+03
1.0621063258490360e+03
1.0623542171623690e+03
1.0627458400724056e+03
1.0628794820726484e+03
1.0630761326895761e+03
1.0632468811915162e+03
1.0636727141838414e+03
1.0641651343887872e+03
1.0643354647869928e+03
1.0644246714315211e+03
1.0646441728394466e+03
1.0649237599392643e+03
1.0652241223508936e+03
1.0654305890863627e+03
1.0656458403989463e+03
1.0657605006498297e+03
1.0659580297534760e+03
1.0660937902498915e+03
1.0663954681333923e+03
1.0665839164109609e+03
1.0667855122818544e+03
1.0668775014434584e+03
1.0672834476676310e+03
1.0678789693384404e+03
1.0681976479192570e+03
1.0686313367224609e+03
1.0691990049044455e+03
1.0695416415507761e+03
1.0698926690065043e+03
1.0714926053818622e+03
1.0882882551385710e+03
1.0891504992151040e+03
1.0896718123260659e+03
1.0900010977683171e+03
1.0901739394036979e+03
1.0904945516533692e+03
1.0909051310470900e+03
1.0911424244078121e+03
1.0913252348448327e+03
1.0916183680629256e+03
1.0920387336717099e+03
1.0922618202751960e+03
1.0925679494899643e+03
1.0926781076602440e+03
1.0929975756794477e+03
1.0930857430230726e+03
1.0933120673707438e+03
1.0938438497817185e+03
1.0940678103261464e+03
1.0941871192265683e+03
1.0942649281400404e+03
1.0943873109169099e+03
1.0946249128345792e+03
1.0951628407708188e+03
1.0952676205652228e+03
1.0953517117856134e+03
1.0955245525975108e+03
1.0958211221490130e+03
1.0961411687291302e+03
1.0965209545454011e+03
1.0967040707314329e+03
1.0970893153620805e+03
1.0974971870414188e+03
1.0978678481379134e+03
1.0983013178184926e+03
1.0983736894211409e+03
1.0986913768696297e+03
1.0994569777424751e+03
1.0999562219321685e+03
1.1003398283481683e+03
1.1026149012512428e+03
1.1030124306382518e+03
1.1033338029346739e+03
1.1035588148128072e+03
1.1039694436593986e+03
1.1040350950714244e+03
1.1043333210601377e+03
1.1046389827678879e+03
1.1048782606547893e+03
1.1051030006126134e+03
1.1054889092363389e+03
1.1056537042608541e+03
1.1057831272127464e+03
1.1061077537993201e+03
1.1062353106745234e+03
1.1063262857623927e+03
1.1065257063165907e+03
1.1069792657169223e+03
1.1070051463522373e+03
1.1073463786157492e+03
1.1075319840184065e+03
1.1079260177113822e+03
1.1079571967311188e+03
1.1081595584821118e+03
1.1084590295436167e+03
1.1085966949305514e+03
1.1089163277330092e+03
1.1090096418675689e+03
1.1092276280766632e+03
1.1094605697127945e+03
1.1096193370576179e+03
1.1097863435761869e+03
1.1099330112677087e+03
1.1100842735813637e+03
1.1102149180268761e+03
1.1105889560393100e+03
1.1109175803302815e+03
1.1109613628287625e+03
1.1112497641285659e+03
1.1115028851614302e+03
1.1115310108061244e+03
1.1117775660387772e+03
1.1118989368509312e+03
1.1120816824585040e+03
1.1122315652180528e+03
1.1123454201991219e+03
1.1126777541433462e+03
1.1127210997581612e+03
1.1128361810801528e+03
1.1129109354878628e+03
1.1133096322256904e+03
1.1134829536095190e+03
1.1135060444387361e+03
1.1136923685864415e+03
1.1139031226577818e+03
1.1140317247721766e+03
1.1141842150508464e+03
1.1142866016875023e+03
1.1142971491536878e+03
1.1145800694832010e+03
1.1146968377728879e+03
1.1147294655337880e+03
1.1148306143360705e+03
1.1150002233694991e+03
1.1150767855886386e+03
1.1152142309882254e+03
1.1152520149675734e+03
1.1154316395368521e+03
1.1155247408375162e+03
1.1155889381045870e+03
1.1158574616747119e+03
1.1160335297709996e+03
1.1161291507377293e+03
1.1162142160033059e+03
1.1163006257075467e+03
1.1163948061154729e+03
1.1165200676431416e+03
1.1165930034979187e+03
1.1167163392158825e+03
1.1168730068067669e+03
1.1170124386726372e+03
1.1170674040022996e+03
1.1172357824487353e+03
1.1173107633671077e+03
1.1174176324589703e+03
1.1175688775412118e+03
1.1176110097907585e+03
1.1176622252761970e+03
1.1177483247684497e+03
1.1179910018651281e+03
1.1181281729510777e+03
1.1182080356004274e+03
1.1183593771471715e+03
1.1185883408080008e+03
1.1186682935443769e+03
1.1190206350196720e+03
1.1190683475133424e+03
1.1192290200844775e+03
1.1194050166783329e+03
1.1195459918816425e+03
1.1197343737047840e+03
1.1198793047642891e+03
1.1198875131456514e+03
1.1200561126008556e+03
1.1201649218992582e+03
1.1202814299049812e+03
1.1204269517751643e+03
1.1204698333606320e+03
1.1206124055481259e+03
1.1206567824947101e+03
1.1208178718842946e+03
1.1209936025521083e+03
1.1210846418096162e+03
1.1212917582418775e+03
1.1215140656012122e+03
1.1215384080808192e+03
1.1216004576510607e+03
1.1218355064721550e+03
1.1220608352321649e+03
1.1222050665165630e+03
1.1223596538563645e+03
1.1223842143241741e+03
1.1226384181204687e+03
1.1228684196632139e+03
1.1234040638929707e+03
1.1234216299800157e+03
1.1237282519241071e+03
1.1239316928183068e+03
1.1244637266362749e+03
1.1246179231523668e+03
1.1256077279671854e+03
1.1276068488860494e+03
1.1372863768613015e+03
1.1391695854048101e+03
1.1399848428582309e+03
1.1404517097850933e+03
1.1411249763683518e+03
1.1412784099953592e+03
1.1417186281538231e+03
1.1421590052355155e+03
1.1426395736445807e+03
1.1430122611957386e+03
1.1433330882549390e+03
1.1435297063977989e+03
1.1439679121142824e+03
1.1445879860759828e+03
1.1446329521258087e+03
1.1450287532153486e+03
1.1451172900331567e+03
1.1454363836620059e+03
1.1456616636910157e+03
1.1458705598632873e+03
1.1462307990408653e+03
1.1465616470132170e+03
1.1468050778949707e+03
1.1471779140313986e+03
1.1473076971281896e+03
1.1479386361940685e+03
1.1481112443094464e+03
1.1484688622925814e+03
1.1485211702832182e+03
1.1486695357001540e+03
1.1490434879299187e+03
1.1491421201080418e+03
1.1495051160006165e+03
1.1495476830152895e+03
1.1496560458088788e+03
1.1497795940102631e+03
1.1499042761101284e+03
1.1500122068951903e+03
1.1505177536446563e+03
1.1508093728359017e+03
1.1508993795945969e+03
1.1509829632544272e+03
1.1511739003001173e+03
1.1513740815991562e+03
1.1514525923150431e+03
1.1517556693778179e+03
1.1519272554373688e+03
1.1522098469753148e+03
1.1522363136261733e+03
1.1525409204255700e+03
1.1526840662238574e+03
1.1528042864344986e+03
1.1531284187717040e+03
1.1534562491617587e+03
1.1534911041563805e+03
1.1538034951443765e+03
1.1539207024684811e+03
1.1541984026077012e+03
1.1543896927557116e+03
1.1544726804242500e+03
1.1547457230449854e+03
1.1550663071315689e+03
1.1551896102975693e+03
1.1554363381434280e+03
1.1558098226262409e+03
1.1559930928416538e+03
1.1561202730262519e+03
1.1566463258459919e+03
1.1567364870016668e+03
1.1569903990887292e+03
1.1571847075807843e+03
1.1574645916201018e+03
1.1576394503771119e+03
1.1580997443303879e+03
1.1584118855458557e+03
1.1589668294084843e+03
1.1872549802542701e+03
1.1875904593949058e+03
1.1878918942879397e+03
1.1882290757051717e+03
1.1884293896536421e+03
1.1884760133315963e+03
1.1888728885416151e+03
1.1891680413317374e+03
1.1892857204389468e+03
1.1893598587892650e+03
1.1896899141143474e+03
1.1899216666087073e+03
1.1900730612425625e+03
1.1901153413729887e+03
1.1904485416829211e+03
1.1905412988070925e+03
1.1906732792243929e+03
1.1908351627437007e+03
1.1911095953389811e+03
1.1912722638200160e+03
1.1913750457193585e+03
1.1915188142852701e+03
1.1916635614888901e+03
1.1917632636219539e+03
1.1918826565812203e+03
1.1920119147052656e+03
1.1922662718327122e+03
1.1924534263226715e+03
1.1924945528550556e+03
1.1927425409664713e+03
1.1927902299158100e+03
1.1929075728972794e+03
1.1932900633543957e+03
1.1934656832419378e+03
1.1935652228849028e+03
1.1936942598145633e+03
1.1938569926768100e+03
1.1939018535722387e+03
1.1939803837013635e+03
1.1940679661150318e+03
1.1941794807467700e+03
1.1943959953296971e+03
1.1944913285180908e+03
1.1946835395967228e+03
1.1947024271956086e+03
1.1948469645417792e+03
1.1949194323067106e+03
1.1950939166787389e+03
1.1952482144626413e+03
1.1952840916463226e+03
1.1955904314048084e+03
1.1956639439229325e+03
1.1957085582236334e+03
1.1957713419557770e+03
1.1958686540160058e+03
1.1960520792038521e+03
1.1960892341526851e+03
1.1962146345976232e+03
1.1964162619997985e+03
1.1966447305510976e+03
1.1966962159799643e+03
1.1967938873506741e+03
1.1968781232554750e+03
1.1970607961870380e+03
1.1972326453719322e+03
1.1973941776249312e+03
1.1974285162949027e+03
1.1975986145385016e+03
1.1976028496501963e+03
1.1977569571703466e+03
1.1980675926074136e+03
1.1981479453076436e+03
1.1982570775436041e+03
1.1984538795455333e+03
1.1984620786087578e+03
1.1985507614878454e+03
1.1987519312287682e+03
1.1988842033404189e+03
1.1989852779696171e+03
1.1991004338259045e+03
1.1991330990340766e+03
1.1992807735851272e+03
1.1994196363161911e+03
1.1995239098657071e+03
1.1997499227051205e+03
1.1997989105614283e+03
1.2000904399554383e+03
1.2001348426812074e+03
1.2002401456778427e+03
1.2003717709983796e+03
1.2005502793220721e+03
1.2007413690464516e+03
1.2007776979275429e+03
1.2009040170069065e+03
1.2010139790438541e+03
1.2011177828532850e+03
1.2012520258904917e+03
1.2013952568646421e+03
1.2015281058157857e+03
1.2016958301790348e+03
1.2018388237547990e+03
1.2020392416224938e+03
1.2021483388348515e+03
1.2022850525256417e+03
1.2023433749534893e+03
1.2025886910615948e+03
1.2027579867186653e+03
1.2028990721585867e+03
1.2030040756996186e+03
1.2030646170877360e+03
1.2032601361537677e+03
1.2033256327657211e+03
1.2036857557377093e+03
1.2038072635637800e+03
1.2039195682608938e+03
1.2040429619760005e+03
1.2040927253462144e+03
1.2043775646257297e+03
1.2044402768629036e+03
1.2046732899409974e+03
1.2048216021588548e+03
1.2049221499856212e+03
1.2050576692289224e+03
1.2053453443101516e+03
1.2054572273906595e+03
1.2056929975592348e+03
1.2058324087440401e+03
1.2059472871580217e+03
1.2062993732792884e+03
1.2064815116483910e+03
1.2065844963023244e+03
1.2069258063817513e+03
1.2071056470615558e+03
1.2074977780716895e+03
1.2076275192077169e+03
1.2080560350501573e+03
1.2084217390130693e+03
1.2085381056048136e+03
1.2089994203169724e+03
1.2091240208896734e+03
1.2099474050343658e+03
1.2100022423542125e+03
1.2106415803184973e+03
1.2108343055125124e+03
1.2110471526121435e+03
1.2113342753641207e+03
1.2114398452345122e+03
1.2119090126977844e+03
1.2122447718578258e+03
1.2124660264250192e+03
1.2128930567380853e+03
1.2130395614847137e+03
1.2135756752464383e+03
1.2137605609282798e+03
1.2139418505009301e+03
1.2144648908265140e+03
1.2147107437618697e+03
1.2152008715548689e+03
1.2155670355388540e+03
1.2157083184049632e+03
1.2159016810712083e+03
1.2164504742303197e+03
1.2165225433617825e+03
1.2174039158536916e+03
1.2175200276447204e+03
1.2178129365866571e+03
1.2181042045993684e+03
1.2186829113672957e+03
1.2191710840448816e+03
1.2197365267915868e+03
1.2199451875300240e+03
1.2272027477427985e+03
1.2289446045343857e+03
1.2299468418295746e+03
1.2302126821519832e+03
1.2306260352218328e+03
1.2309839620118460e+03
1.2311093382001623e+03
1.2313776542213877e+03
1.2314940304861793e+03
1.2320263263848094e+03
1.2321428486434963e+03
1.2323570464520963e+03
1.2326964487584059e+03
1.2330664333476552e+03
1.2332965479896054e+03
1.2333033621969455e+03
1.2336533072581274e+03
1.2338387337284996e+03
1.2341761495228243e+03
1.2344239848645873e+03
1.2349232071164301e+03
1.2351301537137997e+03
1.2352861050150348e+03
1.2357304999719481e+03
1.2359671235466851e+03
1.2360443928107177e+03
1.2361923113597252e+03
1.2364867043257955e+03
1.2370375215987069e+03
1.2376191920789499e+03
1.2376846924865390e+03
1.2378290560821069e+03
1.2382143871937337e+03
1.2385613087807908e+03
1.2387795626168238e+03
1.2389510057593693e+03
1.2392924439706471e+03
1.2394317087258362e+03
1.2396828512685570e+03
1.2399683806652715e+03
1.2405382316448072e+03
1.2409957699015820e+03
1.2413202181178228e+03
1.2418090988249032e+03
1.2423072089815942e+03
1.2426035323473945e+03
1.2433413525704948e+03
1.2434491236255665e+03
1.2438287322870478e+03
1.2444107173126429e+03
1.2450278320461241e+03
1.2451315186206971e+03
1.2453064154276467e+03
1.2460610176990670e+03
1.2463365577217471e+03
1.2475067437407236e+03
1.2478881667096184e+03
1.2482493790718756e+03
1.2492378235042354e+03
1.2495816755305664e+03
1.2511844365256795e+03
1.2519943437133554e+03
1.2522389491877559e+03
1.2530194880905510e+03
1.2533875877823252e+03
1.2535798018333376e+03
1.2537922384390608e+03
1.2545314933256977e+03
1.2548589162304670e+03
1.2553074711664294e+03
1.2556363737591762e+03
1.2563681191101359e+03
1.2565725185579486e+03
1.2569846064355490e+03
1.2576825604707133e+03
1.2577717344698328e+03
1.2583000104235923e+03
1.2588594875069539e+03
1.2592816751858736e+03
1.2597610461461422e+03
1.2601677807279773e+03
1.2606514681765655e+03
1.2610437466285064e+03
1.2615386291470884e+03
1.2617827233565486e+03
1.2627179896849148e+03
1.2633001849821308e+03
1.2635298409794339e+03
1.2639788883629897e+03
1.2646647290340195e+03
1.2670008435644204e+03
1.2680555571564223e+03
1.2726528002384275e+03
1.2745217218414900e+03
1.2753639913840532e+03
1.2755993898330289e+03
1.2759985230716522e+03
1.2763678541627737e+03
1.2768700240576886e+03
1.2773190605371969e+03
1.2777416929896031e+03
1.2778753716404649e+03
1.2779890262482809e+03
1.2784778520695115e+03
1.2789339248405286e+03
1.2790890859209278e+03
1.2791679861930236e+03
1.2796348132990115e+03
1.2800197642392247e+03
1.2800486018567840e+03
1.2803527966314059e+03
1.2806141996116023e+03
1.2810431345935008e+03
1.2813417726178930e+03
1.2814922861978605e+03
1.2819594497927269e+03
1.2821139543819982e+03
1.2824924139285602e+03
1.2830777786079539e+03
1.2832363348269635e+03
1.2833818417598695e+03
1.2835415405910114e+03
1.2838402599540927e+03
1.2842717042358497e+03
1.2846860158250340e+03
1.2850656461282631e+03
1.2854106471937057e+03
1.2854823526910243e+03
1.2856583119864106e+03
1.2858492407732501e+03
1.2859226765280557e+03
1.2860101794005218e+03
1.2862218804476181e+03
1.2863745047094303e+03
1.2865760860220573e+03
1.2869192746629451e+03
1.2869815888050189e+03
1.2874105545823704e+03
1.2877352516667959e+03
1.2879138193276240e+03
1.2880032109079023e+03
1.2881407557040316e+03
1.2885277476116339e+03
1.2888941046817586e+03
1.2890334931081334e+03
1.2894151863411480e+03
1.2895531424456708e+03
1.2898017250320008e+03
1.2899369748091535e+03
1.2900432115542364e+03
1.2901029406123932e+03
1.2903881948936414e+03
1.2905269161102804e+03
1.2905484075192505e+03
1.2908265673355702e+03
1.2910131918659320e+03
1.2913669959324286e+03
1.2914050570564441e+03
1.2915810573510046e+03
1.2917893561238093e+03
1.2919412091893050e+03
1.2919504011348445e+03
1.2923342730718198e+03
1.2924673554241811e+03
1.2926269421693225e+03
1.2926616475781955e+03
1.2928416185747333e+03
1.2929619600484411e+03
1.2930036233496110e+03
1.2932912831070446e+03
1.2935764271639373e+03
1.2936779022666954e+03
1.2939218651966885e+03
1.2940257141122383e+03
1.2942505529210182e+03
1.2943614632971962e+03
1.2947593057159290e+03
1.2948854061359930e+03
1.2950604785871708e+03
1.2951891221883891e+03
1.2953016920833061e+03
1.2955658630860944e+03
1.2958015175770765e+03
1.2960213186407261e+03
1.2960514679937269e+03
1.2962228189483035e+03
1.2965201682046097e+03
1.2966874767549930e+03
1.2969882847285376e+03
1.2970966299039674e+03
1.2971417341418460e+03
1.2974387868755068e+03
1.2976874100132363e+03
1.2977512914253050e+03
1.2981186921200911e+03
1.2983033389808868e+03
1.2985338533268107e+03
1.2986245208005494e+03
1.2988078404082262e+03
1.2993313883259484e+03
1.2993950384747884e+03
1.2995186663408945e+03
1.2998746018314748e+03
1.2999937998641301e+03
1.3002366067739836e+03
1.3004339054515492e+03
1.3008335814718680e+03
1.3010296947272711e+03
1.3011944835156200e+03
1.3014270933434159e+03
1.3017387131488749e+03
1.3021423474796486e+03
1.3023669272615061e+03
1.3024756412093691e+03
1.3028816726508021e+03
1.3032437258725772e+03
1.3035545600326102e+03
1.3038593691787248e+03
1.3040105751643671e+03
1.3042042011518977e+03
1.3044032875534651e+03
1.3047880912641788e+03
1.3049112833182012e+03
1.3050488837098655e+03
1.3055177892728041e+03
1.3058967529631373e+03
1.3060804404057728e+03
1.3062352478023834e+03
1.3065816659438076e+03
1.3072492001471971e+03
1.3074556855141045e+03
1.3075296532453788e+03
1.3080180012289325e+03
1.3084682275198863e+03
1.3086744977275639e+03
1.3092969826463168e+03
1.3097909109803768e+03
1.3099413283787567e+03
1.3103792315017670e+03
1.3104834973167433e+03
1.3106959849659081e+03
1.3108300661822609e+03
1.3115074405900700e+03
1.3117272086434164e+03
1.3120175542355482e+03
1.3121435808158701e+03
1.3124602980151037e+03
1.3127973420819046e+03
1.3132964044251862e+03
1.3137997780928508e+03
1.3140390337071483e+03
1.3142755386001938e+03
1.3143963974768262e+03
1.3145359805169585e+03
1.3148077155544804e+03
1.3149443871819037e+03
1.3152009656405621e+03
1.3157998548932142e+03
1.3161673334961740e+03
1.3163250617995764e+03
1.3167164411578410e+03
1.3171428867954567e+03
1.3175369718186262e+03
1.3179230785762861e+03
1.3182647647841993e+03
1.3185960135482319e+03
1.3190038050856949e+03
1.3192847419603195e+03
1.3193460539506261e+03
1.3197245438668783e+03
1.3202288549366638e+03
1.3205057225161634e+03
1.3207737118856298e+03
1.3213710819360683e+03
1.3214379779958281e+03
1.3217744204221301e+03
1.3226016589425290e+03
1.3229887322771413e+03
1.3234201455421107e+03
1.3235355136776977e+03
1.3239679904372615e+03
1.3251044822776562e+03
1.3252807453685691e+03
1.3255212665760184e+03
1.3261463513459623e+03
1.3264579174570390e+03
1.3270230156895300e+03
1.3272218887863903e+03
1.3275196751060284e+03
1.3279796328706450e+03
1.3283439740792790e+03
1.3286946224978251e+03
1.3295204158910942e+03
1.3299165138397771e+03
1.3301413805199538e+03
1.3303060581002678e+03
1.3315122649461844e+03
1.3321795677452719e+03
1.3326941570668941e+03
1.3327625218629205e+03
1.3330704993417876e+03
1.3332270814705844e+03
1.3336132899103732e+03
1.3341899038893907e+03
1.3349806846172764e+03
1.3359226070593586e+03
1.3361284634158521e+03
1.3365647075856521e+03
1.3369281232980643e+03
1.3375240106573149e+03
1.3378418954613935e+03
1.3381691939344980e+03
1.3382330228286889e+03
1.3392200777666189e+03
1.3396266583148445e+03
1.3400613175090753e+03
1.3404361943211704e+03
1.3405905824041931e+03
1.3416749367164691e+03
1.3417790865281931e+03
1.3423877360898814e+03
1.3424649255632185e+03
1.3437157151128292e+03
1.3438718660313170e+03
1.3439241514509806e+03
1.3447424054612495e+03
1.3453569398123486e+03
1.3454129440664071e+03
1.3459730874738618e+03
1.3465563038082432e+03
1.3469922575854830e+03
1.3477294647379827e+03
1.3484988916170189e+03
1.3489600209676635e+03
1.3495721925509456e+03
1.3500507286228035e+03
1.3530800914540755e+03
1.3536016833832955e+03
1.3538165707740409e+03
1.3550045071113973e+03
1.3551690632910118e+03
1.3569501926445093e+03
1.3587136587084719e+03
1.3608889767786095e+03
1.3615865470946651e+03
1.3619148377056622e+03
1.3631282652055047e+03
1.3634476916980520e+03
1.3636013013359957e+03
1.3638071608850628e+03
1.3640880915890145e+03
1.3645160919434670e+03
1.3649295763926109e+03
1.3650802116065040e+03
1.3655934404928259e+03
1.3658965065538273e+03
1.3660665357705657e+03
1.3663074289914900e+03
1.3667940494469588e+03
1.3670724387712874e+03
1.3672744441700286e+03
1.3676916496170024e+03
1.3679872578985505e+03
1.3683934629532382e+03
1.3684561770565062e+03
1.3686721753927420e+03
1.3688479416993518e+03
1.3692669966824303e+03
1.3694563710056518e+03
1.3696865326827283e+03
1.3698556395750568e+03
1.3700243316293843e+03
1.3703948447391228e+03
1.3707482336093678e+03
1.3710347600998396e+03
1.3711075356158860e+03
1.3711823620188266e+03
1.3714940417004493e+03
1.3716860360855012e+03
1.3718913967523574e+03
1.3720899278413624e+03
1.3723832359774926e+03
1.3726086243919060e+03
1.3727917742179957e+03
1.3731445420785180e+03
1.3735715488971066e+03
1.3736027673629378e+03
1.3738885995565206e+03
1.3745246688008499e+03
1.3746293785939645e+03
1.3747981236215287e+03
1.3750917479674256e+03
1.3753055290836660e+03
1.3754696269618139e+03
1.3757046106631512e+03
1.3758635340293765e+03
1.3760265468838638e+03
1.3763549750919190e+03
1.3768669351065889e+03
1.3772709267232231e+03
1.3773599175372926e+03
1.3775923102306829e+03
1.3779111445073238e+03
1.3782466326509677e+03
1.3784328180741672e+03
1.3786535478306880e+03
1.3788049317521672e+03
1.3794687992992726e+03
1.3797253579615408e+03
1.3801415669388582e+03
1.3803512001742240e+03
1.3806513266747322e+03
1.3810719463569685e+03
1.3812801535093361e+03
1.3817303172012455e+03
1.3818341605197770e+03
1.3822925140743107e+03
1.3825137975620316e+03
1.3826653350018216e+03
1.3831710311145675e+03
1.3835589016884703e+03
1.3842321503572894e+03
1.3845052064921661e+03
1.3849681246306759e+03
1.3851759395505867e+03
1.3856026395109538e+03
1.3858394606616155e+03
1.3862094981844998e+03
1.3864461903533333e+03
1.3869577416563566e+03
1.3871361681687254e+03
1.3876445071460114e+03
1.3877745979506976e+03
1.3882070955297622e+03
1.3883729648721899e+03
1.3886886791940256e+03
1.3891562507697795e+03
1.3892309782081029e+03
1.3895220389805052e+03
1.3896015036510726e+03
1.3902154568403721e+03
1.3905093364296122e+03
1.3909266554623341e+03
1.3910330079589744e+03
1.3914792964671319e+03
1.3921083985805051e+03
1.3923689323801332e+03
1.3926069308167000e+03
1.3930938712753496e+03
1.3934612371058806e+03
1.3936308011197905e+03
1.3938943776372012e+03
1.3947299691718308e+03
1.3949263777219580e+03
1.3952922605520951e+03
1.3955658363309362e+03
1.3958221281941603e+03
1.3959340674808579e+03
1.3966114511787675e+03
1.3968233146052780e+03
1.3971638769319156e+03
1.3973895049804692e+03
1.3976606280690312e+03
1.3977561517404706e+03
1.3981009673915446e+03
1.3984939331488501e+03
1.3985651450904254e+03
1.3987779985689895e+03
1.3990423805699504e+03
1.3992393127107962e+03
1.3995661752072201e+03
1.3997908640811154e+03
1.4001209198673284e+03
1.4002074291066851e+03
1.4005043651373196e+03
1.4010408109450088e+03
1.4010897079765518e+03
1.4013839147169481e+03
1.4015715693257023e+03
1.4019183032988810e+03
1.4021464917805356e+03
1.4026140814204543e+03
1.4028465645558545e+03
1.4032735015836581e+03
1.4037634500740096e+03
1.4038417135748721e+03
1.4040040810795776e+03
1.4044532415795841e+03
1.4046410427401318e+03
1.4049139622587643e+03
1.4057159193518230e+03
1.4057701786990717e+03
1.4062061324388897e+03
1.4064842498700930e+03
1.4065860909681405e+03
1.4067570908304158e+03
1.4069019580473241e+03
1.4075961033804599e+03
1.4078696897086161e+03
1.4082279819401799e+03
1.4084621746815574e+03
1.4087727322076491e+03
1.4089948469259211e+03
1.4092632003605308e+03
1.4094809606655708e+03
1.4098944074436779e+03
1.4101003883166504e+03
1.4106299312668291e+03
1.4109960682280812e+03
1.4111676554152571e+03
1.4114734940406424e+03
1.4120625508571929e+03
1.4124435531210413e+03
1.4130553764701278e+03
1.4133503091958639e+03
1.4135905853872453e+03
1.4136773356458075e+03
1.4141694816482079e+03
1.4143341976066085e+03
1.4143880272201040e+03
1.4145949299523770e+03
1.4150508519880020e+03
1.4154395692421747e+03
1.4159275608022083e+03
1.4166297516739273e+03
1.4167067176840624e+03
1.4169395605444861e+03
1.4172985277427977e+03
1.4178646724430271e+03
1.4179954357143972e+03
1.4182436515501845e+03
1.4188001513554971e+03
1.4189639807341014e+03
1.4193851758335204e+03
1.4196766370607013e+03
1.4198416338957243e+03
1.4201352572514102e+03
1.4204769050271941e+03
1.4207425058577185e+03
1.4209254420716991e+03
1.4210092154817630e+03
1.4213681209418585e+03
1.4216606624349045e+03
1.4218630581568859e+03
1.4221207780154866e+03
1.4223019089879444e+03
1.4226741777431091e+03
1.4230040581903108e+03
1.4231526085763826e+03
1.4233681584362726e+03
1.4235264455988549e+03
1.4237154955539597e+03
1.4241303313372709e+03
1.4244504465660925e+03
1.4245221633751592e+03
1.4248850686844410e+03
1.4250256707962794e+03
1.4250892003213075e+03
1.4253505292986817e+03
1.4258254836915853e+03
1.4258519921857389e+03
1.4261588956136002e+03
1.4263946643113261e+03
1.4266699006821559e+03
1.4271136675088778e+03
1.4272562393295884e+03
1.4274189354832095e+03
1.4277904329809744e+03
1.4278968970536330e+03
1.4281128948988235e+03
1.4283608050079329e+03
1.4285037376450150e+03
1.4286471222903606e+03
1.4288946558454527e+03
1.4291306747907681e+03
1.4292511235113029e+03
1.4297696224665278e+03
1.4299575524429731e+03
1.4301127431995162e+03
1.4303595720335279e+03
1.4306295786566141e+03
1.4308748517090150e+03
1.4311754727153100e+03
1.4315289668854741e+03
1.4316845832815800e+03
1.4320367170360191e+03
1.4321645144231932e+03
1.4323979149725103e+03
1.4325214150515785e+03
1.4327287980185667e+03
1.4328690874744177e+03
1.4333077592525174e+03
1.4334010623203339e+03
1.4337159822830638e+03
1.4339317327174947e+03
1.4342594313202826e+03
1.4346116517614125e+03
1.4348940915773533e+03
1.4349997268710235e+03
1.4356075470170506e+03
1.4356762941446782e+03
1.4361226758473438e+03
1.4362268960708918e+03
1.4365743902813081e+03
1.4367498968432033e+03
1.4369243149352305e+03
1.4372591510237389e+03
1.4375128914581976e+03
1.4378391520069149e+03
1.4383405921306148e+03
1.4386354664058526e+03
1.4390778791559251e+03
1.4395394131131384e+03
1.4396293036612894e+03
1.4400533989878732e+03
1.4403881571872791e+03
1.4407532910973694e+03
1.4407961592843037e+03
1.4411183463380887e+03
1.4419449782528275e+03
1.4420663186115926e+03
1.4430610906286201e+03
1.4433307471299204e+03
1.4437932672039074e+03
1.4447601692820369e+03
1.4454723405325458e+03
1.4457966576160552e+03
1.4464486681954295e+03
1.4469233336786558e+03
1.4486300017340391e+03
1.4500707453047862e+03
1.4564949122130081e+03
1.4577431993416778e+03
1.4591682462950696e+03
1.4598975840025814e+03
1.4605129436195075e+03
1.4608928576783610e+03
1.4610898661629155e+03
1.4616106084513460e+03
1.4619774785287746e+03
1.4631140327195071e+03
1.4638163847854569e+03
1.4644264291380925e+03
1.4646554444489095e+03
1.4650187907549525e+03
1.4653175492282537e+03
1.4659599848137050e+03
1.4661754199560039e+03
1.4666096802275811e+03
1.4669649303929550e+03
1.4671247375474572e+03
1.4672239822150323e+03
1.4680326449834868e+03
1.4683677181459946e+03
1.4685361114098466e+03
1.4688663883770780e+03
1.4689615211147427e+03
1.4697675489282976e+03
1.4698048957695116e+03
1.4701699067831453e+03
1.4703336803983477e+03
1.4710569725606995e+03
1.4712488797230512e+03
1.4714501517947981e+03
1.4719993450276472e+03
1.4727132170938467e+03
1.4727769779684897e+03
1.4735446443450530e+03
1.4735771808634365e+03
1.4740779865843442e+03
1.4744599399129820e+03
1.4747535211898401e+03
1.4749141794101561e+03
1.4753113640947759e+03
1.4754123558426490e+03
1.4757184997691345e+03
1.4758921048634134e+03
1.4763835346012693e+03
1.4765495459366011e+03
1.4767933628727271e+03
1.4770198434794249e+03
1.4771275603886368e+03
1.4774166960026157e+03
1.4777581800992741e+03
1.4778280774845982e+03
1.4780930679954688e+03
1.4781969676909166e+03
1.4785510434022081e+03
1.4791138202588329e+03
1.4795254916321569e+03
1.4796912732119399e+03
1.4801108778320220e+03
1.4803899854459630e+03
1.4807347594051460e+03
1.4811013105681784e+03
1.4812692382318344e+03
1.4816562107513362e+03
1.4817525081459969e+03
1.4820258036758134e+03
1.4822277333517638e+03
1.4823690341250820e+03
1.4827923250493241e+03
1.4829807033176039e+03
1.4830930608111767e+03
1.4833296847563167e+03
1.4835400994034364e+03
1.4836145446237476e+03
1.4844330787444524e+03
1.4845685311632640e+03
1.4850762298548200e+03
1.4853482113707369e+03
1.4856953302507891e+03
1.4859778432863591e+03
1.4862594225091141e+03
1.4864112853560637e+03
1.4865401088775259e+03
1.4870969806881610e+03
1.4871500801730072e+03
1.4875557914081860e+03
1.4877671480076576e+03
1.4883488659425291e+03
1.4885804225798686e+03
1.4886199979918413e+03
1.4889149098951166e+03
1.4891860835268940e+03
1.4896259847586321e+03
1.4902295139835032e+03
1.4905322584126161e+03
1.4911335316963573e+03
1.4919094357184465e+03
1.4920996682559887e+03
1.4933034111932564e+03
1.4934213191361357e+03
1.4939337217844777e+03
1.4944004892543760e+03
1.4946588102391290e+03
1.4947993875098123e+03
1.4954964964923126e+03
1.4956443147721959e+03
1.4965691953679807e+03
1.4966836083193689e+03
1.4970983406261248e+03
1.4978739160345667e+03
1.4983169694548503e+03
1.4987245565410155e+03
1.4990440452989508e+03
1.4997599584348968e+03
1.5000097591657627e+03
1.5007001365297060e+03
1.5012286095837285e+03
1.5014261117894307e+03
1.5017514637138370e+03
1.5020860706404112e+03
1.5027024496347262e+03
1.5030441264737701e+03
1.5034884827426856e+03
1.5039104012736627e+03
1.5041322777561904e+03
1.5044499593089254e+03
1.5045379249735470e+03
1.5050681807232700e+03
1.5053601316128822e+03
1.5059697663298107e+03
1.5063422304436267e+03
1.5066013826710537e+03
1.5070852876132428e+03
1.5075061310412773e+03
1.5077078846260429e+03
1.5081356776357277e+03
1.5083768074936600e+03
1.5088761312570637e+03
1.5089847676216953e+03
1.5097745981697603e+03
1.5099350266234696e+03
1.5104382943665014e+03
1.5106716583521686e+03
1.5110782763769391e+03
1.5111617971903413e+03
1.5116469285545149e+03
1.5120081809422966e+03
1.5124370929999689e+03
1.5131164157984663e+03
1.5133658611083947e+03
1.5134158043934503e+03
1.5137740804368143e+03
1.5141350435339368e+03
1.5146579134285323e+03
1.5148486073331212e+03
1.5153396438431548e+03
1.5156371627909789e+03
1.5159064040401731e+03
1.5160234402699455e+03
1.5164854577338813e+03
1.5165650087554807e+03
1.5169522582634074e+03
1.5173420892475181e+03
1.5174636963719875e+03
1.5183674132380529e+03
1.5184813214573603e+03
1.5186843905340224e+03
1.5192035624368600e+03
1.5194858579275160e+03
1.5195516632612948e+03
1.5200243511614769e+03
1.5204630260554318e+03
1.5207351669228008e+03
1.5208205077890791e+03
1.5214493477277470e+03
1.5217887392026507e+03
1.5220566343427797e+03
1.5221281135564602e+03
1.5222719095815792e+03
1.5226761886282563e+03
1.5230669548952226e+03
1.5232524918167021e+03
1.5234794553400473e+03
1.5236294721121269e+03
1.5239589972469457e+03
1.5241818714098222e+03
1.5245336277140223e+03
1.5248101568647164e+03
1.5249614258845299e+03
1.5254546354333995e+03
1.5255651034531497e+03
1.5259075910853687e+03
1.5262539911139449e+03
1.5264042120287568e+03
1.5264890260044112e+03
1.5270710544759954e+03
1.5272149874402342e+03
1.5275874100471003e+03
1.5280470016250019e+03
1.5281536149674250e+03
1.5283326231709198e+03
1.5287441305311056e+03
1.5288124701591610e+03
1.5294226750526711e+03
1.5295060205334621e+03
1.5296706526795831e+03
1.5297878621048831e+03
1.5299818984173687e+03
1.5301623364280954e+03
1.5307392364013258e+03
1.5308132626641689e+03
1.5309279281429815e+03
1.5312170138759523e+03
1.5314347947395590e+03
1.5318110035640584e+03
1.5319258918510827e+03
1.5321742470738409e+03
1.5324603618964629e+03
1.5326783711509192e+03
1.5330642133053511e+03
1.5331118294790922e+03
1.5335147510104075e+03
1.5339325218869681e+03
1.5342460141359866e+03
1.5343381817375109e+03
1.5346607676742199e+03
1.5348271919128820e+03
1.5351088326157553e+03
1.5352647618017440e+03
1.5354667480246151e+03
1.5357027651618857e+03
1.5360197295338044e+03
1.5361708968998425e+03
1.5366976994126235e+03
1.5368714993495705e+03
1.5372345035230160e+03
1.5374241029591194e+03
1.5377820812913876e+03
1.5382444783747319e+03
1.5385467106546091e+03
1.5386760508990969e+03
1.5388108031921847e+03
1.5392484906050092e+03
1.5396628630909731e+03
1.5396800252345167e+03
1.5399290350824381e+03
1.5401789481777821e+03
1.5403354150935425e+03
1.5406366789126018e+03
1.5409496417526266e+03
1.5413831145541196e+03
1.5415995571674985e+03
1.5417226326149803e+03
1.5420814692343688e+03
1.5425177453120609e+03
1.5426614315290155e+03
1.5428102453841725e+03
1.5429658000302024e+03
1.5430965866019599e+03
1.5434586980067422e+03
1.5438305581299510e+03
1.5441503559125451e+03
1.5442882270460914e+03
1.5447324517268053e+03
1.5447999241422790e+03
1.5450572543514447e+03
1.5454494763295158e+03
1.5458062132618661e+03
1.5460016791161299e+03
1.5461045322220714e+03
1.5463999445637107e+03
1.5465707895608859e+03
1.5470642745488103e+03
1.5474276914958762e+03
1.5475461016232462e+03
1.5477062290962926e+03
1.5478436187902125e+03
1.5482767000637525e+03
1.5484597375330040e+03
1.5486944465454994e+03
1.5491740886302864e+03
1.5495618083372065e+03
1.5497869812186088e+03
1.5499923995778311e+03
1.5502187597761881e+03
1.5506199237156115e+03
1.5507901252206989e+03
1.5508838127311162e+03
1.5510363756922770e+03
1.5516955190030219e+03
1.5518744694275017e+03
1.5521641951871657e+03
1.5526677962243020e+03
1.5530877462850533e+03
1.5533215452920526e+03
1.5537404026308500e+03
1.5541918107162764e+03
1.5544518043480057e+03
1.5545439181109907e+03
1.5550308301057548e+03
1.5555985179305649e+03
1.5558241635099855e+03
1.5565950438335287e+03
1.5567869506852235e+03
1.5571335999018513e+03
1.5572654710370412e+03
1.5577995296253227e+03
1.5582421333268978e+03
1.5585923438066186e+03
1.5589379905050405e+03
1.5591745360145749e+03
1.5598310452503670e+03
1.5601586958525572e+03
1.5609084252247983e+03
1.5612154572966740e+03
1.5613270148489794e+03
1.5617125142603138e+03
1.5620295458678820e+03
1.5624719540290018e+03
1.5627025548709687e+03
1.5627362068900372e+03
1.5629699934310038e+03
1.5637862034956786e+03
1.5643229092990957e+03
1.5647603472300073e+03
1.5652340366577550e+03
1.5653291321429147e+03
1.5657931407156939e+03
1.5659141045673048e+03
1.5664277905184965e+03
1.5669217034152514e+03
1.5669928068337640e+03
1.5676069865303084e+03
1.5680410320206540e+03
1.5681670535409373e+03
1.5685411985749552e+03
1.5686531049375576e+03
1.5691251202763406e+03
1.5693351622838641e+03
1.5698530292171765e+03
1.5707285988813533e+03
1.5708961968485585e+03
1.5713913185388778e+03
1.5716492459157585e+03
1.5721306966542513e+03
1.5723018058707689e+03
1.5725385592824427e+03
1.5728575920544538e+03
1.5735703089288102e+03
1.5741018873208986e+03
1.5742748804086225e+03
1.5746033060924731e+03
1.5748901495630259e+03
1.5752751334582204e+03
1.5757343073235988e+03
1.5761316084647870e+03
1.5762438110404821e+03
1.5775181004970825e+03
1.5777382112666792e+03
1.5786097766552568e+03
1.5789115421862159e+03
1.5796538378238176e+03
1.5798721534912336e+03
1.5805155541787481e+03
1.5809694168393985e+03
1.5812690703127221e+03
1.5817460399614592e+03
1.5818140430479393e+03
1.5820390337742056e+03
1.5827790352713050e+03
1.5830505886933963e+03
1.5839903119621961e+03
1.5844089913373787e+03
1.5845809867485232e+03
1.5852003322398152e+03
1.5856742714875120e+03
1.5865079118454053e+03
1.5872065115959545e+03
1.5880068146859765e+03
1.5888673480085358e+03
1.5891407860419204e+03
1.5896538620087940e+03
1.5906201493183046e+03
1.5921791845972955e+03
1.5932664215524283e+03
1.5937835792402318e+03
1.5944102600438255e+03
1.5949493692115191e+03
1.5956806931230506e+03
1.5965515237039606e+03
1.5973888238803627e+03
1.5981940632935552e+03
1.5992069020296874e+03
1.5994793406089698e+03
1.6004530907905191e+03
1.6008293046502249e+03
1.6012592615899239e+03
1.6014368376542348e+03
1.6022563747303950e+03
1.6025234723403037e+03
1.6029476024314597e+03
1.6034791929970570e+03
1.6040942281365260e+03
1.6043006648142450e+03
1.6048864072015549e+03
1.6050342036328373e+03
1.6055280254323402e+03
1.6057148160760094e+03
1.6057961915130400e+03
1.6066188028824758e+03
1.6067688302682930e+03
1.6072865213562509e+03
1.6077553715996157e+03
1.6078091379111302e+03
1.6078749819967022e+03
1.6082669896126140e+03
1.6088573065835662e+03
1.6090836467671152e+03
1.6092811912952284e+03
1.6098166790219784e+03
1.6104162295189390e+03
1.6105899055996895e+03
1.6110569591096728e+03
1.6111711963783523e+03
1.6114847021670291e+03
1.6118424025743050e+03
1.6120442908323953e+03
1.6122417551550727e+03
1.6127891496758980e+03
1.6131699630909152e+03
1.6134025846061541e+03
1.6136365479026567e+03
1.6140655248980079e+03
1.6141634940706831e+03
1.6142648724164542e+03
1.6147998166822201e+03
1.6152337415092888e+03
1.6156104990491974e+03
1.6158266009978772e+03
1.6160840106792666e+03
1.6165369632943687e+03
1.6165866292257533e+03
1.6169217276202803e+03
1.6170554851710294e+03
1.6174065780831952e+03
1.6181407724240087e+03
1.6183743115069929e+03
1.6185891611598815e+03
1.6190092664486415e+03
1.6192136041624340e+03
1.6194168526446203e+03
1.6199325442112372e+03
1.6201315609712401e+03
1.6202933943112482e+03
1.6206033801505073e+03
1.6210702905776311e+03
1.6211561538528242e+03
1.6216174998138933e+03
1.6220040526977175e+03
1.6222460846184024e+03
1.6225503998495965e+03
1.6231021708292242e+03
1.6233325221981479e+03
1.6242438824640351e+03
1.6243136682127756e+03
1.6244912739731699e+03
1.6248126099273256e+03
1.6252114363206117e+03
1.6257875420833957e+03
1.6258661228897065e+03
1.6267362068244872e+03
1.6268257136499187e+03
1.6273160371990064e+03
1.6275772144163450e+03
1.6283287825450875e+03
1.6285325375165980e+03
1.6289778546647747e+03
1.6292948793104365e+03
1.6300251630585467e+03
1.6303326598339600e+03
1.6309257355150837e+03
1.6311769425682919e+03
1.6313325600666026e+03
1.6323788632410592e+03
1.6329951535851246e+03
1.6335537115767511e+03
1.6339033778458152e+03
1.6340213186126421e+03
1.6344840072633074e+03
1.6347725756617529e+03
1.6357740334862560e+03
1.6359505129041579e+03
1.6363775160379066e+03
1.6365915721900521e+03
1.6370025229823457e+03
1.6371994973011138e+03
1.6374248263633833e+03
1.6376194999936401e+03
1.6378966579112321e+03
1.6384829345942915e+03
1.6386309203489448e+03
1.6386996239649670e+03
1.6392495199121577e+03
1.6395104363895159e+03
1.6396503284710868e+03
1.6402832871306600e+03
1.6403459887577080e+03
1.6406780401244368e+03
1.6407427582759062e+03
1.6413098782362613e+03
1.6414070858278403e+03
1.6416490860914630e+03
1.6418978370357763e+03
1.6421046956640130e+03
1.6424283893275724e+03
1.6427003683912064e+03
1.6430130818011339e+03
1.6432651815539098e+03
1.6435300413856087e+03
1.6439815518981939e+03
1.6440827923783820e+03
1.6442258948262402e+03
1.6446863423706054e+03
1.6448437198423567e+03
1.6450506561818456e+03
1.6451978058519583e+03
1.6452679357539416e+03
1.6455425176193703e+03
1.6458025150143737e+03
1.6461752420801738e+03
1.6462681102124943e+03
1.6463871593096696e+03
1.6466544070185016e+03
1.6468307470851396e+03
1.6472029601901447e+03
1.6472241789031423e+03
1.6475183047997969e+03
1.6477848275196636e+03
1.6480602945207686e+03
1.6483826041419427e+03
1.6486642370190564e+03
1.6491545938230445e+03
1.6493935202081063e+03
1.6494480842067705e+03
1.6495663281021962e+03
1.6498852827370315e+03
1.6500454873863384e+03
1.6502957683876907e+03
1.6503750688087237e+03
1.6508145210934147e+03
1.6511045032832410e+03
1.6514565117702432e+03
1.6516721022211439e+03
1.6518479083862117e+03
1.6521122249776172e+03
1.6522770671571293e+03
1.6524537974184443e+03
1.6526026605021439e+03
1.6528212118683441e+03
1.6530966155987830e+03
1.6535957882777670e+03
1.6536927355869720e+03
1.6537074943362236e+03
1.6540128671392790e+03
1.6542333618819005e+03
1.6545527672561950e+03
1.6548792669500897e+03
1.6550133905754394e+03
1.6553003238131159e+03
1.6556658184456280e+03
1.6557612848125896e+03
1.6557953199144913e+03
1.6563938249293747e+03
1.6564960172497128e+03
1.6566510160512964e+03
1.6569865620420892e+03
1.6571795037064765e+03
1.6575936214110541e+03
1.6578095332122602e+03
1.6579783436399716e+03
1.6581675780437838e+03
1.6582651247680137e+03
1.6584847538794475e+03
1.6587118444967707e+03
1.6588719036782750e+03
1.6592671488607907e+03
1.6595029458258266e+03
1.6596212931841849e+03
1.6600205098512699e+03
1.6600664179680864e+03
1.6603779451933140e+03
1.6604643767992634e+03
1.6606344339467271e+03
1.6608256108712869e+03
1.6609173215818309e+03
1.6612630361140446e+03
1.6615149930163161e+03
1.6618339511145925e+03
1.6624992733922363e+03
1.6627709545176210e+03
1.6628971030322800e+03
1.6631739819432030e+03
1.6633103633054836e+03
1.6635543714199573e+03
1.6637537789382800e+03
1.6638997833541168e+03
1.6639953493024721e+03
1.6643596162776066e+03
1.6648374463887008e+03
1.6650681685827992e+03
1.6651947148488421e+03
1.6653559669602621e+03
1.6656193049353440e+03
1.6660185666714221e+03
1.6661021945437567e+03
1.6663466970812860e+03
1.6666230210246677e+03
1.6669553600091579e+03
1.6673374975567267e+03
1.6675107769570063e+03
1.6676409204959371e+03
1.6682675198088432e+03
1.6684146034609807e+03
1.6685404267253250e+03
1.6692184159617457e+03
1.6695860965078623e+03
1.6699062003852582e+03
1.6700452913435374e+03
1.6701675325538658e+03
1.6704853504519167e+03
1.6709012858199017e+03
1.6712483743543130e+03
1.6716499060430203e+03
1.6717074824198087e+03
1.6720386752154741e+03
1.6725688106559335e+03
1.6727914611582355e+03
1.6729241512536769e+03
1.6731833788354691e+03
1.6734276389773681e+03
1.6739213341556299e+03
1.6745859307818735e+03
1.6748208590600802e+03
1.6749936385140024e+03
1.6752051280949941e+03
1.6754940612267815e+03
1.6758406385538099e+03
1.6761747371583681e+03
1.6766720186090645e+03
1.6771769566077587e+03
1.6773939260751372e+03
1.6776535223805120e+03
1.6779919533821669e+03
1.6782848564338401e+03
1.6787401683998282e+03
1.6788565668952938e+03
1.6792215037915655e+03
1.6795122574527286e+03
1.6798988722493175e+03
1.6804755823196881e+03
1.6806452808517536e+03
1.6809233744181433e+03
1.6811268622954863e+03
1.6815095325327534e+03
1.6821638130369536e+03
1.6823920555371883e+03
1.6827953933157837e+03
1.6832256741042372e+03
1.6835160293927302e+03
1.6837262483302156e+03
1.6840736053134258e+03
1.6845849161394033e+03
1.6848181884856849e+03
1.6848911592510499e+03
1.6853668845115719e+03
1.6855610477034334e+03
1.6861974260745403e+03
1.6866561778887396e+03
1.6867650559461870e+03
1.6870721785540561e+03
1.6872646501194047e+03
1.6874340156293722e+03
1.6878859999034698e+03
1.6879920146538750e+03
1.6881804982574286e+03
1.6888115616476937e+03
1.6889747089069529e+03
1.6892992502616237e+03
1.6895777184138756e+03
1.6899361921770792e+03
1.6903857963399250e+03
1.6907331770007611e+03
1.6908178880641974e+03
1.6914703432656981e+03
1.6914912758208752e+03
1.6919345649726874e+03
1.6927283084924925e+03
1.6930646449013773e+03
1.6934599239295655e+03
1.6936955483155887e+03
1.6941603751436996e+03
1.6944822021245138e+03
1.6949715000322419e+03
1.6953122744830337e+03
1.6955222448923366e+03
1.6960930873198035e+03
1.6963739413523363e+03
1.6967159492278681e+03
1.6971775036427380e+03
1.6979374550810844e+03
1.6980476680056345e+03
1.6985221010805042e+03
1.6986891605357325e+03
1.6988940256281237e+03
1.6993629781169013e+03
1.6995183630344684e+03
1.7002032367816018e+03
1.7004099845509900e+03
1.7008025422127855e+03
1.7012222640914240e+03
1.7016064462199547e+03
1.7022313090044131e+03
1.7032461896468226e+03
1.7036517566528698e+03
1.7043366191272476e+03
1.7052852083948578e+03
1.7064014591447719e+03
1.7073266286828782e+03
1.7098542026368448e+03
1.7124721808071822e+03
1.7141684177166383e+03
1.7162553750538325e+03
1.7191115028334918e+03
1.7193631787565669e+03
1.7204393017078489e+03
1.7210052267867973e+03
1.7212585497757693e+03
1.7226155444309115e+03
1.7233660240569161e+03
1.7234035138870363e+03
1.7237053254781943e+03
1.7240663499951274e+03
1.7245355825994418e+03
1.7256156641304710e+03
1.7260179943715375e+03
1.7262706253668589e+03
1.7270617602207867e+03
1.7273344391097201e+03
1.7277254725963123e+03
1.7279966127210371e+03
1.7285804079277650e+03
1.7290421923867514e+03
1.7294004730584447e+03
1.7297300275208456e+03
1.7302179248407351e+03
1.7306962723380252e+03
1.7308723225203598e+03
1.7310989030644009e+03
1.7312861356867920e+03
1.7318294275837777e+03
1.7322703702946765e+03
1.7326928405037088e+03
1.7330761571384942e+03
1.7335190286038062e+03
1.7337529440935903e+03
1.7341085320549732e+03
1.7347198586424927e+03
1.7347701370111104e+03
1.7352837003993302e+03
1.7357951173261188e+03
1.7358953160797298e+03
1.7361840177283257e+03
1.7364021391875790e+03
1.7365906327481209e+03
1.7371935552701570e+03
1.7375237562629654e+03
1.7376705455401195e+03
1.7379892188352367e+03
1.7384903796416056e+03
1.7389340050974092e+03
1.7390218165515557e+03
1.7392923852159945e+03
1.7396386171873037e+03
1.7399555828321083e+03
1.7402386639426682e+03
1.7403617101004033e+03
1.7407215334030009e+03
1.7409209181230212e+03
1.7414441903456434e+03
1.7418069675295008e+03
1.7419370283771673e+03
1.7426252572569570e+03
1.7428412311063996e+03
1.7428988517149019e+03
1.7431511658829479e+03
1.7434752500326560e+03
1.7438472043396503e+03
1.7443360973748738e+03
1.7444228778055319e+03
1.7447960095556534e+03
1.7454374957919026e+03
1.7457983464106837e+03
1.7458677299158478e+03
1.7464656988914271e+03
1.7468344765783431e+03
1.7470913665033411e+03
1.7472290005391628e+03
1.7473801157288258e+03
1.7476368042712431e+03
1.7477792781998526e+03
1.7479124125337864e+03
1.7481863380257773e+03
1.7484319087458596e+03
1.7486396163904953e+03
1.7491851818420057e+03
1.7496850571289044e+03
1.7499657831662876e+03
1.7501742019599164e+03
1.7506499990208122e+03
1.7509445918992783e+03
1.7510944980590041e+03
1.7512983427449383e+03
1.7516580880677013e+03
1.7523362107378744e+03
1.7524466676189163e+03
1.7526089634159223e+03
1.7526431040905140e+03
1.7532095372092224e+03
1.7536140884499400e+03
1.7537384501305255e+03
1.7539789188783050e+03
1.7540707409032323e+03
1.7546029029229899e+03
1.7548096284613350e+03
1.7553491366870978e+03
1.7553694265708327e+03
1.7559524838750137e+03
1.7560083536707477e+03
1.7562795425835707e+03
1.7564992156411483e+03
1.7566861604515275e+03
1.7568775995309393e+03
1.7571367813760346e+03
1.7576484518794268e+03
1.7578282269910580e+03
1.7580444521955515e+03
1.7582820085414305e+03
1.7585977509777229e+03
1.7588947036663751e+03
1.7593939524223683e+03
1.7594559936221160e+03
1.7596934841748437e+03
1.7599412211951292e+03
1.7600754631876773e+03
1.7606560810193910e+03
1.7609981839027309e+03
1.7611189946579093e+03
1.7612798517180879e+03
1.7615974792930599e+03
1.7620585289918392e+03
1.7622130886760392e+03
1.7624491259923896e+03
1.7626301530026781e+03
1.7627036267901524e+03
1.7631136104226621e+03
1.7632586982372432e+03
1.7635436607554379e+03
1.7637151138018726e+03
1.7640758233662598e+03
1.7643303906641702e+03
1.7648825555811670e+03
1.7650228390703053e+03
1.7653407572221395e+03
1.7655452839440313e+03
1.7657542650051239e+03
1.7661051541133186e+03
1.7662518549261508e+03
1.7664655406042557e+03
1.7666912528220494e+03
1.7668577494352330e+03
1.7671831675811075e+03
1.7673623465097039e+03
1.7676748751373209e+03
1.7679704263891122e+03
1.7682337194433353e+03
1.7683160621359029e+03
1.7685634382435405e+03
1.7688118616367528e+03
1.7692464027857557e+03
1.7694269083377230e+03
1.7695720025553128e+03
1.7698636091329940e+03
1.7700859207486951e+03
1.7705833147762721e+03
1.7708244091057547e+03
1.7709731942255239e+03
1.7712897647151642e+03
1.7714938910757437e+03
1.7716477092665257e+03
1.7720713627952487e+03
1.7721424555036128e+03
1.7724075523653319e+03
1.7726381149838810e+03
1.7727227190814117e+03
1.7730330315955678e+03
1.7732765874987879e+03
1.7734925593864207e+03
1.7739376447874881e+03
1.7741318573935112e+03
1.7744263828140179e+03
1.7745464642834761e+03
1.7747515052879967e+03
1.7750079858772915e+03
1.7751823695573491e+03
1.7752255600465933e+03
1.7755422945755240e+03
1.7758497476276671e+03
1.7760216867608503e+03
1.7762586640904401e+03
1.7765314525781264e+03
1.7768724191170390e+03
1.7771154219799939e+03
1.7772049475139829e+03
1.7774598364895546e+03
1.7778302536983460e+03
1.7780204130870063e+03
1.7783524843455052e+03
1.7787111136184324e+03
1.7789965208807746e+03
1.7790308322855374e+03
1.7792344785241564e+03
1.7794798504183209e+03
1.7797305490357801e+03
1.7799845133224349e+03
1.7802246803927917e+03
1.7805159864015388e+03
1.7809151866121354e+03
1.7811030663636889e+03
1.7812658288668035e+03
1.7813517677092650e+03
1.7815348699511567e+03
1.7817632005455755e+03
1.7820896070961403e+03
1.7822024126953033e+03
1.7825379172002970e+03
1.7827967630140324e+03
1.7830902427527587e+03
1.7833512228511784e+03
1.7834165632926129e+03
1.7836629666379094e+03
1.7840394510274657e+03
1.7841680950465807e+03
1.7843948478523632e+03
1.7845134109253518e+03
1.7847855583607420e+03
1.7853174551094446e+03
1.7854182684016080e+03
1.7855301710468873e+03
1.7856819818249417e+03
1.7860482371455955e+03
1.7863014941585352e+03
1.7866426358362696e+03
1.7867966064259911e+03
1.7871288371794674e+03
1.7873745098499064e+03
1.7874714806542386e+03
1.7876528797904830e+03
1.7879368514342407e+03
1.7880138895987639e+03
1.7884328268922022e+03
1.7886321719646917e+03
1.7890759113723188e+03
1.7895426714291038e+03
1.7895980674313689e+03
1.7896355667944752e+03
1.7898927325796822e+03
1.7902132675437413e+03
1.7902564918991798e+03
1.7906009924793734e+03
1.7908115766029664e+03
1.7912763608027549e+03
1.7914529266112763e+03
1.7916926452219188e+03
1.7919271269650594e+03
1.7921627326618375e+03
1.7926557226321961e+03
1.7927931950614893e+03
1.7930596911164791e+03
1.7932797075553324e+03
1.7933798548790564e+03
1.7935458016964346e+03
1.7941077264910762e+03
1.7942231970598143e+03
1.7942526457309345e+03
1.7945651336907058e+03
1.7951141755121953e+03
1.7952357726593148e+03
1.7953226360519445e+03
1.7959628071307084e+03
1.7960320240130970e+03
1.7963382637888913e+03
1.7965328653997458e+03
1.7968084382620696e+03
1.7969931956955345e+03
1.7973576395745231e+03
1.7976348861995507e+03
1.7978436376139127e+03
1.7982234536145129e+03
1.7983006336296169e+03
1.7986607462285303e+03
1.7989459515181052e+03
1.7995035541460986e+03
1.7996956013674944e+03
1.8000434750464381e+03
1.8001204349410141e+03
1.8005329997228764e+03
1.8007502121939897e+03
1.8009643182392044e+03
1.8012271038659535e+03
1.8014233289103443e+03
1.8015857765534033e+03
1.8023351835852086e+03
1.8024232458936508e+03
1.8028465644640280e+03
1.8032180137268672e+03
1.8034462781086261e+03
1.8035635872160835e+03
1.8040306299371607e+03
1.8042644460145666e+03
1.8046069987218409e+03
1.8049769218430008e+03
1.8052196753766698e+03
1.8057941757193325e+03
1.8059899809937092e+03
1.8061358214547020e+03
1.8065108141539436e+03
1.8067746005402728e+03
1.8068334834123343e+03
1.8075675690128364e+03
1.8079770625403719e+03
1.8081647393998394e+03
1.8085329129751399e+03
1.8089029043773626e+03
1.8097750548131869e+03
1.8102550099422647e+03
1.8112349728669678e+03
1.8113434981621776e+03
1.8115804276198548e+03
1.8121209685848319e+03
1.8132083915747985e+03
1.8141171637585533e+03
1.8147063332185671e+03
1.8152399002463405e+03
1.8153119853269188e+03
1.8163779470216014e+03
1.8166675561195004e+03
1.8177753154799095e+03
1.8181307605699835e+03
1.8186684378985558e+03
1.8193382380298742e+03
1.8210449763626932e+03
1.8216192314767493e+03
1.8222035774325302e+03
1.8235380431738311e+03
1.8241538065717841e+03
1.8249892096808705e+03
1.8255376157920239e+03
1.8259928886684613e+03
1.8264480781973893e+03
1.8276983927893191e+03
1.8279560200654466e+03
1.8289716168333168e+03
1.8306349017381767e+03
1.8312209766786150e+03
1.8324032574637572e+03
1.8338819713899286e+03
1.8340549170816068e+03
1.8345306003125077e+03
1.8348989457731955e+03
1.8360059197270709e+03
1.8374288066374547e+03
1.8377870195879025e+03
1.8394156488765825e+03
1.8408002241320125e+03
1.8412326313212077e+03
1.8422706720898120e+03
1.8427566456046827e+03
1.8437507768915275e+03
1.8448360815991059e+03
1.8458891592387070e+03
1.8464845620774452e+03
1.8467784518149197e+03
1.8469561160043659e+03
1.8483626280712506e+03
1.8489024326243480e+03
1.8491043869305129e+03
1.8497352061451054e+03
1.8501807393104132e+03
1.8503903906247031e+03
1.8511977446583935e+03
1.8516349744010017e+03
1.8518230791124934e+03
1.8525752738460674e+03
1.8528783330670456e+03
1.8532852066668504e+03
1.8538339915979536e+03
1.8541188839190231e+03
1.8547782230758467e+03
1.8548236888895356e+03
1.8555578797035671e+03
1.8560499083535449e+03
1.8565470487251064e+03
1.8569042143514655e+03
1.8571174123174010e+03
1.8573583595484065e+03
1.8576952924405311e+03
1.8580601817207510e+03
1.8582667761397963e+03
1.8587421876481337e+03
1.8591872976353950e+03
1.8592611118748041e+03
1.8600382940410234e+03
1.8610001739842514e+03
1.8613002240538376e+03
1.8616980688272720e+03
1.8619792776275096e+03
1.8627149149973111e+03
1.8631153561925491e+03
1.8632707943360920e+03
1.8637806856937248e+03
1.8643274179324985e+03
1.8646590625521646e+03
1.8651020164151989e+03
1.8652831009443978e+03
1.8655248816112489e+03
1.8656722917788650e+03
1.8660743368340620e+03
1.8665603825300050e+03
1.8669444481953749e+03
1.8669736809104106e+03
1.8674925600311249e+03
1.8675146986247755e+03
1.8678267643377549e+03
1.8682939055732743e+03
1.8688462825144834e+03
1.8690253631002417e+03
1.8695013863738029e+03
1.8697643380511852e+03
1.8699089867165917e+03
1.8701688536344984e+03
1.8703752061233627e+03
1.8710085400463954e+03
1.8713125634878988e+03
1.8713969916832273e+03
1.8715600806704765e+03
1.8722423947894795e+03
1.8726059725756954e+03
1.8729710522580792e+03
1.8732276843513898e+03
1.8734694893384064e+03
1.8737904840951135e+03
1.8738377858141264e+03
1.8741906392880119e+03
1.8742358292692627e+03
1.8745036923031923e+03
1.8749025505583447e+03
1.8749549854788590e+03
1.8754144515668891e+03
1.8756139434649210e+03
1.8761457492548095e+03
1.8763426124351845e+03
1.8764099235117601e+03
1.8767529446888607e+03
1.8769665182866183e+03
1.8771964413387313e+03
1.8774354778431971e+03
1.8778046110050736e+03
1.8779573651099508e+03
1.8781107177741271e+03
1.8783157651908318e+03
1.8789092673879297e+03
1.8791361622226141e+03
1.8793143988634633e+03
1.8796049975439144e+03
1.8799419514523897e+03
1.8802020826444486e+03
1.8803830004368244e+03
1.8806063721254984e+03
1.8809358165986066e+03
1.8810970469995355e+03
1.8813896202911083e+03
1.8815235248963809e+03
1.8819007799408578e+03
1.8819205823846239e+03
1.8822080505251738e+03
1.8823985687111060e+03
1.8825252043317614e+03
1.8825998797445141e+03
1.8832324217670659e+03
1.8833870003102290e+03
1.8836408949059746e+03
1.8837617478090096e+03
1.8837886072093138e+03
1.8843877429489310e+03
1.8844894642168831e+03
1.8846323120158204e+03
1.8848715997964816e+03
1.8852144840901672e+03
1.8854241019693761e+03
1.8856717253802751e+03
1.8857911265319717e+03
1.8862286031308356e+03
1.8866533761433616e+03
1.8867815518552102e+03
1.8869591353156172e+03
1.8870973174723051e+03
1.8873827857067897e+03
1.8876277074199447e+03
1.8877803116308112e+03
1.8880035355812672e+03
1.8881531493040613e+03
1.8885059086557887e+03
1.8886927785068174e+03
1.8888444060378185e+03
1.8891620701850684e+03
1.8894310170591204e+03
1.8896410738879620e+03
1.8898387979708182e+03
1.8901139271943641e+03
1.8901471233360594e+03
1.8905439031227352e+03
1.8907312288968499e+03
1.8911300842420890e+03
1.8913258927875579e+03
1.8915843130785011e+03
1.8917685886330310e+03
1.8919614066438260e+03
1.8920881794251115e+03
1.8923297171116142e+03
1.8924686049075131e+03
1.8927294094484537e+03
1.8929658948471417e+03
1.8935544434735884e+03
1.8938060013447216e+03
1.8939163031873220e+03
1.8940931605012699e+03
1.8942497558444477e+03
1.8946559285519545e+03
1.8949280463709742e+03
1.8951364566459329e+03
1.8954414540807543e+03
1.8957616096532865e+03
1.8958532734182713e+03
1.8960764548289965e+03
1.8961601642285289e+03
1.8964845074611076e+03
1.8967002481494508e+03
1.8967657194791548e+03
1.8971006804525134e+03
1.8972273677778617e+03
1.8974317252476258e+03
1.8976981416896672e+03
1.8982479205542461e+03
1.8983548341680962e+03
1.8988603502903325e+03
1.8989361180514315e+03
1.8991474245963063e+03
1.8994484363792453e+03
1.8995824658309043e+03
1.8998307816871566e+03
1.9001483270936660e+03
1.9002997144442365e+03
1.9004947419777309e+03
1.9006158140485877e+03
1.9008890380316234e+03
1.9011232478214781e+03
1.9013580056080625e+03
1.9015134047651125e+03
1.9015632813618383e+03
1.9017720222854841e+03
1.9021297738495243e+03
1.9022588872983824e+03
1.9024397747109679e+03
1.9025699379679054e+03
1.9029341988445906e+03
1.9032167397483620e+03
1.9034061046451550e+03
1.9035748644657467e+03
1.9037257404634788e+03
1.9039094651016853e+03
1.9041222120041250e+03
1.9044305765544118e+03
1.9045912213299644e+03
1.9050202804285150e+03
1.9051540425890603e+03
1.9055038926684865e+03
1.9058275413599461e+03
1.9059665975385819e+03
1.9060550125231528e+03
1.9062180925874625e+03
1.9063730311456059e+03
1.9067023478414369e+03
1.9069263537737554e+03
1.9070295525180757e+03
1.9074443707453715e+03
1.9077185164224452e+03
1.9077705925964074e+03
1.9081012092345877e+03
1.9082155482687240e+03
1.9083309313447057e+03
1.9085782572502692e+03
1.9086112172410415e+03
1.9090794824054269e+03
1.9091294428504571e+03
1.9095468793690279e+03
1.9096941722821477e+03
1.9098084155157560e+03
1.9101128585292195e+03
1.9105471092098458e+03
1.9106659772442974e+03
1.9107548102331475e+03
1.9110107151925047e+03
1.9113377342607255e+03
1.9115272855587914e+03
1.9117931908098024e+03
1.9119324814821089e+03
1.9121031986744051e+03
1.9122565477991277e+03
1.9124696431885711e+03
1.9128093282755160e+03
1.9130812277752209e+03
1.9135097876691141e+03
1.9135380371650003e+03
1.9136632686791925e+03
1.9137679713530902e+03
1.9139656273375670e+03
1.9142616422976323e+03
1.9143995385249300e+03
1.9146381495086282e+03
1.9151169107800879e+03
1.9153271840069731e+03
1.9154389701802013e+03
1.9157400313911946e+03
1.9160250552706339e+03
1.9163623041891685e+03
1.9164383852647127e+03
1.9166200287326205e+03
1.9166869704695212e+03
1.9170929786392123e+03
1.9171599790801174e+03
1.9177029011597006e+03
1.9179075286364437e+03
1.9180614314298032e+03
1.9183259229855501e+03
1.9186544243948483e+03
1.9186985340537617e+03
1.9189744936051020e+03
1.9191358600335984e+03
1.9194089104747836e+03
1.9197161925844746e+03
1.9198910570557316e+03
1.9202609122191566e+03
1.9206169702735917e+03
1.9206666383147262e+03
1.9211892188623933e+03
1.9215434172670377e+03
1.9215780932205068e+03
1.9217590770504576e+03
1.9219906101838581e+03
1.9220450452996433e+03
1.9226460626064913e+03
1.9228526284317984e+03
1.9230384042758913e+03
1.9231306309147417e+03
1.9231894091834113e+03
1.9233657103058952e+03
1.9234926556176247e+03
1.9238566319625415e+03
1.9241340068398176e+03
1.9246536582736510e+03
1.9250473096181399e+03
1.9253066603857230e+03
1.9256433426966707e+03
1.9261528931628802e+03
1.9261996228629857e+03
1.9264801102323934e+03
1.9266181976255609e+03
1.9266733476007621e+03
1.9267744146908751e+03
1.9270924603845533e+03
1.9274053367200775e+03
1.9278401922271644e+03
1.9280315277045968e+03
1.9285174718927685e+03
1.9288282414167713e+03
1.9292952341103280e+03
1.9293429649909235e+03
1.9298317296765033e+03
1.9301472540853129e+03
1.9305380163932064e+03
1.9305877032263902e+03
1.9307642536443398e+03
1.9311027241114564e+03
1.9311914094866213e+03
1.9317499381206985e+03
1.9319080302408431e+03
1.9322586948122339e+03
1.9328166933528830e+03
1.9329333257707954e+03
1.9331729956175486e+03
1.9334248764508629e+03
1.9340031813040318e+03
1.9346233534061416e+03
1.9348725341690888e+03
1.9349676674786058e+03
1.9350405882746738e+03
1.9358545213773107e+03
1.9360563192425766e+03
1.9362150529985529e+03
1.9365616235541577e+03
1.9371653801456250e+03
1.9376493375563634e+03
1.9380930812676741e+03
1.9382636092108514e+03
1.9389061821281211e+03
1.9390498971152622e+03
1.9399884974151043e+03
1.9400913664902680e+03
1.9407615605078736e+03
1.9413435746804369e+03
1.9415201079864962e+03
1.9420999013979413e+03
1.9430633402280762e+03
1.9436221486080719e+03
1.9449373895173114e+03
1.9509982067776987e+03
1.9541165859886121e+03
1.9567731269403810e+03
1.9570663550883619e+03
1.9578272708978002e+03
1.9590697591454045e+03
1.9611709394483751e+03
1.9619814772883706e+03
1.9630236427407847e+03
1.9646858917715781e+03
1.9655279964991962e+03
1.9662667071719195e+03
1.9666201878488912e+03
1.9674876183463541e+03
1.9690509485180171e+03
1.9691335987352527e+03
1.9702198951537448e+03
1.9713429626876668e+03
1.9718163317172985e+03
1.9720274168868254e+03
1.9727442768627272e+03
1.9732401357968638e+03
1.9735395228058283e+03
1.9740602293900624e+03
1.9749204153096816e+03
1.9754738121488715e+03
1.9759720800266084e+03
1.9767106186929582e+03
1.9770982283908882e+03
1.9774398790796342e+03
1.9780507065810500e+03
1.9785489830363344e+03
1.9789656729655803e+03
1.9793427435918632e+03
1.9800262195177309e+03
1.9807038004636929e+03
1.9809665279249173e+03
1.9812366280263163e+03
1.9818513710417119e+03
1.9822070671879699e+03
1.9823346113172620e+03
1.9831057970288609e+03
1.9834467505977566e+03
1.9837863788485467e+03
1.9842033955244237e+03
1.9842664432668992e+03
1.9850349642480055e+03
1.9853924291773217e+03
1.9858954289304695e+03
1.9863971823430925e+03
1.9866957559963776e+03
1.9872506124577435e+03
1.9872807888491266e+03
1.9876503821885883e+03
1.9878636454102484e+03
1.9880403505854022e+03
1.9883815461045283e+03
1.9887337755093781e+03
1.9890721159690934e+03
1.9895176794461395e+03
1.9898228837565248e+03
1.9901758017487816e+03
1.9905796449314507e+03
1.9907706700784267e+03
1.9912277622294330e+03
1.9913938169880646e+03
1.9919500027008289e+03
1.9920849640280123e+03
1.9922126489801865e+03
1.9927063633994089e+03
1.9930985251544230e+03
1.9932913505178005e+03
1.9937794529132379e+03
1.9942239606245660e+03
1.9943501819684755e+03
1.9949982645426649e+03
1.9953610425272886e+03
1.9954401183712314e+03
1.9955458280120536e+03
1.9957921241954764e+03
1.9961792510491018e+03
1.9964162685925173e+03
1.9969443993979410e+03
1.9971246335100432e+03
1.9974425916798059e+03
1.9977731500092514e+03
1.9981223433591153e+03
1.9984959237783251e+03
1.9987945059029191e+03
1.9993008622923530e+03
1.9993821643064109e+03
1.9998687110169926e+03
2.0000055830770577e+03
2.0004925756056612e+03
2.0008048164218117e+03
2.0011164767783068e+03
2.0012792508063987e+03
2.0015141434389725e+03
2.0018898344817485e+03
2.0022518161788660e+03
2.0023498158751052e+03
2.0028549070596130e+03
2.0031126712567859e+03
2.0033820043265123e+03
2.0037775848397926e+03
2.0042818614805569e+03
2.0044344972018159e+03
2.0045038263822021e+03
2.0046387632737578e+03
2.0049745351153911e+03
2.0052999799347767e+03
2.0053483604166663e+03
2.0056384279591271e+03
2.0062477841515752e+03
2.0064631587090855e+03
2.0065694279738632e+03
2.0067554237864640e+03
2.0070092909997381e+03
2.0073598897145082e+03
2.0076679041611262e+03
2.0080292491639702e+03
2.0083216273799328e+03
2.0086444895747900e+03
2.0087843735002637e+03
2.0088634798569201e+03
2.0092410759938759e+03
2.0095698934187515e+03
2.0097205967615857e+03
2.0099453211124076e+03
2.0103674454386105e+03
2.0106990169751584e+03
2.0108071846302985e+03
2.0109984124449884e+03
2.0114201295914743e+03
2.0115963831504316e+03
2.0117756412122653e+03
2.0119646652145277e+03
2.0124757880632837e+03
2.0128005409568832e+03
2.0131032484159607e+03
2.0132538378025424e+03
2.0134461211297537e+03
2.0135188916673862e+03
2.0138994584260247e+03
2.0141685683536489e+03
2.0143971867022610e+03
2.0144995688160277e+03
2.0146934724533282e+03
2.0152027686803676e+03
2.0156003286327700e+03
2.0159943525511335e+03
2.0160625103718708e+03
2.0162758384065669e+03
2.0166086532731053e+03
2.0167802598351450e+03
2.0173113318038311e+03
2.0175427456950861e+03
2.0176634485182030e+03
2.0179886523312086e+03
2.0182725578925033e+03
2.0183107150296087e+03
2.0186005450145228e+03
2.0187102109987918e+03
2.0191725281316253e+03
2.0193778965831998e+03
2.0196538199513018e+03
2.0197344271890552e+03
2.0199647833982463e+03
2.0202252528290428e+03
2.0204034076614937e+03
2.0210738022743649e+03
2.0212440962988269e+03
2.0212963251394381e+03
2.0213954007121088e+03
2.0215786910711270e+03
2.0221033738354274e+03
2.0222038204612038e+03
2.0227614318032718e+03
2.0228872521255951e+03
2.0231318692063587e+03
2.0233089153992405e+03
2.0234493963324267e+03
2.0234683097303439e+03
2.0237726825017605e+03
2.0239944458779426e+03
2.0243666376513058e+03
2.0247417983978246e+03
2.0248029787734802e+03
2.0252591469193499e+03
2.0254024565606576e+03
2.0255444981347187e+03
2.0256781868389348e+03
2.0257055138533406e+03
2.0263287043458140e+03
2.0265051291262123e+03
2.0268925504410659e+03
2.0269732925951325e+03
2.0273354816073372e+03
2.0276143011796098e+03
2.0278387825305806e+03
2.0280832852023671e+03
2.0282361829519518e+03
2.0285333657726685e+03
2.0289627419749133e+03
2.0291259970721355e+03
2.0292700959380397e+03
2.0295016046055407e+03
2.0297553245406737e+03
2.0298107467496379e+03
2.0299675206035047e+03
2.0303291930224043e+03
2.0306606987806354e+03
2.0307610820640348e+03
2.0309992318280588e+03
2.0311557208624106e+03
2.0314534626183033e+03
2.0315847211497255e+03
2.0322758739472665e+03
2.0323282445820037e+03
2.0325701292825702e+03
2.0327666501789568e+03
2.0329151010887292e+03
2.0331187331171411e+03
2.0336856492946670e+03
2.0337830890287064e+03
2.0339387510623053e+03
2.0340644362099772e+03
2.0344502759163313e+03
2.0345012313846282e+03
2.0346607120162982e+03
2.0348397778461378e+03
2.0350859883465907e+03
2.0355510526751011e+03
2.0356279774672969e+03
2.0358737924875170e+03
2.0360613596286314e+03
2.0364392039268621e+03
2.0365846318736267e+03
2.0368262103057343e+03
2.0369876871003246e+03
2.0373495923032508e+03
2.0375463357154881e+03
2.0378132051987457e+03
2.0379432012762616e+03
2.0383389075181699e+03
2.0386073452041669e+03
2.0389741771147180e+03
2.0391800235769404e+03
2.0393159882530417e+03
2.0397039006835673e+03
2.0400628344267541e+03
2.0402628175546060e+03
2.0403489300862309e+03
2.0407449131836765e+03
2.0408624270368625e+03
2.0409542898477880e+03
2.0410826586939534e+03
2.0413492597529698e+03
2.0416263119480307e+03
2.0419818305641534e+03
2.0423126768964701e+03
2.0423648938841918e+03
2.0428404687860250e+03
2.0430962493161423e+03
2.0435172093079398e+03
2.0436728615200830e+03
2.0437876975871829e+03
2.0441228566294774e+03
2.0443711699559444e+03
2.0445101291169447e+03
2.0446068405298568e+03
2.0452404314218943e+03
2.0452727846201160e+03
2.0454242045479946e+03
2.0459320608132662e+03
2.0462203058665348e+03
2.0462925833311399e+03
2.0465060869090714e+03
2.0467545869872549e+03
2.0468368379887088e+03
2.0470619734803786e+03
2.0476446239050267e+03
2.0477573300303247e+03
2.0479202385391159e+03
2.0483084239343380e+03
2.0483860103724546e+03
2.0486880189114827e+03
2.0489368149566858e+03
2.0489711020154355e+03
2.0492041815816096e+03
2.0496481314197999e+03
2.0499194614798498e+03
2.0499984697366826e+03
2.0504205989936868e+03
2.0504472805507794e+03
2.0507599338147047e+03
2.0509428387396028e+03
2.0513382618182191e+03
2.0515252548277340e+03
2.0518159025530458e+03
2.0519456167552294e+03
2.0521940224697673e+03
2.0524414636181723e+03
2.0525994914906551e+03
2.0528276530193830e+03
2.0533544282098469e+03
2.0536208134921621e+03
2.0539003766616370e+03
2.0540414091029761e+03
2.0542303627420847e+03
2.0544432259038799e+03
2.0550011396761020e+03
2.0554176960265349e+03
2.0556806862472226e+03
2.0559929488565549e+03
2.0562528202927388e+03
2.0564498882918342e+03
2.0566233613491436e+03
2.0569107183575534e+03
2.0569899061735969e+03
2.0574404852371558e+03
2.0576965085049083e+03
2.0578433770078946e+03
2.0583769077701490e+03
2.0584698473777635e+03
2.0590211252052627e+03
2.0591646779942594e+03
2.0594307798491209e+03
2.0595629373380398e+03
2.0599391104356755e+03
2.0602400829945104e+03
2.0606558713398404e+03
2.0609651154108046e+03
2.0614944088301077e+03
2.0618881447920025e+03
2.0620868617555916e+03
2.0621050711102375e+03
2.0623118481974561e+03
2.0630176958584279e+03
2.0631513190266360e+03
2.0633328379455293e+03
2.0638065211810990e+03
2.0642039758137134e+03
2.0644779849610918e+03
2.0648043009212374e+03
2.0650268840654694e+03
2.0652575045219469e+03
2.0655176632746120e+03
2.0656188228015681e+03
2.0658169206103667e+03
2.0665632559006081e+03
2.0668451525595510e+03
2.0669880683563360e+03
2.0672136331120732e+03
2.0674799691493090e+03
2.0678050560083184e+03
2.0678399675212227e+03
2.0682419731463756e+03
2.0684481291044713e+03
2.0690928639363692e+03
2.0693090854482430e+03
2.0698860565798586e+03
2.0704265275699104e+03
2.0708745389960827e+03
2.0711886218304312e+03
2.0714875356513739e+03
2.0719369398612534e+03
2.0722171953989382e+03
2.0725179773020768e+03
2.0726752047047280e+03
2.0731371388425036e+03
2.0738027576264235e+03
2.0742862996029894e+03
2.0743709200641892e+03
2.0745117171601546e+03
2.0751815242167627e+03
2.0758921782412972e+03
2.0761853332907081e+03
2.0764230166836155e+03
2.0766094888631196e+03
2.0772209987670471e+03
2.0773483853624339e+03
2.0779861795324723e+03
2.0785735682294958e+03
2.0787441206305184e+03
2.0790792315681265e+03
2.0794550658547478e+03
2.0795813372712000e+03
2.0802280655767040e+03
2.0806884169594609e+03
2.0811994766053908e+03
2.0816087552848221e+03
2.0820243701626177e+03
2.0823652790582037e+03
2.0826028963158192e+03
2.0832921928016654e+03
2.0839520715810272e+03
2.0841380471576144e+03
2.0844415826218919e+03
2.0848615922578706e+03
2.0852865257881613e+03
2.0857814553514604e+03
2.0867306217271143e+03
2.0871583141541023e+03
2.0878250864169945e+03
2.0893967469072800e+03
2.0903704885448828e+03
2.0909858823181785e+03
2.0917276414745997e+03
2.0926796227832751e+03
2.0936126961113237e+03
2.0965951781508688e+03
2.0985502301963384e+03
2.1000030312387726e+03
2.1018409621581573e+03
2.1075875983699907e+03
2.1084003755988315e+03
2.1097431859373664e+03
2.1108278898207859e+03
2.1118396014327645e+03
2.1128560140810800e+03
2.1137224616761723e+03
2.1146409438604633e+03
2.1149563854602966e+03
2.1154274054566104e+03
2.1156365761442339e+03
2.1160181229366131e+03
2.1167347256244366e+03
2.1169202096667605e+03
2.1174544476484930e+03
2.1177353154891903e+03
2.1181331504654927e+03
2.1182079299870520e+03
2.1185748699704927e+03
2.1194526935726390e+03
2.1198683607085277e+03
2.1201837148369168e+03
2.1203263181618140e+03
2.1208188938160274e+03
2.1210660638498889e+03
2.1212489689965369e+03
2.1216331565438200e+03
2.1220669604719674e+03
2.1222588526179802e+03
2.1224779695315415e+03
2.1226243921255427e+03
2.1231051443687093e+03
2.1233888664006108e+03
2.1235257110574466e+03
2.1239154916547745e+03
2.1241660904950145e+03
2.1243387551871870e+03
2.1246187103518964e+03
2.1252088481772480e+03
2.1260524204190783e+03
2.1261316344079523e+03
2.1263774800945457e+03
2.1265975524772989e+03
2.1269991672681817e+03
2.1272032815213188e+03
2.1274367157000993e+03
2.1275366751555480e+03
2.1280168141536678e+03
2.1283772262510956e+03
2.1284671462810634e+03
2.1286673453383869e+03
2.1288975586208571e+03
2.1292017265684517e+03
2.1295509954746144e+03
2.1296668307932673e+03
2.1299733902317921e+03
2.1301526512536789e+03
2.1304479920593394e+03
2.1311282965773507e+03
2.1313783537448890e+03
2.1315776762476025e+03
