k,lambda,residual_abs,residual_rel
1,5.272850187022797,7.526955826920871e-14,1.427492828346562e-14
2,7.8585469401762555,6.738651371430918e-14,8.574933028623965e-15
3,10.008033675733403,7.918101876353253e-14,7.91174583629986e-15
4,11.166430925707095,7.347007920289469e-14,6.5795489795896736e-15
5,13.357868460019738,7.224403171026973e-14,5.408350286312295e-15
6,14.329302357016049,8.08965787654719e-14,5.645535054668069e-15
7,15.230043841380915,7.204292356896814e-14,4.73031623016234e-15
8,16.695525010144635,7.755634488490786e-14,4.645337288751484e-15
9,17.3749456550228,6.460214921272742e-14,3.718120936628774e-15
10,18.17803947926554,6.7066829296061e-14,3.689442383077647e-15
11,20.064742809128205,8.135204433475135e-14,4.054477304226459e-15
12,20.910264382756388,8.981953905590641e-14,4.2954760117703696e-15
13,20.93789987487903,7.188616837547288e-14,3.433303664887652e-15
14,22.08205686150896,6.6316034339679e-14,3.0031638246197026e-15
15,22.683693244579388,7.181762367050747e-14,3.166046326590551e-15
16,25.326312114447795,7.110704861743568e-14,2.8076353278798744e-15
17,25.49167879912631,6.890045760467359e-14,2.7028607314413145e-15
18,25.67141005211667,6.105133430278761e-14,2.3781839088248205e-15
19,25.791374291559645,7.335042611831353e-14,2.8439906027930364e-15
20,27.491270641681297,8.252040069878598e-14,3.0016946751697775e-15
21,27.875876995652703,8.290712165409859e-14,2.974152944749617e-15
22,28.5015131271558,9.747822349772163e-14,3.42010696284212e-15
23,29.235156567075485,7.452347809228341e-14,2.549104805418126e-15
24,30.42302461753921,8.659143252554087e-14,2.846246670543729e-15
25,30.675946649232472,6.870310017600716e-14,2.2396407505072428e-15
26,31.370306214671064,9.77867011752187e-14,3.117173944878053e-15
27,32.03820634261971,6.448356134880027e-14,2.0127082227764802e-15
28,33.60597842738397,8.436786898831625e-14,2.5105017897520505e-15
29,33.73329794960232,7.885485468409232e-14,2.3375969584089225e-15
30,33.77630571295966,7.631606686248096e-14,2.2594557116765785e-15
31,34.55496910227146,8.111716158705282e-14,2.3474818150458313e-15
32,35.86044750090812,8.62115054831888e-14,2.4040833701533033e-15
33,36.175383319945034,7.614672180926937e-14,2.104931995766481e-15
34,36.51181518243274,1.049105828144475e-13,2.8733324347271587e-15
35,37.38624339764504,9.500165711487784e-14,2.5410859311118162e-15
36,37.67760307643317,6.789514177710751e-14,1.8020026815234166e-15
37,39.141199319142395,7.668010956324094e-14,1.9590638737975453e-15
38,39.243430683539955,9.18509403262073e-14,2.340543085208214e-15
39,39.605134951827175,9.10117451264285e-14,2.2979784120702686e-15
40,40.39949439383138,5.968430342495703e-14,1.477352732267616e-15
41,40.42287691461916,7.746744235415316e-14,1.9164257536092546e-15
42,40.499856945187325,7.786052426599101e-14,1.9224888712907745e-15
43,41.841865254103624,8.96826601717639e-14,2.1433714684353923e-15
44,42.607588615028284,8.678079398971262e-14,2.0367450214984436e-15
45,43.014775488790114,8.123101670036389e-14,1.888444511852285e-15
46,43.3202383780478,8.953221605186554e-14,2.066752617345599e-15
47,44.74519511341462,1.1023985822192065e-13,2.463725053438659e-15
48,45.35630491974169,1.032720248589304e-13,2.2769056042301283e-15
49,46.14296032982134,1.2255725323331852e-13,2.6560336042009865e-15
50,46.94591107205079,7.07437402839394e-14,1.506920169796356e-15
51,47.09090710771188,8.460199294504158e-14,1.7965674934128986e-15
52,47.617444685093254,7.760659295402161e-14,1.629793313506311e-15
53,47.75326082494048,6.866066640159167e-14,1.4378215270637959e-15
54,47.93357306503179,8.688809327394941e-14,1.8126771637922293e-15
55,47.999886778012524,1.0572009306344826e-13,2.2025071340767378e-15
56,48.220829933343104,9.244217752026196e-14,1.9170590312951303e-15
57,48.469828606230855,8.767068280752621e-14,1.8087681621439866e-15
58,49.74050409070673,1.165424528264688e-13,2.3430090819735588e-15
59,49.87922659472999,9.252125358780809e-14,1.8549055369191203e-15
60,50.1950498254423,1.1160741104564704e-13,2.2234744548271517e-15
61,50.95762921705877,1.0309292475348516e-13,2.0231106968173743e-15
62,52.08973426218009,7.834610180268929e-14,1.5040603088576844e-15
63,52.60730203433772,7.646367694381788e-14,1.4534802962126566e-15
64,53.3689114272976,7.077331673674973e-14,1.3261150517031152e-15
65,54.246203488725314,1.2645920869976003e-13,2.3312084637599325e-15
66,54.34700099692951,8.194142258889207e-14,1.5077450657032868e-15
67,54.693866499012,7.930797677425957e-14,1.4500341967173266e-15
68,55.077499665118125,9.402358783237472e-14,1.707114309909788e-15
69,55.412034174285424,9.574127098435579e-14,1.727806466790667e-15
70,55.76480215964482,1.1194928401568088e-13,2.007525888735152e-15
71,55.83862543123561,8.3138655713115e-14,1.4889094255283726e-15
72,56.12631992452446,9.7378199850979e-14,1.734982802755067e-15
73,57.083418147471775,8.320821262503066e-14,1.4576599531945856e-15
74,57.59151277828042,9.437981447470397e-14,1.6387799160277935e-15
75,57.877011848256835,7.898501979823542e-14,1.3647045221567416e-15
76,58.0582584168314,9.21457901782293e-14,1.5871263226097005e-15
77,58.75299546675916,9.088567274876367e-14,1.5469113025936576e-15
78,59.46226028506523,1.0388408004057589e-13,1.7470590512797547e-15
79,60.45299527094192,1.1942802011229566e-13,1.9755517419283508e-15
80,61.296918515821346,7.876435655289843e-14,1.2849643743929568e-15
81,61.30172159989848,8.108138534294896e-14,1.3226608197425118e-15
82,61.50453723009404,1.0753493025145255e-13,1.7484064606348415e-15
83,62.01077620522464,1.0149104314078575e-13,1.6366678398751401e-15
84,62.28573617866898,7.807302512374883e-14,1.2534655591096078e-15
85,62.297961095297396,9.719476731255792e-14,1.5601596842612355e-15
86,62.571367713554906,9.47154272575858e-14,1.513718346243972e-15
87,63.745026389826016,1.2126674746365436e-13,1.9023719077636e-15
88,64.35267164046981,1.1058458249483898e-13,1.71841478645457e-15
89,64.50250328867826,1.1116581060714431e-13,1.723434052003011e-15
90,64.6498184820514,7.73008639701734e-14,1.1956857077894856e-15
91,64.95010130013635,8.343437663840414e-14,1.2845919400933864e-15
92,64.9874973876473,8.616369869963662e-14,1.3258503891244543e-15
93,65.41299396336875,8.84046259717697e-14,1.3514841718034838e-15
94,66.07349974637933,1.1208984363200625e-13,1.6964417514171181e-15
95,66.1746055219099,8.095032651794291e-14,1.223283854576827e-15
96,66.60567393738093,9.9881055427911e-14,1.4995877907010415e-15
97,67.49043336424978,8.525588580082676e-14,1.2632291948800477e-15
98,67.95201171303981,8.69823975842947e-14,1.2800562542816229e-15
99,69.4141421891937,8.902850195707024e-14,1.282570080811718e-15
100,69.95666382015385,1.0580126044017821e-13,1.5123828762357001e-15
101,69.96986194894815,1.0187319939054487e-13,1.4559582733616688e-15
102,70.01202679011124,8.880262202713282e-14,1.2683909622178749e-15
103,70.719643997516,7.808257992258229e-14,1.104114437076704e-15
104,70.83833692799132,6.481044940833075e-14,9.149064224109602e-16
105,70.92503919250372,9.853398426159833e-14,1.3892693664103422e-15
106,71.55729033367373,1.0633381886208896e-13,1.4859956038895725e-15
107,71.68220936925995,1.1263325226267951e-13,1.571286003232218e-15
108,72.08376840862326,1.1044681082708948e-13,1.5322008444535888e-15
109,72.42646649712617,1.100475263650277e-13,1.5194380133040773e-15
110,73.49348385156208,7.305274175985323e-14,9.940029772898094e-16
111,73.58195274259569,9.218105484108551e-14,1.2527671719117482e-15
112,74.01235955055157,9.767733996338613e-14,1.3197436287201603e-15
113,74.17354035040158,1.3857055003646542e-13,1.8681938246691117e-15
114,74.1922814550845,1.1215582176022765e-13,1.5116912374250956e-15
115,74.50314081164635,1.0671282805791835e-13,1.432326568992605e-15
116,74.86346129346846,8.980674267342391e-14,1.1996071397417367e-15
117,75.49989400544496,1.1241019806474474e-13,1.4888788857986722e-15
118,75.83498684467672,1.0133527650118828e-13,1.3362602239087956e-15
119,76.0759385905633,1.2834780400031556e-13,1.687101156793828e-15
120,76.18884896297756,1.0679833045032907e-13,1.4017580250126311e-15
121,77.96593251480036,9.369921383739329e-14,1.2017968722378362e-15
122,77.99424184485657,9.621093967863311e-14,1.2335646504521777e-15
123,78.35377491649315,1.3372753190919804e-13,1.7067146037535574e-15
124,78.58890516243642,1.1430501749340395e-13,1.454467615462328e-15
125,79.34621433220317,9.884187098043977e-14,1.2457036773879727e-15
126,79.39157642355444,9.07424914732529e-14,1.142973795974793e-15
127,79.53791333092992,1.3593074060740202e-13,1.709005616501918e-15
128,79.61275968129908,9.538622755772868e-14,1.1981273848510336e-15
129,79.71659085701016,1.1221806860616391e-13,1.4077128412008053e-15
130,80.28427424440804,9.385996594802218e-14,1.1690952783889645e-15
131,80.42752565823533,9.355124664977746e-14,1.1631744963448139e-15
132,81.23801402904581,7.632997306735205e-14,9.395844295265645e-16
133,81.82353087853782,1.2883552618335921e-13,1.5745534909096981e-15
134,82.39888700770348,1.0355783908101471e-13,1.2567868674164626e-15
135,82.58700455430116,1.0538233420870655e-13,1.2760159395225119e-15
136,82.72515161207721,9.654039146295068e-14,1.1670016866896445e-15
137,83.20755715502823,1.0892315635107389e-13,1.3090536493954945e-15
138,84.38877917389435,1.1008201762348017e-13,1.3044627342770474e-15
139,84.47061786401828,8.533358101826986e-14,1.0102161340365805e-15
140,84.66033267333438,9.233794089854724e-14,1.0906871965036713e-15
141,84.84288735360936,1.017250589009707e-13,1.1989815772888493e-15
142,85.09169032437596,1.179598225704129e-13,1.3862672385604415e-15
143,85.57063879974582,9.047097985642299e-14,1.0572666176788168e-15
144,85.57309581445074,1.0438880545645854e-13,1.2198788002575734e-15
145,85.74065082404262,8.67067898207063e-14,1.011268155622546e-15
146,86.09881322283196,1.1411968936923284e-13,1.3254502018962812e-15
147,86.51597993800547,1.2255478900726707e-13,1.4165566765247972e-15
148,87.26192838165413,8.311228730520411e-14,9.524461451470463e-16
149,87.33776514202535,1.220663899624463e-13,1.3976358310055974e-15
150,87.88444161846473,1.320822660598391e-13,1.5029084059411977e-15
151,87.93432417884105,1.0812385439853376e-13,1.2295978323394081e-15
152,88.2830934421524,1.0746387831488886e-13,1.2172645307824955e-15
153,88.37476303673829,1.4042856626880601e-13,1.5890120826737428e-15
154,89.03955661502026,1.2550009368143405e-13,1.4094869567248405e-15
155,89.3985707262919,1.1311015367664672e-13,1.2652344747540947e-15
156,89.47910220280427,7.293865233090084e-14,8.151473420641334e-16
157,90.38584966218332,1.3324676449744934e-13,1.4741993906729702e-15
158,91.34595124962038,1.0683835784727626e-13,1.1696014589121733e-15
159,91.81326219236288,1.0522384899191766e-13,1.1460637219431059e-15
160,91.87722886387867,9.245651636858627e-14,1.0063050171611711e-15
161,91.94964851757959,1.1181882558638704e-13,1.2160875804218949e-15
162,92.18052846545486,1.1347205461755258e-13,1.2309763949777837e-15
163,92.4830158488823,1.224948552478893e-13,1.3245119022507495e-15
164,92.65394970667856,1.0006289872422344e-13,1.0799636609232519e-15
165,93.8125994517663,1.1939974566369359e-13,1.2727474386325144e-15
166,94.27014212545375,1.0525122087817758e-13,1.1164852253867436e-15
167,94.92232954906174,1.2055735358439652e-13,1.2700631575006281e-15
168,95.1149707323917,1.1431279184173781e-13,1.201838059366697e-15
169,95.26747915206093,1.2134963422808578e-13,1.27377815922256e-15
170,95.33683244867548,1.0019498542564515e-13,1.0509577762569891e-15
171,95.44794729246436,1.3556130926302202e-13,1.4202642708244456e-15
172,95.64720025812451,1.448111675242417e-13,1.5140136578325103e-15
173,95.68451675178167,1.113299593572201e-13,1.1635107030537113e-15
174,96.03135478487066,9.261278986927952e-14,9.644015756806785e-16
175,96.3148014382915,1.0697021398452968e-13,1.1106311012130889e-15
176,96.39492921016497,1.169612072344794e-13,1.2133543558030404e-15
177,96.9775007667908,1.2000513073270443e-13,1.2374533245736031e-15
178,97.08612770721079,9.040763949907558e-14,9.31210685132319e-16
179,97.23244901537372,8.491836779484532e-14,8.733542007300322e-16
180,97.58425757209959,9.635433870448124e-14,9.873963393459275e-16
181,97.67493013312452,1.168414163154218e-13,1.1962272832565596e-15
182,97.87271365466074,1.1107296206173297e-13,1.1348715889665498e-15
183,99.01052707255828,1.4412533709644466e-13,1.4556566999267131e-15
184,99.23643629965581,1.0581211421441297e-13,1.066262737356883e-15
185,100.14449957295102,1.223808768729912e-13,1.2220429219264501e-15
186,100.36024303632391,1.4849017538105903e-13,1.4795716997946607e-15
187,100.56986503591247,1.310645863914145e-13,1.3032192729364077e-15
188,100.69801754479546,1.222242651254706e-13,1.213770321457413e-15
189,101.2544090833723,1.0184446674315115e-13,1.0058274762069176e-15
190,101.70444020799877,1.3479005623513317e-13,1.3253114216003747e-15
191,101.79956970581814,1.1645464325880353e-13,1.1439600736558693e-15
192,102.02925997235702,1.219663093038752e-13,1.1954052135330567e-15
193,102.43484916027153,1.0490437684438261e-13,1.024108276669078e-15
194,102.81827644508255,1.2954058221239708e-13,1.259898402222172e-15
195,103.14871084002982,1.058656645021881e-13,1.0263401611133261e-15
196,103.28632860673675,9.785802575286196e-14,9.474441300499403e-16
197,104.36029787188696,1.2439103391589313e-13,1.191938279714341e-15
198,104.37367803478502,1.4232062851398802e-13,1.3635682021913254e-15
199,104.4819480830439,1.1326323241682359e-13,1.0840459476004428e-15
200,104.54476166462129,1.1091886679564475e-13,1.0609701053360429e-15
201,105.38285478091329,1.4147906149530042e-13,1.3425244722154253e-15
202,105.48423041621376,9.792070157429568e-14,9.282970657123409e-16
203,106.42845113187467,1.121527164521161e-13,1.0537851040709832e-15
204,106.7783648531448,1.0593477053634685e-13,9.920995763705675e-16
205,106.79397807866812,1.1335638928427534e-13,1.0614492626239011e-15
206,106.85751329085205,1.0697873259475278e-13,1.0011344013178633e-15
207,106.85977783583564,1.1527073323690958e-13,1.078710208568797e-15
208,107.28465789200345,9.273205684919615e-14,8.643552458595108e-16
209,107.53121285985424,1.255875765894598e-13,1.1679174190394231e-15
210,107.5475678760615,1.0551834984509288e-13,9.811319021801858e-16
211,107.63455500578647,1.5928243675503177e-13,1.4798448021313293e-15
212,107.91896549333688,1.1561018532799388e-13,1.0712684725942066e-15
213,107.96084145688921,1.2218930907213165e-13,1.1317928558469426e-15
214,108.57007792880884,1.1492482903408744e-13,1.0585313304227847e-15
215,109.27555735393345,1.508855281559063e-13,1.3807802202939308e-15
216,109.58803127889968,1.308182680783434e-13,1.193727695914284e-15
217,109.98333121515567,1.1604019418823522e-13,1.0550707357756856e-15
218,110.13899742651368,2.059747313988384e-13,1.8701344320504434e-15
219,110.14442570880854,1.4637892330483726e-13,1.3289725954159743e-15
220,110.42750952050488,1.2789040906883713e-13,1.1581390327841237e-15
221,111.99051840199563,1.2379490949032314e-13,1.1054052723102419e-15
222,112.05362064874281,1.23466211792142e-13,1.1018493742310612e-15
223,112.08126423443122,1.187016576460587e-13,1.059067797431158e-15
224,112.2726084094429,9.932963562823309e-14,8.847183390092038e-16
225,112.86577304336781,1.4314934694886904e-13,1.2683149469402474e-15
226,112.91437207245711,1.6311612192626134e-13,1.4446001773945108e-15
227,113.11505780131691,1.2184518766961386e-13,1.0771792017613708e-15
228,113.67859598410159,1.1817814005320026e-13,1.0395812776375947e-15
229,114.22973497622534,1.2304070711804414e-13,1.0771337878324993e-15
230,114.42735280184642,1.4954779735639556e-13,1.3069235081874796e-15
231,114.44308762332174,1.168452513362284e-13,1.0209900288675638e-15
232,114.45949423508802,1.5510371568897666e-13,1.3550969862789153e-15
233,114.62610972533501,1.165861095811424e-13,1.0170990698411024e-15
234,115.16947599675458,1.5006319460670377e-13,1.3029771413645442e-15
235,115.33996445969886,1.0865716473688781e-13,9.42059981081873e-16
236,115.92747661984302,1.3417935440129406e-13,1.1574422070904192e-15
237,116.39343923581136,1.6753968556867916e-13,1.4394255094502902e-15
238,116.90319403546097,1.1814493581629803e-13,1.0106219662438e-15
239,117.26778749797211,1.3496656348971069e-13,1.1509261526064405e-15
240,117.38439759634426,1.4406202922847149e-13,1.2272672704243453e-15
241,117.9229351086537,1.5936696356425265e-13,1.3514501094923781e-15
242,118.1374015969923,1.1096837118410331e-13,9.39316166463987e-16
243,118.26881140234875,1.6789429904451462e-13,1.4195991069305728e-15
244,118.2696895525607,1.418507976489879e-13,1.1993842055867358e-15
245,118.84675854989898,1.2619136209128535e-13,1.0617989386584967e-15
246,118.88147917909791,1.1825300824733737e-13,9.947134664196622e-16
247,118.8931279718601,1.4209288779923075e-13,1.1951312092054776e-15
248,119.3325420870328,1.1606652994822292e-13,9.72631001722666e-16
249,119.42844109471073,1.169258426921815e-13,9.790452058187332e-16
250,119.64371964686055,1.1611772278574934e-13,9.705291939140767e-16
251,119.9946568886279,1.141790984322845e-13,9.515348549082391e-16
252,120.1134738914851,1.298696009142382e-13,1.0812242515903513e-15
253,120.20494889680806,1.0917130832989073e-13,9.082097645048762e-16
254,120.21048083905374,1.1793022320116044e-13,9.810311245577142e-16
255,120.26186182279659,1.0506020136348921e-13,8.735953341408707e-16
256,120.61076024966447,1.250049366390644e-13,1.0364327061723513e-15
257,120.93452426845502,1.2122992054537813e-13,1.0024426132959962e-15
258,121.75608263892467,1.3193452409806898e-13,1.0835969853705718e-15
259,122.28754873655893,1.4456957668437489e-13,1.182210111969924e-15
260,123.04151799700419,1.2054826796247383e-13,9.797365143480182e-16
261,123.52696908266404,1.2588551764493698e-13,1.0190933897252397e-15
262,123.72659891145328,1.365415177238049e-13,1.1035744853984293e-15
263,123.84944124938183,1.0360275595888276e-13,8.365217873714054e-16
264,124.36545464503456,1.432506761108487e-13,1.1518526307785113e-15
265,124.38588481870488,1.5290598652491194e-13,1.2292872840658386e-15
266,124.39777473571954,1.518711531738832e-13,1.2208510441326645e-15
267,125.05907638485604,1.3525824597637128e-13,1.0815548130239534e-15
268,125.13813982236915,1.5783124270855316e-13,1.2612561041149498e-15
269,125.38332724128672,1.1042785326252884e-13,8.807219882594304e-16
270,125.91413445549209,1.1572300801683275e-13,9.190628877152654e-16
271,126.52345140028852,1.5016206816941864e-13,1.186831899600521e-15
272,126.6723443111571,1.4990180572694526e-13,1.183382265024854e-15
273,126.67432693497624,1.2195651755846092e-13,9.627563888384658e-16
274,126.84090596996234,1.4311356238137816e-13,1.1282918652068712e-15
275,127.02426264771772,1.1745690415850544e-13,9.246808578944807e-16
276,127.09951331933075,1.1606187493292502e-13,9.131575086469902e-16
277,128.32150899254552,1.216985289644739e-13,9.483876079694764e-16
278,129.41572508038752,1.1336002491279288e-13,8.7593702266381055e-16
279,129.5921661870332,1.3745732222515258e-13,1.0606916009627314e-15
280,129.94177278444428,1.5360198830942648e-13,1.1820832132576124e-15
281,130.13631021155712,1.8424822406500162e-13,1.4158094982520792e-15
282,130.32534507825136,1.458337790750026e-13,1.1189978356661132e-15
283,130.8007945131221,1.432889239756348e-13,1.0954744159544067e-15
284,130.8807798231865,1.5332059257615365e-13,1.1714523154834671e-15
285,130.9132614138735,1.3704182789858098e-13,1.0468139470250643e-15
286,130.95638765371666,1.5830719173508522e-13,1.2088542954750044e-15
287,131.04605155372585,1.275178055019955e-13,9.730762887557596e-16
288,131.4813715132896,1.5210815565006042e-13,1.156879897884895e-15
289,131.49734161696568,1.4453576647139993e-13,1.0991535242774218e-15
290,131.5157919764706,1.5562477729407088e-13,1.1833162767397059e-15
291,131.5926467047372,1.746431220601136e-13,1.3271495515396957e-15
292,131.80863268775138,1.350796167442849e-13,1.0248161595324513e-15
293,131.94682720887607,1.1598738611535544e-13,8.790464202048881e-16
294,132.10684407165527,1.2560809804259542e-13,9.508068936569636e-16
295,132.16655021249454,1.4841944517931786e-13,1.1229728319358586e-15
296,133.15051199705314,1.4826205885737602e-13,1.1134922174438002e-15
297,133.28440137072275,1.6048697762593204e-13,1.2040942223955144e-15
298,133.63515866107136,1.3359709367168322e-13,9.997151573749788e-16
299,133.71612826299256,1.350448875757719e-13,1.0099371656212328e-15
300,133.9491049226031,1.2615661972825753e-13,9.418250297465732e-16
301,134.09503548662946,1.3859298275851313e-13,1.03354298133082e-15
302,134.62467135266266,1.4907407640772844e-13,1.1073310330854153e-15
303,134.67414365902013,1.4621423693152362e-13,1.0856890042807453e-15
304,134.69515974879934,1.575409544240575e-13,1.1696111034566095e-15
305,134.99582279482772,1.408268675322046e-13,1.0431942605086318e-15
306,135.1445811052268,1.5585396359709446e-13,1.1532387190259804e-15
307,135.42637510805244,1.2527829084549328e-13,9.25065673104945e-16
308,135.47639971926202,1.5170275921106007e-13,1.1197725915762654e-15
309,136.29199509470575,1.247383190939067e-13,9.152285063200469e-16
310,136.50514692233668,1.3693715378234095e-13,1.0031647660893698e-15
311,136.63526980710193,1.2423784006398977e-13,9.092662548944023e-16
312,137.11710237689582,1.5526887711448805e-13,1.1323815514106925e-15
313,137.26689408798822,1.3145884529834636e-13,9.576879128195405e-16
314,137.47354103139935,1.2956323711588647e-13,9.424594445144455e-16
315,137.9071743026449,1.1967262329668594e-13,8.677766323748883e-16
316,138.6663669453005,1.1401109458451178e-13,8.221971707781567e-16
317,138.7843659545467,1.0750158893076454e-13,7.7459437301441e-16
318,138.89729069312287,1.3426626760928255e-13,9.666586507142748e-16
319,139.43062984827208,1.284513375827981e-13,9.212562384791519e-16
320,140.03015936608963,1.4356358639134215e-13,1.0252333286004114e-15
321,140.0313215600477,1.2153479396590803e-13,8.679114973130632e-16
322,140.65679621132514,1.1686593352536355e-13,8.308587759227944e-16
323,141.37808803146999,1.5501943161009231e-13,1.0964883863444654e-15
324,141.61783490609164,1.2403470671187013e-13,8.758410040240971e-16
325,141.64626403510857,1.465217558301783e-13,1.0344201933477136e-15
326,141.85232948013447,1.245342575861717e-13,8.779147867544321e-16
327,142.09850654303827,1.2618266413970656e-13,8.879943020477053e-16
328,142.2681455896728,1.449841793290682e-13,1.019090947788333e-15
329,142.3001845454313,1.5194728143183425e-13,1.0677939871773178e-15
330,142.30907254370192,1.5570924042756565e-13,1.0941624286093824e-15
331,143.072144014606,1.2671504476431776e-13,8.856723692585582e-16
332,143.95931946880663,1.3505001834270294e-13,9.381123698071234e-16
333,144.09650460512327,1.2253324328815899e-13,8.503554171833977e-16
334,144.3727136083006,1.473063045825529e-13,1.0203195666337024e-15
335,144.56105435002368,1.4639906750752494e-13,1.012714442114201e-15
336,144.60266765162277,1.2904590140622e-13,8.92417155934618e-16
337,144.6564077260256,1.7588488752393588e-13,1.2158803767411117e-15
338,144.74754022781948,1.3691984659236595e-13,9.459217502201871e-16
339,144.75704613295255,1.2822807669961468e-13,8.858157866929891e-16
340,144.86858667712804,1.1019142691374461e-13,7.60630233518677e-16
341,144.90548697455998,1.4429979896328956e-13,9.958201167953236e-16
342,145.09320244347288,1.2734479416637654e-13,8.77675811284054e-16
343,145.11081141229334,1.3649779447749284e-13,9.406452431009504e-16
344,145.21163943806687,1.372806950627719e-13,9.453835491012582e-16
345,145.5382570522591,1.38498310176471e-13,9.5162820403119e-16
346,146.01553555243333,1.3409323904001066e-13,9.18349123144219e-16
347,146.4015919231767,1.4079742998427613e-13,9.617206215773846e-16
348,146.5155660489756,1.3874020501044038e-13,9.469315018996947e-16
349,146.93461549700217,1.374541209455521e-13,9.35478140944647e-16
350,147.01201367706733,1.4623415908027543e-13,9.947089045491168e-16
351,147.05694637953118,1.3522944064953968e-13,9.195719344024285e-16
352,147.16261947806385,1.3389034983754135e-13,9.098122221010011e-16
353,148.12652902456102,1.5748372168607105e-13,1.0631702688446746e-15
354,148.16835999638943,1.5717402174129896e-13,1.060779924574511e-15
355,148.54089338264185,1.6355108821027465e-13,1.101050926016491e-15
356,148.63731936865332,1.688526913821336e-13,1.1360046864363969e-15
357,148.95860252902844,1.3803157871938882e-13,9.26643888811254e-16
358,149.33914297565678,1.4591140088654176e-13,9.770472628889148e-16
359,149.58882882371663,1.2451687081271808e-13,8.323941820512235e-16
360,151.21601479527436,1.6154251558328228e-13,1.0682897297749089e-15
361,151.29653377693458,1.4400024568559517e-13,9.517749157287584e-16
362,151.85855592556726,1.3229383286106612e-13,8.711648287101407e-16
363,151.92609673952552,1.5898957249653338e-13,1.0464928403256357e-15
364,152.4066986947225,1.3695433830120234e-13,8.986110156189924e-16
365,152.66774940967886,1.3000520267476613e-13,8.515564235240114e-16
366,152.71940329772212,1.584530602405157e-13,1.0375437358906908e-15
367,152.7525391711297,1.3438281283179758e-13,8.797419248216071e-16
368,152.89147736108896,1.3415574911408474e-13,8.774573405242503e-16
369,153.54367245092394,1.273515688808926e-13,8.294159365088592e-16
370,153.6191445728188,1.35966965406794e-13,8.85091280679165e-16
371,153.7656487073361,1.3606639625519371e-13,8.848946263295153e-16
372,153.78035804669295,1.4111578005003035e-13,9.176450220462018e-16
373,154.0323394854909,1.2915139320845066e-13,8.384693346855002e-16
374,154.03693873990986,1.5064844126857207e-13,9.78002046138691e-16
375,154.28940448777183,1.518400697170454e-13,9.84125061737985e-16
376,154.35768791107932,1.604911450601161e-13,1.0397353525570432e-15
377,154.38692101162295,1.4388374509121124e-13,9.31968486374432e-16
378,154.9884980827488,1.6182005445850841e-13,1.0440778280986517e-15
379,155.15884104422994,1.449412936112412e-13,9.341478231970288e-16
380,155.37923984185713,1.5842112149508303e-13,1.0195771433579022e-15
381,155.770918580578,1.7898824971728116e-13,1.1490479182395857e-15
382,156.01716212881703,1.332069372948293e-13,8.537966943972851e-16
383,156.1705848408613,1.5069558208273094e-13,9.649421639567437e-16
384,156.4612647473449,1.3546284800909089e-13,8.657915953053143e-16
385,156.5064150223388,1.2114261113618003e-13,7.740424641308718e-16
386,156.73090866178728,1.3876764413619762e-13,8.853878620435172e-16
387,156.8169935308687,1.7048953314297938e-13,1.0871878697854216e-15
388,157.02082384539233,1.4030886699966165e-13,8.935685316351046e-16
389,157.07617320668322,1.4748563153555923e-13,9.389433707523252e-16
390,157.98919920420602,1.5191047326116382e-13,9.615244208233169e-16
391,158.00891266852383,1.3951345923385265e-13,8.829467710250526e-16
392,158.032364321457,1.6130868532505659e-13,1.0207319622006992e-15
393,158.51008196820302,1.1310876795148026e-13,7.135745975714641e-16
394,158.598981182489,1.384164475491992e-13,8.727448721119643e-16
395,158.60235433451462,1.1549128691332612e-13,7.281814157042007e-16
396,158.7218046570665,1.4250211813071588e-13,8.978105965881953e-16
397,158.85615769799537,1.7648848895723756e-13,1.1109955793640897e-15
398,158.85907303869584,1.359456249161272e-13,8.557624208408464e-16
399,159.55323005882445,1.2780398516025855e-13,8.010115816090936e-16
400,160.10008183120135,1.4864809214843264e-13,9.284698074368074e-16
401,160.1417714260714,1.2513749082306477e-13,7.814169264440405e-16
402,160.64929891218955,1.2990099275791679e-13,8.085998111259751e-16
403,160.6965544215746,1.3505510823224028e-13,8.404356192848663e-16
404,160.96399227036758,1.383606036285261e-13,8.595748755791601e-16
405,161.25785426162545,1.1942831656763427e-13,7.406046490850191e-16
406,161.40919492395662,1.6163387276209492e-13,1.0013919766977597e-15
407,161.42677056334944,1.5139797922351682e-13,9.378740508477374e-16
408,161.44931805375555,1.44482745768337e-13,8.949108457691384e-16
409,161.4818316234641,1.4637261429756283e-13,9.064339487978297e-16
410,162.58620735243863,1.6080082682833626e-13,9.890188684933637e-16
411,163.2690357490123,1.5173137254900355e-13,9.293334272044996e-16
412,163.81441773834229,1.457761395696421e-13,8.898858939418116e-16
413,164.21425612994628,1.4314427943681283e-13,8.716921588314457e-16
414,164.30683590476812,1.6949525816270976e-13,1.0315776408776373e-15
415,164.32814143160937,1.4056699713480457e-13,8.554042899177206e-16
416,165.4562843125709,1.2294083733711828e-13,7.430412078205819e-16
417,165.5705218205933,1.5248837655812263e-13,9.20987473382212e-16
418,165.74443996857931,1.4247968684820403e-13,8.596347900129522e-16
419,165.80899538670175,1.3919998839295285e-13,8.395201241543558e-16
420,165.88855949571226,1.8727930691810893e-13,1.128946489664042e-15
421,166.10480681957998,1.771697952849333e-13,1.0666144988649964e-15
422,166.25559178532106,1.753920277143748e-13,1.0549541572162652e-15
423,166.7481646706688,1.643148587100507e-13,9.854072998918821e-16
424,166.9124211949336,1.4349158222211055e-13,8.596818690595212e-16
425,166.98950043359886,1.401838493216308e-13,8.394770267450021e-16
426,167.05216831864433,1.538311666230164e-13,9.208570482580658e-16
427,167.15394468427456,1.8222849759747447e-13,1.0901836504168249e-15
428,167.40335469023165,1.772571378018388e-13,1.058862518793849e-15
429,167.54871461893327,1.7522944221125545e-13,1.0458417577824512e-15
430,167.62138570922045,1.2742877079984546e-13,7.602178580059066e-16
431,167.82088454947893,1.5797030257121952e-13,9.413030028729521e-16
432,168.09609715940505,1.6326902609994025e-13,9.712838600001088e-16
433,168.34826419031143,1.2795374184856008e-13,7.60053823328485e-16
434,168.6264118864265,1.2455943431533352e-13,7.386709645415866e-16
435,168.8663813435881,1.4822056079342976e-13,8.777387163395726e-16
436,169.1365031618034,1.6868486608548224e-13,9.973297480562838e-16
437,169.1591184316446,1.315538071652395e-13,7.776926741220811e-16
438,169.64521009080505,1.536799923755461e-13,9.058905482405701e-16
439,169.76146078470148,1.4290035449880415e-13,8.417714706168575e-16
440,170.2009868312737,1.5451995801703523e-13,9.078675799348706e-16
441,170.6839743720689,1.7161500570650722e-13,1.0054547085504864e-15
442,170.75664892386337,1.5639247049152512e-13,9.158792438077014e-16
443,171.10862905009876,1.2903319601567916e-13,7.541010452365884e-16
444,171.13829949806635,1.4817399600469131e-13,8.658143527151589e-16
445,172.2783558896126,1.3550807130362607e-13,7.865646883143748e-16
446,172.39124763147302,1.2904593167005943e-13,7.485642887504682e-16
447,172.86122370518117,1.714075014583456e-13,9.915902351280646e-16
448,173.0510791066483,1.2665272813619893e-13,7.318806030567721e-16
449,173.0513237617732,1.3001740442512822e-13,7.513227960284976e-16
450,173.1563837224272,1.7026296132061038e-13,9.83290119950443e-16
451,173.2379023826989,1.148817481173932e-13,6.631444189598219e-16
452,173.31404000775132,1.540933368473574e-13,8.890989837895748e-16
453,173.43656788449363,1.2780524970268933e-13,7.368990937816866e-16
454,173.45752534409718,1.6653885631903054e-13,9.601131803803745e-16
455,173.6276190616968,1.4793376385222e-13,8.520174650304526e-16
456,173.88501692450257,1.5430719762273894e-13,8.874093947366153e-16
457,173.96297719555454,1.7416705174471106e-13,1.001173091840841e-15
458,174.12831493673212,1.5127903223815878e-13,8.687790512021241e-16
459,174.59734437841044,1.2773953481957023e-13,7.316235838199017e-16
460,174.66700551926118,1.4941301226705994e-13,8.554163496584569e-16
461,174.70304048451518,1.4244138335280832e-13,8.153343122006718e-16
462,175.50130674209095,1.4848165841267326e-13,8.460430361973055e-16
463,175.54420029044064,1.4986086700074128e-13,8.536930684852825e-16
464,175.5796428779702,1.3605239560953418e-13,7.748756825077501e-16
465,176.3323907507452,1.715273418682504e-13,9.727500497098858e-16
466,176.37543559683047,1.4762166191933398e-13,8.369740458460237e-16
467,176.50511836440415,1.862039640177353e-13,1.054949373384784e-15
468,176.51012727306608,1.4582602992779203e-13,8.261623974821292e-16
469,177.6903386580746,1.5747998242823012e-13,8.862608041468433e-16
470,177.74838993790348,1.4843792261871639e-13,8.351013624965789e-16
471,177.8376106457227,1.4407858360519408e-13,8.101693622740957e-16
472,177.995614456319,1.4596382598843668e-13,8.200416984108163e-16
473,178.1268804348851,1.5418974479066354e-13,8.656174992467133e-16
474,178.36470881896614,1.4919677187674755e-13,8.364702460741659e-16
475,178.8045186284483,1.7215601492337254e-13,9.628169144936924e-16
476,178.9003856636524,1.942235757186604e-13,1.085652079497564e-15
477,179.0842347295147,1.918731754788139e-13,1.0714129904768858e-15
478,179.1057619492287,2.2474240371511691e-13,1.2548027560320749e-15
479,179.18819809454806,1.4936860986479402e-13,8.335850879307362e-16
480,179.26252235905548,1.4682928557085096e-13,8.190740799505093e-16
481,179.56590401385353,1.6882263937710368e-13,9.401709099745293e-16
482,179.9417349945651,1.54745069869601e-13,8.599732011824542e-16
483,180.04753534830843,1.6540538629733077e-13,9.186762039110845e-16
484,180.38215734110767,1.7545846297917892e-13,9.727040942712648e-16
485,180.61522180898305,1.563509992380263e-13,8.656579311093815e-16
486,180.81162323649963,1.5259034625827002e-13,8.439189003833205e-16
487,180.983434160728,1.5811143074140319e-13,8.736237737702965e-16
488,181.14683811741992,1.6314452016817812e-13,9.006203026432476e-16
489,181.41008044271769,1.488497248966551e-13,8.205151804872062e-16
490,181.49083804538716,1.6255474519317822e-13,8.956636431009625e-16
491,181.90033297048356,1.5620722947675225e-13,8.587517511696889e-16
492,181.90605190734982,1.8076247628901802e-13,9.937133723351092e-16
493,182.01889835046788,1.9580348095845279e-13,1.075731601129919e-15
494,183.05056570612913,1.6832362902492854e-13,9.195471665198603e-16
495,183.1518879515207,1.5465443251478704e-13,8.444053416240143e-16
496,183.23922868117526,1.5955278108581333e-13,8.707348433747511e-16
497,183.65465269232203,1.4222137737426679e-13,7.743957220214361e-16
498,183.73908377843895,1.5146327098669366e-13,8.243388824629987e-16
499,183.97956279902672,1.521546130678978e-13,8.270191033887092e-16
500,184.40914059988935,1.8791979347883948e-13,1.019037304048649e-15
501,184.53598657467302,1.8179294533023741e-13,9.851354670958684e-16
502,184.54576962855143,1.7215360331691556e-13,9.32850444978617e-16
503,185.14552595258093,1.6020803505034423e-13,8.653087036592846e-16
504,185.81068132830436,1.3529683701366526e-13,7.281434847903743e-16
505,185.91591485099593,1.6226509122975757e-13,8.727875252627322e-16
506,186.19990469790667,1.694009632517469e-13,9.097800749500134e-16
507,186.3978602882056,1.7788630029940222e-13,9.543366003470054e-16
508,186.6439567344094,1.3643116208786513e-13,7.309701555566781e-16
509,186.8654705000712,1.6545014214987393e-13,8.853970811574355e-16
510,187.44021525095297,1.5510331203390623e-13,8.274815083105153e-16
511,187.50817813970335,1.896035780014745e-13,1.011174978513257e-15
512,187.51472939308556,1.7806202304476042e-13,9.495895262259131e-16
513,187.74259875687537,1.841889840118236e-13,9.810718783665413e-16
514,188.1028725439611,1.4281871237434837e-13,7.592585399830645e-16
515,188.10429383571218,1.6048686948289494e-13,8.531802555398446e-16
516,188.17826049680104,1.397202761328164e-13,7.424889345025674e-16
517,188.22423735838518,1.557360842531869e-13,8.273965480686753e-16
518,188.41157371227573,1.5069069161327266e-13,7.997953026144412e-16
519,188.53668846971408,1.7569006068806028e-13,9.318613905551998e-16
520,188.7790170050396,1.4789019789815822e-13,7.834037926694479e-16
521,188.88646068998034,1.4913859927555372e-13,7.895674403065615e-16
522,189.1616760543353,1.6487295624025836e-13,8.715980936482072e-16
523,189.32394803581755,1.851162184305735e-13,9.777749743289316e-16
524,189.49348934958152,1.728286649853952e-13,9.120559528383442e-16
525,190.29888739908122,1.5149898784969882e-13,7.961107388504378e-16
526,190.31395474796878,1.9224422965227052e-13,1.0101425820658185e-15
527,190.38512447208964,1.4380176610330912e-13,7.553203880925602e-16
528,190.5997748219351,1.567534093575283e-13,8.224217972134161e-16
529,190.77510686810717,1.4760631458630526e-13,7.73718945880886e-16
530,191.62180970136959,1.7152034369588486e-13,8.950982352331835e-16
531,191.6376106749679,1.8101694398391682e-13,9.445794243956394e-16
532,191.70651047571818,1.741907424070159e-13,9.086323775586075e-16
533,192.0703921675042,1.7129017230386472e-13,8.918093537002981e-16
534,192.21800427399097,1.5396089281645718e-13,8.009701973442539e-16
535,192.24400939300696,1.5841843409247743e-13,8.240487419746877e-16
536,192.5912723573762,1.9889432186802447e-13,1.0327275968090195e-15
537,192.61943407300186,1.5272292356313104e-13,7.928739085862425e-16
538,192.7297681174075,1.8389206410493717e-13,9.541445823403546e-16
539,192.86749705258788,1.6288665707543044e-13,8.445521384612423e-16
540,192.96008981621648,2.079716124347205e-13,1.077795997259338e-15
541,193.5532399790821,1.7416257309311148e-13,8.998173996567238e-16
542,193.56097656877233,1.690365302935641e-13,8.732986022805342e-16
543,193.61023965836748,1.701955445363349e-13,8.790627233179987e-16
544,193.92928437260488,1.562728719556114e-13,8.058240015744989e-16
545,194.17385349228795,2.08417514358147e-13,1.0733551948920083e-15
546,194.4789108460784,1.5827703251589854e-13,8.138519072701302e-16
547,194.5742144342197,1.665497785299106e-13,8.559704533008231e-16
548,194.78325674912435,1.6144415394830251e-13,8.288399970447064e-16
549,194.82328021376773,1.7502763845047537e-13,8.983918054270937e-16
550,195.30132218576793,1.7712265011327149e-13,9.069198719750338e-16
551,195.32481400066868,1.663065884088689e-13,8.51436051582773e-16
552,195.97782180410744,1.811759743130114e-13,9.24471823623535e-16
553,196.31423077427658,1.7856645878858096e-13,9.095950817437066e-16
554,196.55029997851386,1.6240008728945994e-13,8.26252044933093e-16
555,196.79394847095276,1.804350037035944e-13,9.16872724519916e-16
556,196.95747675138662,1.835880111774492e-13,9.321200403536176e-16
557,197.34969315521298,1.5850450382316243e-13,8.031656968349107e-16
558,197.4055497584406,1.8619933537839704e-13,9.432325261688119e-16
559,197.44545710472357,1.5624024393234096e-13,7.913083756060911e-16
560,197.9274333458813,1.84976056414258e-13,9.34565023591295e-16
561,198.33014194301504,1.6064987236149085e-13,8.100123903891995e-16
562,198.4514687346005,1.964156144329902e-13,9.897412988949307e-16
563,198.7759724245916,1.6399167983974188e-13,8.250075592106807e-16
564,198.82299090746835,1.686980397229503e-13,8.484835629570722e-16
565,198.87306678704383,1.320984964775692e-13,6.642352260752442e-16
566,199.3721832475415,1.427845908428723e-13,7.161710752075691e-16
567,199.57225582508414,1.459428806949884e-13,7.312784038624115e-16
568,200.2507701369241,1.6589633363361533e-13,8.284429244400984e-16
569,200.64820869920393,1.6556624384972146e-13,8.25156850006697e-16
570,200.8086968423378,2.0793002305413606e-13,1.0354632360240326e-15
571,201.06678332389518,1.8214411381361723e-13,9.058886346244684e-16
572,201.5594378176649,1.7198813105381626e-13,8.532874119712544e-16
573,201.57475934221313,1.5727133484415884e-13,7.802134322639055e-16
574,201.92362696968402,1.7190312536123727e-13,8.513274446434448e-16
575,201.97153219451613,1.8035876145653763e-13,8.929910047067251e-16
576,201.99379317479205,1.5624043115078411e-13,7.734912478998006e-16
577,202.16450767664085,1.7778254683654868e-13,8.79395443244218e-16
578,202.27597041194542,1.5379279752552938e-13,7.603117523664449e-16
579,202.58751075235284,1.9970251507011278e-13,9.8575926190353e-16
580,202.7768933548551,1.6769170089075317e-13,8.269763784046952e-16
581,202.89913054218997,1.6317016420289128e-13,8.041935111642206e-16
582,203.3102039569992,1.73719855842197e-13,8.54457142145897e-16
583,203.37076350652882,2.0827369168020982e-13,1.0241083235817404e-15
584,203.4455254611914,2.0170068965621538e-13,9.914235724721855e-16
585,203.52702929960233,1.7124107814224289e-13,8.413677472301094e-16
586,203.60517219414413,2.1162127407106564e-13,1.0393708165197193e-15
587,203.7565946207336,1.9236184456200215e-13,9.440766563656931e-16
588,203.7587728266338,1.9974857221083688e-13,9.80318881193847e-16
589,203.7898005537813,1.657088021481613e-13,8.131358963886408e-16
590,203.81679222249528,1.610887367715226e-13,7.903604752824837e-16
591,203.820583379593,1.861172595302989e-13,9.131426102518624e-16
592,203.87657110952344,1.7339218530447414e-13,8.50476267875464e-16
593,205.23008308804484,1.7838466958126831e-13,8.69193574826651e-16
594,205.2512835896698,1.9287046923945258e-13,9.396797226614745e-16
595,205.57554425215676,2.0191280107479572e-13,9.821829819753834e-16
596,205.64927097201863,1.8402757583912678e-13,8.948613091080017e-16
597,205.79060882769352,1.6138143902366975e-13,7.842021554967694e-16
598,205.79101502189633,1.613674894370605e-13,7.841328224164251e-16
599,205.81239428891095,1.6108483714090375e-13,7.826780194528979e-16
600,206.54755598666728,1.6916716254097945e-13,8.190228237408883e-16
601,206.61795483661564,1.6502591349450813e-13,7.987007403349982e-16
602,206.78623180342746,1.6526092802091873e-13,7.991872891132182e-16
603,206.9011899404998,2.043943937681709e-13,9.878840901154325e-16
604,206.97526145746374,1.799445300610399e-13,8.694011486876222e-16
605,207.05204326928512,1.7319825768881912e-13,8.364962497064717e-16
606,207.81053774665958,1.466450874491672e-13,7.056672343918441e-16
607,208.19559926370488,1.8592708995919098e-13,8.930404418572357e-16
608,208.21425623414837,1.4993628164465198e-13,7.201057427885264e-16
609,208.2513953134018,1.8917542915384854e-13,9.08399335664256e-16
610,208.6130211559322,1.8427513434740225e-13,8.833347665755818e-16
611,208.639466185976,1.7957375823881498e-13,8.606893102321659e-16
612,208.73078144894035,1.7448678520445433e-13,8.359418002137708e-16
613,208.81906189452062,1.6287650600052016e-13,7.799886874446017e-16
614,208.8740651555998,1.7464699566356146e-13,8.361353791503936e-16
615,209.11998537757103,1.9111492159422698e-13,9.139007983821561e-16
616,209.291351196353,1.7580213293328807e-13,8.399875672280122e-16
617,209.42072298498164,1.6806572118090445e-13,8.025266973839886e-16
618,209.6714512114977,1.661681478691088e-13,7.925168014480585e-16
619,210.7104121453043,1.5049348359799866e-13,7.142194923629094e-16
620,210.89814634834275,1.7853790474000031e-13,8.465598575964121e-16
621,211.34371514381576,1.830152378378918e-13,8.659601621621589e-16
622,211.89167802103825,1.6710270492209215e-13,7.88623255442344e-16
623,212.0759607248782,2.146588366061424e-13,1.0121790129934382e-15
624,212.24789345798726,1.8093697678556225e-13,8.524794938489095e-16
625,212.36224434556243,1.7632730977874035e-13,8.303138362571413e-16
626,212.36362906170217,1.7723131287129117e-13,8.34565286223267e-16
627,212.53514300701994,1.5414481331053377e-13,7.252674128600108e-16
628,212.64403257329016,2.0361446771053662e-13,9.57536711689093e-16
629,212.91144856475574,1.7515517948938e-13,8.226667972535427e-16
630,212.96806017513208,1.7170136914486971e-13,8.062306103726205e-16
631,213.2243158342605,1.838268800581681e-13,8.621290650596199e-16
632,213.66383071972376,1.594933121843252e-13,7.464684670637707e-16
633,213.91303772916993,1.896027890034086e-13,8.863545252602137e-16
634,214.81989405290156,1.571769202702275e-13,7.316683632267367e-16
635,214.82152678970036,1.720793256167976e-13,8.010339009705239e-16
636,215.26497647204005,1.8155688696760028e-13,8.434111760450824e-16
637,215.3104123259941,1.7936867394906076e-13,8.330701335404292e-16
638,215.3376870528305,1.8701791999743575e-13,8.684867129252353e-16
639,215.61693009239033,1.696072611205193e-13,7.866138389404013e-16
640,215.84474122345387,1.7999898023752932e-13,8.339280318679845e-16
641,216.07755038778268,1.8005513315981017e-13,8.332894039046397e-16
642,216.2943955975795,1.6437013850626606e-13,7.599371128047179e-16
643,216.5459603263663,1.7988684014865564e-13,8.307097480716795e-16
644,216.57810015983796,1.733403257176288e-13,8.003594342627485e-16
645,216.6637111797761,2.0457899508279193e-13,9.442236264154227e-16
646,216.8749403945965,1.9960080321486192e-13,9.20349777856746e-16
647,216.99272039554734,1.8194198902683538e-13,8.38470473549438e-16
648,217.19625881893424,1.9293257327175759e-13,8.882868163608469e-16
649,217.27227858376702,2.0427214640226004e-13,9.40166632088341e-16
650,217.49127401838692,1.9442997471650961e-13,8.939667836975948e-16
651,217.57535254268223,1.7817537608908525e-13,8.189134201408783e-16
652,217.670911179593,1.92455965877093e-13,8.841602437098451e-16
653,217.79064395414798,1.6522712887652434e-13,7.586511793009346e-16
654,218.0684599543667,1.5902948806492524e-13,7.292640489972918e-16
655,218.40918176890395,1.611100749815997e-13,7.376524818085179e-16
656,218.48045698299336,1.604373395316391e-13,7.343326801267522e-16
657,219.15618857663642,1.6759336653784939e-13,7.647211225305823e-16
658,219.44780539904116,1.9345473584394734e-13,8.815523832292223e-16
659,219.63302470305632,1.899033006548884e-13,8.646390992959165e-16
660,219.8546168343345,1.8446392664184338e-13,8.390268500972221e-16
661,219.94451676771965,2.0157254725846316e-13,9.164699817060733e-16
662,219.98797349425186,2.076668070946203e-13,9.439916364339185e-16
663,219.9972247200301,1.5843241676729734e-13,7.201564336501039e-16
664,219.99854907411094,1.7941339804960736e-13,8.155208241358371e-16
665,220.01035694241455,1.5512146094626237e-13,7.05064357433245e-16
666,220.01233893777083,1.785858220718134e-13,8.11708211157763e-16
667,220.01530549827982,2.0424863725688535e-13,9.283383117111471e-16
668,220.1534280525356,1.9092692612101443e-13,8.672448474227401e-16
669,220.18955479505925,1.650577499810968e-13,7.496166207099324e-16
670,220.32821547191742,2.066416077270921e-13,9.37880821503001e-16
671,220.48999193765746,1.8937629098607007e-13,8.588883754851574e-16
672,220.92630929450124,2.142370048464828e-13,9.69721557973879e-16
673,221.96782480293268,1.5530517510277577e-13,6.996742669378262e-16
674,222.06226992144778,1.8574428299260722e-13,8.364513388893679e-16
675,222.06400479649807,1.4846558799127703e-13,6.685711541919302e-16
676,222.4838112904859,1.9488137706134576e-13,8.759350890789036e-16
677,222.87442751815087,1.8411285377646458e-13,8.260833502823937e-16
678,222.88579332732746,1.6512732383991864e-13,7.408606954029348e-16
679,223.35037283209113,1.8240910358545623e-13,8.166948694667573e-16
680,223.527847820646,1.9697983502965894e-13,8.812317433830946e-16
681,223.56979202090164,1.5276730537162035e-13,6.833092431259142e-16
682,223.64828885177178,1.8144657382653256e-13,8.113032062891865e-16
683,223.70868420634122,1.782264793017894e-13,7.966900343367959e-16
684,224.20210987583758,1.6949589624019365e-13,7.559959910014225e-16
685,224.55551249181934,1.7173431870492223e-13,7.647744506435957e-16
686,224.82911678971857,1.9477715817333397e-13,8.66334222873401e-16
687,225.02538530837407,1.6899208052252084e-13,7.509911839099159e-16
688,225.2911916359437,1.9759384801142388e-13,8.770598023677864e-16
689,225.3585531333259,1.7947859929232763e-13,7.964135232362141e-16
690,225.54015609059135,1.921118125304543e-13,8.517854020340835e-16
691,225.56763252573438,1.7396861347409647e-13,7.712481242371902e-16
692,225.6032037074117,1.9946921601190064e-13,8.841595009909317e-16
693,225.9130786371911,1.813254962913661e-13,8.026339040891422e-16
694,226.54581644237177,1.9943581731279766e-13,8.803332608153888e-16
695,226.58366620121285,1.914962529021422e-13,8.451458841348608e-16
696,227.19595424859318,1.8668610996317634e-13,8.216964539734198e-16
697,227.5227204270143,1.7238580989230932e-13,7.576641557765128e-16
698,227.5499068346827,1.8981738407898844e-13,8.341791333577327e-16
699,227.8094217406918,1.9363730882071296e-13,8.499969287535621e-16
700,227.85726934321642,1.8470625639913062e-13,8.106226188505385e-16
701,228.15998600350272,2.1454743653431741e-13,9.403377002794157e-16
702,228.18337340983052,2.0933315731838743e-13,9.173900542806552e-16
703,228.24426634075442,1.9823154218265507e-13,8.685061200473171e-16
704,228.35662495026895,2.0225838804151925e-13,8.857128103271218e-16
705,229.08104994087174,1.7449570849082403e-13,7.617203978062054e-16
706,229.20064470023522,2.0472220938218679e-13,8.932008443952543e-16
707,229.24288576022823,1.7315641380294966e-13,7.553404033835927e-16
708,229.48615527492134,1.8221468330357797e-13,7.940116609007947e-16
709,229.52927756188535,1.7986243471339643e-13,7.836143459515842e-16
710,229.69060359579797,1.9873144189121293e-13,8.652136342544253e-16
711,230.13463542738873,1.7578031149576842e-13,7.638151083574293e-16
712,230.26900843708563,1.934699814964601e-13,8.401911434352669e-16
713,230.30017335625598,1.867558667765745e-13,8.109236916972619e-16
714,230.5537783917481,1.9783396791928428e-13,8.580816558257936e-16
715,230.7186408585675,2.0760812594229139e-13,8.99832476343153e-16
716,231.3010530938481,2.1416078490162457e-13,9.25896281218966e-16
717,231.4002280264958,1.9350428561695167e-13,8.362320437938161e-16
718,231.50851824245896,1.8559169088362583e-13,8.016624713966489e-16
719,231.55791159993288,1.843051744131719e-13,7.959355529669811e-16
720,231.63012497527484,1.82143023866643e-13,7.863529145273557e-16
721,231.63223335045947,1.610275137166232e-13,6.951861206336885e-16
722,231.72134645344795,1.714103464906726e-13,7.397261802339318e-16
723,232.16121360530244,1.8548678168284546e-13,7.989568059296578e-16
724,232.6328029695083,1.9039178247379115e-13,8.184219080176162e-16
725,232.9478119018401,1.8639451987017116e-13,8.001557016071667e-16
726,233.12346408447232,1.868724070708964e-13,8.016027378659025e-16
727,233.3942390968602,1.7734511046353631e-13,7.598521332394022e-16
728,233.927324688907,1.8264601229944983e-13,7.807810077011967e-16
729,234.09345461645987,1.7484389283427412e-13,7.46897828137653e-16
730,234.2160215261089,1.7648241762487195e-13,7.535027555969258e-16
731,234.27869290322715,2.0558498073262462e-13,8.775231677493823e-16
732,234.30584961931646,2.1127674632139228e-13,9.01713493985147e-16
733,234.38172460491884,1.8987838016524292e-13,8.101245115646616e-16
734,234.67512998339285,2.330975762155227e-13,9.93277712180316e-16
735,234.6939708138312,1.8393563165462269e-13,7.837254234388829e-16
736,234.70386095694286,1.8892615474586082e-13,8.049554616424478e-16
737,234.8179521493666,1.7637646322859726e-13,7.511200128191435e-16
738,235.44138728739736,2.0932619763763857e-13,8.890798684520124e-16
739,235.49570975818125,1.9721590124946878e-13,8.374500811585057e-16
740,235.6470208289798,1.8176110368322487e-13,7.713278234700769e-16
741,235.89656194721823,1.9092686164957102e-13,8.093668685696693e-16
742,236.5389050414839,2.0927754093670046e-13,8.847489206902248e-16
743,236.79995366636925,1.844900290205556e-13,7.790965587792562e-16
744,236.80803086497727,1.804621948796374e-13,7.620611269832017e-16
745,236.87081213351433,1.8832314719734962e-13,7.950458121079081e-16
746,236.8726427644804,1.5632537454485405e-13,6.599553782168357e-16
747,236.9213283814634,2.1491321017647632e-13,9.071079064289553e-16
748,237.21318364167504,1.940566534793326e-13,8.18068584975728e-16
749,237.25328233543928,2.0520411512600176e-13,8.649158110945543e-16
750,237.7749213403497,1.9140652494866247e-13,8.049903827943412e-16
751,237.86569884197615,1.8739083196571883e-13,7.878009855057335e-16
752,238.2551366214137,1.9932271316892492e-13,8.365935609843652e-16
753,238.71418317252258,1.6903362515936004e-13,7.081004694103019e-16
754,238.84390754283174,1.977578227321679e-13,8.279793475439774e-16
755,238.92115097493124,2.0564480761832154e-13,8.607224884828166e-16
756,239.41951530409813,2.093847481471947e-13,8.745517168107418e-16
757,239.59106002963188,2.0476525904150986e-13,8.546448227917399e-16
758,239.68295761232758,1.948020511055265e-13,8.127488622724975e-16
759,239.76057305472742,1.776353615120245e-13,7.408864570551293e-16
760,239.7980455344198,1.985621114608478e-13,8.280389067322354e-16
761,240.20597693236743,2.0249092019377172e-13,8.429886832115972e-16
762,240.31731336184995,2.692295045184425e-13,1.120308398725559e-15
763,240.37363792171578,1.9673837411499545e-13,8.184690127253832e-16
764,240.64463345430576,2.0922439838621541e-13,8.694330531411726e-16
765,240.99412897233003,2.1031555593394932e-13,8.726999152668026e-16
766,241.05439873467344,2.2080560419151806e-13,9.159990663956187e-16
767,241.09364346820163,2.1775937558233428e-13,9.032149186921846e-16
768,241.09948202955022,2.1718627365805551e-13,9.008160110084193e-16
769,241.30032252391933,1.8739688185121635e-13,7.766126455659432e-16
770,241.39141872753873,2.342051608172065e-13,9.702298534545529e-16
771,241.44920165915926,2.0110951571430182e-13,8.32926819937045e-16
772,241.6538495350998,1.8843029980391605e-13,7.797529406894338e-16
773,241.65436169650772,1.9684722277417665e-13,8.14581708321888e-16
774,241.68018736138438,1.860479379850129e-13,7.698104673628684e-16
775,242.06699161588423,2.0246690583588248e-13,8.364085680758994e-16
776,242.6821377275289,2.0213951920415834e-13,8.329394206635441e-16
777,243.05986526353777,1.9513325175189372e-13,8.028197149715376e-16
778,243.13431621757422,2.2500026119157508e-13,9.254154851190505e-16
779,243.2063928925672,2.2443276301463378e-13,9.228078273163387e-16
780,243.7379805969704,1.9153377953089773e-13,7.858183573269436e-16
781,243.75905237702997,1.9837487546229703e-13,8.138154194801521e-16
782,243.77794906809257,2.036845774210687e-13,8.35533230957551e-16
783,243.82698035604247,2.2509694954357404e-13,9.231831080173393e-16
784,244.0811971809954,1.808147936308645e-13,7.40797716985891e-16
785,244.1889968102883,1.9804403503366603e-13,8.110276778258255e-16
786,244.39835166191017,2.0900016996946328e-13,8.551619458489018e-16
787,244.6644575370488,1.7936812094116219e-13,7.3311883036383e-16
788,244.8169053856045,2.074672326741641e-13,8.474383431462302e-16
789,245.39397413007072,1.7392003728759505e-13,7.087380116164099e-16
790,245.6441000141975,1.6368587984900434e-13,6.663538014531747e-16
791,245.8248878670137,1.949296330220638e-13,7.929613421710042e-16
792,246.26850928364155,2.0640481481530795e-13,8.381291437370894e-16
793,246.54450425660434,2.1611328442298625e-13,8.765690603188413e-16
794,246.55272431334845,1.819326033663064e-13,7.379054677776947e-16
795,246.612189469111,1.75976451364075e-13,7.135756417511416e-16
796,246.80120542128802,2.0471360273600128e-13,8.294675967508203e-16
797,246.80953448539975,2.1345541038595333e-13,8.648588508989732e-16
798,247.05239107482305,1.9706268001099507e-13,7.976554250442857e-16
799,247.12865061652857,1.888723474860422e-13,7.642673037498872e-16
800,247.30679783302017,1.9609636527511233e-13,7.929275175343754e-16
801,247.85262712185136,1.9085790896831808e-13,7.700459389300196e-16
802,247.92988208847453,1.7747396773499395e-13,7.158232248570256e-16
803,248.11015628612074,1.8790926678186854e-13,7.573622522939831e-16
804,248.79218387585775,1.9029617686528809e-13,7.648800452679897e-16
805,248.84319143016367,2.200226041425431e-13,8.841817325923948e-16
806,248.94526975455074,2.17746114971785e-13,8.74674643091123e-16
807,249.20193452429058,2.0054500701760693e-13,8.04748997636931e-16
808,249.24041873393324,1.993842604271102e-13,7.999676033282345e-16
809,249.3959497423779,2.2517912292946412e-13,9.02898074977042e-16
810,249.55706327277747,2.0463311831748515e-13,8.199852796545039e-16
811,249.84200068580694,2.079834352669665e-13,8.324598534115951e-16
812,249.92013652458,2.0494957192112196e-13,8.200602591338809e-16
813,249.97138682229334,2.3649355113182907e-13,9.460824862325312e-16
814,249.9920102062538,1.8798374010800453e-13,7.519589924210383e-16
815,250.17288300416791,1.9483141905988092e-13,7.78787120011864e-16
816,250.2899517264149,1.7406994799679232e-13,6.954731773933275e-16
817,250.48169916435944,2.090022038461245e-13,8.344010941453363e-16
818,251.4983477829767,1.9675275856432185e-13,7.823222708966025e-16
819,251.53735114944766,1.9917962337524317e-13,7.918490930474305e-16
820,252.26721867822087,1.8194049703003274e-13,7.212213223078608e-16
821,252.45131626397787,1.755713844567031e-13,6.954663063555405e-16
822,252.4723063265794,1.8444382136887525e-13,7.305507049564971e-16
823,253.47790950611892,1.8578832135617618e-13,7.329566577149449e-16
824,253.83718230819093,1.9473302142616614e-13,7.671571975997404e-16
825,254.1944541021523,1.9491747583523976e-13,7.668045965979608e-16
826,254.20424386226512,2.0136555080545037e-13,7.921407909875643e-16
827,254.20495038631313,1.9758776712220006e-13,7.772774165960481e-16
828,254.2926391569892,2.1549182041057544e-13,8.474166657947979e-16
829,254.31264310915233,2.308813818273186e-13,9.078643476180739e-16
830,254.33006646176779,1.834599770124194e-13,7.213460035013126e-16
831,254.33441182805728,1.8747390838993004e-13,7.37115780135453e-16
832,254.39454444513237,2.1721580576938652e-13,8.538540252235459e-16
833,254.5534837872493,2.385381031896075e-13,9.370844179409184e-16
834,254.56534898574904,2.0224331644422665e-13,7.944652217987002e-16
835,254.615022121312,1.9939241313931487e-13,7.831133115323958e-16
836,254.65981415735732,1.932291815630544e-13,7.587737476461669e-16
837,254.74328130130203,2.1462476980413034e-13,8.425139564339645e-16
838,254.929600441834,1.7961255680991821e-13,7.045574797850888e-16
839,255.1499276120056,2.1502472760293888e-13,8.427387364574008e-16
840,255.22833902177385,1.9833905945750163e-13,7.771043772712914e-16
841,255.41511064124882,1.8215916526658735e-13,7.131886786543519e-16
842,255.4657930714325,2.3063098665720647e-13,9.027861769059555e-16
843,255.83177275539126,2.049910635257108e-13,8.012728884996985e-16
844,255.86993490447895,2.0080261865503956e-13,7.847839517761356e-16
845,256.3780470831418,2.2487871566832052e-13,8.771371738992683e-16
846,256.4046114444239,1.9982734138525812e-13,7.793437889418421e-16
847,256.41175818405617,2.1601782211895225e-13,8.4246457201815e-16
848,256.5991320140793,2.0093501228398908e-13,7.830697271141354e-16
849,256.6652133052939,1.6274822129327092e-13,6.340875695518888e-16
850,256.89951011896926,2.185720999832817e-13,8.50807772588051e-16
851,256.97260677351966,2.409360597705615e-13,9.37594332702194e-16
852,257.2601570191708,2.0461637954153508e-13,7.953675451044962e-16
853,257.59130174051455,2.0119911492402747e-13,7.81078839093356e-16
854,257.63690782333447,2.1311365293120825e-13,8.271860376361275e-16
855,257.6446104167689,1.9504403930799097e-13,7.570274378823041e-16
856,258.11193065212285,1.8030937516474905e-13,6.985704795171431e-16
857,258.35081082114175,1.9645340246647823e-13,7.604133381353482e-16
858,258.7465041921075,1.9777925231797605e-13,7.643745871485628e-16
859,258.77222579112913,1.9099127769827215e-13,7.38067144239942e-16
860,258.88688139613515,2.1695967242238783e-13,8.380481515801779e-16
861,258.9216130789488,2.1519119589823621e-13,8.311055741515925e-16
862,259.17357616386926,1.932973498405281e-13,7.458219803947561e-16
863,259.65347996114684,1.9009713472966414e-13,7.321185710975615e-16
864,259.6917437541655,1.8826757168335057e-13,7.249655647950523e-16
865,259.74940897592495,1.9947006275058175e-13,7.679326915006369e-16
866,260.3875148940317,2.276402796877225e-13,8.742365384928837e-16
867,260.6204256888601,1.9945057996224087e-13,7.652914365213783e-16
868,260.68645638021155,1.9268382715462933e-13,7.391401526192052e-16
869,260.82134427619735,1.9576971231895286e-13,7.505893080270381e-16
870,261.2531216429949,2.0915875060086215e-13,8.00598091557657e-16
871,261.32895366488134,2.0042884432169706e-13,7.669599618062975e-16
872,261.3295681200029,1.929582257444883e-13,7.383711959294313e-16
873,261.4132716123997,2.1320359883890057e-13,8.155806226816972e-16
874,261.5361457113165,1.9328900367913178e-13,7.390527345787381e-16
875,262.15816435055547,2.0503601082926028e-13,7.8210805044808e-16
876,262.2258627208116,2.0993807158953414e-13,8.006001750218376e-16
877,262.89943932942526,2.0956790630830643e-13,7.97140940440379e-16
878,263.117040071043,2.0672043032063784e-13,7.856596070890058e-16
879,263.15334430709,2.291639160357237e-13,8.708379391458468e-16
880,263.3731689303349,2.0685437051145682e-13,7.85404114441787e-16
881,263.5935821306158,1.9754307135812002e-13,7.494229175133466e-16
882,264.03436335561827,2.240192163525303e-13,8.484472002260061e-16
883,264.2077304682964,1.9832001707171957e-13,7.506215534276995e-16
884,264.27160617642954,1.911569682044392e-13,7.233352495569331e-16
885,264.45236183461196,1.9549870231826718e-13,7.392586738950425e-16
886,264.6947341312601,1.9061380676488894e-13,7.20126931842796e-16
887,264.7000477863788,2.085120409781658e-13,7.877295177008867e-16
888,264.745056359166,1.884443513337049e-13,7.11795543702437e-16
889,264.76091287739285,1.9252423280138538e-13,7.271625962799906e-16
890,264.9082485518714,2.02747820049247e-13,7.653511023442034e-16
891,264.97264252985383,2.0787091138134215e-13,7.84499521900348e-16
892,265.0618626049688,2.2443481790243885e-13,8.46726178171177e-16
893,265.24728293823495,2.3161545436145233e-13,8.732057565143313e-16
894,265.3354741115936,2.0898623980683805e-13,7.876302273812945e-16
895,266.062134683981,2.1284160408970822e-13,7.99969542236868e-16
896,266.2165485819811,1.9944478856143158e-13,7.491825343833303e-16
897,266.30362700709435,1.8404745117582194e-13,6.91118830202485e-16
898,266.32536018927874,2.1733614943380576e-13,8.160550286286815e-16
899,266.4096724918467,1.9564224418112725e-13,7.343661450096739e-16
900,266.5563995829376,2.472418086264389e-13,9.275403217228365e-16
901,267.14557939412003,2.4287490067472917e-13,9.091481177624717e-16
902,267.29217230135487,2.2300924602391127e-13,8.343276352009388e-16
903,267.53313355258615,2.138102960040713e-13,7.991918352873659e-16
904,267.73757037970665,1.8717063902478305e-13,6.990824588395898e-16
905,267.8627322663931,2.0811730807191095e-13,7.76955070647661e-16
906,267.8644194846532,2.2194604058685848e-13,8.285760423645011e-16
907,267.9257822428433,2.3802997789199925e-13,8.884175904962107e-16
908,267.94328001151166,2.1894846061391313e-13,8.171448099183769e-16
909,268.2129990838779,2.185659150817744e-13,8.148968015283351e-16
910,268.8697805114069,2.0045989377919447e-13,7.455649846476142e-16
911,268.9068652291266,2.602021765733954e-13,9.676293550619684e-16
912,269.4769125517239,2.2691411594296715e-13,8.420540141798339e-16
913,269.48665131786294,2.0361803121961598e-13,7.555774292487902e-16
914,269.6197941326122,2.1701269477586344e-13,8.048841349872332e-16
915,269.64314107540724,2.1119765710645615e-13,7.832487645120315e-16
916,270.25918232728264,2.0559741654387634e-13,7.607416509345418e-16
917,270.9808519309129,2.1406830691057465e-13,7.899757690818383e-16
918,271.06737016544565,1.8272725520087488e-13,6.741027335357535e-16
919,271.2015507790738,2.1333505523341113e-13,7.866291863765858e-16
920,271.25582563970124,2.0116544004192436e-13,7.4160781456957435e-16
921,271.3261030244637,2.0427670174581946e-13,7.528825994578235e-16
922,271.3335299524588,2.0930930791393585e-13,7.714096667323408e-16
923,271.43698544314094,1.9249248316341672e-13,7.091608494294118e-16
924,271.60922103279944,1.918345892207034e-13,7.062889414845658e-16
925,271.65877155571525,1.8785796371935175e-13,6.915218037817838e-16
926,271.7066725235329,2.1178295448683448e-13,7.794543745277056e-16
927,271.72656280988406,1.9465944227691642e-13,7.163798793315309e-16
928,271.88710026785907,2.0369414142711766e-13,7.491864866940773e-16
929,271.9642625288521,1.8639099350013059e-13,6.853510522558337e-16
930,272.2036660901121,2.16457062497481e-13,7.952025981377621e-16
931,272.2089681245542,1.8333040923453918e-13,6.734914374703959e-16
932,272.3946017588056,2.0316787552994026e-13,7.458586705394301e-16
933,272.39782750348894,2.0789336081540448e-13,7.631975729055392e-16
934,272.7758274535594,2.0305651276258976e-13,7.444080168619799e-16
935,273.0948444574218,2.398914411445618e-13,8.784180515057773e-16
936,273.1594734490493,2.0921274229831819e-13,7.658996397111642e-16
937,273.22759600726926,2.1852483272899997e-13,7.997904894027838e-16
938,273.23785821352214,2.139318250924361e-13,7.829508930100701e-16
939,273.7294810877606,1.813783727884805e-13,6.626190648800766e-16
940,273.7792072447012,2.0434712855520025e-13,7.463938938670269e-16
941,274.16754740434834,2.2118736374968245e-13,8.067598293224342e-16
942,274.18000032712206,2.0470471253666433e-13,7.46607018354485e-16
943,274.3012132338182,2.4344748435547987e-13,8.875188027256803e-16
944,274.6558402612332,2.2312408215356208e-13,8.123769803742103e-16
945,274.66451154444053,1.9321763735594363e-13,7.034677915595264e-16
946,274.68705619136557,2.0193375094688527e-13,7.351411229446667e-16
947,274.68850763848087,2.0440219214967908e-13,7.441235671158619e-16
948,274.9908683284738,2.1206281963903424e-13,7.71163133263492e-16
949,275.2743810130819,2.207447169145723e-13,8.019079585327696e-16
950,275.6934675336954,1.9951311252430742e-13,7.236773301490099e-16
951,275.75936431423975,2.0733424735016693e-13,7.518665698471098e-16
952,275.8729795820762,1.9343450613220925e-13,7.011723526720372e-16
953,276.2392032930199,2.0889620735662378e-13,7.562149212218722e-16
954,276.3355083183042,1.9373273583504374e-13,7.010779650217361e-16
955,276.65396476038745,2.3188242642329405e-13,8.381677328359619e-16
956,276.72693039058686,2.0825373351634854e-13,7.525604147829354e-16
957,277.5135542487555,2.3459217954260673e-13,8.453359338705481e-16
958,277.70590840005855,2.0587484726901467e-13,7.413412572138536e-16
959,277.976228141582,2.059491488377056e-13,7.408876299048466e-16
960,278.0569160932601,2.1534969862570188e-13,7.744806410550628e-16
961,278.41480640739655,1.973064696878261e-13,7.086780772683228e-16
962,278.47127493472254,1.986924372571386e-13,7.135114287953571e-16
963,279.0630872936535,2.0928762538439948e-13,7.499652763612178e-16
964,279.5752649337172,2.3892504676971824e-13,8.546000906995957e-16
965,279.5959157330267,2.192355340788701e-13,7.841156531349623e-16
966,279.59979300286386,1.9663189636967282e-13,7.032619525854183e-16
967,279.6823396891992,2.1066526507769186e-13,7.532304875302334e-16
968,279.8621417586946,2.0891248518013382e-13,7.464835503198012e-16
969,279.87100877531526,2.1247229095769027e-13,7.591793515428612e-16
970,279.93903197559223,2.0411189311419417e-13,7.291298097079603e-16
971,280.1745808731132,2.0563795173458333e-13,7.33963627584451e-16
972,280.21814507977166,2.1152449579020224e-13,7.548565269746757e-16
973,280.7710741793723,2.1551011250512885e-13,7.675652242134063e-16
974,280.7758366321015,2.0783811633944014e-13,7.402279299830522e-16
975,280.85675949810525,2.108047374774836e-13,7.505774041336746e-16
976,280.90464229233237,2.481071419489393e-13,8.832432953911052e-16
977,281.10041049221655,2.172022586124814e-13,7.72685668555776e-16
978,281.22260032182544,2.296627119596184e-13,8.166580911235338e-16
979,281.4145458022086,2.185140103540532e-13,7.764844199192005e-16
980,281.7295889952299,2.3290529466334323e-13,8.266980244921547e-16
981,282.2048724419675,2.467364972308079e-13,8.743169283214509e-16
982,282.26191421900387,2.3570718562182584e-13,8.35065496788714e-16
983,282.5852743458348,2.5490485981361987e-13,9.020457998163805e-16
984,282.8882295665804,2.346338684264187e-13,8.294225206397123e-16
985,282.9747794046295,2.2339882399788232e-13,7.894654939493435e-16
986,283.0121411604886,2.136488719443939e-13,7.549106235101035e-16
987,283.0244307963788,2.2500616531528735e-13,7.950061578859511e-16
988,283.0895442471204,2.5303750893852483e-13,8.938426518417724e-16
989,283.1882574588363,2.0814474323721383e-13,7.350048519136404e-16
990,283.1943823703804,2.5355841506377757e-13,8.953511469452703e-16
991,283.4889392398981,2.5584757598537797e-13,9.024957963840379e-16
992,283.51220011699826,2.0636018958357438e-13,7.278705801669727e-16
993,284.2419349561829,2.097352999746728e-13,7.378759928826279e-16
994,284.4733461104058,2.0641921077553296e-13,7.25618809628022e-16
995,284.5217615468724,2.16546852708306e-13,7.610906509610929e-16
996,284.88418988756126,2.450429277777337e-13,8.601492693379994e-16
997,284.9923996602979,2.577735327969615e-13,9.044926570119747e-16
998,285.00128603332234,2.1213484836488882e-13,7.443294425699048e-16
999,285.13178256595467,2.0760278085609099e-13,7.280941429532493e-16
1000,285.20061008988074,1.7848927713023644e-13,6.258376413500157e-16
1001,285.29945865454755,1.8654271390412993e-13,6.538488183042913e-16
1002,285.3001430235143,1.99182638935592e-13,6.981512060411952e-16
1003,285.58219125094354,2.103164137257878e-13,7.364479304697993e-16
1004,285.6492398050287,2.4166144565268916e-13,8.460076624661644e-16
1005,285.7044066474713,2.202848469323783e-13,7.710236237419547e-16
1006,285.81224151450556,2.015294392882283e-13,7.051112934153322e-16
1007,286.12801312383556,2.0180237252871453e-13,7.052870158552945e-16
1008,286.7032066081951,2.1013536416135366e-13,7.3293691635797415e-16
1009,286.75289852908287,2.2680311211552463e-13,7.909357264701614e-16
1010,287.1907081360245,2.1775908310797693e-13,7.582386091852174e-16
1011,287.58980646026225,2.168068510925326e-13,7.538752981583508e-16
1012,287.64170438236494,2.1122776039439912e-13,7.343433068857497e-16
1013,287.65839686787575,2.096154094295112e-13,7.286956046194944e-16
1014,287.7491194077102,2.2789917392081616e-13,7.920065034079462e-16
1015,288.0983975735784,2.3110837920372413e-13,8.021855766993658e-16
1016,288.52888676407485,2.069862707909134e-13,7.173849146001195e-16
1017,288.80516780638493,2.142676648277503e-13,7.419107713868729e-16
1018,288.8071789589901,2.155254044804374e-13,7.462605509229446e-16
1019,288.9658568178439,2.2475486350308087e-13,7.7779037972904915e-16
1020,289.1998400839334,2.1732935525410544e-13,7.51485046433742e-16
1021,289.46951966577586,2.1403701891202747e-13,7.394112484076271e-16
1022,289.67634912233103,2.3194630939488917e-13,8.007084806807534e-16
1023,289.97827964436834,2.1183646664512934e-13,7.305252893593522e-16
1024,290.02336944808843,2.0496039844730164e-13,7.06703045472988e-16
1025,290.3151405062522,2.1591478297466236e-13,7.437255342527079e-16
1026,290.34650633141865,2.299355757178282e-13,7.919350524416716e-16
1027,290.4103153161272,2.1881000827513573e-13,7.534512265411417e-16
1028,290.506764159183,2.109586567338897e-13,7.26174680801219e-16
1029,290.62026518698366,2.2507473474482905e-13,7.744633176217669e-16
1030,290.6403317507299,2.311861755524796e-13,7.954373508999376e-16
1031,290.8098008039309,2.0605639348545376e-13,7.085606912690698e-16
1032,290.81137487018225,2.030944691119843e-13,6.983718198871875e-16
1033,291.0501223777691,2.122150223100905e-13,7.29135657378785e-16
1034,291.06186455324047,2.2536908130224284e-13,7.742995862689486e-16
1035,291.06699237937767,2.450708951081101e-13,8.419741898754493e-16
1036,291.0838285133826,2.1359537662658825e-13,7.337933464646874e-16
1037,291.0915364390773,2.8586667875166017e-13,9.82050808651695e-16
1038,291.53517336381344,2.53601674279857e-13,8.698836279469497e-16
1039,291.541904298856,2.4319229675276827e-13,8.341589773779992e-16
1040,291.73124803147886,2.2161498293886734e-13,7.596545945429688e-16
1041,291.79016337955085,2.490516861058842e-13,8.535300958104134e-16
1042,292.4378766487105,1.9984962238063966e-13,6.833917161172251e-16
1043,292.51669667994724,2.3150602294403034e-13,7.914284058708935e-16
1044,292.5204370339846,2.1754712663950396e-13,7.436988979140273e-16
1045,292.6799386106814,2.0113288594892018e-13,6.872110432429201e-16
1046,292.7541329819099,2.5373049708183954e-13,8.667016738497019e-16
1047,292.9291456222275,2.304058456258015e-13,7.865582823326894e-16
1048,293.5932259955856,2.647344731904057e-13,9.017049773293685e-16
1049,294.38943149489256,2.0423371065536507e-13,6.937535414171564e-16
1050,294.47214266536076,2.5512718171929003e-13,8.663881731224319e-16
1051,294.90116626426635,2.1046381830396048e-13,7.13675774735187e-16
1052,295.0555507731116,2.1678858244314282e-13,7.347381937913326e-16
1053,295.22274423429946,2.3566980448426715e-13,7.982779412728142e-16
1054,295.3118818275286,2.2402026494925616e-13,7.585887285093764e-16
1055,295.3135852318729,2.5654493485159483e-13,8.687203964902669e-16
1056,295.3160022660616,2.608465537997067e-13,8.832794423537535e-16
1057,295.3675463543817,1.970024109540499e-13,6.669737870175032e-16
1058,295.6638903315073,2.1623150767228972e-13,7.313422935409679e-16
1059,295.71644861320794,2.2953323422329095e-13,7.761936655864432e-16
1060,295.96193186802975,2.404726560213956e-13,8.125121177024314e-16
1061,296.27070805135793,2.0976789650865352e-13,7.080277962284772e-16
1062,296.3403993974638,2.284361239428207e-13,7.708571777836908e-16
1063,296.76757558420434,2.2529730262332442e-13,7.591708837456838e-16
1064,297.10946199808063,1.9771299768244592e-13,6.654550694979993e-16
1065,297.1659871156726,1.8540743232265468e-13,6.23918753698028e-16
1066,297.40725098776034,2.3214125022454104e-13,7.805500688148815e-16
1067,297.4173510087424,2.330484542977508e-13,7.835738349068291e-16
1068,297.44085842728447,2.3823770673295543e-13,8.009582408840362e-16
1069,297.5258876724144,2.2042142473061306e-13,7.408478853890663e-16
1070,297.62583574654906,2.253568655086916e-13,7.571817982246677e-16
1071,297.6292197273925,2.089084523172841e-13,7.019084097610764e-16
1072,297.7305333122804,2.2167277848049386e-13,7.445416364064619e-16
1073,298.05486611703986,2.2725198133140858e-13,7.624501632601144e-16
1074,298.5363148486486,2.060560073063897e-13,6.902209113516244e-16
1075,298.7292076134921,2.2693068109754374e-13,7.596534765062404e-16
1076,298.7379646346379,2.025447846575787e-13,6.78001488378937e-16
1077,299.14544734794544,2.2756324538134915e-13,7.607110434031216e-16
1078,299.3282922623533,2.2664126166158788e-13,7.571661868265458e-16
1079,299.5993379169614,2.1200486022632199e-13,7.076279330266157e-16
1080,299.6219828211955,2.2026926686460372e-13,7.351572297552451e-16
1081,299.9764479057469,2.0554024428014635e-13,6.851879396369392e-16
1082,300.32186861114263,2.3014435378494024e-13,7.663256586983068e-16
1083,300.5376215908673,2.0732576011913818e-13,6.898496069200223e-16
1084,300.5533424154022,2.090845056231486e-13,6.956652151755736e-16
1085,300.5609932866737,2.3344413860738373e-13,7.766947269325989e-16
1086,300.5932541243012,2.2436026977170464e-13,7.463915663221346e-16
1087,300.6308971570957,2.0908423276159388e-13,6.954848445013162e-16
1088,300.6694302803543,1.908563082439148e-13,6.347712438406325e-16
1089,300.8077897030343,2.290691875983148e-13,7.615134828272172e-16
1090,300.8423013147337,2.269485353422897e-13,7.543770751336656e-16
1091,301.10852852570207,2.0760021119376664e-13,6.894531091836752e-16
1092,301.11758312459665,2.2909941181278665e-13,7.608304019828352e-16
1093,301.22636484404705,2.215207497282361e-13,7.353962852585076e-16
1094,301.5933015937345,2.2791402368754547e-13,7.556998861816906e-16
1095,301.90547043549935,2.470049471143803e-13,8.181532675048091e-16
1096,302.1829742724696,2.2259601526612913e-13,7.366265945394421e-16
1097,302.3015581175054,2.270282352538297e-13,7.509992229864169e-16
1098,302.60719027147894,2.5393490210845573e-13,8.3915686828406925e-16
1099,302.8770523295033,2.429843696550736e-13,8.022541416928749e-16
1100,303.15726314411313,2.0202471159325894e-13,6.664023467490588e-16
1101,303.338427646458,2.4268467339271684e-13,8.000459265107244e-16
1102,303.5502534306091,2.268086247118951e-13,7.471864119650392e-16
1103,303.81637507632814,2.384086247451079e-13,7.847128868060922e-16
1104,304.02040453901776,2.308373059398294e-13,7.59282280049081e-16
1105,304.1966955245879,2.339624219241415e-13,7.691155931877327e-16
1106,304.2103991588884,2.3805610281506397e-13,7.825376892876296e-16
1107,304.2564396001371,2.4640107250287e-13,8.098466965126446e-16
1108,304.38536835575616,2.252771630711171e-13,7.401050986387104e-16
1109,304.6419592668182,2.5031945760195197e-13,8.216841114218008e-16
1110,304.6921302187738,2.520405728444462e-13,8.271975146305127e-16
1111,304.72394442078087,2.2943785574073357e-13,7.529367479698681e-16
1112,304.7897120591399,2.264527766563655e-13,7.42980381872029e-16
1113,304.8081140787777,2.1319874370390555e-13,6.994523237947803e-16
1114,305.5530983311265,2.3034987950130813e-13,7.538783954718045e-16
1115,305.9109599132767,2.0554428168598353e-13,6.719088513345637e-16
1116,306.20219706151664,2.2057671855601313e-13,7.203629519082086e-16
1117,306.20408529191286,2.2215259025225037e-13,7.255049848223486e-16
1118,306.36994863586943,2.31175076546385e-13,7.545618543062265e-16
1119,306.56319991713957,2.5137975521739697e-13,8.199932519145872e-16
1120,306.7073931796191,2.296374590707063e-13,7.487183686381573e-16
1121,306.85778145656064,2.1446770715297922e-13,6.989156544604024e-16
1122,307.00138855845785,2.2023294857054506e-13,7.173679233330545e-16
1123,307.3666946606935,2.475205369124737e-13,8.052939411204431e-16
1124,307.3985930794659,2.2637171638675017e-13,7.364110359744899e-16
1125,307.56458004486865,2.0069068112671784e-13,6.525155825727409e-16
1126,307.5758902581032,2.341833401495315e-13,7.613839301676601e-16
1127,307.6767969052305,2.0400795731806123e-13,6.630592861407714e-16
1128,307.80789048075013,2.030986662268717e-13,6.598228067177284e-16
1129,308.0802128645431,2.0981971629314857e-13,6.810554768910207e-16
1130,308.1144007954201,1.9116398700622045e-13,6.204318477575747e-16
1131,308.1309985784734,1.979822914402669e-13,6.42526368179882e-16
1132,308.18733703989466,2.3657454136045774e-13,7.676322578102335e-16
1133,308.45154385700954,1.9005698035658208e-13,6.161647887380579e-16
1134,308.4620504934424,2.089142006027021e-13,6.772768328178619e-16
1135,308.78352961321696,2.5042121225928716e-13,8.109927772798161e-16
1136,309.417818399236,2.149030259835349e-13,6.945399172398324e-16
1137,309.46659817885006,2.4003428642026787e-13,7.756387533673176e-16
1138,309.79353427562563,2.311151206182948e-13,7.460295165898135e-16
1139,310.0179676619775,2.1954381732460773e-13,7.081648169630716e-16
1140,310.0194358964016,2.401865918036612e-13,7.747468835596609e-16
1141,310.13549238585864,2.318422390155172e-13,7.475514564036676e-16
1142,310.33529117393994,1.9346094340167803e-13,6.23393306864494e-16
1143,310.3406792152407,2.0243694887214234e-13,6.523055546054909e-16
1144,310.5456942902504,2.455314657422e-13,7.906452102108841e-16
1145,310.8515167987893,2.3510761444509106e-13,7.563341394189612e-16
1146,311.6267526284638,2.0646171841787584e-13,6.625288640222404e-16
1147,311.68196156365053,2.1568924722336e-13,6.920171001917695e-16
1148,312.07409538735465,2.2555434486798894e-13,7.227589479608197e-16
1149,312.4280043565285,2.1273388290793984e-13,6.809052963932699e-16
1150,312.74004760586496,2.465362684783297e-13,7.883105165636813e-16
1151,312.8676973740479,2.209801423749005e-13,7.063053943555842e-16
1152,312.9113069929863,1.9334494941873428e-13,6.178905814453934e-16
1153,312.9151260120404,2.2213217232216254e-13,7.098799446135286e-16
1154,312.92149376813404,2.1523071838825305e-13,6.878105936300205e-16
1155,312.99342842074003,2.139634479111155e-13,6.836036430244027e-16
1156,313.01832445768963,2.1654045387264817e-13,6.917820362364049e-16
1157,313.1879597641198,2.4943190383791197e-13,7.964287772294112e-16
1158,313.4783324090581,2.29962388245364e-13,7.335830405824857e-16
1159,313.6676018303324,2.1552259290124154e-13,6.871050489231623e-16
1160,313.8852422467211,2.224862533130903e-13,7.088139974997962e-16
1161,313.9453170542943,2.219269499401024e-13,7.068968316597693e-16
1162,313.9795463882849,1.6295555116538422e-13,5.190005305755304e-16
1163,314.00092632715035,2.391158124400021e-13,7.615130797126147e-16
1164,314.42727856912563,2.340776837312832e-13,7.444573028030777e-16
1165,314.5255815698873,2.397891273422276e-13,7.623835433206144e-16
1166,314.63427695259503,2.0563596650356955e-13,6.535714051732262e-16
1167,314.65240173575484,2.199292663573651e-13,6.989594395089402e-16
1168,314.76440622039775,2.1697982454893418e-13,6.893404090836278e-16
1169,314.7715008281679,2.2526313001498083e-13,7.156401688917536e-16
1170,315.0344746758774,2.006227388415219e-13,6.3682788700485e-16
1171,315.0483625501948,2.188373946457238e-13,6.946152421625671e-16
1172,315.2287603006942,2.0079185702146924e-13,6.36971882990421e-16
1173,315.3551614379055,2.177264750833247e-13,6.9041671647475405e-16
1174,315.57073836162186,2.4617657938951405e-13,7.800995132426157e-16
1175,315.6003263036269,2.2494811045167186e-13,7.127626041655545e-16
1176,315.7216810073928,2.2663676947623596e-13,7.178372063429154e-16
1177,316.0608276296352,2.0077774517157477e-13,6.352503303789647e-16
1178,316.3456996076945,2.461644805608846e-13,7.781502352210168e-16
1179,316.41297264056675,2.2383488264173838e-13,7.074137345689881e-16
1180,316.9608670178534,2.313472655682925e-13,7.29892203239277e-16
1181,317.4990074255905,2.3926766171723744e-13,7.536012904648609e-16
1182,317.74549875079003,1.988151826300739e-13,6.257057406374339e-16
1183,317.8309016974307,2.0471653596744628e-13,6.44105198311814e-16
1184,317.840753567184,2.597515989909706e-13,8.172381800500145e-16
1185,317.8731679877814,2.510132697126481e-13,7.8966485690386e-16
1186,317.9480324131453,2.2974858446826744e-13,7.225979123837744e-16
1187,318.133575466264,2.445943897981678e-13,7.688417968448773e-16
1188,318.27649157322503,2.1524297769900512e-13,6.762767071959027e-16
1189,318.5438982008007,2.1083354480098724e-13,6.618665307727351e-16
1190,318.6613325683367,2.138020125356916e-13,6.709380482799616e-16
1191,318.7409110163771,2.265680415458953e-13,7.108219676709593e-16
1192,318.8869019058855,2.243277532404525e-13,7.0347120530732665e-16
1193,318.9274506726929,2.1284389108626306e-13,6.673740082182494e-16
1194,319.2428299039431,2.256600476363071e-13,7.068601907338244e-16
1195,319.4434238196039,2.476505733031422e-13,7.752564455450974e-16
1196,319.6081466172093,2.646725537761852e-13,8.281157929718863e-16
1197,319.60922081735816,2.276963439284954e-13,7.124210726655264e-16
1198,319.6236930791402,2.2195663367124754e-13,6.944311028165554e-16
1199,320.02193285897187,2.4224357176191923e-13,7.569592796274742e-16
1200,320.13755153877986,2.188528499010872e-13,6.83621302309412e-16
1201,320.21035803825345,2.0832469445261594e-13,6.505869945272937e-16
1202,320.55143464277756,2.5116633218848036e-13,7.83544558046917e-16
1203,320.6215367371237,2.5737708317560704e-13,8.027442129897515e-16
1204,321.0462445942522,2.250001731187771e-13,7.008341536688554e-16
1205,321.2756922501945,2.359268272424489e-13,7.343438452813919e-16
1206,321.37700602299316,2.3235715301244376e-13,7.230049090563113e-16
1207,321.39145318955235,2.42111509653799e-13,7.533228007497913e-16
1208,321.4151692268418,2.1857462596424134e-13,6.800383021436684e-16
1209,321.7153965467581,2.579437098413949e-13,8.017760810024066e-16
1210,321.81113024682145,2.4904984546647676e-13,7.739006580520117e-16
1211,322.36599802512814,2.0295223919012514e-13,6.295708617951239e-16
1212,322.43432120962007,2.181281066922779e-13,6.76503995833834e-16
1213,322.47695037777817,2.3494076778295356e-13,7.285505754991886e-16
1214,322.6790837571446,2.630571864404993e-13,8.152285031231896e-16
1215,322.7291475700116,2.2909299010843757e-13,7.098614793035978e-16
1216,323.08729988925654,2.5558953393317605e-13,7.910850535467768e-16
1217,323.44217438510896,2.34644498479486e-13,7.254604286703338e-16
1218,323.46121737468786,2.1519393572310456e-13,6.652851228029304e-16
1219,323.7060690887699,2.1301532389465455e-13,6.580516840301791e-16
1220,323.7908418612338,2.1313413194112458e-13,6.5824632567114705e-16
1221,323.88491521275216,2.2921818962829797e-13,7.07714928550254e-16
1222,323.94748045812076,2.3052381764932073e-13,7.116086142214104e-16
1223,324.2466903515731,2.3377985074714943e-13,7.209937917752296e-16
1224,324.36906477744685,2.449105394964868e-13,7.550366730086378e-16
1225,324.51134122230917,2.2263110784527122e-13,6.86050314934158e-16
1226,324.88869603416543,1.9826670177134895e-13,6.102603882238462e-16
1227,324.89047220720795,2.487074146018538e-13,7.655115673667208e-16
1228,324.90838566096795,2.449820206077074e-13,7.540033788581213e-16
1229,325.59442521725396,2.230507753995188e-13,6.850571082434457e-16
1230,325.6162527759336,2.0503015082999362e-13,6.296680496814176e-16
1231,325.7271077692631,2.1723152208822476e-13,6.669126299494425e-16
1232,325.7532274341936,2.5159479010097036e-13,7.72347804755966e-16
1233,325.7905243334047,2.848945381223416e-13,8.744715295365334e-16
1234,325.82225646120474,2.106889306479865e-13,6.466376267118909e-16
1235,325.87230501678175,1.9039575829701552e-13,5.84264926371115e-16
1236,326.0457668031419,2.410271386914554e-13,7.392432696020294e-16
1237,326.4283509630497,2.3383705931072716e-13,7.163503372818145e-16
1238,326.4317562101172,2.664891798868526e-13,8.1637026673139955e-16
1239,326.5145165106476,2.437963508840609e-13,7.466631299870881e-16
1240,326.5793278173058,2.4823552929411524e-13,7.601079068696673e-16
1241,326.7388257848259,2.573358480144774e-13,7.875888254062164e-16
1242,327.08795944606334,2.124272956055509e-13,6.494500621952123e-16
1243,327.1687366364796,2.272526945277287e-13,6.946039431030093e-16
1244,327.83901284802874,2.2934573691859925e-13,6.995681658696109e-16
1245,327.90591760155655,2.191016537791589e-13,6.681845066467896e-16
1246,327.9916392578773,2.400439515149914e-13,7.318599707545025e-16
1247,328.2225751145556,2.2591567751256723e-13,6.883002408768458e-16
1248,328.6790404482943,2.165371011630797e-13,6.588101902322061e-16
1249,329.1174234203048,2.1691285145867504e-13,6.59074348615275e-16
1250,329.1970880299514,2.1868966165883803e-13,6.643122603774094e-16
1251,329.2181714932417,2.2452412081341157e-13,6.819918833612156e-16
1252,329.422501217795,2.334834501835024e-13,7.087659444038302e-16
1253,329.4298297877523,2.466012282589851e-13,7.48569819611865e-16
1254,329.8258938130011,2.1284208814663183e-13,6.453164901216195e-16
1255,329.83823092259473,2.589433703282504e-13,7.850617243609287e-16
1256,330.2125759349239,2.290988595454762e-13,6.937920486427066e-16
1257,330.2246616789472,2.4432893749356994e-13,7.398870098051996e-16
1258,331.0118725800539,2.2346494453713722e-13,6.750964634451084e-16
1259,331.0214549289188,2.328091138494298e-13,7.033052099279232e-16
1260,331.0416517331157,2.2396565687283196e-13,6.765482702865199e-16
1261,331.05257459028553,2.361126224988894e-13,7.132179013895454e-16
1262,331.0788689437579,2.37551137950676e-13,7.175061903181444e-16
1263,331.1287778117628,2.2579216137742955e-13,6.818862524409942e-16
1264,331.23488393437975,2.1206691923544043e-13,6.402312362651168e-16
1265,331.28640302922133,2.0736267225866864e-13,6.259317326717392e-16
1266,331.536869653424,2.532390583986423e-13,7.6383377409387e-16
1267,331.5469543167013,2.370737565520229e-13,7.150533384950495e-16
1268,331.8018593690079,2.4404020648350097e-13,7.35499815906986e-16
1269,331.9492122287138,2.5504497599150277e-13,7.683252937373328e-16
1270,331.9532265189788,2.2672220281144372e-13,6.829944242113921e-16
1271,332.7623626468102,1.8852183974548228e-13,5.665359454896557e-16
1272,332.775819652413,2.4799189977542973e-13,7.452221138977562e-16
1273,332.93346249809565,2.1533851195760943e-13,6.467914349668025e-16
1274,333.15316031874823,2.1513945546063384e-13,6.457674159680689e-16
1275,333.21078587342976,2.4591112499860363e-13,7.380046967987797e-16
1276,333.40852253146215,2.3622633657108314e-13,7.085191907438167e-16
1277,333.44972036694577,2.226906549406703e-13,6.678387814978812e-16
1278,333.47508241663036,2.502661282787774e-13,7.5047924560104e-16
1279,333.70165604659,2.234766242146038e-13,6.696898866555308e-16
1280,333.7708252225452,2.600403010890726e-13,7.790983556327548e-16
1281,333.847099423483,2.3231911937546987e-13,6.958847920999143e-16
1282,334.0457914290602,2.391055876754665e-13,7.157868585997266e-16
1283,334.2288409834188,2.2588879600922329e-13,6.758506996122147e-16
1284,334.2592293231457,2.3121648588168686e-13,6.917280529542475e-16
1285,334.28639373536004,2.316036641401764e-13,6.928300657176222e-16
1286,334.50009502244194,2.541503909618128e-13,7.597916853947728e-16
1287,334.56307096302606,2.437469689981196e-13,7.285531194357583e-16
1288,334.70758237764034,2.4997409351407297e-13,7.468432347374636e-16
1289,334.75417991407915,2.1946305903648626e-13,6.555946787365449e-16
1290,334.85308641113903,2.148135169480609e-13,6.415157143999227e-16
1291,334.9703968009428,2.2248072983198733e-13,6.641802737099697e-16
1292,335.0136715599112,2.29911303760271e-13,6.862743919964337e-16
1293,335.17576710472974,2.6708608690137725e-13,7.968538095951398e-16
1294,335.1811468291808,2.2122383908017994e-13,6.600127756974433e-16
1295,335.33299145588666,2.1068018121304705e-13,6.282715586627933e-16
1296,336.1534688615033,2.361586167267587e-13,7.025321426150658e-16
1297,336.86479419743233,2.099628259909377e-13,6.232851565601155e-16
1298,337.07706927438863,2.138997410762978e-13,6.345722108500309e-16
1299,337.1297814701198,2.4043119397975815e-13,7.131710314387276e-16
1300,337.23798445442384,2.337639340963559e-13,6.931720176021513e-16
1301,337.24053431066596,1.9421793552031075e-13,5.75903296788746e-16
1302,337.295209909539,2.531057681429005e-13,7.503983475210998e-16
1303,337.35979270753944,2.3864830403442104e-13,7.073999604965006e-16
1304,337.4578358032545,2.0473547197731448e-13,6.066994162099701e-16
1305,337.46987570013255,2.426263760274048e-13,7.189571380972583e-16
1306,337.5342025266321,2.0479439832250121e-13,6.067367300543196e-16
1307,337.58052046541883,2.346347066624153e-13,6.950481216716143e-16
1308,337.9231784717894,2.8141214367539454e-13,8.327695807906455e-16
1309,337.9576113836233,2.295968463026047e-13,6.7936580970204615e-16
1310,337.9831603999597,2.0390447920685632e-13,6.032977470403009e-16
1311,338.39119743966523,2.376729144911776e-13,7.023613979602837e-16
1312,338.6743529532964,2.322329196054437e-13,6.85711562095961e-16
1313,338.7772605288707,2.6011934424673693e-13,7.678181937024356e-16
1314,339.19109515092214,2.801395262289726e-13,8.259047192979088e-16
1315,339.20459704417374,2.403798558919186e-13,7.086574238279399e-16
1316,339.241752215589,2.2205511739238606e-13,6.545630540525845e-16
1317,339.4052484627394,2.1631743826754534e-13,6.373426434838798e-16
1318,339.7830570900235,2.830871696306629e-13,8.331409224906133e-16
1319,340.20929881816056,2.2921803899267037e-13,6.737559490259135e-16
1320,340.21210417483275,2.581200742191759e-13,7.58703382541997e-16
1321,340.21904555170823,2.3689404899739836e-13,6.962986114232514e-16
1322,340.77755022125575,2.5188506602011837e-13,7.391480625897381e-16
1323,340.9642677732296,2.3135650135685715e-13,6.785359148270898e-16
1324,340.9936712051068,2.4814210797738e-13,7.27702972024144e-16
1325,341.4350510135429,2.7931378484066796e-13,8.180583218141511e-16
1326,342.2061018989012,2.501710298574853e-13,7.310536792572855e-16
1327,342.3883601117192,2.56054712028068e-13,7.478487643228262e-16
1328,342.5593575760285,2.5194508887071476e-13,7.354786354502006e-16
1329,343.0951074429661,2.2090947181505282e-13,6.438724045395354e-16
1330,343.26243412453664,2.425428396931024e-13,7.065813662706451e-16
1331,343.3652688689301,2.512465445129102e-13,7.317179904086817e-16
1332,343.5647935088133,2.324257653015811e-13,6.765121738110188e-16
1333,343.6327584112278,2.4473480543829187e-13,7.121987047155031e-16
1334,343.9172530828679,2.32906929833947e-13,6.772179288656606e-16
1335,343.9223310186657,2.4679355593576814e-13,7.175851454739468e-16
1336,344.0164479469987,2.078825804446673e-13,6.042809339066688e-16
1337,344.08407310074193,2.5192050559767836e-13,7.321481152192719e-16
1338,344.1128435190669,2.2133103387284721e-13,6.431931793344514e-16
1339,344.1316652665024,2.1571938521900633e-13,6.2685131009943225e-16
1340,344.24813752263617,2.4423226770526246e-13,7.094657634544293e-16
1341,344.26338515161194,2.2153797294069123e-13,6.435130266412938e-16
1342,344.3029062575806,2.459180058774703e-13,7.142489982163949e-16
1343,344.7186472622426,2.1344850867814442e-13,6.191962934797803e-16
1344,344.7744909309238,2.2547181120608344e-13,6.539689482168133e-16
1345,344.90428056716985,2.425624525906962e-13,7.032746946248971e-16
1346,344.9242656920211,2.5898855611556883e-13,7.508562947752035e-16
1347,345.0340233605668,2.385190573387004e-13,6.912914124107803e-16
1348,345.1461007476866,2.2115367286038286e-13,6.407537920356042e-16
1349,345.2565597770443,2.4157268025352477e-13,6.996903416100905e-16
1350,345.3757002750784,2.5890805527227185e-13,7.496417815904871e-16
1351,345.4025632697146,2.3578934266505486e-13,6.826508188965985e-16
1352,345.7297829012953,2.1339048493095096e-13,6.172175365981508e-16
1353,345.7513319334236,2.4690163199369017e-13,7.141017522999232e-16
1354,345.96153647455606,2.39826770680729e-13,6.932180181780619e-16
1355,346.33190623930307,2.1960734091641917e-13,6.340950312694502e-16
1356,346.3961308990139,2.508405464831472e-13,7.241436150921548e-16
1357,346.52698996633603,2.4251617950981185e-13,6.99847880632246e-16
1358,346.5314682068193,2.449353539269639e-13,7.068199468129684e-16
1359,346.5893561843837,2.463513885723072e-13,7.107875189371066e-16
1360,346.5970213964552,2.2563983796780632e-13,6.510149367663148e-16
1361,346.8072752689904,2.383185394577975e-13,6.87178604523083e-16
1362,347.28882299058745,2.5468659919918315e-13,7.333567403811493e-16
1363,347.29093483155526,2.4124264196536737e-13,6.946413446765492e-16
1364,347.38989665490385,2.475159023300182e-13,7.12501729939198e-16
1365,347.77239868515835,2.433842483071795e-13,6.998377364832727e-16
1366,347.95004200183536,2.2241878493596364e-13,6.392262051653681e-16
1367,347.97040368864384,2.496526242891006e-13,7.174536157175143e-16
1368,348.31410150221865,2.3125128568526897e-13,6.639159445107793e-16
1369,348.40194630280774,2.4952591756506717e-13,7.162012733080311e-16
1370,348.7546253266372,2.6109498811608977e-13,7.486495351038082e-16
1371,348.77630876096197,2.5872108117302555e-13,7.417966033648895e-16
1372,349.0457945548942,2.6697304854217436e-13,7.648653921833391e-16
1373,349.0941208058695,2.282437835277554e-13,6.53817322963973e-16
1374,349.4643068407187,2.7231784305716627e-13,7.792436530042687e-16
1375,349.4681444679651,2.374689436104993e-13,6.795152787731916e-16
1376,349.7554769567495,2.3420477420935996e-13,6.696243222470582e-16
1377,349.7726313477638,2.3562504804861484e-13,6.736520440169689e-16
1378,349.9639825318639,2.354666740041763e-13,6.728311647977582e-16
1379,350.0018711177021,2.0661974025542582e-13,5.903389590335696e-16
1380,350.0584953873492,2.2576841167388514e-13,6.44944815363119e-16
1381,350.24716003808066,2.3927141644834365e-13,6.8315019719882625e-16
1382,350.25864665392163,2.4431203627843807e-13,6.975189295464682e-16
1383,350.6967752347796,2.5565752126202895e-13,7.289987799028803e-16
1384,350.7180667187148,2.42046045611322e-13,6.901442171938332e-16
1385,350.7931036740687,2.652216894509662e-13,7.560630088594638e-16
1386,351.17623248854716,2.4139491912583086e-13,6.873896829954272e-16
1387,351.20327367052334,2.474552362522077e-13,7.045926242827524e-16
1388,351.33373004396424,2.589933574495064e-13,7.37171911780566e-16
1389,351.46398085356526,2.2862063327837323e-13,6.504809759541938e-16
1390,351.79829987226543,2.6724135395761474e-13,7.596436766597437e-16
1391,351.91182127435223,2.431523414322258e-13,6.909467847704468e-16
1392,352.11943939953767,2.4949228834454533e-13,7.085444892505781e-16
1393,352.2346490513115,2.476018305017437e-13,7.029456959121432e-16
1394,352.2672160697481,2.4428945337933633e-13,6.934776846533672e-16
1395,352.28502766269366,2.5393274079640145e-13,7.208161598043766e-16
1396,352.50621291259523,2.4745306146357e-13,7.019821279715333e-16
1397,352.6756887360311,2.355705600490926e-13,6.679523640922447e-16
1398,353.0964603816296,2.3437976389041606e-13,6.637839519464355e-16
1399,353.14116456995714,2.7365005697132096e-13,7.749027426597587e-16
1400,353.15545161823627,2.6117516160342264e-13,7.39547302488636e-16
1401,353.58170162832,2.6409314532345665e-13,7.469084064793251e-16
1402,353.8900392506899,2.510239726407312e-13,7.093276012295727e-16
1403,353.9772638075596,2.7100607151059163e-13,7.656030463525041e-16
1404,354.0703945644193,2.31086002492745e-13,6.526555341545264e-16
1405,354.12651884802517,2.565098263307805e-13,7.243451497651401e-16
1406,354.1586434214671,2.6606357892418867e-13,7.512553593321715e-16
1407,354.180274097717,2.5644206415953014e-13,7.240438920908925e-16
1408,354.23555839371306,2.9380355494328637e-13,8.294016452654934e-16
1409,354.3651305131157,2.5292978091870456e-13,7.137547098735867e-16
1410,354.4405695348304,2.3112133226494495e-13,6.520735833605893e-16
1411,354.5019609999388,2.358575846596519e-13,6.653209589994133e-16
1412,354.50880197601094,2.3808440427469315e-13,6.715895429045058e-16
1413,354.66005773728995,2.372289184988646e-13,6.688909938501983e-16
1414,354.8849332979594,2.346701959258626e-13,6.612571397299497e-16
1415,355.21982268461664,2.4152995916423904e-13,6.799450473761494e-16
1416,355.22038674068045,2.4071086413300234e-13,6.776380892483154e-16
1417,355.6840400586029,2.4591227250431487e-13,6.913784280672198e-16
1418,355.75730487727316,2.4201113629067865e-13,6.802703218537314e-16
1419,355.954034680366,2.5391877962293815e-13,7.133471035128121e-16
1420,356.075884526828,2.691732466001435e-13,7.559434892869388e-16
1421,356.14617587109274,2.704849573067221e-13,7.594773596688126e-16
1422,356.28362877939844,2.326471727239777e-13,6.52983056002348e-16
1423,356.29636519809753,2.2511151448447564e-13,6.3180974175618e-16
1424,356.5241243514326,2.3985651335683543e-13,6.727637682111079e-16
1425,356.94146763727804,2.6489031358936195e-13,7.421113476749135e-16
1426,357.0041783284505,2.336013496995521e-13,6.543378589945647e-16
1427,357.51493507497423,2.523187818049542e-13,7.057573182279521e-16
1428,357.6458620680469,2.5649222452126455e-13,7.171681591340863e-16
1429,357.663547014596,2.428561262421409e-13,6.790072073859686e-16
1430,357.74951226289375,2.57195203092165e-13,7.189253773270389e-16
1431,357.7770092699707,2.597820565566603e-13,7.26100475507733e-16
1432,357.9907188501777,2.4084559264068644e-13,6.727704936436703e-16
1433,358.364212650414,2.3925759657684537e-13,6.676380847499476e-16
1434,358.7526743077116,2.3052771606997594e-13,6.4258117800746e-16
1435,358.8200395084859,2.4984680648918123e-13,6.963011509374534e-16
1436,358.8544090433629,2.3626362154982423e-13,6.583829419280587e-16
1437,359.1407532036089,2.1928033535084436e-13,6.105693475185397e-16
1438,359.26351659326826,2.4482412995950164e-13,6.814611521956278e-16
1439,359.4278082579362,2.1235373440955244e-13,5.908105314354559e-16
1440,359.87800754403935,2.359866896050118e-13,6.557407917629792e-16
1441,359.9733823727573,2.351053765756512e-13,6.531187806886131e-16
1442,360.1126032902019,2.503557401194188e-13,6.95215157236988e-16
1443,360.3340485970539,2.309981300508489e-13,6.410666184620377e-16
1444,361.1636082372892,2.639329972087128e-13,7.307851377852703e-16
1445,361.17994557511565,2.5001066903341073e-13,6.922052901783144e-16
1446,361.4050943637132,2.7787957835499764e-13,7.688867220984533e-16
1447,361.4116594879347,2.3809718446570957e-13,6.587977399596268e-16
1448,361.56102795644955,2.7263475585469394e-13,7.540490671675298e-16
1449,361.56793414711126,3.0736920928356673e-13,8.501008531318138e-16
1450,361.98284190033917,3.145775595673176e-13,8.690399741486278e-16
1451,362.1336570546676,2.533874396180278e-13,6.997069581405312e-16
1452,362.799427596737,2.896934127202625e-13,7.984946796615838e-16
1453,363.0690673105934,3.738801388028982e-13,1.0297769005010175e-15
1454,363.0977017082203,2.844860671905242e-13,7.834972952242281e-16
1455,363.247547741762,2.862547016968553e-13,7.880430397299144e-16
1456,363.37202645601917,2.6248913944558583e-13,7.223702440874498e-16
1457,363.7040901093647,2.927047948208077e-13,8.047882957070741e-16
1458,364.2318352491755,2.997931711665001e-13,8.230833830365429e-16
1459,364.24031017874967,3.723936262143032e-13,1.0223844418305936e-15
1460,364.42136976003155,3.270461896493851e-13,8.97439658559931e-16
1461,364.4377752535873,2.8765478911183774e-13,7.893111215259682e-16
1462,364.54390731327203,3.669356564117289e-13,1.0065609355978114e-15
1463,364.64263728464965,4.933465931237553e-13,1.3529591514517154e-15
1464,364.64584460175456,3.3225919745424426e-13,9.111832820064598e-16
1465,364.66720545289473,4.090615883980456e-13,1.121739444296933e-15
1466,364.68750541327637,3.4949236932883247e-13,9.58333817696265e-16
1467,364.7576826099552,3.851049571621486e-13,1.0557829910712292e-15
1468,364.7830451379249,3.2370838142280635e-13,8.873997455128756e-16
1469,365.0339244945164,3.4868500877542613e-13,9.552126127955654e-16
1470,365.16275987269336,4.131798496040294e-13,1.1314950345650697e-15
1471,365.1686744073647,3.2413594780537564e-13,8.876334979483621e-16
1472,365.27166655417767,3.279931466561429e-13,8.979430289523825e-16
1473,365.2866020620515,3.4138727678421784e-13,9.345737699030806e-16
1474,365.64857982118923,3.4605921112765934e-13,9.464256945750766e-16
1475,365.7334785854841,2.7867981948845835e-13,7.619751425718103e-16
1476,366.0050573809567,3.8843652837345183e-13,1.0612873252435616e-15
1477,366.0418228438356,3.64659418729998e-13,9.962233711353052e-16
1478,366.05151059471876,3.8167290264225407e-13,1.0426753929307802e-15
1479,366.14850596935776,3.4429887647502577e-13,9.403257718163118e-16
1480,366.19856349571086,3.8707711523182764e-13,1.057014291746017e-15
1481,366.379493588152,4.1475361259757817e-13,1.1320328234958577e-15
1482,366.8949981002404,3.6565308891041416e-13,9.966150827995564e-16
1483,367.1624304785398,4.024989349480357e-13,1.0962421575198754e-15
1484,367.1841015707175,4.5404648110741177e-13,1.2365635635233655e-15
1485,367.22406564364314,4.811806076591054e-13,1.310318828957268e-15
1486,367.2280757306376,4.0892396297893117e-13,1.1135422098796105e-15
1487,367.2429493501013,3.772069550391494e-13,1.027131918275575e-15
1488,367.59539658236054,3.3928165095770797e-13,9.229757883589035e-16
1489,367.60722911703715,3.8568998237114657e-13,1.0491904179837342e-15
1490,368.00113476918125,3.153243353968029e-13,8.568569648421915e-16
1491,368.179869927622,3.456234317643232e-13,9.387352758646663e-16
1492,368.29597592274075,4.717749572848713e-13,1.2809669073979722e-15
1493,368.4003254461694,3.7497116162384214e-13,1.017836130219795e-15
1494,368.63032795930974,4.3500697035414014e-13,1.1800628905447985e-15
1495,368.76436653777364,4.124788019142261e-13,1.1185430029123343e-15
1496,368.9427684934571,4.4948714780920736e-13,1.2183113105716792e-15
1497,369.06457711720736,4.091005753229334e-13,1.108479655561773e-15
1498,369.31897227639644,4.4325213891087293e-13,1.2001878381139469e-15
1499,369.4244402077803,3.6458864690133997e-13,9.869099258735549e-16
1500,369.5184737706304,4.182668909055183e-13,1.1319241677890975e-15
1501,369.52091529039967,4.1959495998660037e-13,1.135510718403716e-15
1502,369.55834920706394,4.280343358094424e-13,1.1582320808820756e-15
1503,369.6282491852137,4.0251125237158425e-13,1.0889623649135474e-15
1504,369.65625474209236,3.8519040215236523e-13,1.0420232234974923e-15
1505,369.73019818366834,4.230339867517129e-13,1.1441694209180208e-15
1506,370.24200705342474,3.664876772201779e-13,9.8985979504831e-16
1507,370.7486889011659,3.936716296435809e-13,1.061828784372386e-15
1508,370.8539867079531,4.224812222253654e-13,1.1392117581792876e-15
1509,370.9753511914432,3.965088429684635e-13,1.0688280008227382e-15
1510,371.2740150762331,4.586324520615162e-13,1.2352937007114432e-15
1511,371.2911816442152,4.960355341824758e-13,1.3359744553744751e-15
1512,371.59992822448436,3.932228195562748e-13,1.0581886316154722e-15
1513,371.74894469137695,3.7233920961535035e-13,1.0015878052443792e-15
1514,371.75089098955266,4.3111303289485016e-13,1.1596825813847633e-15
1515,371.80124290283203,4.252086578736765e-13,1.1436450684076981e-15
1516,371.81232562263074,4.234944997267617e-13,1.139000701543675e-15
1517,371.85901179964804,4.0071581317572643e-13,1.0776014577041526e-15
1518,371.88906377051217,4.751569593458533e-13,1.277684679749191e-15
1519,372.2440479938954,3.893405895608692e-13,1.0459283141237875e-15
1520,372.2964827738987,4.3630637029019325e-13,1.1719325604136012e-15
1521,372.40359775312504,4.1547143440001375e-13,1.1156482829562764e-15
1522,372.5181914971304,4.510238655795244e-13,1.2107431955655212e-15
1523,372.5237573553239,4.643039708439427e-13,1.2463741215867643e-15
1524,372.65532389357674,4.2584814877778757e-13,1.1427400106040124e-15
1525,373.29521872756413,4.3432012483222166e-13,1.1634762596549471e-15
1526,373.3147295142758,4.0982563156980647e-13,1.0978019327097952e-15
1527,373.39607519137013,4.422360423305903e-13,1.1843617855488676e-15
1528,373.78649537220844,4.787864699655041e-13,1.280908957100601e-15
1529,373.84973132521014,3.8430560762632493e-13,1.0279681257601848e-15
1530,373.8543124562678,3.936892357208492e-13,1.0530552212552091e-15
1531,374.0147725473731,4.287384445403096e-13,1.1463141993569388e-15
1532,374.2510574491871,4.5166160287095365e-13,1.206841220301099e-15
1533,374.46947188314647,4.429597343412709e-13,1.1828994553646735e-15
1534,374.48355351677804,4.189177704105277e-13,1.1186546551282896e-15
1535,374.54720527916623,3.456892293051988e-13,9.229523660376579e-16
1536,374.8351976302965,3.629291482931085e-13,9.68236575934016e-16
1537,374.9838671869477,4.1792505777231216e-13,1.1145147680818924e-15
1538,375.22312802830663,4.4051755166705386e-13,1.1740149227523669e-15
1539,375.339540849441,3.696512413713455e-13,9.848449234385961e-16
1540,375.8246109526689,3.878889074359117e-13,1.0321008686809023e-15
1541,375.90128596514893,5.116692606969542e-13,1.3611798623758708e-15
1542,375.93494796011737,4.823167006173013e-13,1.2829791516708628e-15
1543,376.0372711628873,4.71888146155754e-13,1.254897273072028e-15
1544,376.06508260233426,4.578716240227916e-13,1.2175329356673157e-15
1545,376.3477451721645,3.667936497157623e-13,9.746136503301446e-16
1546,376.6756543514444,4.2943113872272836e-13,1.1400554661864668e-15
1547,376.7552363642724,3.6591685895866887e-13,9.712323111678685e-16
1548,376.7694977210731,4.985477602643445e-13,1.3232168826825395e-15
1549,376.9405229204989,4.0993404172912164e-13,1.0875297740688428e-15
1550,376.94461311645523,4.550993502536785e-13,1.2073374560019982e-15
1551,376.9758932395283,4.950965208885591e-13,1.313337350656472e-15
1552,377.03992167563837,4.806385144719564e-13,1.2747682323291015e-15
1553,377.0480417192034,3.981438565561236e-13,1.05594993874184e-15
1554,377.11485856926475,4.3982972138967146e-13,1.1663017550099737e-15
1555,377.16581577860075,4.807871073057743e-13,1.274736699860414e-15
1556,377.17184666257947,4.5130809533164737e-13,1.1965582779442993e-15
1557,377.5580923333293,3.7044341088034753e-13,9.811560615506539e-16
1558,377.73861967528273,4.135307214091671e-13,1.094753620280215e-15
1559,377.9603212476198,4.287955728608909e-13,1.1344989110112607e-15
1560,377.98911056394127,4.297417044868125e-13,1.1369155684026422e-15
1561,378.3170938025302,4.0429939481763547e-13,1.0686786334552126e-15
1562,378.4225748642755,3.986680446673093e-13,1.0534996354546106e-15
1563,379.42333948749376,4.314336015414836e-13,1.1370771290038265e-15
1564,379.4651292134538,4.879599342563358e-13,1.2859150859731628e-15
1565,379.4678742022608,4.3301931587179943e-13,1.1411224646674439e-15
1566,379.50041422507377,4.270176087768345e-13,1.1252098621520325e-15
1567,379.67760472476857,3.9936048498255487e-13,1.051841035691464e-15
1568,379.7252282788213,4.661141822170986e-13,1.2275038567488711e-15
1569,379.7376671052577,4.1080329676539595e-13,1.0818081332224736e-15
1570,379.78775932612206,4.992180574322573e-13,1.314465896210154e-15
1571,379.80619637205257,4.130601373389466e-13,1.0875550248640994e-15
1572,380.7657643893089,4.5337663940847174e-13,1.1906969633565134e-15
1573,380.8232762432128,4.173884590082399e-13,1.0960161446163147e-15
1574,381.3127142967608,4.4669845851638266e-13,1.1714753842924175e-15
1575,381.5591099499769,3.8258789193150147e-13,1.0026962584687322e-15
1576,381.6403252507669,4.3351600363037274e-13,1.135928189311545e-15
1577,381.92607319821064,4.0634956046831863e-13,1.0639482061687702e-15
1578,382.427314106819,4.014386152634644e-13,1.04971219485472e-15
1579,382.5271184682696,4.053116555382425e-13,1.0595631942676578e-15
1580,382.5461160897641,4.166290216593784e-13,1.089094893755546e-15
1581,382.5482021258122,4.749405831127426e-13,1.241518272660825e-15
1582,382.69970019256294,4.692187453286554e-13,1.2260755498176733e-15
1583,382.70802059501744,4.4143747002659943e-13,1.1534575871712123e-15
1584,382.71677358082775,4.1614880969061294e-13,1.0873545096991274e-15
1585,382.7495977660294,4.119177011645826e-13,1.0762067512775894e-15
1586,382.88387788479884,3.866456697434744e-13,1.0098248896753167e-15
1587,383.1966573458685,4.754683900524291e-13,1.2407947223382935e-15
1588,383.2042621921536,3.8882317320152155e-13,1.014662965848095e-15
1589,383.2453401926956,3.8193340301080815e-13,9.965767693842597e-16
1590,383.33739366154504,3.9102316340909244e-13,1.0200496217552241e-15
1591,383.62688541439536,4.4518560175679847e-13,1.160465073442147e-15
1592,383.73734637952674,3.740270401575472e-13,9.746954360486567e-16
1593,383.99343080348575,3.923862649575772e-13,1.0218567128519097e-15
1594,384.15882569452367,4.125479601960825e-13,1.0738994723087096e-15
1595,384.171930835064,3.887231301586297e-13,1.0118467773365767e-15
1596,384.35255740160545,3.8050930006536333e-13,9.900006978951193e-16
1597,384.8332094164764,3.563095369676087e-13,9.258804288431391e-16
1598,385.0028992341413,4.020913460207289e-13,1.0443852418269587e-15
1599,385.1810083378631,3.9595007102550933e-13,1.0279584466900822e-15
1600,385.3861404400498,4.816713399106869e-13,1.2498408462761392e-15
1601,385.4113357997274,4.0078615526336044e-13,1.039891975236614e-15
1602,386.00839069068144,3.979543503977748e-13,1.0309474094221594e-15
1603,386.1093492152273,3.8559935746766886e-13,9.986791520366056e-16
1604,386.20003252714594,3.632348756348938e-13,9.405355904763216e-16
1605,386.23020260684194,5.057250132402481e-13,1.3093875357931147e-15
1606,386.23992022277264,3.8449428641426285e-13,9.954804417743693e-16
1607,386.2533779210807,3.85853196041229e-13,9.989639394689424e-16
1608,386.3538697015101,3.896545975352851e-13,1.0085432762361744e-15
1609,386.376115876736,4.265428334261945e-13,1.1039575581899393e-15
1610,386.3907429522096,4.1175409152424653e-13,1.0656417086451109e-15
1611,386.57788510695883,4.2635041456668403e-13,1.1028836128293291e-15
1612,386.8072166611328,4.030161266467363e-13,1.041904362916278e-15
1613,386.90420727327387,3.772997745241263e-13,9.751761997709064e-16
1614,386.9434346103052,4.198838380375563e-13,1.0851297644071044e-15
1615,387.85305869828187,4.921756706658657e-13,1.2689745758811672e-15
1616,388.15488548088314,4.1037077168048915e-13,1.0572345912175827e-15
1617,388.1891984411109,4.173484199064283e-13,1.0751160042124174e-15
1618,388.19671244798207,4.175474721808413e-13,1.0756079554300508e-15
1619,388.5083519013252,3.8705916465621064e-13,9.962698684905424e-16
1620,388.5202445577514,4.1337820881603985e-13,1.063981129957807e-15
1621,388.74097767664927,4.0423942513969e-13,1.0398683142581696e-15
1622,388.787713676957,4.480621179917089e-13,1.1524595614253461e-15
1623,388.8196676913319,4.2186130469610495e-13,1.0849793355386627e-15
1624,389.23904598883814,3.78632699962908e-13,9.727510738318008e-16
1625,389.30344660199347,3.539092202340311e-13,9.090831928746117e-16
1626,389.37481566163075,4.4866046887839717e-13,1.1522585715155394e-15
1627,389.39700395382897,3.909414406699856e-13,1.0039662265001396e-15
1628,389.7560562943027,3.8089624193458445e-13,9.772683086852966e-16
1629,389.78801952318764,4.043200323130836e-13,1.0372818354131878e-15
1630,389.8059510577424,4.552251121137188e-13,1.1678249418164625e-15
1631,389.850149405701,4.3411622734039573e-13,1.1135463921257314e-15
1632,390.41210484145444,4.994148231845356e-13,1.279199125722157e-15
1633,390.88519222313795,3.8322642234870007e-13,9.804066001301328e-16
1634,390.93123656647043,4.575620650728423e-13,1.1704413008578877e-15
1635,390.9480084840181,4.496730978368705e-13,1.1502120181672523e-15
1636,390.986595047853,4.0771501411950736e-13,1.0427851473261045e-15
1637,390.9929431537853,3.8977350632315693e-13,9.968811794381959e-16
1638,390.99668085497296,3.967640551045324e-13,1.0147504429882837e-15
1639,391.2882085525531,4.2813716203815035e-13,1.094173431961848e-15
1640,391.33366528861893,4.564627467962692e-13,1.1664285168504884e-15
1641,391.3466793787407,4.360085983979975e-13,1.1141236693004709e-15
1642,391.3775089086715,3.5415789562668487e-13,9.04900990898095e-16
1643,391.446042438982,3.892615011940091e-13,9.944193043021674e-16
1644,392.0338077055804,3.938341428518746e-13,1.0045922956411102e-15
1645,392.12937427291195,4.3372171610851673e-13,1.1060679065747764e-15
1646,392.14988912683964,3.4179811284417104e-13,8.71600687189325e-16
1647,392.3838893140698,4.748258688251047e-13,1.210105413999419e-15
1648,392.6076974112314,3.810887454717527e-13,9.706604021891772e-16
1649,392.6291285563083,4.0684953254229695e-13,1.036218413132711e-15
1650,392.8117280917735,4.1218620370085196e-13,1.0493225487517826e-15
1651,392.9189132603727,3.6919186505817553e-13,9.396133721196717e-16
1652,392.9278899322108,4.0283858501230365e-13,1.0252226816523577e-15
1653,393.0480238695876,4.3411382926372306e-13,1.1044803761887401e-15
1654,393.0697205502496,4.199647071571331e-13,1.068422941785579e-15
1655,393.17341205838136,4.788105425455173e-13,1.217810075301887e-15
1656,393.2893293699267,4.4795330916430686e-13,1.138991769448602e-15
1657,393.36831274757037,4.35356075797973e-13,1.1067390577475078e-15
1658,393.50397220203274,4.171353690171537e-13,1.0600537694267242e-15
1659,393.53331295720545,4.017674128336035e-13,1.0209235142370106e-15
1660,393.6078743416194,4.140246675248966e-13,1.051870896174087e-15
1661,393.93990338217327,4.4979935293990263e-13,1.1417968808900742e-15
1662,394.41828023035936,4.1036130769235467e-13,1.0404216241009007e-15
1663,394.6724370994831,4.307710303980017e-13,1.0914646930092546e-15
1664,394.9446515326551,4.2020454409034374e-13,1.0639580570585347e-15
1665,395.006371129634,4.58578498076747e-13,1.1609394976726838e-15
1666,395.0718494875873,3.589901092049295e-13,9.086704346830678e-16
1667,395.14123929686764,3.9419591733080484e-13,9.976076352654435e-16
1668,395.1563213356887,4.0882923288537545e-13,1.034601272487481e-15
1669,395.1668973976085,3.3395058158501813e-13,8.45087439722979e-16
1670,395.19619846721076,4.596260758116564e-13,1.163032634408783e-15
1671,395.3378849368437,4.382667563275555e-13,1.108587800528072e-15
1672,395.58661226244817,3.8976778290702916e-13,9.852906312421954e-16
1673,396.0404688813331,4.0343309032632206e-13,1.0186663283827292e-15
1674,396.08996684687145,4.1022027359477195e-13,1.035674487946228e-15
1675,396.2317959275796,4.385419119075111e-13,1.1067812235534592e-15
1676,396.3222718159756,4.196709821454344e-13,1.0589134449156071e-15
1677,396.4157814321743,4.1295249518342756e-13,1.0417155787580133e-15
1678,396.5054677454713,3.845694357795567e-13,9.698969297099915e-16
1679,396.5217518350615,4.134328885064017e-13,1.0426486985722151e-15
1680,396.53418842111677,3.147089730317985e-13,7.936490275526497e-16
1681,396.54283642730866,3.4803952660348374e-13,8.776845642684654e-16
1682,396.61027579312764,3.6222248440560297e-13,9.132957629028719e-16
1683,396.84379330787476,3.8385434181801447e-13,9.67268099668166e-16
1684,396.8787373916284,4.0040953807690935e-13,1.0088964218856522e-15
1685,397.5079873516072,3.9162719622790264e-13,9.852058541945654e-16
1686,397.92055628349556,5.399091231923563e-13,1.356826418406246e-15
1687,397.9626439351389,3.7589867023699264e-13,9.445576763688848e-16
1688,397.98297375152157,3.891650045193614e-13,9.778433505608568e-16
1689,397.98546783172463,4.008861766178203e-13,1.0072884791545256e-15
1690,398.0409939298356,4.1016834842618894e-13,1.0304676017829738e-15
1691,398.0875951883301,4.3662955325283866e-13,1.0968177821423318e-15
1692,398.16475017757887,3.6416746279967647e-13,9.14615024653137e-16
1693,398.3251941187767,3.8428548524997603e-13,9.64753148743551e-16
1694,398.3658208377341,3.715869723062921e-13,9.327782477042634e-16
1695,399.41516568145653,4.2171176482492105e-13,1.0558231160437374e-15
1696,399.5956477405659,3.7710260130514395e-13,9.43710481926907e-16
1697,400.1736332889696,3.324694266187533e-13,8.308129245953434e-16
1698,400.1915147724954,4.1469869199165655e-13,1.0362505867407217e-15
1699,400.20407269850193,3.626788607203456e-13,9.062348073443361e-16
1700,400.68310461631637,3.9551148726777187e-13,9.870929987090503e-16
1701,401.21434381008953,3.3164557511066113e-13,8.26604482684303e-16
1702,401.33813368538904,3.9098728344656436e-13,9.742091534044488e-16
1703,401.3685901101877,4.069175754604431e-13,1.0138251609293393e-15
1704,401.4747914621991,3.142696608070185e-13,7.827880292618785e-16
1705,401.48082844730806,3.1789946805513904e-13,7.918173061577745e-16
1706,401.4868386890031,3.802180315939102e-13,9.470248958482845e-16
1707,401.83377407673436,3.5875072750830376e-13,8.927839088005494e-16
1708,401.8512098864326,3.884691164140941e-13,9.666988847038176e-16
1709,402.1364057574403,3.990286356870706e-13,9.922718509792317e-16
1710,402.17512879053066,3.6928906025864185e-13,9.18229482189046e-16
1711,402.29855855211906,3.8436242725555667e-13,9.554158698427483e-16
1712,402.6959255528003,4.386917149021447e-13,1.0893870214850852e-15
1713,402.70092409772,3.453475581380938e-13,8.575782608690792e-16
1714,402.7328999434354,3.8239163351604976e-13,9.494919177692148e-16
1715,403.0424168100246,2.9339398663473995e-13,7.279481622725387e-16
1716,403.0736003520288,4.254230569452591e-13,1.0554475822125567e-15
1717,403.194772746668,3.831498257738331e-13,9.502847052398933e-16
1718,403.22666042059154,3.6090429135379116e-13,8.950407470015613e-16
1719,403.2811331239431,3.876441918936971e-13,9.612257059755875e-16
1720,403.3235326281668,3.5543387757421585e-13,8.81262432811969e-16
1721,403.4431279611182,4.16264547073983e-13,1.0317799913401932e-15
1722,403.45059407070744,2.6723355023108146e-13,6.623699510137466e-16
1723,403.8615698235375,3.5628402989022663e-13,8.821934457539516e-16
1724,403.96836973630616,3.85180959095203e-13,9.534928671436162e-16
1725,404.1934889234338,3.941752319052609e-13,9.752142048481373e-16
1726,404.27686004415347,3.9593533453439273e-13,9.793667995025743e-16
1727,404.611925021585,3.6867505370138537e-13,9.111818779975837e-16
1728,404.96441372016886,3.690469562002847e-13,9.113071264955562e-16
1729,405.3533445580123,3.470000496754727e-13,8.560433861815877e-16
1730,405.5874497796381,3.935583911858909e-13,9.703416400081343e-16
1731,405.5998879140374,3.6380501707947457e-13,8.969554181843837e-16
1732,405.75011380820814,3.597559171449198e-13,8.86644032624895e-16
1733,405.76288753035664,2.538820940707447e-13,6.256907713171546e-16
1734,405.7679456035359,3.5653726366062936e-13,8.786728166275401e-16
1735,405.78577662995446,2.6112233978785534e-13,6.434980100990058e-16
1736,405.95850683088145,2.7000500505898096e-13,6.651049319468074e-16
1737,405.9645286115218,3.7636961269851004e-13,9.270997492952593e-16
1738,405.99505139883274,3.720649266575838e-13,9.164272455431547e-16
1739,406.0103326517944,2.999210428711325e-13,7.387029805676227e-16
1740,406.43857735307796,3.390256446757465e-13,8.341374652072728e-16
1741,406.520642423631,3.3760855691976455e-13,8.304831826176889e-16
1742,407.1165356739579,3.626913155553065e-13,8.908783696414884e-16
1743,407.14621287337116,3.023853370193162e-13,7.426947063691902e-16
1744,407.30070129935814,3.2082161052013605e-13,7.87677530376601e-16
1745,407.32927931779614,3.7586559308678954e-13,9.227561390045354e-16
1746,407.57495019537777,3.418379516318381e-13,8.387118773319421e-16
1747,407.5973396530615,2.6724221005813597e-13,6.556524885211641e-16
1748,407.65258423697526,3.562776141396801e-13,8.73973643038578e-16
1749,408.0441681917884,3.278169213295919e-13,8.03385875559216e-16
1750,408.1458637537635,2.988734563488526e-13,7.322711875604466e-16
1751,408.1736987612961,2.8230228994592413e-13,6.916229311262341e-16
1752,408.3774087791427,3.3098601142480556e-13,8.10490502925465e-16
1753,408.43540733852,2.944926774542049e-13,7.210263169229181e-16
1754,408.61025003989306,3.365490379497779e-13,8.236431609753311e-16
1755,408.73755951448624,3.4977076561893087e-13,8.557343397421114e-16
1756,408.74742423601,2.970684991371803e-13,7.267776664095956e-16
1757,409.40539595218365,3.416596755438298e-13,8.34526557104132e-16
1758,409.5565232022961,3.0309970645004833e-13,7.400680718747469e-16
1759,409.68085275613186,3.416288202952606e-13,8.338901317866076e-16
1760,410.16568186929317,3.151236018250358e-13,7.682836857264323e-16
1761,410.176134974541,3.4456961067010083e-13,8.400527999794228e-16
1762,410.35134073573875,3.362651860423818e-13,8.19456774381377e-16
1763,410.5731921083612,3.216023542195101e-13,7.833009080988189e-16
1764,410.6781328250038,2.5861839890731536e-13,6.297350120112594e-16
1765,410.71314499961755,3.2562868530136185e-13,7.928372618842406e-16
1766,410.88852959012553,3.105915129215746e-13,7.559021256480428e-16
1767,410.89061415309646,2.719352444119426e-13,6.618190706848817e-16
1768,411.2780433714325,3.080574395003996e-13,7.490247643057071e-16
1769,411.2950497164924,2.9049542659576253e-13,7.062944880955956e-16
1770,411.38546562891776,3.002146418848982e-13,7.297648239126196e-16
1771,411.4409263186131,3.1078731615932606e-13,7.553631549007778e-16
1772,411.49123774856344,3.148832636385411e-13,7.652247113727038e-16
1773,411.72284364225396,3.2280301809300854e-13,7.840298955417983e-16
1774,411.80267337672547,2.7003107582349846e-13,6.55729292889919e-16
1775,411.8642445189086,2.6970766128744767e-13,6.548460199609909e-16
1776,411.9852498143906,3.2029747503735527e-13,7.774488896912137e-16
1777,412.14998770264475,3.1339480197135687e-13,7.603901766884508e-16
1778,412.1886108933284,3.022194693355805e-13,7.332067440693863e-16
1779,412.19783162141914,2.870423562105979e-13,6.963703692508271e-16
1780,412.30891151556324,2.6261065371505347e-13,6.369269408942688e-16
1781,412.3185805411108,3.164359015109705e-13,7.674548672914337e-16
1782,412.4336307293823,3.410928002808618e-13,8.270247013504807e-16
1783,412.48055976602495,3.435741430317321e-13,8.3294626836867355e-16
1784,413.1180533178097,3.139839534214285e-13,7.600344523793593e-16
1785,413.1263826361375,2.719804916558587e-13,6.583469443911221e-16
1786,413.1614788352716,2.5360087740258693e-13,6.138057161512343e-16
1787,413.1698473548617,3.576320195394653e-13,8.655811207643711e-16
1788,413.3285783312141,3.5631969205358637e-13,8.620736884253269e-16
1789,413.4117988790479,3.445558599990999e-13,8.334446692942761e-16
1790,413.6753148478261,3.329832979935712e-13,8.049387672940114e-16
1791,413.6895253761538,3.092704440090118e-13,7.475907051980654e-16
1792,413.85521559624493,3.5634224696448496e-13,8.610311856311862e-16
1793,413.8633824759298,2.97529648434002e-13,7.189078836934946e-16
1794,414.05214211881804,2.647961383591921e-13,6.395236527558047e-16
1795,414.1108855212747,3.334266372791172e-13,8.051626966033656e-16
1796,414.2805339834413,2.7907072197538986e-13,6.736274072354659e-16
1797,414.3694028190733,3.720746524732382e-13,8.979298421695911e-16
1798,414.5219072820052,3.547842306357538e-13,8.558877695078949e-16
1799,414.5454212771724,2.9845625760249057e-13,7.199603283108932e-16
1800,414.6577423005093,3.431831762765697e-13,8.276299735116466e-16
1801,414.80687115640785,3.0439078173792617e-13,7.338132584191259e-16
1802,415.1748688562068,3.4657252141252354e-13,8.347627648256252e-16
1803,415.1788790319589,2.4183803184546153e-13,5.824911720204479e-16
1804,415.1924064952364,2.897982225729483e-13,6.979853630253549e-16
1805,415.4254078236917,3.627164870258728e-13,8.731206137006699e-16
1806,415.5106044133319,3.6796369045007335e-13,8.855699145623707e-16
1807,415.83775192362106,3.3330546295128415e-13,8.015276665224565e-16
1808,415.85198067093324,3.0704328028979325e-13,7.383475240262445e-16
1809,415.86773822659933,2.2643142022363941e-13,5.444794087399507e-16
1810,415.98605984442446,3.434586977499382e-13,8.256495370984044e-16
1811,416.07058104489823,3.0681135407540857e-13,7.374021813916723e-16
1812,416.3729826243343,3.457646938736755e-13,8.30420580351718e-16
1813,416.6684732336576,3.3790988889676197e-13,8.109802171360114e-16
1814,416.67377578655476,2.620333786951264e-13,6.2886937916955825e-16
1815,416.9486615163476,2.428595159876246e-13,5.824686308007314e-16
1816,416.96173450259283,3.4626153263307477e-13,8.304395918875898e-16
1817,417.08040368948156,2.701966214388469e-13,6.478286178125252e-16
1818,417.09270258796244,3.0203625185680863e-13,7.241465745690215e-16
1819,417.16747785400037,2.6762535745001787e-13,6.415297731902317e-16
1820,417.308154930933,3.300431731477266e-13,7.908859897606141e-16
1821,417.45005226391544,2.8544103944994484e-13,6.837729158301473e-16
1822,417.4526116564345,3.1484277010759466e-13,7.542000249041723e-16
1823,417.7076895065442,2.785534751631348e-13,6.668622152783489e-16
1824,417.7211296041257,3.365650647139243e-13,8.057171180995489e-16
1825,417.87445463667837,3.3527393167613806e-13,8.023317241721381e-16
1826,418.1955233573811,3.5442656541714817e-13,8.47514011081995e-16
1827,418.7232950998168,3.1219945039552553e-13,7.455984752916654e-16
1828,418.84402027148036,3.427888890678174e-13,8.184165762844923e-16
1829,418.90634144308973,2.832266292122506e-13,6.761096722397748e-16
1830,418.9367263921251,3.0832116189502816e-13,7.359611666188448e-16
1831,419.41314278198,3.2357482403715587e-13,7.714942404781936e-16
1832,419.5577865104243,3.1152051101382726e-13,7.424972698155067e-16
1833,419.61222634252096,3.0564390831083576e-13,7.283960979281496e-16
1834,419.6702770183287,3.302049430740076e-13,7.86819942122292e-16
1835,420.61582627494437,3.301148030895083e-13,7.848368569796084e-16
1836,420.99860466619305,3.012957937266248e-13,7.156693404376488e-16
1837,421.0297282329672,2.295125882783831e-13,5.451220493185401e-16
1838,421.0343103906788,2.561965828145085e-13,6.084933614478664e-16
1839,421.0495403033279,3.414189204049699e-13,8.108758892338622e-16
1840,421.0768587427672,3.2613911840844626e-13,7.745358398042061e-16
1841,421.1690856695793,3.064548445387086e-13,7.276290092647784e-16
1842,421.4156494557995,2.8588917908364956e-13,6.784019042786764e-16
1843,421.4357210461583,3.2559615586062457e-13,7.725879407003642e-16
1844,421.6414543258875,3.2135953180722796e-13,7.6216303807464e-16
1845,421.739839425546,2.4093851873479827e-13,5.712965582359538e-16
1846,422.31905183387255,3.3675082482121203e-13,7.973848760999766e-16
1847,422.3707845423569,2.8589278377684976e-13,6.768763234574038e-16
1848,422.62231988452436,3.045654965384962e-13,7.206564400614583e-16
1849,422.6865848611032,3.5756966294955577e-13,8.459451417580589e-16
1850,422.73763254755335,3.1566815853378135e-13,7.467235803717384e-16
1851,422.8485001824016,3.1824202846099156e-13,7.526147741418343e-16
1852,423.4543775013779,3.36540504066958e-13,7.947503248230394e-16
1853,423.6254708572585,2.8295405489715443e-13,6.679344712785138e-16
1854,423.6319972427637,3.4515762280382e-13,8.147581510610642e-16
1855,423.63425973901275,2.3111280459693974e-13,5.45547956247261e-16
1856,423.95944371366016,3.1287532934126433e-13,7.379841019712692e-16
1857,423.9619889991386,2.9065532408523944e-13,6.855693001426833e-16
1858,424.0465164322208,2.856087384763323e-13,6.73531623085468e-16
1859,424.07272827401005,3.039278487657217e-13,7.166880313259427e-16
1860,424.20271504836956,2.318484322833901e-13,5.465510334061715e-16
1861,424.2402671202776,3.1936911325955054e-13,7.528024518450656e-16
1862,424.25170222355496,2.6645481578113483e-13,6.280583304312337e-16
1863,424.27785041616306,3.5068172110304693e-13,8.265378943517141e-16
1864,424.3636519932893,3.1942336446048544e-13,7.527114138077421e-16
1865,425.2196341410338,3.3394302425453903e-13,7.853424382181261e-16
1866,425.2266794711094,3.547738286112161e-13,8.343169554941344e-16
1867,425.6527791997671,2.5404925752929695e-13,5.968462322903493e-16
1868,425.74213590383226,3.283646326185706e-13,7.712758614353888e-16
1869,425.78909798258616,3.377674556255763e-13,7.932740815251927e-16
1870,425.8012349480009,2.528612322479358e-13,5.938480480894222e-16
1871,425.8059135403932,3.0481050667922816e-13,7.158437611748032e-16
1872,426.29130741717745,3.3179366338681197e-13,7.783261296062785e-16
1873,426.3683226650896,3.3385759871492527e-13,7.830262732186343e-16
1874,426.3778910732575,2.563470092080917e-13,6.012202193758864e-16
1875,426.4077928572039,2.610702824522199e-13,6.122549513058443e-16
1876,426.4871877887164,3.3218448388460036e-13,7.788850249099768e-16
1877,426.90358025799645,3.0308534054979246e-13,7.099620489634329e-16
1878,427.104286102189,3.3654173477315917e-13,7.879615019659113e-16
1879,427.1108541027217,3.3244719918009964e-13,7.783627973550512e-16
1880,427.69650077523823,3.072849083717027e-13,7.184648642547257e-16
1881,427.8330652187946,3.2779736043259733e-13,7.661805201170255e-16
1882,428.3492526739618,3.5155982620618697e-13,8.207317370383668e-16
1883,428.3780858205356,2.1216527768400234e-13,4.952757498731779e-16
1884,428.45422012185566,3.598262731785338e-13,8.398243179310883e-16
1885,428.4989126820927,2.358668324634419e-13,5.504490804587729e-16
1886,428.5615759517146,3.2717734429728166e-13,7.63431354224216e-16
1887,428.58433946892325,1.9664251161263346e-13,4.588187049865177e-16
1888,428.5967437158196,2.538986265411154e-13,5.923951366029567e-16
1889,428.70706139786347,3.0171580885343925e-13,7.03780823832595e-16
1890,428.8004655871466,3.2292148194012924e-13,7.530809965375394e-16
1891,428.8153014953524,2.3985472445798797e-13,5.593427371214914e-16
1892,428.93233657133527,2.1930367149460643e-13,5.11278010064728e-16
1893,429.18762892737897,3.573879091105222e-13,8.327078532149264e-16
1894,429.36470187194345,2.8921730237797787e-13,6.735935700281108e-16
1895,429.3797484543525,2.918918883235192e-13,6.79798917797704e-16
1896,429.85073357227924,3.077474635202781e-13,7.159403008638357e-16
1897,429.9325481950411,3.121891910667456e-13,7.26135279539523e-16
1898,430.047336802679,2.79023316318892e-13,6.488200075679524e-16
1899,430.1392886482348,2.998738344669717e-13,6.971551829393725e-16
1900,430.1973797976017,2.47880878909818e-13,5.762026701009673e-16
1901,430.2120022458113,3.0215508323173763e-13,7.023399664686587e-16
1902,430.38875341823103,3.2546674640671643e-13,7.562157324553589e-16
1903,430.5214696911893,2.288764954731347e-13,5.316262058598531e-16
1904,430.7084821454421,3.428894542786805e-13,7.961056456809997e-16
1905,431.1607544591836,3.471386544937091e-13,8.051258165394352e-16
1906,431.439028052531,3.0471200013360427e-13,7.062689750369623e-16
1907,431.4463967920194,2.901374500812978e-13,6.724762386210397e-16
1908,431.4768788291353,2.7900995108235994e-13,6.466394024159237e-16
1909,431.5163025807583,2.2619953275583926e-13,5.241969571091836e-16
1910,431.5942647822302,3.200810006862166e-13,7.416247777243288e-16
1911,431.7845175704247,2.4447789405474525e-13,5.662034744329862e-16
1912,431.86424096511746,2.31034140823597e-13,5.349693697891928e-16
1913,432.30377246413775,2.1895801368638594e-13,5.064911010105744e-16
1914,432.31825327349605,2.88017536577786e-13,6.662164606674113e-16
1915,432.32765948583676,2.7167479733141956e-13,6.284002223094397e-16
1916,432.44628261848726,3.294476494195499e-13,7.618232891833995e-16
1917,432.60904264628584,3.4120939720242536e-13,7.887246071308048e-16
1918,432.7056642010754,3.15564036196096e-13,7.292810385986894e-16
1919,432.99240933405173,2.9288901830090244e-13,6.76429914213438e-16
1920,433.0820709183048,3.066610449304637e-13,7.080899107188191e-16
1921,433.16850708745693,3.1335278889256933e-13,7.233969777708315e-16
1922,433.17850764225017,2.2490589939569302e-13,5.19199118672426e-16
1923,433.2452622325147,2.464996907467619e-13,5.689610764040395e-16
1924,433.4491249443708,3.1889698030186877e-13,7.35719515739699e-16
1925,433.5417036592969,3.116250458829704e-13,7.187890882300542e-16
1926,433.7404519509895,3.26369253280261e-13,7.524528823913779e-16
1927,434.0388255857794,3.251388015438503e-13,7.49100731034931e-16
1928,434.48226144829215,3.0502991997572573e-13,7.020537937704217e-16
1929,434.8662077577418,3.140602035914248e-13,7.221996052780988e-16
1930,434.90553943111536,2.454741521270069e-13,5.644309622914967e-16
1931,434.91649918556175,2.864121535142026e-13,6.585451553356724e-16
1932,434.99511158689893,3.318715203082964e-13,7.629316088118808e-16
1933,435.046696530624,3.617130970819599e-13,8.314351079240939e-16
1934,435.49128055969686,2.2051561354436787e-13,5.063605711254642e-16
1935,435.5845884953319,3.099031462736303e-13,7.114649013275443e-16
1936,435.65714053771904,2.3667152503177846e-13,5.432517982826166e-16
1937,435.66567471532784,3.2139663665380746e-13,7.377139290668563e-16
1938,436.0471309732853,3.1733156680103436e-13,7.277460261984292e-16
1939,436.0730975745234,2.9266468565039685e-13,6.711367595896728e-16
1940,436.4317188293574,3.5380494273127517e-13,8.106765101314992e-16
1941,436.64691729630164,2.4717363780701616e-13,5.660721008578381e-16
1942,436.74834679855303,3.256687208282807e-13,7.456667511519924e-16
1943,436.7725617235362,1.8523593196841823e-13,4.2410157643022217e-16
1944,436.80403073133255,1.7745703810914856e-13,4.0626236395308823e-16
1945,436.83375837876576,2.8166108282089676e-13,6.447786541640784e-16
1946,436.89400547150314,2.851001459464122e-13,6.525613589930754e-16
1947,437.09147905974976,3.3401703861602814e-13,7.641810802044222e-16
1948,437.16221024789996,2.3399823217672305e-13,5.352663763961448e-16
1949,437.2331583109681,2.5514657038978244e-13,5.835480807892378e-16
1950,437.4368746895977,3.3281508701529557e-13,7.608299763284908e-16
1951,437.5754392304496,3.383919235860753e-13,7.7333390599160385e-16
1952,437.780443464751,3.4370779695061447e-13,7.851145524692424e-16
1953,438.0377891836751,2.6264333278117446e-13,5.9959058160400995e-16
1954,438.0496956563871,2.6718765517345776e-13,6.099482725883318e-16
1955,438.05629449475856,2.529203777063327e-13,5.773695775745987e-16
1956,438.0721643836668,2.007580410313698e-13,4.582761867872172e-16
1957,438.0959751386393,2.2978741757891263e-13,5.245138750845506e-16
1958,438.2055269845918,3.015911343744403e-13,6.882412836044508e-16
1959,438.29499607537576,3.391754122874741e-13,7.738518927310419e-16
1960,438.6227278302326,3.170149776235746e-13,7.227509144174448e-16
1961,438.7564416970453,2.2544284894004355e-13,5.138223112304945e-16
1962,438.7893878222687,2.7599826319942144e-13,6.28999403493355e-16
1963,438.82117497986263,2.721166080756228e-13,6.201081980333109e-16
1964,439.27421408428137,2.9402454970149876e-13,6.693417010930801e-16
1965,439.3012981130513,2.8306297041818273e-13,6.443481310754933e-16
1966,439.6441357502568,2.1390917845292304e-13,4.865507374228591e-16
1967,439.712373912192,3.223922800462973e-13,7.331890098473262e-16
1968,439.7477306224639,3.3602785234402503e-13,7.641377747836853e-16
1969,439.95408307647523,2.0274333080871278e-13,4.60828387796712e-16
1970,440.07042773635976,3.51473716485797e-13,7.986760625877823e-16
1971,440.3102365184283,3.43113167817843e-13,7.792532159389909e-16
1972,440.5452159705936,3.040009193610661e-13,6.9005611306276945e-16
1973,440.679918390951,2.4223430144616417e-13,5.496830950015404e-16
1974,440.8297011739749,2.612133310821533e-13,5.925493005269729e-16
1975,440.96634004383174,3.1036210980375755e-13,7.038226767442336e-16
1976,440.9755785056346,2.889025928936229e-13,6.551442006667302e-16
1977,441.08609635908596,3.161229193386645e-13,7.166920969581195e-16
1978,441.22085414740707,3.020295513262619e-13,6.845314506040032e-16
1979,441.2511032318466,3.510200354391388e-13,7.955108392209555e-16
1980,441.44628153821,2.820939609282657e-13,6.390221703653623e-16
1981,441.51351020695574,3.3336366569268467e-13,7.550474854923993e-16
1982,441.77111553068346,2.8482974601744833e-13,6.447450636859605e-16
1983,441.8445336838269,2.530087712756192e-13,5.726194441429167e-16
1984,441.8886147981103,2.5443496085941034e-13,5.75789808424135e-16
1985,441.89731048103187,2.926548659658439e-13,6.622689458038824e-16
1986,442.02202588457567,3.048933837582094e-13,6.897696628308418e-16
1987,442.04652590149675,3.0830903961248613e-13,6.974583478147005e-16
1988,442.38272506621894,2.591472094191118e-13,5.857986642229776e-16
1989,442.3982685065356,3.034843065662496e-13,6.859979529096331e-16
1990,442.80309010631174,3.1957508874908547e-13,7.217092560766893e-16
1991,443.3933769726314,3.287042226510023e-13,7.413376918151208e-16
1992,443.44790674100443,2.9153148808685776e-13,6.574199216078984e-16
1993,443.7264336891629,3.119289293104212e-13,7.029757653088843e-16
1994,443.9400511162573,3.253298104847054e-13,7.32823744257103e-16
1995,444.17188533930045,3.509720353152383e-13,7.901716585396501e-16
1996,444.1941471675298,2.3391829640400657e-13,5.266127388116693e-16
1997,444.4531671257162,2.4210548341878687e-13,5.447266468691985e-16
1998,444.53510180656536,2.0484892781736822e-13,4.608160907538546e-16
1999,444.56443566633254,2.759787023805629e-13,6.207844808074087e-16
2000,444.5718859591346,2.4932568601880936e-13,5.608219815360244e-16
