k,lambda,residual_abs,residual_rel
1,5.274265561335646,4.5611202743978246e-14,8.647877550638111e-15
2,7.860845649454895,4.6476340807230475e-14,5.912384351479201e-15
3,10.011167199766911,4.6924513854757384e-14,4.687217076531288e-15
4,11.16996529092901,4.039596472846624e-14,3.616480774678083e-15
5,13.362302766309993,5.536316093628256e-14,4.143235032502645e-15
6,14.332797809022246,4.8372315305984636e-14,3.3749387907736416e-15
7,15.235264025342108,4.741753802280142e-14,3.112354202981176e-15
8,16.701370642250932,5.421810323990084e-14,3.2463265681165424e-15
9,17.381056551876853,4.356885791431233e-14,2.5066863906847857e-15
10,18.1828264756032,4.64525332865649e-14,2.5547476542710546e-15
11,20.07216749623998,5.2380649410558275e-14,2.60961599789213e-15
12,20.918012032098442,5.96077535001875e-14,2.8495897893509243e-15
13,20.943817815276844,4.869142712753529e-14,2.324859180737276e-15
14,22.09038124247236,5.519509265873145e-14,2.4986029916319365e-15
15,22.69013253843404,4.549949837641011e-14,2.005254852493262e-15
16,25.33618390928986,5.031994872647907e-14,1.986090285207812e-15
17,25.499456449707893,4.921354473475653e-14,1.9299840697318195e-15
18,25.681659728413898,4.947139571495421e-14,1.9263317183592935e-15
19,25.801503266873294,6.587640077479645e-14,2.553200102079926e-15
20,27.502430083116806,5.725949245554867e-14,2.081979384458071e-15
21,27.884521972058195,8.993659537013301e-14,3.2253231904156137e-15
22,28.509372126395213,8.028824210676436e-14,2.816205202654394e-15
23,29.244725127331503,5.891690025136367e-14,2.0146163109702534e-15
24,30.43562234069209,8.240400062610215e-14,2.707485317818815e-15
25,30.68609560419291,6.093291524233332e-14,1.9856848531100686e-15
26,31.383535268907025,5.2532558924211045e-14,1.673889142000431e-15
27,32.05205131063441,7.31972018367763e-14,2.283697886521557e-15
28,33.62072630113707,7.74325760223411e-14,2.3031202636369665e-15
29,33.74362458228791,1.0254113829493617e-13,3.0388299883101536e-15
30,33.78789938282394,5.3627567355328306e-14,1.5871826403801195e-15
31,34.56735400456428,1.3247923610998697e-13,3.8324957152489714e-15
32,35.8761841007055,5.4333429148785504e-14,1.5144706860760323e-15
33,36.19140796289674,4.7899268099239095e-14,1.3234983327629916e-15
34,36.52511206014804,5.3907997119924826e-14,1.4759159953062258e-15
35,37.39864741649993,7.317538847305438e-14,1.9566319513675808e-15
36,37.69493992651577,5.948314906604943e-14,1.5780141626968654e-15
37,39.15966203249417,6.65617937094012e-14,1.6997540390968928e-15
38,39.258595147899065,9.71457320364491e-14,2.4745086183158513e-15
39,39.61857600026104,9.247219830968472e-14,2.33406163586181e-15
40,40.41505769433381,1.8042486439015976e-13,4.4642980780763634e-15
41,40.44215293327029,1.0640306661967808e-13,2.6309941212883387e-15
42,40.51574822431946,7.084421246245912e-14,1.74855989503694e-15
43,41.861624043405286,8.927169450589253e-14,2.1325425505070925e-15
44,42.62801648215341,1.0936742936383302e-13,2.565623230666166e-15
45,43.03218520373207,8.268546817332483e-14,1.9214796502166412e-15
46,43.33619772870995,7.053320774416696e-14,1.6275818239918906e-15
47,44.76789476693192,7.877367286744014e-14,1.7596019039436004e-15
48,45.37569976261562,1.4443720084497988e-13,3.1831399097007337e-15
49,46.160440472935726,7.528874906193072e-14,1.6310231941151685e-15
50,46.97020408780525,5.599217125596284e-14,1.1920785175063767e-15
51,47.1113722244332,1.0362717033862241e-13,2.1996211412597874e-15
52,47.634784782052385,1.0600334460788251e-13,2.2253348071769174e-15
53,47.77401175432889,6.784964313885687e-14,1.4202207570041235e-15
54,47.9586737448113,1.2075000795765464e-13,2.517792893943793e-15
55,48.01930359463811,9.184003180296906e-14,1.912564842219495e-15
56,48.245320149873905,8.446119854754978e-14,1.7506609612118104e-15
57,48.494664906231485,1.0558226797819222e-13,2.1771934744233087e-15
58,49.7667228524326,9.095003486612915e-14,1.8275271035188025e-15
59,49.89975016617581,1.154611088805756e-13,2.3138614621529724e-15
60,50.21775123041219,9.655717576754731e-14,1.922769805531867e-15
61,50.98116508435645,1.25378953212932e-13,2.4593191035448597e-15
62,52.11426436690501,1.4684345568176399e-13,2.8177209726674454e-15
63,52.636812261137734,1.2602845021286268e-13,2.3943024814576527e-15
64,53.391828899469026,1.5824942847785163e-13,2.963925974062773e-15
65,54.26884667138034,1.0897955604857896e-13,2.0081421060685874e-15
66,54.3733868836412,9.145415884420235e-14,1.6819654629922875e-15
67,54.71879975621211,9.254800301921999e-14,1.6913383230543762e-15
68,55.10784148266967,8.840661755336359e-14,1.6042475113304108e-15
69,55.44385973492761,9.542098086982141e-14,1.7210378448762591e-15
70,55.79610163286991,9.564403540891746e-14,1.7141705712388484e-15
71,55.86632655022617,1.0231385620447517e-13,1.831404757076532e-15
72,56.15877608829526,9.963624649337898e-14,1.7741883536907313e-15
73,57.10998088448047,1.683082934177081e-13,2.9470906978266135e-15
74,57.62545190803674,1.9951157052159358e-13,3.462212684075605e-15
75,57.907022817102934,1.348286276664317e-13,2.3283640067679295e-15
76,58.087739320219136,7.59257082561984e-14,1.3070866441822472e-15
77,58.779491889626726,2.0409448799818498e-13,3.472205720686114e-15
78,59.49351513764064,1.611428764920883e-13,2.7085788445896627e-15
79,60.483628612757,8.769835933849791e-14,1.4499520175944086e-15
80,61.33160838211583,1.155665961162133e-13,1.8842909743406025e-15
81,61.3359446781499,1.5919999915094797e-13,2.5955416515767926e-15
82,61.53366532754212,9.808108462389362e-14,1.5939418544598398e-15
83,62.04259366901105,9.427552913327318e-14,1.5195291421280764e-15
84,62.3198191302418,1.0822350231829708e-13,1.7365824199861918e-15
85,62.33505103532158,1.3234575690823408e-13,2.1231354544530907e-15
86,62.609467232586525,9.473754454742634e-14,1.5131504664540257e-15
87,63.78459895992962,1.1577378954778084e-13,1.8150743507929174e-15
88,64.38920974842756,1.3703311563771652e-13,2.1281999914754812e-15
89,64.54388705873092,1.4225080966343356e-13,2.203939306196328e-15
90,64.68673431283689,1.3147522839311187e-13,2.0324913568410114e-15
91,64.98464160528667,9.545678221154434e-14,1.4689129593318966e-15
92,65.0294033347371,1.1996520801745642e-13,1.8447840802096666e-15
93,65.45067449070115,1.3219650566585045e-13,2.0197882862862195e-15
94,66.10743489403323,1.2775247239793693e-13,1.9324977985111277e-15
95,66.21831283745269,1.614895502073287e-13,2.438744560039457e-15
96,66.6442078147205,1.0627332286480498e-13,1.594637048732855e-15
97,67.53038484534375,1.7023447201361943e-13,2.5208574244539814e-15
98,67.9907821186555,2.542891593222251e-13,3.740053451340612e-15
99,69.45154840017211,1.7044850980101462e-13,2.454207483163791e-15
100,69.99652095997351,1.5681089215811431e-13,2.240266944806933e-15
101,70.01071886566115,1.1407209263110126e-13,1.6293518261108919e-15
102,70.05810031647457,9.213375329567589e-14,1.315104932612769e-15
103,70.76741155764027,1.8102641624069777e-13,2.558047726434804e-15
104,70.88865775484838,1.3413901672028213e-13,1.8922493522753688e-15
105,70.96917166146233,1.2138984922872601e-13,1.7104588708993361e-15
106,71.597595083178,1.3106225631411482e-13,1.8305399247258815e-15
107,71.72076249910832,1.0145143894426893e-13,1.4145337474002768e-15
108,72.12958462403317,1.145829202894598e-13,1.5885703610621018e-15
109,72.4772179131399,8.167861524180998e-14,1.1269557192399061e-15
110,73.53837784666199,1.222367079935444e-13,1.6622165401639042e-15
111,73.62950164958917,1.6509036559279538e-13,2.24217687060383e-15
112,74.05556133257447,1.1928562807301976e-13,1.6107585429988518e-15
113,74.22221172332974,1.913435287968502e-13,2.577982040067752e-15
114,74.24601504931921,1.4543873093783043e-13,1.9588759186768502e-15
115,74.557012063229,1.4759688338996054e-13,1.9796512669363572e-15
116,74.91167739502919,1.1963391801478556e-13,1.5969995890483683e-15
117,75.55627842399652,1.1052389531748019e-13,1.462802266374968e-15
118,75.88550892285696,1.2007287690627393e-13,1.5822899340154203e-15
119,76.12509708252955,1.1435830928262337e-13,1.502241884284811e-15
120,76.24000420441817,1.0765708789167189e-13,1.4120813477792682e-15
121,78.02239806039891,2.287778049741961e-13,2.9322067849938936e-15
122,78.04249578509206,2.0605647018079329e-13,2.640311129313664e-15
123,78.41140400083545,1.4694500208567766e-13,1.8740259016929734e-15
124,78.64133979308032,1.1227794033900678e-13,1.427721610980058e-15
125,79.39860042684019,1.29049997942176e-13,1.6253434852555847e-15
126,79.44695782648199,1.2170412626048442e-13,1.5318915864128517e-15
127,79.59764183308289,1.36391224560165e-13,1.7135083580262197e-15
128,79.66378812665631,1.948125175392718e-13,2.4454337675926506e-15
129,79.76635857850354,2.0708750238977523e-13,2.5961759578878887e-15
130,80.34136594072197,1.331758244423435e-13,1.6576245982748691e-15
131,80.48485460059315,2.224662709676762e-13,2.764076198828552e-15
132,81.30342477901975,1.661234539153529e-13,2.0432528441067693e-15
133,81.88837618568634,1.7153230380773005e-13,2.0947088194638423e-15
134,82.45932647840874,1.4596823310262426e-13,1.770184639342704e-15
135,82.64236293964962,1.4378006002041416e-13,1.739786411061491e-15
136,82.78348228773608,1.6295674122305e-13,1.9684692733346294e-15
137,83.26868358817131,1.304582052179486e-13,1.5667139144791377e-15
138,84.4527272916708,1.7749139259923903e-13,2.1016656097587534e-15
139,84.54034836930491,1.6088150901396836e-13,1.9030145027457867e-15
140,84.72921774712951,1.2880120387381906e-13,1.5201509856755717e-15
141,84.90552441026236,1.8278927249321255e-13,2.1528548791475243e-15
142,85.14972061126647,1.1021832380587171e-13,1.2944061708558127e-15
143,85.63633688954589,2.3888504368231076e-13,2.789528982193922e-15
144,85.64570488165184,1.1302037109650341e-13,1.3196268423813992e-15
145,85.80652573389011,2.0974024258343612e-13,2.4443390615056357e-15
146,86.16023788457349,1.9915114262100612e-13,2.311404280101959e-15
147,86.58527873194359,1.6436676836312733e-13,1.8983223334301988e-15
148,87.32477808314827,2.090108668840413e-13,2.3934886692185674e-15
149,87.40968491955996,1.3784071290090368e-13,1.5769501174584214e-15
150,87.95165783071779,2.649014753983742e-13,3.0118986035287142e-15
151,88.0039336381057,1.8977554700884145e-13,2.156443912941962e-15
152,88.34799845142409,1.7142943957344686e-13,1.9403884929855315e-15
153,88.43785636398063,1.7412644130992213e-13,1.968912957289195e-15
154,89.1152146220063,1.424721706715093e-13,1.5987412618128499e-15
155,89.47042567019083,1.4891254481002463e-13,1.6643772922121945e-15
156,89.54791459211016,2.0580117399366538e-13,2.2982240840681507e-15
157,90.46002068060633,1.3850554088198572e-13,1.5311243557086633e-15
158,91.42170476020043,2.2765891962622705e-13,2.4902064583391604e-15
159,91.88424072073914,1.6803455791025473e-13,1.828763633373832e-15
160,91.95413357891243,1.2050898711779076e-13,1.3105336587655776e-15
161,92.03236224222631,1.346501960290799e-13,1.463074431086369e-15
162,92.25731472001628,1.993382536558749e-13,2.160676952942206e-15
163,92.56859539945879,2.2219015018562737e-13,2.4002757007040686e-15
164,92.72948287076616,2.314118737068464e-13,2.495558764512437e-15
165,93.8847653448438,2.534944840470274e-13,2.7000598352238353e-15
166,94.3499367007461,2.1705126749871817e-13,2.300491924940547e-15
167,94.99941860205126,1.9832596424774145e-13,2.0876545053240896e-15
168,95.19945216183777,1.5195575090505187e-13,1.5961830394436427e-15
169,95.35070179312567,3.419588468691998e-13,3.5863275302484814e-15
170,95.42568608199652,2.3519804712062153e-13,2.464724716975288e-15
171,95.53690709071114,1.6358717394474546e-13,1.712292965371188e-15
172,95.73104740838494,2.0528535571112684e-13,2.1443968416577274e-15
173,95.77088331941869,1.8040166604050677e-13,1.883679671605662e-15
174,96.11509946025151,1.6086432080518408e-13,1.6736633651584542e-15
175,96.40056705861814,1.4196450595840817e-13,1.4726521875341671e-15
176,96.48764685940709,2.1084715186246147e-13,2.185224313426241e-15
177,97.06670753365795,1.6106305709844204e-13,1.6593027742554605e-15
178,97.1725062507647,1.779006772490926e-13,1.8307717286821815e-15
179,97.31357708514471,1.957683544227279e-13,2.0117270404256127e-15
180,97.666667672652,1.7279202358690853e-13,1.7692015884687819e-15
181,97.75563005063184,2.164539546172654e-13,2.2142351750498114e-15
182,97.9594307860535,1.5906466660486177e-13,1.6237810420955184e-15
183,99.10089895157817,1.3904740652180087e-13,1.4030892554238183e-15
184,99.332376782781,1.6770981428779478e-13,1.6883700936155071e-15
185,100.23099724187364,2.3441138958775606e-13,2.3387115367323285e-15
186,100.450583536418,1.5163822799254958e-13,1.5095803593572325e-15
187,100.66539953978567,1.7238604112855447e-13,1.712465672581202e-15
188,100.7821557181459,2.1940071847265157e-13,2.176979812639077e-15
189,101.35010921583611,1.7281316097956825e-13,1.7051107523874866e-15
190,101.79550182812777,1.8586291901253778e-13,1.8258460901970896e-15
191,101.89600755850633,2.1273431096246494e-13,2.0877590404149823e-15
192,102.12665121034378,1.9173413991996214e-13,1.877415323499245e-15
193,102.52913720140847,1.893246254966424e-13,1.846544608336386e-15
194,102.92422316063623,2.239698644450905e-13,2.1760656293274668e-15
195,103.23984673466971,1.498424216554269e-13,1.451401047122121e-15
196,103.38333100568279,1.9805441709133881e-13,1.9157287269110348e-15
197,104.45728466812042,2.195935735459084e-13,2.10223321660712e-15
198,104.47512988905054,2.0821280146214041e-13,1.9929413027124846e-15
199,104.58613086139077,2.4634099962993483e-13,2.355388784354337e-15
200,104.65500801314893,2.1583916021412443e-13,2.062387307705392e-15
201,105.4859866562516,2.537201924726092e-13,2.405250218679853e-15
202,105.59209191749747,2.038949327455601e-13,1.930967831425007e-15
203,106.5356767679576,2.1703596521394258e-13,2.037213934320449e-15
204,106.88672796181355,1.4045599342843323e-13,1.3140639264269805e-15
205,106.9077386512358,1.7115274740773383e-13,1.6009388054318871e-15
206,106.96680506486247,1.383672897748268e-13,1.2935535439328466e-15
207,106.97093339740901,1.6326962685748213e-13,1.5262989830229597e-15
208,107.39632039039611,2.2609841942340462e-13,2.1052715642539223e-15
209,107.63622663705978,1.7104759094617899e-13,1.589126600683773e-15
210,107.65780931899423,1.488232740619739e-13,1.3823732342630604e-15
211,107.73588450603121,1.6332990224044842e-13,1.5160213608429137e-15
212,108.02373931937271,1.685249277021672e-13,1.5600730798988769e-15
213,108.08023732531899,1.7011281379221472e-13,1.5739492991690898e-15
214,108.68083741268613,2.1675468376346732e-13,1.9944149210076466e-15
215,109.38925862726407,2.421135221441074e-13,2.2133208066533445e-15
216,109.69548124734085,2.450276444738985e-13,2.233707730598413e-15
217,110.10195035068043,2.695324795082364e-13,2.4480263850891057e-15
218,110.25142642635862,2.137842394984028e-13,1.9390609847682826e-15
219,110.2605064948006,2.0169701464261307e-13,1.82927705535367e-15
220,110.54581445947598,1.9336895609709646e-13,1.7492200590550798e-15
221,112.10919924317956,2.4804103614933045e-13,2.212494940859375e-15
222,112.16989904225747,2.426814772369577e-13,2.163516944465939e-15
223,112.20245190113862,2.5702778950269166e-13,2.2907502032946515e-15
224,112.38874568069416,2.2890817219036966e-13,2.0367535094725317e-15
225,112.98875991910386,1.8004956455786504e-13,1.5935174851620148e-15
226,113.03842634127793,1.9782993855617917e-13,1.7501122844624932e-15
227,113.23037260358409,2.864789920108702e-13,2.530054308077074e-15
228,113.80390597791886,3.225706200951008e-13,2.834442432561924e-15
229,114.3538528788606,2.451025722911025e-13,2.1433696033901807e-15
230,114.54914388066025,1.826373872815172e-13,1.594402027760179e-15
231,114.57767580648948,1.7463488839277305e-13,1.5241615538415558e-15
232,114.58854483201455,2.615133427185389e-13,2.2821944645681153e-15
233,114.7510251747997,3.001847859485292e-13,2.6159660490288354e-15
234,115.29772760909798,2.009212386191344e-13,1.7426296492185159e-15
235,115.46744657934887,2.3885626671690236e-13,2.0686026563578774e-15
236,116.05913039261264,2.2407612202397601e-13,1.9307065395540723e-15
237,116.51516085998327,4.545367734924795e-13,3.901095532440608e-15
238,117.03179458624122,3.6960248664758743e-13,3.158137392956286e-15
239,117.40130354238343,2.4342998656903644e-13,2.0734862324689177e-15
240,117.52817907820851,1.9998769460920107e-13,1.7016148482664766e-15
241,118.05917507999004,2.721796079885729e-13,2.3054507013466746e-15
242,118.27018538446548,1.7307733833435017e-13,1.4634063333182489e-15
243,118.3976283704528,2.6183428814762967e-13,2.211482541933862e-15
244,118.40933508985303,1.8377848112312712e-13,1.5520607474374361e-15
245,118.98970251991264,2.561664723643801e-13,2.1528457247929605e-15
246,119.02717685551163,2.1445795096978637e-13,1.801756175651542e-15
247,119.033483569939,1.6912846391603948e-13,1.420847805539244e-15
248,119.4663610845731,2.570571841981944e-13,2.151711844777941e-15
249,119.56866743543299,2.5456100217984366e-13,2.128994222648726e-15
250,119.77618452188766,1.7951784189787073e-13,1.4987774290394598e-15
251,120.13596059509273,2.3683013218641605e-13,1.9713508845584574e-15
252,120.25989947515035,2.2421068178700703e-13,1.8643844104770464e-15
253,120.34379432933652,2.9785981553850737e-13,2.4750741589830138e-15
254,120.34822754480156,2.585246939986333e-13,2.1481387742282563e-15
255,120.41319588727232,2.351844581337647e-13,1.953145221342171e-15
256,120.75061053690054,1.8432634888877332e-13,1.5265044877967261e-15
257,121.08230702553874,2.681052144399454e-13,2.214239396540376e-15
258,121.90957482623239,3.754822796128859e-13,3.080006473224858e-15
259,122.43172348775138,2.5780848726495123e-13,2.1057327293995296e-15
260,123.19342858299883,3.4587235385237627e-13,2.807555222958605e-15
261,123.67421503022429,2.678270271419128e-13,2.16558501767292e-15
262,123.87113622052209,2.1075476598052884e-13,1.701403348761828e-15
263,124.00254723099103,2.2726819167017145e-13,1.8327703482317824e-15
264,124.51876538633567,2.1513358014349834e-13,1.727720151063323e-15
265,124.53785259736844,1.752932702573551e-13,1.4075501271414982e-15
266,124.55306791343915,1.5881837737600981e-13,1.2751061056672172e-15
267,125.21735256577229,2.197276206597753e-13,1.7547697356431496e-15
268,125.29002745289634,2.2407700848166807e-13,1.7884664329402545e-15
269,125.54331549500085,2.5734184984084674e-13,2.049825184448742e-15
270,126.07130784343069,3.2257319951690137e-13,2.5586567239986794e-15
271,126.6748590442149,2.6980140205739566e-13,2.1298733157715496e-15
272,126.83435529265027,2.4266009503587064e-13,1.9132047817483737e-15
273,126.83518505177366,1.504115198258886e-13,1.185881660238767e-15
274,127.01170394328925,1.7963490314055252e-13,1.41431771689922e-15
275,127.18743432326373,2.1523830542519953e-13,1.6922922187276994e-15
276,127.25614353478444,2.6845392451201577e-13,2.109555712244541e-15
277,128.48799740633356,1.5305852420598127e-13,1.191228187034041e-15
278,129.58298417003496,2.440925814381652e-13,1.8836777297694746e-15
279,129.7561895944907,1.877218335764931e-13,1.4467273905249106e-15
280,130.1173945177342,1.6889800072517128e-13,1.2980432120637916e-15
281,130.30975844465652,2.3415537816574293e-13,1.796913607703374e-15
282,130.49128050281527,2.3103153986493053e-13,1.7704749234945714e-15
283,130.98168123012195,2.2206426286738914e-13,1.6953841238092222e-15
284,131.06119895725107,2.2965005881312517e-13,1.7522352964894772e-15
285,131.07782502732206,2.667373162456485e-13,2.0349537855853906e-15
286,131.14130587856792,2.1950454667825978e-13,1.6738017454356677e-15
287,131.21909213895765,2.788620056043191e-13,2.1251633512980826e-15
288,131.65272738224738,2.3580388342482286e-13,1.7911051910089004e-15
289,131.6802690378913,2.7510273252848803e-13,2.0891720114068617e-15
290,131.69789388527613,2.1376621815204396e-13,1.623155935494752e-15
291,131.77049636343529,2.2722329442636644e-13,1.724386723107299e-15
292,131.98669484282746,2.7034735731543937e-13,2.0482925012810927e-15
293,132.12623702989646,2.7514375975147555e-13,2.0824309080203216e-15
294,132.28856676629985,2.3432583822477586e-13,1.7713234329519527e-15
295,132.3458881721573,1.790425842748419e-13,1.3528382841931661e-15
296,133.3294655118217,2.6617371754248715e-13,1.996360793322814e-15
297,133.47740566457023,2.667154876859357e-13,1.9982070100777493e-15
298,133.8180914300336,2.30462903342921e-13,1.7222103594521662e-15
299,133.89181286548924,1.993577664153447e-13,1.4889466513955116e-15
300,134.13118675142294,2.2405182870916378e-13,1.6703932480996028e-15
301,134.28809098131757,2.280618358576819e-13,1.698302762300868e-15
302,134.8128558275835,2.278628424477305e-13,1.6902159742031698e-15
303,134.8485787364342,2.0099693168781722e-13,1.4905380061933917e-15
304,134.88593700153416,2.18807022859724e-13,1.6221633457403003e-15
305,135.177404892442,2.196393231385578e-13,1.6248227528359525e-15
306,135.33146342967555,2.311886274379006e-13,1.708313954338023e-15
307,135.61281086097281,2.7540630491645336e-13,2.030828084514771e-15
308,135.66276980551132,2.548168182479407e-13,1.8783105977657012e-15
309,136.4859285972625,2.1952985956480768e-13,1.6084431693510915e-15
310,136.69545845287925,2.495238798683807e-13,1.8253999269068248e-15
311,136.8303479673359,2.7350841472170595e-13,1.9988870801307748e-15
312,137.30925943841584,2.0872280636585393e-13,1.5200927251338615e-15
313,137.4540698859582,1.965966284118712e-13,1.4302714250293348e-15
314,137.67284422599573,2.8698085561026e-13,2.0845131603380615e-15
315,138.09878757889572,3.830332525312396e-13,2.77361777931912e-15
316,138.8698268265803,2.904684574605501e-13,2.0916599674548824e-15
317,138.98834049244905,2.40336512497911e-13,1.729184704604542e-15
318,139.10100466361885,1.7559190652656906e-13,1.2623338483513786e-15
319,139.63280215948822,2.5699460611115743e-13,1.8405031062659538e-15
320,140.23643069272055,2.6629369869242933e-13,1.8988910183825166e-15
321,140.2469814858748,1.9576128587227188e-13,1.3958324364506075e-15
322,140.86480999884444,2.001941412493911e-13,1.4211792231930272e-15
323,141.5874011938335,2.8059835677803284e-13,1.981803143585445e-15
324,141.82593732398087,3.3094632845313566e-13,2.3334682971080008e-15
325,141.85212194722502,3.0192689458631406e-13,2.1284623059684903e-15
326,142.07278531605,3.009975328923813e-13,2.1186149917649116e-15
327,142.30877865124333,2.0724874477270417e-13,1.4563314135427265e-15
328,142.47473617269253,1.9460600415564226e-13,1.3658983296502604e-15
329,142.51979534320873,2.2346783972706576e-13,1.5679775513915255e-15
330,142.5299243659342,1.9238070526165353e-13,1.349756594044991e-15
331,143.29092858175443,3.032580692877866e-13,2.116380096697909e-15
332,144.18501811152203,2.3421947163828825e-13,1.6244369540331003e-15
333,144.3176103893173,2.4072486685682737e-13,1.6680214300073135e-15
334,144.58797497493936,2.2112376276444907e-13,1.5293371582441434e-15
335,144.7754512352212,2.6305144605023237e-13,1.8169616727551724e-15
336,144.82571366988756,3.1521307777966945e-13,2.1764993922153836e-15
337,144.87767467627503,2.4922232425596003e-13,1.7202258720181704e-15
338,144.97724644435533,2.6079361989715755e-13,1.7988589678260615e-15
339,144.9862684643322,2.523983664422246e-13,1.7408432475404845e-15
340,145.09306628116195,2.017904461547041e-13,1.3907656053230947e-15
341,145.1246443865898,1.9503932439753376e-13,1.3439435129844583e-15
342,145.3209208497207,2.0863725904599276e-13,1.4357000893336534e-15
343,145.33868702584186,2.465802754134376e-13,1.696590773312783e-15
344,145.4472635401459,1.9346153247632759e-13,1.3301146255180587e-15
345,145.75332091925318,2.6133970330321976e-13,1.7930274360472447e-15
346,146.2455573147242,2.0513003043228698e-13,1.4026411071814091e-15
347,146.62848377778,2.2619141017502373e-13,1.542615761599389e-15
348,146.7428060480269,2.3941309450757623e-13,1.631515036104868e-15
349,147.16094595471736,2.635270872089508e-13,1.790740644532417e-15
350,147.2552407296664,2.3914058499417863e-13,1.623986921003354e-15
351,147.2945580138551,2.324992997926527e-13,1.5784649679371243e-15
352,147.40422105589255,2.2007818783282039e-13,1.493025004686748e-15
353,148.36134768771907,1.8840971121304612e-13,1.2699379868779807e-15
354,148.4055632033089,3.044251889063197e-13,2.0513057754396375e-15
355,148.77873407238968,2.5111717902471036e-13,1.6878566724631959e-15
356,148.86792419924657,2.5291511234893433e-13,1.6989228116758704e-15
357,149.1971388397289,2.4599390262971786e-13,1.648784316795581e-15
358,149.57704787756782,2.3770907876238687e-13,1.5892082517697307e-15
359,149.83331249117757,2.7723214943459666e-13,1.8502704427022564e-15
360,151.46907537073366,3.291441558477372e-13,2.1730122471674724e-15
361,151.54955081652696,2.990675574811674e-13,1.9733978482274273e-15
362,152.113703548352,3.5052783333439057e-13,2.3043803757165718e-15
363,152.1787321492574,3.678485298408533e-13,2.4172137896382672e-15
364,152.65968678686204,3.9884905218537475e-13,2.6126678272452728e-15
365,152.9095487289616,2.703075350843706e-13,1.767760988971995e-15
366,152.9681520296328,2.1607979783751866e-13,1.4125802983856402e-15
367,153.01337520589703,3.1507123788892236e-13,2.0591091299368953e-15
368,153.15009039805597,2.7652366407166706e-13,1.8055729732378738e-15
369,153.8119688863981,3.5705339964423027e-13,2.3213629097222044e-15
370,153.8743820416112,3.1978315577112127e-13,2.078209195892299e-15
371,154.0359292248363,2.985807259668089e-13,1.938383645097436e-15
372,154.03996099739246,2.8973110070873187e-13,1.880882719216193e-15
373,154.29722918987764,2.505435144245203e-13,1.6237719610389263e-15
374,154.30652610731363,2.4298740191177396e-13,1.5747059313796395e-15
375,154.54619994585482,2.7184252851952176e-13,1.7589725830512923e-15
376,154.61425911125417,2.819783708521089e-13,1.823753982801862e-15
377,154.6566829215813,3.3033993533910303e-13,2.1359564236005366e-15
378,155.25139160251445,2.6638769352506415e-13,1.7158473800163331e-15
379,155.42119845963813,2.562155823203334e-13,1.6485240421490568e-15
380,155.65261836864445,2.9032194473069883e-13,1.8651915256774307e-15
381,156.03229093997555,3.1761210345961066e-13,2.0355536763976223e-15
382,156.27821022321234,2.695057947483444e-13,1.7245257311522124e-15
383,156.4407324071339,3.3697172510178806e-13,2.1539896925618185e-15
384,156.73099057748075,2.8344064760792794e-13,1.808453111688895e-15
385,156.78469529809652,3.054538156510416e-13,1.9482374543655475e-15
386,157.00505463297756,3.399868077630435e-13,2.1654513516001936e-15
387,157.08960686181499,2.7789401535978136e-13,1.7690159197115621e-15
388,157.2882715083242,2.7015047436529583e-13,1.7175500231178943e-15
389,157.35121865126342,3.0557153656242956e-13,1.9419712105291407e-15
390,158.2627369983224,3.2311757092018796e-13,2.0416528681897688e-15
391,158.28479012301676,2.6442261096408877e-13,1.6705497145909164e-15
392,158.3095049916952,3.1762184228761033e-13,2.0063346310398263e-15
393,158.78755046539555,3.030252037078206e-13,1.9083687784065835e-15
394,158.88393721435096,2.981781927627421e-13,1.8767044547773806e-15
395,158.89101019987461,3.680495305824622e-13,2.3163647214494995e-15
396,159.00589553778275,3.35283220921971e-13,2.1086213173919798e-15
397,159.1412974291016,2.7444664006056685e-13,1.7245469560334235e-15
398,159.1433553158811,3.285086738019834e-13,2.0642311653536008e-15
399,159.83514112805395,3.441956106202924e-13,2.1534414033803478e-15
400,160.39730968466208,2.878634096077467e-13,1.79468976240113e-15
401,160.43799326626825,4.764544532511954e-13,2.9697108742843455e-15
402,160.93204908317142,2.750040146249842e-13,1.7088206866915561e-15
403,160.98898704788982,2.522127031684046e-13,1.5666456929341274e-15
404,161.2666320549705,2.4438127322364154e-13,1.5153864758603007e-15
405,161.55196245513716,2.691768655248827e-13,1.6661937214141417e-15
406,161.69873030105902,2.654784564622068e-13,1.6418091593417298e-15
407,161.73363138619118,2.6716843466200427e-13,1.6519040126172245e-15
408,161.74154746559728,2.5145806984001444e-13,1.5546906393578312e-15
409,161.77164403483212,2.3968941675105204e-13,1.4816528457820639e-15
410,162.89188199365785,3.4719710758914576e-13,2.131457401926658e-15
411,163.57497154792281,5.490607338357277e-13,3.3566304712751765e-15
412,164.12126211285008,3.6059496958191855e-13,2.1971252532409407e-15
413,164.50939601654014,3.1039167483845543e-13,1.8867717124634507e-15
414,164.60807692017886,2.624355854448576e-13,1.5943056401303863e-15
415,164.6402078618556,3.238280012040364e-13,1.9668828496362823e-15
416,165.7692041684069,3.1835978806686737e-13,1.9205001897906315e-15
417,165.89180246429797,2.8121429962169516e-13,1.6951669428163339e-15
418,166.0714462426217,2.7566420773469066e-13,1.6599133323133687e-15
419,166.12938205672492,3.7274753153166564e-13,2.2437182809985465e-15
420,166.21262969863517,2.911188590104936e-13,1.7514845865704033e-15
421,166.42277496621645,3.1955950899180997e-13,1.920166930618e-15
422,166.56945626894085,2.956887308875399e-13,1.7751677739172346e-15
423,167.06305677373285,2.7899890802868464e-13,1.670021568003246e-15
424,167.22809732843004,3.3349186604790234e-13,1.9942334534425525e-15
425,167.30359169103198,3.0617095998433923e-13,1.8300322000842676e-15
426,167.3761316246219,2.9367460030087153e-13,1.7545787290597798e-15
427,167.4859727728745,2.5397267664176844e-13,1.5163817747661614e-15
428,167.72785791787987,3.043725609467281e-13,1.8146810239223943e-15
429,167.86719275818783,3.1191164900862946e-13,1.858085811072907e-15
430,167.95090958839629,3.100644067906388e-13,1.84616092613327e-15
431,168.14007234130693,2.5630748680640684e-13,1.5243688386557202e-15
432,168.4156019082012,3.131713665009604e-13,1.8595151693348553e-15
433,168.67512149778207,3.1663035587163206e-13,1.8771609770311947e-15
434,168.9519463707158,2.8753554396657234e-13,1.7018776648814652e-15
435,169.20862944813132,3.024657714944613e-13,1.7875315962368114e-15
436,169.46379224574724,3.489468338055466e-13,2.0591232450382247e-15
437,169.49581203387532,3.3253114522896915e-13,1.9618841388394285e-15
438,169.98000742418222,2.632878122086574e-13,1.5489339964059842e-15
439,170.1060301068826,3.479838354002629e-13,2.045687828830139e-15
440,170.53543656484348,3.988892135979071e-13,2.339040035507433e-15
441,171.0194295312968,3.161326551931543e-13,1.84851894348824e-15
442,171.09876003003905,2.7754661938698317e-13,1.6221427866470543e-15
443,171.45256179651187,3.010339991695811e-13,1.7557859504418645e-15
444,171.47787096350876,2.915557734248363e-13,1.7002530518172845e-15
445,172.61910366616297,3.3507501003754236e-13,1.9411235658224786e-15
446,172.73943627378188,3.858949596325603e-13,2.2339713962070562e-15
447,173.21112403953362,3.4242928006544503e-13,1.9769473927511098e-15
448,173.405877462971,2.5853446073436553e-13,1.4909209798241864e-15
449,173.40905341164512,2.85392693193756e-13,1.645777354636034e-15
450,173.51033923130785,3.066595814627722e-13,1.7673850608635037e-15
451,173.59289292614673,2.6279962995843764e-13,1.513884730697143e-15
452,173.662330991693,2.7335522319918134e-13,1.5740616956952918e-15
453,173.79923587375308,2.775209605337986e-13,1.5967904527232127e-15
454,173.80375604842496,3.1183792621986777e-13,1.7941955531328328e-15
455,173.9592561594677,3.13204282307296e-13,1.800446203449979e-15
456,174.24219195815715,2.9151311517282404e-13,1.6730340217645365e-15
457,174.32880159312484,3.2895294780991807e-13,1.8869684458548545e-15
458,174.4839358644437,2.9244046757967043e-13,1.6760308972332386e-15
459,174.955752721029,3.005818078375548e-13,1.7180447236670143e-15
460,175.02710221304596,3.093407568996259e-13,1.7673877530297624e-15
461,175.07040334705832,2.688288648855397e-13,1.535547184138345e-15
462,175.87846904876815,3.282740478183707e-13,1.8664822908331423e-15
463,175.9069287095533,2.9029069112492114e-13,1.650251603245437e-15
464,175.9568741255953,3.6601202243707733e-13,2.0801234635244973e-15
465,176.7035229558518,2.9949232072881e-13,1.694885963329866e-15
466,176.7317810863779,3.1958506809332723e-13,1.808305592400099e-15
467,176.86554543366762,3.397293511581304e-13,1.9208339890345906e-15
468,176.88999815205935,3.4337715234659015e-13,1.9411903212945596e-15
469,178.0694720468332,3.634249454483262e-13,2.0409166224334263e-15
470,178.11681861680492,2.7248701929561783e-13,1.529821952871492e-15
471,178.21191488581405,3.474644381375275e-13,1.949726191765342e-15
472,178.37596579815826,4.00912439162578e-13,2.247569830210374e-15
473,178.5094212918937,2.6474007716534577e-13,1.483059410810873e-15
474,178.7615909043433,3.388237383038842e-13,1.8953945117057687e-15
475,179.20048788613093,2.7872868645672584e-13,1.5554013816850652e-15
476,179.29506335817004,3.037244719582927e-13,1.6939923847850477e-15
477,179.47051443844666,3.2250579583085614e-13,1.796984852024072e-15
478,179.48578342345607,2.990064802656682e-13,1.6659062047283717e-15
479,179.57297723861487,3.192379633254288e-13,1.777761711336046e-15
480,179.64623939136078,3.0834698884700635e-13,1.7164121547530418e-15
481,179.9516523586032,3.347134278339179e-13,1.8600186408230877e-15
482,180.32504010333804,3.598081604751318e-13,1.9953310991581547e-15
483,180.4457471370033,3.4076774364754576e-13,1.888477556574487e-15
484,180.76816950147756,3.133679937034908e-13,1.7335352488643162e-15
485,181.01928844344835,2.946841997766624e-13,1.6279160210527717e-15
486,181.19794782819955,3.353399087962325e-13,1.850682708140716e-15
487,181.3812777197068,3.232074928959252e-13,1.781923123264057e-15
488,181.53473970512997,3.398608841436811e-13,1.8721534219605738e-15
489,181.80635208320223,3.011918428425805e-13,1.6566629239925702e-15
490,181.88932495514325,2.9293962615597067e-13,1.6105377609610359e-15
491,182.29451866177345,2.694843363883103e-13,1.478290945699292e-15
492,182.31353451819115,2.865600583703279e-13,1.5717980517882784e-15
493,182.41775939199277,3.0733725215330316e-13,1.6847989646275291e-15
494,183.45457146483008,2.9486373294128577e-13,1.6072847385970638e-15
495,183.5628131917239,3.4695025056530827e-13,1.890090070710198e-15
496,183.6543021730619,3.142393767328871e-13,1.7110373839038726e-15
497,184.07255728947402,3.2659149291589526e-13,1.7742541187293595e-15
498,184.16057454140528,2.992116010063237e-13,1.6247321216900918e-15
499,184.38813400560718,3.735775564517105e-13,2.026039031559103e-15
500,184.82154389946186,3.1148087833983e-13,1.6853061162029222e-15
501,184.9402038214761,3.8246947206405387e-13,2.0680709989551757e-15
502,184.97466792783553,3.1986093549204087e-13,1.7292148112779894e-15
503,185.56767403914046,5.184783529198207e-13,2.7940122416497056e-15
504,186.22507899216458,4.0188958567412954e-13,2.1580851937296752e-15
505,186.3246027549641,2.998624278047569e-13,1.609354982493142e-15
506,186.62896561274917,3.5151348767217487e-13,1.883488377691367e-15
507,186.82965707366205,3.477257724654106e-13,1.8611915148370232e-15
508,187.06792530247787,3.2196117547949015e-13,1.7210923516626262e-15
509,187.29088728402002,3.932154200162568e-13,2.0994904008327938e-15
510,187.87761335098588,3.3059726616090824e-13,1.759641610644153e-15
511,187.94032560320915,2.943368220614758e-13,1.5661185065886142e-15
512,187.948055639459,3.82973297418019e-13,2.0376550111945675e-15
513,188.1788594276672,3.487823189865835e-13,1.8534617546698945e-15
514,188.53841788405046,3.5455533337027483e-13,1.880546879248363e-15
515,188.548199690427,2.5092753951752367e-13,1.3308402834368925e-15
516,188.61758349088214,2.8459781542319274e-13,1.5088615290045338e-15
517,188.66387241668977,3.166929646754145e-13,1.6786094794871755e-15
518,188.84828095675303,4.2191455339184276e-13,2.2341455863633877e-15
519,188.98735365415027,3.68544559235313e-13,1.9501016978615148e-15
520,189.22715265027855,3.148051413898741e-13,1.6636362011517626e-15
521,189.3394147603697,3.197160431622727e-13,1.6885868352709829e-15
522,189.5976973398517,3.3628958395432987e-13,1.7737007815634737e-15
523,189.7586010892279,3.412604712869684e-13,1.7983926384791463e-15
524,189.94353446127235,3.915917233925975e-13,2.0616217577673815e-15
525,190.73585008192526,3.376534357059362e-13,1.7702672862018682e-15
526,190.7646554760622,3.3011328791658114e-13,1.7304740602642972e-15
527,190.83141361762006,3.820902286237801e-13,2.0022396804616055e-15
528,191.0542839110783,3.3688339489582283e-13,1.7632862660782693e-15
529,191.2391950546947,3.22832120899973e-13,1.6881064616886851e-15
530,192.08831905977968,4.666333303582429e-13,2.4292644791848183e-15
531,192.11085366381513,3.3219452456451804e-13,1.729181450340347e-15
532,192.19291841384668,3.397675266856589e-13,1.7678462322635717e-15
533,192.52473611472766,3.394862574749516e-13,1.7633383861523535e-15
534,192.67835944022931,3.0278288525467906e-13,1.5714420972564137e-15
535,192.71916698699732,2.701179230519695e-13,1.4016142103301755e-15
536,193.0715732443153,3.063738303706886e-13,1.5868406996559725e-15
537,193.0838729081944,3.396377487293375e-13,1.7590166574441206e-15
538,193.20105810504828,3.3921609446517434e-13,1.75576727059504e-15
539,193.3367366757409,3.3955033950920646e-13,1.756263943146465e-15
540,193.42670189306418,2.9953014795165687e-13,1.5485460126247302e-15
541,194.01506781028908,3.4953480275756694e-13,1.801585859812432e-15
542,194.0378382902398,2.890704976521837e-13,1.4897635440557476e-15
543,194.08445675591722,3.4099172506708915e-13,1.7569244377767158e-15
544,194.37215725046576,3.272862958880049e-13,1.6838126433214789e-15
545,194.64520620641213,3.631744078201366e-13,1.8658276507205994e-15
546,194.95269704770524,3.5976876501030573e-13,1.8454156852329655e-15
547,195.04212217346682,3.681602926494832e-13,1.8875937594754443e-15
548,195.27792803203351,3.0139843424003053e-13,1.5434331840646576e-15
549,195.29821185409307,3.6745510181412273e-13,1.881507763566457e-15
550,195.79661858711282,3.4100497212093987e-13,1.7416285050358095e-15
551,195.80163674693492,4.2625429909963105e-13,2.1769700508200867e-15
552,196.46090131418413,3.696173401108049e-13,1.8813786236260087e-15
553,196.80154929000756,3.6176245304149597e-13,1.8382093756203177e-15
554,197.04199620792394,2.89271384518238e-13,1.4680697013087055e-15
555,197.2906626750985,3.339646313660179e-13,1.6927543698101736e-15
556,197.449924435213,4.0373316993577376e-13,2.0447370192245686e-15
557,197.84917614322003,3.95380207430313e-13,1.9983919829117875e-15
558,197.89060710586512,2.825069793577173e-13,1.4275916552551944e-15
559,197.95063544564383,4.1127347437246765e-13,2.0776567523846174e-15
560,198.4232432058751,3.0719094884359935e-13,1.5481601040301096e-15
561,198.82975161520193,3.2423877166360763e-13,1.6307356873387418e-15
562,198.96667128923414,3.494299734513294e-13,1.756223648851066e-15
563,199.27390071586407,3.649210288554236e-13,1.831253503567176e-15
564,199.30970231934907,3.758912352122388e-13,1.8859655643354353e-15
565,199.3863513051411,3.920652528452067e-13,1.9663595340344516e-15
566,199.8839528758853,3.638526579621124e-13,1.8203195040276233e-15
567,200.08927500641818,3.815714661209831e-13,1.9070060906999816e-15
568,200.76945788727986,4.998377597571599e-13,2.489610546429772e-15
569,201.16307265231856,4.35879221766372e-13,2.1667954064299193e-15
570,201.334036767678,3.5161399091161034e-13,1.7464210053928556e-15
571,201.60022979119972,3.8567616740334773e-13,1.9130740466059893e-15
572,202.0832548524434,3.2587419503694667e-13,1.612573962522984e-15
573,202.09702498959453,3.956329951555523e-13,1.9576388874399434e-15
574,202.44273996715276,3.642288327338831e-13,1.799169645663662e-15
575,202.48564191704273,3.8454353561381643e-13,1.89911507785506e-15
576,202.52396412175685,2.9275427408355985e-13,1.4455290530831047e-15
577,202.69855572223483,3.452559589876475e-13,1.7032975778118727e-15
578,202.8040008507369,3.391186523252086e-13,1.6721497155019088e-15
579,203.11232509980465,3.7557119019639737e-13,1.8490812411893295e-15
580,203.30239520887548,3.2369558997098645e-13,1.5921877833186248e-15
581,203.4314211425638,3.567035353540971e-13,1.7534338272361618e-15
582,203.85000921537213,3.653503047983519e-13,1.7922506170326e-15
583,203.9091075041941,3.434182747381989e-13,1.6841733012397952e-15
584,203.9759041701783,3.6604694505106064e-13,1.7945597375348094e-15
585,204.05897293491648,4.1615715924388783e-13,2.0393965198316415e-15
586,204.14750327946984,3.6980027925191217e-13,1.811436698031375e-15
587,204.2945390505595,3.916204100411867e-13,1.916940177947033e-15
588,204.29923938250909,4.0131324046958217e-13,1.9643403552678146e-15
589,204.3294716623011,4.3224665957836914e-13,2.1154396184841643e-15
590,204.35982702022918,3.729852954552425e-13,1.8251400037558333e-15
591,204.36097073554882,3.551478629843318e-13,1.737845840651771e-15
592,204.43135133135357,3.185493969291113e-13,1.5582218424648036e-15
593,205.79661702444696,3.6688043823278145e-13,1.782733086371381e-15
594,205.82169128916965,3.7156957277815376e-13,1.8052984136454125e-15
595,206.14252709886495,4.134458129294342e-13,2.0056308552535964e-15
596,206.1935770049304,3.1124609263100707e-13,1.5094849080753117e-15
597,206.33707894518216,3.752101957744783e-13,1.818433204989593e-15
598,206.34798148278583,4.526437238164693e-13,2.193594144046571e-15
599,206.3821982073009,4.0243552781038495e-13,1.949952715428285e-15
600,207.09619426605573,4.004161506237543e-13,1.9334790387762564e-15
601,207.17511240533963,3.340206763671297e-13,1.6122625564870734e-15
602,207.3566222164578,3.599032162014451e-13,1.735672641434838e-15
603,207.44339750400727,3.1073469073174594e-13,1.4979251905365818e-15
604,207.55282220011878,3.182044972608938e-13,1.5331253696665548e-15
605,207.6192096020196,3.699272930930119e-13,1.781758507809161e-15
606,208.38044933802738,3.6280497337213165e-13,1.741070117300699e-15
607,208.76386943262423,3.6262654550138593e-13,1.7370177439560193e-15
608,208.79210797376192,3.4948592484826666e-13,1.673846431457003e-15
609,208.8278896932698,3.475535854933656e-13,1.6643063625450539e-15
610,209.19855076843285,3.684297531353203e-13,1.7611486876079963e-15
611,209.20318211819463,3.8308896018354435e-13,1.831181324799871e-15
612,209.30683107219318,3.8910951725420696e-13,1.8590387865554043e-15
613,209.40070662949861,3.723846194596666e-13,1.7783350660728297e-15
614,209.44529751717573,4.1049231737594473e-13,1.9599022859049005e-15
615,209.68971319706984,3.7050018139264447e-13,1.7668972680812545e-15
616,209.86667157605254,3.677301575296897e-13,1.752208460581745e-15
617,209.995142065669,4.08831623761372e-13,1.9468622928121048e-15
618,210.27066554332796,4.0842019101666593e-13,1.9423545836093227e-15
619,211.30155383446305,3.6331721834700817e-13,1.719425208920312e-15
620,211.48268219183473,4.009450970534776e-13,1.895876735144595e-15
621,211.95113815670013,4.3846608112023383e-13,2.0687130294911002e-15
622,212.48839019394725,3.721380783958843e-13,1.7513336990139459e-15
623,212.68754772373183,3.367500797205621e-13,1.5833088646918809e-15
624,212.85351364762417,3.497497926994088e-13,1.6431478471077268e-15
625,212.94421245461226,4.102738564793422e-13,1.926672961664969e-15
626,212.9609267122764,3.5328750607255156e-13,1.6589311078170936e-15
627,213.1361232830889,3.6820922488659074e-13,1.7275777527281598e-15
628,213.24220595977587,4.583107764631416e-13,2.1492498372934356e-15
629,213.51217389361946,4.120345290608328e-13,1.9297940794051648e-15
630,213.583836835464,4.221175301850007e-13,1.9763552169454762e-15
631,213.8309641407371,4.3024197921868526e-13,2.0120658434459144e-15
632,214.29069811722263,3.787029672673271e-13,1.7672394116713673e-15
633,214.54482050451804,4.164098916417271e-13,1.9408992986291086e-15
634,215.44455420268224,4.0684910513123637e-13,1.8884167512931787e-15
635,215.45065892116392,4.2966380381202367e-13,1.99425616038261e-15
636,215.8730811923164,3.766217153787238e-13,1.7446441830475384e-15
637,215.9190390308564,4.0020324932595494e-13,1.853487543860192e-15
638,215.96257789301814,4.090857523467242e-13,1.8942436987827303e-15
639,216.25708721934276,3.9197488585119315e-13,1.812541225313117e-15
640,216.45002609412077,4.0945154522956224e-13,1.8916678025786745e-15
641,216.71443254012289,4.567246886537246e-13,2.107495487496735e-15
642,216.93502430993544,3.6125389232393086e-13,1.6652631057297912e-15
643,217.17447631800584,3.666737990842237e-13,1.688383484564309e-15
644,217.21819927663051,3.650386673258223e-13,1.6805160366003231e-15
645,217.29012906398188,3.281204143484886e-13,1.510056695911264e-15
646,217.51140883265262,3.5977333169429423e-13,1.6540434987991552e-15
647,217.63337770833928,3.5179907626733627e-13,1.6164757445376727e-15
648,217.8290351201861,4.0880658459076484e-13,1.8767313749758283e-15
649,217.9004824207235,3.4882700900911286e-13,1.6008546889565653e-15
650,218.12295939260423,4.416304334378854e-13,2.024685684935098e-15
651,218.18300617756378,4.297479019914244e-13,1.9696671593280866e-15
652,218.31358001929033,4.0228418830514413e-13,1.842689713895022e-15
653,218.44226095406174,2.990690965021849e-13,1.3690990708298835e-15
654,218.71881225398013,4.279571241021654e-13,1.956654389679174e-15
655,219.07424283807975,3.944849153309609e-13,1.800690534042056e-15
656,219.13101626547507,3.7516268767459597e-13,1.7120474046453107e-15
657,219.81351725306186,3.6102901510837534e-13,1.6424331843648094e-15
658,220.12443092010437,3.6602777942094936e-13,1.662822149685882e-15
659,220.30977484671678,4.130022115751973e-13,1.874643155813439e-15
660,220.50251018396668,3.774534145867501e-13,1.711787381793696e-15
661,220.60683381819462,4.036305502893521e-13,1.8296375651807327e-15
662,220.63658901464703,3.0731578077680623e-13,1.3928595531197455e-15
663,220.65357627208328,3.803140304988172e-13,1.7235797258498088e-15
664,220.67015290120304,3.5730756257563556e-13,1.619192980464408e-15
665,220.67334385556637,3.767797780863181e-13,1.7074095652120333e-15
666,220.67521008828356,3.925303376658023e-13,1.7787695206397047e-15
667,220.68188103579882,3.529831316119287e-13,1.5995111603868742e-15
668,220.8060009251061,3.9120791176811107e-13,1.7717268105444407e-15
669,220.87334084334682,3.3491924677444123e-13,1.5163407475779562e-15
670,220.99470112617433,3.9599422292902705e-13,1.7918720263927904e-15
671,221.13486018648564,4.3053941162408527e-13,1.9469540499449354e-15
672,221.59786015280991,3.318105195380124e-13,1.4973543485898366e-15
673,222.6500171684297,3.8733743111025876e-13,1.7396694419172073e-15
674,222.7463846431113,4.596302837184546e-13,2.06346910839825e-15
675,222.7617675095376,4.2490087844444165e-13,1.9074228185330296e-15
676,223.18002431232128,4.5276860324194634e-13,2.0287147321407923e-15
677,223.55424446894463,4.023703248247934e-13,1.7998778139087817e-15
678,223.5755045128459,3.970500306248198e-13,1.7759102522879765e-15
679,224.02743895175098,3.854442535212646e-13,1.7205225186914631e-15
680,224.22529669826005,4.22411756336614e-13,1.8838719919503706e-15
681,224.25555242419284,4.50608553397227e-13,2.009352939207828e-15
682,224.34243773952662,4.2011441996882624e-13,1.8726480116820393e-15
683,224.40323951200892,3.424493484436007e-13,1.526044584687355e-15
684,224.9016580940349,4.27271804606642e-13,1.8998161606616213e-15
685,225.25586398834133,4.5281941551831935e-13,2.010244739030439e-15
686,225.53305546871312,3.764570755057994e-13,1.6691880253359273e-15
687,225.72185425976053,3.334216554579918e-13,1.4771350188993681e-15
688,226.01961248315936,4.2430162605017743e-13,1.8772779113661738e-15
689,226.07151638397005,4.3729281915489386e-13,1.9343118768318255e-15
690,226.25501219101082,4.3637994784357026e-13,1.9287084233747983e-15
691,226.27881203948917,4.91718725740789e-13,2.173065702921299e-15
692,226.31899910376416,4.693487723974694e-13,2.073837257393841e-15
693,226.6343467099047,5.10440729889555e-13,2.252265542711082e-15
694,227.2509538229674,3.934203890734967e-13,1.7312155678782247e-15
695,227.29521412749207,3.437910425573936e-13,1.5125309341733783e-15
696,227.9235966086113,4.56217837099476e-13,2.00162617599831e-15
697,228.2403429823332,3.8655033347935953e-13,1.6936109034382244e-15
698,228.24613514470926,4.0695006897947223e-13,1.7829439640739753e-15
699,228.5319511891106,4.135038660244523e-13,1.8093919203546167e-15
700,228.59053283319068,4.3046929247671093e-13,1.883145759106468e-15
701,228.88219632046184,4.3298483859830547e-13,1.8917366468822068e-15
702,228.9391044170471,3.3969128046549964e-13,1.483762598488639e-15
703,228.97044245928288,3.6794817059403183e-13,1.6069679852213367e-15
704,229.0919508429979,4.615742529398345e-13,2.014799085002171e-15
705,229.81272888827283,4.1859507875021767e-13,1.82146167784172e-15
706,229.92199211743883,3.312268478139878e-13,1.4406053321110961e-15
707,229.97507233882564,4.4403033898617267e-13,1.930775950934266e-15
708,230.23587030795443,3.964399163961204e-13,1.7218859766111076e-15
709,230.25621249306758,4.36825498298798e-13,1.8971279583257702e-15
710,230.4416659436379,4.2362617324589893e-13,1.838322820272922e-15
711,230.8995571276347,3.265607664890447e-13,1.4142979334885913e-15
712,231.01743287542052,3.721414426500879e-13,1.6108803479379432e-15
713,231.04151045383,3.820628913467151e-13,1.65365475059541e-15
714,231.31709168726368,4.645443897753587e-13,2.0082579561540305e-15
715,231.4757091073686,4.850019609218356e-13,2.0952607199784853e-15
716,232.04088010467612,4.171056434221253e-13,1.7975524107388512e-15
717,232.1554940528236,3.6937050630057314e-13,1.5910478785245904e-15
718,232.2712872656054,3.7109336749085093e-13,1.5976721525054477e-15
719,232.2985854562221,3.4363614578069017e-13,1.4792864326134702e-15
720,232.38357531558694,4.279452573393335e-13,1.8415469198206685e-15
721,232.3936827542385,4.346631194935975e-13,1.8703740753283015e-15
722,232.48681700813992,4.24231195139777e-13,1.824753767113271e-15
723,232.9271053017934,4.797610254114781e-13,2.0597045792067557e-15
724,233.406983193191,4.1579952700784693e-13,1.7814356765139696e-15
725,233.72564649731663,4.194606525232595e-13,1.7946710547576783e-15
726,233.8956339669761,4.14428372117876e-13,1.771851680550777e-15
727,234.16087017318048,4.2815968386589253e-13,1.828485192889976e-15
728,234.70475934836597,4.019638987445177e-13,1.7126363345188647e-15
729,234.9012675819446,3.693606037685389e-13,1.5724078783001397e-15
730,234.99226767780618,3.7075730818205494e-13,1.5777425863662623e-15
731,235.06229034477082,4.272634648782893e-13,1.8176606049894817e-15
732,235.11323178478935,3.665392368375004e-13,1.5589902535685942e-15
733,235.16601999390224,3.5021513784098033e-13,1.4892250923414074e-15
734,235.46271695115354,3.7047486225575666e-13,1.5733907560941431e-15
735,235.4740575562517,3.915155056765384e-13,1.662669381670677e-15
736,235.47520884756912,4.057773891564437e-13,1.7232276431236411e-15
737,235.5907519033706,4.1274996107915833e-13,1.7519786228639865e-15
738,236.24102779193572,4.583711175913186e-13,1.9402688934921974e-15
739,236.3057874969801,4.3381712434430676e-13,1.8358294519123903e-15
740,236.4488166251353,4.353514057850073e-13,1.8412078013281457e-15
741,236.70188504560613,3.566729407543343e-13,1.506844530138038e-15
742,237.3615742554553,4.5000026623186214e-13,1.8958429461188145e-15
743,237.60500909545067,4.683239510406254e-13,1.9710188468816767e-15
744,237.60928219554165,5.018453384202792e-13,2.1120611694255413e-15
745,237.66469928962485,4.580680813523e-13,1.9273711355597045e-15
746,237.67765699790255,4.0532741921352853e-13,1.7053661010176714e-15
747,237.7446697366589,4.835820628253054e-13,2.0340395574838823e-15
748,238.03666439205597,4.450517509652467e-13,1.869677312534629e-15
749,238.06622955990449,3.873590753421511e-13,1.627106356320396e-15
750,238.59995181474247,3.979176863671435e-13,1.6677190558533767e-15
751,238.70733948186873,4.0371724788251785e-13,1.6912644946687222e-15
752,239.0801760526413,4.1626297765117075e-13,1.7411020207694548e-15
753,239.52856987626302,4.307093371536624e-13,1.7981543386501267e-15
754,239.66944484171648,4.4043450689065063e-13,1.8376748324406738e-15
755,239.7360919993362,4.085355303473694e-13,1.7041052389746162e-15
756,240.23942871519256,4.727395061016431e-13,1.9677848412721748e-15
757,240.45287204221293,4.0638049166028163e-13,1.6900629558250362e-15
758,240.52018607886345,4.069650799515258e-13,1.6920204768928926e-15
759,240.59704314044538,3.470466261476745e-13,1.4424392819536463e-15
760,240.62958320583274,3.859433021702927e-13,1.6038896673820846e-15
761,240.9974661360618,4.419917321886089e-13,1.834009872697459e-15
762,241.15559973388108,4.22270597673768e-13,1.7510296179717582e-15
763,241.22527695797828,3.9045538380296e-13,1.6186337879963459e-15
764,241.51562445699372,3.92934985368068e-13,1.6269547208447265e-15
765,241.8401402897587,3.9538590110054053e-13,1.634906019434211e-15
766,241.91166719901216,4.369314887142366e-13,1.8061612892560015e-15
767,241.93753121390242,3.7820935031182946e-13,1.5632520858346944e-15
768,241.94677357194115,4.058616940971844e-13,1.6774833906867714e-15
769,242.14682892613513,4.1574365580099026e-13,1.7169072898650654e-15
770,242.24008004957594,4.192781078760634e-13,1.7308370596238885e-15
771,242.29572849718312,4.718115258114321e-13,1.947254822599637e-15
772,242.4841170154105,3.970133335874535e-13,1.6372756223131195e-15
773,242.49990650721114,3.7143466081561423e-13,1.5316899134745399e-15
774,242.5327040443646,4.659675123901638e-13,1.9212564104547647e-15
775,242.92795467109318,5.031472168152853e-13,2.0711787471989794e-15
776,243.55209964208825,3.635785636132274e-13,1.492816379524233e-15
777,243.92151471137288,3.536346902580413e-13,1.449788841613622e-15
778,243.99644307057642,3.8946954674311063e-13,1.5962099358573675e-15
779,244.084861314403,3.88745871943134e-13,1.5926668694229041e-15
780,244.59163502956466,3.662157721171683e-13,1.4972538699980581e-15
781,244.6266680948747,3.9090315823788574e-13,1.5979580692579272e-15
782,244.63418072636702,4.1548889185942605e-13,1.6984089902145227e-15
783,244.67966235708116,4.66004813914849e-13,1.904550666065453e-15
784,244.9433205860826,4.1083811486987984e-13,1.677278293961461e-15
785,245.0694833504899,4.054062125052494e-13,1.6542500802739747e-15
786,245.27829796428765,4.4760828692852146e-13,1.8248996778088085e-15
787,245.53369652679214,4.218495249930839e-13,1.7180921843330476e-15
788,245.70901442169077,4.450018948826773e-13,1.8110930766217476e-15
789,246.28564371553477,3.919626159415743e-13,1.591495996389865e-15
790,246.52428525581038,3.444594350768556e-13,1.3972637004886598e-15
791,246.7395248012202,4.2381108444434217e-13,1.7176457026322614e-15
792,247.15984089887638,4.889374171708182e-13,1.9782235471290147e-15
793,247.4190300865252,4.042657641995369e-13,1.6339315696862957e-15
794,247.4500235095774,4.857251949328677e-13,1.9629224036588867e-15
795,247.4940456423774,3.929295815118779e-13,1.5876324640135027e-15
796,247.70772888707438,3.8123109359023863e-13,1.5390359247289987e-15
797,247.7168392886117,3.79588669740216e-13,1.5323490757847193e-15
798,247.9649718983016,3.940354514761948e-13,1.589077071893047e-15
799,248.06466546374253,3.6709794985152153e-13,1.4798478016417741e-15
800,248.22283273793084,3.921932884347384e-13,1.5800048855650961e-15
801,248.7660818417024,3.857146964321509e-13,1.5505116034170334e-15
802,248.84502511035532,3.8616686861544786e-13,1.55183680463049e-15
803,249.03337516116494,4.061575038847085e-13,1.6309360286421802e-15
804,249.71920184443655,3.501437300772386e-13,1.4021498046248035e-15
805,249.75537836938435,4.2142159892224006e-13,1.687337432625631e-15
806,249.87361495207128,4.3099819019720186e-13,1.724864749244823e-15
807,250.15650831813466,4.300332263634449e-13,1.7190567187504607e-15
808,250.1686655527007,3.390768419032091e-13,1.3553929352186553e-15
809,250.34635974178227,3.581484133062841e-13,1.430611628128699e-15
810,250.47695686021157,3.8267381178577695e-13,1.5277805055709894e-15
811,250.79875362432207,3.7660351332561575e-13,1.5016163672397666e-15
812,250.85466809649455,3.778871433367413e-13,1.5063986897440634e-15
813,250.90824692142166,3.571454074285551e-13,1.4234103972692628e-15
814,250.91544552170143,4.671027150887852e-13,1.861594108396113e-15
815,251.08875209283187,3.6319332108648583e-13,1.4464738784961859e-15
816,251.21111803233538,3.8109761629848754e-13,1.517041201374827e-15
817,251.41761698935994,4.178770294614519e-13,1.6620833275940904e-15
818,252.47160073198202,4.2341505019252533e-13,1.6770799130077719e-15
819,252.49820102219567,4.669127571228163e-13,1.8491726088843408e-15
820,253.2183969094426,4.86198881843627e-13,1.9200772446936557e-15
821,253.39989836092488,4.4326505522570176e-13,1.7492708485397512e-15
822,253.43239087415006,3.8590380826079087e-13,1.5227091017439192e-15
823,254.4487672988241,4.3602303639889415e-13,1.7135985409857757e-15
824,254.79097084675416,4.852198247682256e-13,1.904383907937085e-15
825,255.1680066366391,3.586825404452663e-13,1.4056720714052234e-15
826,255.17586619201572,4.668439581330712e-13,1.829498867192161e-15
827,255.18667841652177,3.9632731788553573e-13,1.553087803582916e-15
828,255.27620774468977,3.9758462082452096e-13,1.5574683764581719e-15
829,255.29569900628954,3.9439323495590207e-13,1.5448487244048154e-15
830,255.30008852104874,4.4814457377688277e-13,1.7553639576585363e-15
831,255.3164429385221,4.157643082123898e-13,1.628427466038692e-15
832,255.3992754916148,3.6339668150915795e-13,1.4228571353997006e-15
833,255.49997318429914,4.0446238209927764e-13,1.5830231880593107e-15
834,255.52400128201026,4.0568632705762804e-13,1.5876642703707915e-15
835,255.56283442940793,3.9435110072539015e-13,1.543069052297268e-15
836,255.66958224251934,3.843877168276766e-13,1.5034550197804122e-15
837,255.71292640664532,3.751327338945527e-13,1.4670073162355548e-15
838,255.90152066913842,3.9586267676640817e-13,1.5469336631189038e-15
839,256.1546091309289,3.9431960206911364e-13,1.5393812487190662e-15
840,256.21489349013564,4.890880058192134e-13,1.9088976411827655e-15
841,256.41690787926075,5.358543231393093e-13,2.0897776498873757e-15
842,256.4662394020497,4.1145728331895637e-13,1.6043331250080628e-15
843,256.81760098879147,4.83001474407531e-13,1.880717959158146e-15
844,256.87418184928316,4.1915232257872347e-13,1.6317417327080945e-15
845,257.363858742833,4.138141268493347e-13,1.6078952533223881e-15
846,257.3768228803419,4.0497937857143737e-13,1.5734881410037375e-15
847,257.40324841318846,3.984043186585515e-13,1.5477827926204935e-15
848,257.60206887795067,4.0687876057233734e-13,1.5794856087320964e-15
849,257.6872997267734,4.002483255156496e-13,1.553232642586709e-15
850,257.90068699728084,4.219621236589244e-13,1.6361419140514865e-15
851,257.9835924184639,4.595692544822921e-13,1.781389468121077e-15
852,258.2876711805794,3.6088514480518975e-13,1.397221722413844e-15
853,258.6054138052952,4.216431458359438e-13,1.6304498023904487e-15
854,258.65445327977875,4.913350582526549e-13,1.8995808965299064e-15
855,258.65735499670933,3.8130000891530135e-13,1.4741510401672217e-15
856,259.1260533880113,4.021200227117885e-13,1.5518316952470242e-15
857,259.3631097597423,4.0426161706803037e-13,1.5586704579634048e-15
858,259.7538828947812,3.9607624482526575e-13,1.5248135674095188e-15
859,259.8239599899003,3.9803096769860414e-13,1.5319255688123457e-15
860,259.8875057514361,3.424406019170654e-13,1.3176493457310928e-15
861,259.93041563265103,4.603660495028925e-13,1.7711126586798093e-15
862,260.2078170218324,4.3470327662670634e-13,1.6706003747390615e-15
863,260.67976419631725,3.6350797513260454e-13,1.394461807395405e-15
864,260.75394316446017,4.217980402410939e-13,1.6176094410010956e-15
865,260.7987328062257,4.0777223910655683e-13,1.5635514587010394e-15
866,261.42102357556826,4.2613382716856284e-13,1.6300671665199164e-15
867,261.6395388771278,4.2368391439721417e-13,1.6193420773310043e-15
868,261.7119657421682,3.105299817437326e-13,1.1865333740592459e-15
869,261.8762829074599,3.93664667266723e-13,1.503246735046387e-15
870,262.3106962248021,4.0553673906566876e-13,1.5460167843026917e-15
871,262.37675999954075,4.469305819056016e-13,1.7033924113796659e-15
872,262.3833675355993,4.433397980024656e-13,1.6896642579385857e-15
873,262.47027231676947,4.693239911500903e-13,1.7881034183698858e-15
874,262.58644735873105,4.124160659941712e-13,1.570591590474398e-15
875,263.1924488522524,4.553727821432802e-13,1.7301893885219767e-15
876,263.260909518263,4.22349101988338e-13,1.6042985749809493e-15
877,263.96942414260684,4.2754569492508354e-13,1.6196788560409415e-15
878,264.1931571677504,4.046683916532077e-13,1.5317141291296275e-15
879,264.24114943232735,4.696050126352191e-13,1.7771835069748884e-15
880,264.44695754526776,3.825910263591778e-13,1.446759039735544e-15
881,264.68381455750296,4.49249634723875e-13,1.6973067864951554e-15
882,265.1186295962437,4.770470923774134e-13,1.799372202187079e-15
883,265.2833542997893,4.061148205098279e-13,1.5308718542924064e-15
884,265.38173264129654,4.609205656438405e-13,1.736820997648863e-15
885,265.5099484064043,4.362645939376266e-13,1.643119576332619e-15
886,265.79085373209557,4.605119843778232e-13,1.7326103510017586e-15
887,265.80026016109775,4.447607514011618e-13,1.6732893757575657e-15
888,265.849328004587,3.578106631823758e-13,1.3459152440520823e-15
889,265.870510836442,4.009291056511095e-13,1.5079863667082384e-15
890,266.0368540462442,4.156348036492329e-13,1.562320397823471e-15
891,266.0794225971732,4.0018750460377756e-13,1.5040152323602835e-15
892,266.1536563698686,4.3125479327517555e-13,1.6203226330126726e-15
893,266.3650750554142,4.2278057179010935e-13,1.5872222426388095e-15
894,266.44775254708804,3.7514681863915583e-13,1.4079564006562896e-15
895,267.19803899962346,4.4264834165081956e-13,1.6566302032308079e-15
896,267.32361195202236,4.4961636978932006e-13,1.6819179065634295e-15
897,267.388359605853,4.039669784505144e-13,1.5107874518022653e-15
898,267.4403559251609,3.9113724801937597e-13,1.46252141591088e-15
899,267.501414040726,4.658168994647716e-13,1.7413623817100752e-15
900,267.5772722044335,4.141898823457214e-13,1.5479262455044142e-15
901,268.25695090138896,4.2107282523690864e-13,1.5696623100427868e-15
902,268.4052308280375,4.440270008052571e-13,1.6543157502386287e-15
903,268.6645106206164,4.292143216166318e-13,1.5975847372812453e-15
904,268.85070636312656,4.1217487994804583e-13,1.53309948678854e-15
905,268.98576538120756,4.336854885439784e-13,1.6122990297622546e-15
906,269.00096552159664,3.3733252151632833e-13,1.254019742502544e-15
907,269.0433949721058,4.4162560999654424e-13,1.6414660915289583e-15
908,269.0667050388422,4.1506053013225105e-13,1.542593425196675e-15
909,269.3664205212305,4.557874279371339e-13,1.6920721857430272e-15
910,269.9829605987947,3.9392813788805697e-13,1.4590851845404038e-15
911,270.06541540588637,4.3974742957451896e-13,1.628299680333427e-15
912,270.5738051863788,4.262848115697859e-13,1.5754844090548566e-15
913,270.5927961943635,4.398721860648668e-13,1.6255872005879713e-15
914,270.7640106608501,4.000499043245e-13,1.4774855171782377e-15
915,270.80787800746083,4.182422782590836e-13,1.544424340002254e-15
916,271.4210547539044,4.4813387930836507e-13,1.6510652783170596e-15
917,272.1312773450334,4.1119004038477053e-13,1.5109988252597126e-15
918,272.24392469579107,4.5458712817809026e-13,1.6697787790344703e-15
919,272.38522988138095,4.4035859120471583e-13,1.6166757331022845e-15
920,272.4146955320714,4.211598572005244e-13,1.5460247340105087e-15
921,272.5023646204786,4.5157793687802294e-13,1.6571523608866577e-15
922,272.510494547926,4.1649606364410543e-13,1.5283670610008633e-15
923,272.58586628498915,4.578181110271566e-13,1.6795372308427273e-15
924,272.7621427485025,5.343404436454928e-13,1.958997822282749e-15
925,272.8548299596817,4.3682963384095117e-13,1.600959872711431e-15
926,272.8616827833467,4.1890591041955083e-13,1.5352317194062161e-15
927,272.8721562010545,4.572102272613574e-13,1.6755473831653275e-15
928,273.09518355874667,5.148323343284327e-13,1.885175445496954e-15
929,273.126807847602,3.913300079269987e-13,1.4327777306479238e-15
930,273.3665913838651,4.1274472841504375e-13,1.509857976154306e-15
931,273.3771281433809,4.220868083820869e-13,1.5439726477802149e-15
932,273.54506774547934,4.3774988192371964e-13,1.600284317065534e-15
933,273.5599276061476,3.9014373652633726e-13,1.4261728314537314e-15
934,273.96603118067316,4.593026623132582e-13,1.6764949301702319e-15
935,274.2754451532795,4.573478761223743e-13,1.6674765612604667e-15
936,274.35712643099924,3.7193386032906693e-13,1.3556559115755581e-15
937,274.4254896359053,4.0253348434128956e-13,1.466822505720412e-15
938,274.4473213883068,4.576446524582602e-13,1.6675136421198782e-15
939,274.935165762246,4.598983872048469e-13,1.6727521411449798e-15
940,274.9815304008743,4.344357313180345e-13,1.5798724033745258e-15
941,275.3758764777886,3.7359371215101854e-13,1.356668263500387e-15
942,275.3859217566752,4.5358193078713315e-13,1.6470774101077975e-15
943,275.4999997119699,4.2803829872529927e-13,1.5536780369248831e-15
944,275.8272433578089,4.1526243947052823e-13,1.5055164037289856e-15
945,275.8607522199985,4.507708257483485e-13,1.634052042999069e-15
946,275.86968167421566,3.5807564313841326e-13,1.297988386999618e-15
947,275.8936135070559,4.688117757675494e-13,1.6992483798671176e-15
948,276.20630165880357,4.4639258591791253e-13,1.6161564136553963e-15
949,276.4776318452595,4.80879416833358e-13,1.739306770040982e-15
950,276.906290387417,4.3853447181809277e-13,1.5836927041438577e-15
951,276.9870091448224,4.3340910111363037e-13,1.5647271778259563e-15
952,277.0868039701184,4.932631471837649e-13,1.7801755266445652e-15
953,277.43752591363113,5.133096356133041e-13,1.850180987315689e-15
954,277.5565766735058,4.460891482405598e-13,1.607200786185303e-15
955,277.9272820735296,4.330555846791039e-13,1.5581614782406747e-15
956,277.94593380753787,4.344506483669478e-13,1.5630761077000708e-15
957,278.75597632199384,4.958867107699839e-13,1.7789276388362707e-15
958,278.9323373432351,4.4636869587654287e-13,1.6002758953232162e-15
959,279.1985192064737,4.215376633885205e-13,1.5098133922292897e-15
960,279.2981145045256,4.123977512095872e-13,1.4765504305003281e-15
961,279.6289424515286,4.256221401491205e-13,1.5220961622128893e-15
962,279.6970230674247,4.3343549178441186e-13,1.5496607258487925e-15
963,280.3272113849446,4.2711417911277535e-13,1.5236272533181351e-15
964,280.82370428776346,3.9407600319280527e-13,1.4032861086006857e-15
965,280.8697960999846,3.9150565340778084e-13,1.39390443132024e-15
966,280.8897161098008,4.0428970450840784e-13,1.4393182851534853e-15
967,280.96192484701686,4.584572719471987e-13,1.6317416397144474e-15
968,281.1330828393064,4.677128247991768e-13,1.663670529542473e-15
969,281.1347420391154,4.799513209688856e-13,1.7071932038271814e-15
970,281.2279636680069,4.327074757156413e-13,1.5386360235017662e-15
971,281.4298275988331,4.660591391308445e-13,1.65604031067806e-15
972,281.49297237754195,4.74505851585808e-13,1.6856756585361384e-15
973,282.052887580435,4.33473282528771e-13,1.5368510716102997e-15
974,282.06837216207776,4.279808611643794e-13,1.5172947533389516e-15
975,282.1762873967147,4.045674917014628e-13,1.4337402176274187e-15
976,282.19068151909033,4.72675962246296e-13,1.6750232846165733e-15
977,282.3885521421864,4.889955034185468e-13,1.7316406763271728e-15
978,282.5022005458024,4.4310088804584147e-13,1.5684865009538253e-15
979,282.7285087001904,3.8731393391505627e-13,1.369914677850085e-15
980,282.9674911024956,4.3111434486957245e-13,1.5235472569300038e-15
981,283.5031211957844,4.404573671417503e-13,1.5536244020310975e-15
982,283.57398035676204,4.5209646145578574e-13,1.5942804797781763e-15
983,283.90179841792053,4.759095094012504e-13,1.676317346537844e-15
984,284.2003320974016,4.3400719565830535e-13,1.5271171305653567e-15
985,284.2685776222454,4.677873842175445e-13,1.645582456317669e-15
986,284.2968854964257,4.0894161763968744e-13,1.4384315780512792e-15
987,284.30291541826864,3.875217434897514e-13,1.363059337325565e-15
988,284.3614333863643,4.857094333088559e-13,1.7080707025728007e-15
989,284.48698509492675,4.626884704039857e-13,1.62639591491188e-15
990,284.50036910776697,4.3965228956201077e-13,1.5453487492505614e-15
991,284.8428580348277,4.4797406683633526e-13,1.5727059822632502e-15
992,284.8456856854791,4.1074611567932485e-13,1.4419952146751574e-15
993,285.560096675904,4.53615867634033e-13,1.5885127961308391e-15
994,285.7941263737868,4.258090792760837e-13,1.4899154320588556e-15
995,285.8366194843379,4.4311583600174004e-13,1.5502416618316467e-15
996,286.2269645303434,4.3086167762227023e-13,1.5053147711965266e-15
997,286.2847806021334,4.48890003374171e-13,1.5679841674783946e-15
998,286.3078007910365,4.4037955303193015e-13,1.5381332671174537e-15
999,286.4673398706658,3.972133637680265e-13,1.3865921467604659e-15
1000,286.5337282309781,4.341530758210105e-13,1.5151901261377325e-15
1001,286.61765105653365,4.77032970781991e-13,1.664353081617779e-15
1002,286.62331063876536,4.4358819067217045e-13,1.5476347324423648e-15
1003,286.9535697722335,4.3871814295414245e-13,1.5288819835988469e-15
1004,287.02908758166296,4.926492810504889e-13,1.7163740622989116e-15
1005,287.035108003679,4.412404409122692e-13,1.5372350928814385e-15
1006,287.16899114858927,4.094374234475315e-13,1.4257717095773656e-15
1007,287.4594113916333,4.718844001077018e-13,1.6415687968720176e-15
1008,288.05443364100194,4.435793443963414e-13,1.5399150042216255e-15
1009,288.10602337548596,3.864730539794544e-13,1.3414264979658812e-15
1010,288.5646643937873,5.038038326753936e-13,1.7458957898874339e-15
1011,288.9655490348563,4.2153682101354513e-13,1.458778814365506e-15
1012,288.9773042732944,4.647976713015018e-13,1.6084227530267527e-15
1013,288.9908088629313,4.3378648811161227e-13,1.5010390462533974e-15
1014,289.1400113581836,4.4707392674500867e-13,1.546219510212228e-15
1015,289.49772553572234,4.36536629383875e-13,1.5079103940317794e-15
1016,289.92645716435874,4.3486868447814685e-13,1.4999275634635188e-15
1017,290.16721257153205,4.743143603719243e-13,1.634624243616071e-15
1018,290.19899594791434,4.565482313756254e-13,1.5732247104589152e-15
1019,290.31770163930975,4.914976048626383e-13,1.6929646455842852e-15
1020,290.5977091729015,5.208262208798686e-13,1.7922585224854076e-15
1021,290.86628792798444,4.711134913157586e-13,1.6196909400253409e-15
1022,291.11502400445323,4.481997855184892e-13,1.5395968897559649e-15
1023,291.3630892583788,4.507079642836602e-13,1.5468945137521364e-15
1024,291.43640249681613,4.607577982985671e-13,1.5809891775740019e-15
1025,291.71135603099975,4.713755519772126e-13,1.615897160778068e-15
1026,291.738393015719,4.641094263157775e-13,1.5908411008857893e-15
1027,291.8165489813224,4.842290520025935e-13,1.659361176372442e-15
1028,291.9169453720859,4.357003306099398e-13,1.4925489510538124e-15
1029,292.01785159346326,4.610105072795082e-13,1.5787065919562701e-15
1030,292.0549676181752,5.186498738507288e-13,1.7758639001436115e-15
1031,292.19501159075156,4.3666080688712465e-13,1.4944156798224603e-15
1032,292.2095858038347,4.3985204583631016e-13,1.5052622063247108e-15
1033,292.41610290731114,4.514524563281804e-13,1.5438700257601065e-15
1034,292.427942666389,4.927721402323976e-13,1.6851062033923604e-15
1035,292.4423142338109,5.007272835199033e-13,1.7122258276193446e-15
1036,292.469228224994,5.677406834397723e-13,1.9411980087115843e-15
1037,292.4905688536197,4.959844520146404e-13,1.6957280159787358e-15
1038,292.8971921009513,4.499778960143226e-13,1.5362997944317304e-15
1039,292.95845476241163,4.810669301982337e-13,1.6420994935557585e-15
1040,293.17537432014444,3.8372357970087307e-13,1.3088533803042098e-15
1041,293.2257813175235,4.431855734375255e-13,1.5114140763687351e-15
1042,293.88319980385546,4.228605806601818e-13,1.438872929593828e-15
1043,293.9174280316472,4.3237361945027753e-13,1.4710717304035548e-15
1044,293.9542562395996,4.2696581792155883e-13,1.4524906813172409e-15
1045,294.14535105092745,4.331535789715285e-13,1.472583460605276e-15
1046,294.17150789577386,4.191131955813801e-13,1.4247239597720441e-15
1047,294.38464695226065,4.732663031577595e-13,1.6076460102707309e-15
1048,295.0286223783122,5.244085703470679e-13,1.7774837102910786e-15
1049,295.84123541878336,4.3795444868312085e-13,1.4803698614331657e-15
1050,295.9274891607332,4.1492712653433086e-13,1.402124309948654e-15
1051,296.37763367396,5.058080754335878e-13,1.7066337603262553e-15
1052,296.4964657956083,4.205776081073741e-13,1.4184911343843872e-15
1053,296.6686967589129,4.674727310203133e-13,1.5757399959194342e-15
1054,296.7407637661523,4.785303673520515e-13,1.6126209330955257e-15
1055,296.7464300054901,4.098860246345203e-13,1.3812669106985955e-15
1056,296.8052008764091,4.172518434290039e-13,1.4058104177316936e-15
1057,296.83410602498986,4.258754855179647e-13,1.4347255819791514e-15
1058,297.13717244968836,4.66829586575199e-13,1.5710911654927427e-15
1059,297.17207191737947,4.675026857629892e-13,1.5731716737263436e-15
1060,297.41332553006583,4.5224644532362865e-13,1.5205991342775614e-15
1061,297.7504977188247,5.049317107660655e-13,1.6958215507095091e-15
1062,297.8338508474131,4.845792260403904e-13,1.6270119217867248e-15
1063,298.2711429961768,4.709732326780412e-13,1.57901038614412e-15
1064,298.63780342104195,4.945550383541883e-13,1.6560362843846917e-15
1065,298.6759786947975,4.3556415605974017e-13,1.4583166612967629e-15
1066,298.9251269841391,4.3106120092989613e-13,1.4420373599197905e-15
1067,298.9342129762404,4.4329957804941985e-13,1.482933564665794e-15
1068,298.94683936595715,4.878285660608113e-13,1.6318237954796831e-15
1069,298.98315106376776,4.650599810415518e-13,1.5554722043261992e-15
1070,299.12992372398566,4.877243861803942e-13,1.6304767510669683e-15
1071,299.1347069117195,3.9510474391777127e-13,1.3208254835985127e-15
1072,299.2537887607237,4.779781111352966e-13,1.5972332818732553e-15
1073,299.5571157637468,4.998430828859892e-13,1.668606941990331e-15
1074,300.0671392403549,4.3073884479639103e-13,1.4354748936749373e-15
1075,300.17204280814883,3.97581019889894e-13,1.324510491285169e-15
1076,300.19527967830504,4.718136585319426e-13,1.571689131946202e-15
1077,300.6562181194202,4.509063402512972e-13,1.49974061095985e-15
1078,300.84912213490014,4.570775462219633e-13,1.5192916069637414e-15
1079,301.0996225827427,4.753984210312556e-13,1.5788741844092323e-15
1080,301.14485851591985,4.777484624830332e-13,1.5864407077624979e-15
1081,301.55052720813626,4.831472175024427e-13,1.6022098252508269e-15
1082,301.88728393389385,4.500176597654092e-13,1.4906810710978883e-15
1083,302.0382185280924,4.646965408202194e-13,1.538535563760115e-15
1084,302.0986725868837,4.601459711848092e-13,1.5231644920666474e-15
1085,302.11891793447285,4.315860459251174e-13,1.4285303577670198e-15
1086,302.1407507927931,4.930935176073828e-13,1.6319993788111833e-15
1087,302.1570092463274,4.505566343919153e-13,1.4911341474941862e-15
1088,302.24393503279344,4.432679781965369e-13,1.4665901505962142e-15
1089,302.3444333072661,4.602505075620825e-13,1.5222721401797396e-15
1090,302.3846399151375,4.577542521523451e-13,1.5138144989137386e-15
1091,302.6075323986708,4.823743952607066e-13,1.5940594453716426e-15
1092,302.62676765329655,4.705380968527956e-13,1.5548462566664498e-15
1093,302.76603994186803,4.558036450263173e-13,1.5054648966371293e-15
1094,303.1222154125815,4.622289942292139e-13,1.5248931642970185e-15
1095,303.4603142004973,4.663543265364051e-13,1.5367885180145274e-15
1096,303.76559554881356,4.5116448194834226e-13,1.4852389097363809e-15
1097,303.87691433055716,4.935800070619791e-13,1.6242760926717289e-15
1098,304.1989330690818,4.629455059803958e-13,1.5218511824144483e-15
1099,304.4803786880631,4.4772527039823623e-13,1.4704568889705894e-15
1100,304.7387225490552,4.1864177133899487e-13,1.3737728104822787e-15
1101,304.935126027809,4.496692129887164e-13,1.4746389464744974e-15
1102,305.16612557653843,4.495058972958909e-13,1.4729875291586082e-15
1103,305.44367400044615,4.635273024576268e-13,1.5175541087059794e-15
1104,305.598899819376,4.787048785200817e-13,1.5664483046340148e-15
1105,305.7373873184986,4.842315568342443e-13,1.5838153164100974e-15
1106,305.7583376951997,4.895201533603085e-13,1.6010034494898868e-15
1107,305.8656757807891,5.320871846393068e-13,1.739610642093258e-15
1108,305.95422430120544,4.354461248479286e-13,1.4232394595710537e-15
1109,306.26606389622975,4.615934428537694e-13,1.5071648389034977e-15
1110,306.2822564117456,4.6643693563183e-13,1.5228989791846872e-15
1111,306.3219312335938,4.579932872355553e-13,1.4951371107878677e-15
1112,306.3817646543557,4.2832454081027425e-13,1.3980092493216368e-15
1113,306.4339402050691,4.680357435766071e-13,1.5273626128469717e-15
1114,307.2042739217005,4.5405596344175545e-13,1.4780261929477065e-15
1115,307.50991800877546,4.91696686523478e-13,1.5989620422891411e-15
1116,307.80006801402493,4.462130610833091e-13,1.4496847384159037e-15
1117,307.81850017695444,4.579351392423669e-13,1.487679067304647e-15
1118,308.00897959582215,4.5386758232953833e-13,1.4735530857740442e-15
1119,308.1822503193473,4.478861718506707e-13,1.4533159238942482e-15
1120,308.3516588243329,5.010220457327181e-13,1.624839793769843e-15
1121,308.47201621546026,4.49963242536612e-13,1.45868415572038e-15
1122,308.57774721952063,4.745179878323155e-13,1.5377582865518356e-15
1123,308.9989096695707,4.795516593496702e-13,1.5519525938213852e-15
1124,309.01251543272394,4.578194968166905e-13,1.4815564870425573e-15
1125,309.2014480168954,4.613344657094739e-13,1.492019098449583e-15
1126,309.2425366150321,4.232538586189187e-13,1.3686793002406918e-15
1127,309.31516640444045,4.757243724776816e-13,1.537992391409787e-15
1128,309.4583824653911,4.887129500304046e-13,1.5792525836169934e-15
1129,309.67411901182385,5.256915210199415e-13,1.6975636281696173e-15
1130,309.7163359678832,4.216219163886025e-13,1.36131636412076e-15
1131,309.78361546515436,5.120383577756177e-13,1.652890379650223e-15
1132,309.8532900484454,4.664075030813004e-13,1.5052527052669922e-15
1133,310.1251542737731,4.869104163395039e-13,1.5700448984208094e-15
1134,310.1522932002711,4.845959288691244e-13,1.5624450938888007e-15
1135,310.44385986541215,4.581385599316581e-13,1.4757533298622063e-15
1136,311.0922301097414,4.5088519219192783e-13,1.4493617922661483e-15
1137,311.114860138409,4.892144995763001e-13,1.57245622841242e-15
1138,311.4760362923876,4.828156107301798e-13,1.5500891062995064e-15
1139,311.6636539054764,4.586717216806421e-13,1.4716881995478093e-15
1140,311.6811194307713,4.491117831674475e-13,1.4409335541006407e-15
1141,311.8423651136494,5.221988486231069e-13,1.6745603132941673e-15
1142,311.96215451623107,4.764784631382433e-13,1.5273598295188482e-15
1143,311.9854526475805,4.988660344430438e-13,1.5990041529486443e-15
1144,312.2028600681784,4.763391414392236e-13,1.525735995292296e-15
1145,312.53434177233464,4.961581460820819e-13,1.5875316077857064e-15
1146,313.3200028922109,4.759884003346656e-13,1.5191765477495425e-15
1147,313.36622357540034,4.982503517576011e-13,1.5899937972661403e-15
1148,313.7851406770623,5.022098151553469e-13,1.6004894752878222e-15
1149,314.1166494344677,4.748583438332214e-13,1.5117261204974373e-15
1150,314.4482796132403,4.93679829661939e-13,1.5699873768403085e-15
1151,314.5213443904353,4.785644103982695e-13,1.521564176592725e-15
1152,314.5338165811679,4.9380251821184e-13,1.569950486021621e-15
1153,314.6094387618949,5.336907408658021e-13,1.6963595973664158e-15
1154,314.61859268540627,4.846326727433868e-13,1.5403815413667596e-15
1155,314.73523333607113,4.305940457435411e-13,1.3681151651799884e-15
1156,314.771832036586,5.245741787482882e-13,1.6665219862726373e-15
1157,314.9287115550106,4.611170230484663e-13,1.4641949308833346e-15
1158,315.2079794628609,4.553288111915614e-13,1.4445345323030126e-15
1159,315.3881535955405,4.2782632603188374e-13,1.3565072789022254e-15
1160,315.65105171587146,4.404756020124157e-13,1.3954510831438736e-15
1161,315.6603241585017,4.943379393701895e-13,1.5660439451426558e-15
1162,315.70271396441996,4.750273588068836e-13,1.5046666936807509e-15
1163,315.78032725489226,4.4010475352815955e-13,1.393705419694859e-15
1164,316.1388329651319,4.850581071969493e-13,1.534319914600457e-15
1165,316.2445944396935,4.559097399524544e-13,1.4416364673685968e-15
1166,316.3638381129288,4.601195661754997e-13,1.4544000000760392e-15
1167,316.41220871748334,4.662633621296481e-13,1.4735947263841615e-15
1168,316.53302800514325,5.111748124665455e-13,1.6149177723666788e-15
1169,316.57655814026475,4.5363363427650183e-13,1.4329350124386391e-15
1170,316.7375953703829,4.700390896609849e-13,1.4840015726940659e-15
1171,316.74754123203235,4.624143064705095e-13,1.4598828602485328e-15
1172,317.0111879493305,4.905412717200414e-13,1.5473941941709864e-15
1173,317.12902801252534,4.943683821340634e-13,1.5588871987919626e-15
1174,317.3319246490838,4.783377231721579e-13,1.5073734661305182e-15
1175,317.3919294286795,4.5245128516606713e-13,1.4255286389307406e-15
1176,317.478417531085,4.6927354718749e-13,1.4781273978775028e-15
1177,317.78592398499813,5.218621565709631e-13,1.642181472441803e-15
1178,318.1380680401841,4.848629292573886e-13,1.5240644800676461e-15
1179,318.2017479480106,5.030224680126997e-13,1.5808287391774038e-15
1180,318.7495574530853,4.657980654161887e-13,1.4613292929347722e-15
1181,319.316753938991,4.741050663554761e-13,1.4847484840900616e-15
1182,319.5489762395138,4.888647446965464e-13,1.5298585852145684e-15
1183,319.57474093022887,4.603552607996023e-13,1.4405245529092342e-15
1184,319.5834475119931,4.4108586914109445e-13,1.3801899709606885e-15
1185,319.6638474964312,4.766158588103803e-13,1.4909908096995592e-15
1186,319.73307387520447,4.404668064191642e-13,1.3776078936115428e-15
1187,319.86161899819496,4.845168531731106e-13,1.5147702143527411e-15
1188,320.08596480724856,4.747024003596309e-13,1.4830465954528505e-15
1189,320.32404497407373,4.78410964437114e-13,1.4935218630741114e-15
1190,320.40390685250054,4.749774442499932e-13,1.4824333726637463e-15
1191,320.53204576634636,4.675049392061937e-13,1.4585279237477056e-15
1192,320.70740578642733,4.72192070184969e-13,1.4723453891782649e-15
1193,320.7570785797682,4.899396865913248e-13,1.5274477768679485e-15
1194,321.0680618166223,4.615806160034337e-13,1.437641020386092e-15
1195,321.2714263867469,4.621186254335394e-13,1.4384056205398128e-15
1196,321.4020912155268,4.726345862643989e-13,1.4705398601388007e-15
1197,321.42367309687376,4.767312134903568e-13,1.483186377957528e-15
1198,321.4435342843615,4.584032864703958e-13,1.426077172436993e-15
1199,321.85154114513966,4.726204260429318e-13,1.4684423270473094e-15
1200,322.0040869631223,4.844768776715887e-13,1.5045674799993259e-15
1201,322.05365806116725,5.110934368359893e-13,1.5869822436201547e-15
1202,322.35192225101014,5.132292875792633e-13,1.5921396838441067e-15
1203,322.39949686632156,4.756285400972587e-13,1.4752769303931992e-15
1204,322.92069504038506,5.022606160206702e-13,1.555368310965194e-15
1205,323.1303421661647,4.8473647744824e-13,1.5001267729880096e-15
1206,323.1661643069812,4.634142420251515e-13,1.4339813173787158e-15
1207,323.17281442955687,4.630486026142204e-13,1.4328204042520193e-15
1208,323.2607686552427,4.91276705008792e-13,1.5197535632068551e-15
1209,323.57453987012093,4.3748546211419996e-13,1.3520392002714477e-15
1210,323.6794965204489,4.698016089473807e-13,1.4514407430737597e-15
1211,324.22985423131985,4.2406968634677967e-13,1.3079291768247525e-15
1212,324.3253573234598,4.913088088378957e-13,1.5148640022861305e-15
1213,324.34469106156035,5.174770041512219e-13,1.5954539057123187e-15
1214,324.5257961579103,4.693977718525291e-13,1.446411278886828e-15
1215,324.64766990161775,4.739824630776789e-13,1.4599903434431426e-15
1216,324.9907971907305,4.779259368807139e-13,1.4705829857706059e-15
1217,325.3105751847155,4.993263985683753e-13,1.534922122604995e-15
1218,325.32552180695205,4.66687012464533e-13,1.4345232119276052e-15
1219,325.64329109704863,4.590152357513735e-13,1.409564539791416e-15
1220,325.6547061701954,4.823062676073206e-13,1.4810357672376309e-15
1221,325.72996093337883,4.609384426452808e-13,1.4150937829742839e-15
1222,325.8571439153833,4.702797657826333e-13,1.4432083953474803e-15
1223,326.1319386354936,4.487987970305765e-13,1.3761264809215248e-15
1224,326.3078711164419,4.59811439751354e-13,1.4091337673778386e-15
1225,326.39982558985395,4.63546829308445e-13,1.4201809957181982e-15
1226,326.77350249077904,5.144170696485715e-13,1.5742312816905568e-15
1227,326.7954627994844,5.001076336059222e-13,1.5303383630903678e-15
1228,326.8134764405676,5.004089413340918e-13,1.5311759685806384e-15
1229,327.47037304970905,5.065254307738571e-13,1.5467824647971072e-15
1230,327.5355642968799,5.01207215679183e-13,1.5302375384948617e-15
1231,327.5967466189995,4.71435736771686e-13,1.4390733169275752e-15
1232,327.61780694321635,5.181207304876667e-13,1.5814791488958012e-15
1233,327.657969445497,4.850221921457012e-13,1.4802697854916066e-15
1234,327.7772888191924,4.717326278309222e-13,1.4391864351869055e-15
1235,327.80478626906176,5.149352926062904e-13,1.5708595913655517e-15
1236,327.98475365821747,4.950723297029554e-13,1.5094370216331904e-15
1237,328.3263819047899,4.796478832400924e-13,1.4608874268872602e-15
1238,328.3826539940725,4.955653718153536e-13,1.5091094666172557e-15
1239,328.41950507900253,5.368442519651493e-13,1.634629623584657e-15
1240,328.5247272438231,5.709911778498454e-13,1.738046273229441e-15
1241,328.67779846730326,4.51315158250842e-13,1.3731233455847145e-15
1242,329.0173428724584,4.779160275683688e-13,1.4525557327646102e-15
1243,329.12081454351556,4.897109181600689e-13,1.4879366376122059e-15
1244,329.8114824995907,4.2078349031645915e-13,1.2758303232119318e-15
1245,329.8733683742757,4.763755205422241e-13,1.4441163373992849e-15
1246,329.99940686633397,4.2588347034678304e-13,1.290558290364706e-15
1247,330.1932849800371,4.770508579912325e-13,1.4447624457901201e-15
1248,330.6363896567311,5.298868764896343e-13,1.602627215473065e-15
1249,331.1042405696127,4.966613482417254e-13,1.5000150628916674e-15
1250,331.14249340902074,6.272946191556316e-13,1.8943344078188404e-15
1251,331.20492230771055,4.978862604900572e-13,1.5032574305386955e-15
1252,331.29694039034285,4.4839188206652076e-13,1.353444078107735e-15
1253,331.32208316100866,4.52893324137999e-13,1.3669276729674304e-15
1254,331.7595552620562,5.102718944632349e-13,1.5380774611304627e-15
1255,331.8151835985772,4.615690831657942e-13,1.391042682736877e-15
1256,332.1281923466748,4.756374758486785e-13,1.432090038752895e-15
1257,332.17039966206266,5.16980027676471e-13,1.5563699480821485e-15
1258,332.9990534093391,4.85576118386253e-13,1.4581906867745911e-15
1259,333.0117686066061,4.682094452569681e-13,1.4059846810100995e-15
1260,333.0362756204104,4.722587795076594e-13,1.4180400577321273e-15
1261,333.06001614128274,4.494231217835353e-13,1.3493757881549246e-15
1262,333.09124240823536,4.591324029157764e-13,1.378398301907516e-15
1263,333.1231800865817,4.802098235790463e-13,1.4415383026009642e-15
1264,333.2209400880255,4.327328012284921e-13,1.2986362775225922e-15
1265,333.2857419719052,4.810011099954764e-13,1.4432093828845012e-15
1266,333.54809622738236,5.017086561125221e-13,1.504156857098364e-15
1267,333.59134757526994,5.269132021261768e-13,1.5795169927400072e-15
1268,333.82505392454334,4.867010922998253e-13,1.4579525610137025e-15
1269,333.8985286610377,5.137155314007119e-13,1.538537870953658e-15
1270,333.911322867421,5.20937398478901e-13,1.5601070188498473e-15
1271,334.813404023322,4.960117228569513e-13,1.4814571844991032e-15
1272,334.8407502422725,5.135899386048704e-13,1.533833436441845e-15
1273,334.9760847671051,4.679246484870124e-13,1.3968897177013127e-15
1274,335.1785082832104,5.129684806097844e-13,1.5304336881180629e-15
1275,335.27101860481577,4.876215098550506e-13,1.4544099632715658e-15
1276,335.4980057724339,5.387388622332631e-13,1.6057885679317156e-15
1277,335.5110273715115,4.920300108022037e-13,1.4665092073333813e-15
1278,335.56055743819945,4.3213794766411293e-13,1.2878091244192198e-15
1279,335.7731940579088,5.009805256820981e-13,1.4920206095895105e-15
1280,335.8402671494312,4.867568466786003e-13,1.4493701151744831e-15
1281,335.8609556591641,4.819290010207314e-13,1.4349062994681612e-15
1282,336.0614326014248,4.866173546201826e-13,1.4480011908933326e-15
1283,336.2460013966207,4.989759467991389e-13,1.4839609831094147e-15
1284,336.3255463748874,5.095134307755169e-13,1.5149412117733827e-15
1285,336.38129839834386,5.095239560434965e-13,1.5147214142687459e-15
1286,336.58883664310304,5.018932130111315e-13,1.4911166336253348e-15
1287,336.6266366556451,4.993859713793387e-13,1.483501057256469e-15
1288,336.7265516586615,4.943439285957591e-13,1.4680871649731792e-15
1289,336.80818780406514,4.611641856163158e-13,1.3692190460779224e-15
1290,336.955128850573,4.79128152828943e-13,1.4219345895204297e-15
1291,337.0624741977852,4.977108239241942e-13,1.4766129783766497e-15
1292,337.154125799591,4.506815766465823e-13,1.3367227097629336e-15
1293,337.1675061987423,5.454311445578268e-13,1.6176859707125045e-15
1294,337.206013578651,4.801263273982836e-13,1.4238367883860333e-15
1295,337.42782526079145,4.984729162759558e-13,1.4772727053280081e-15
1296,338.22918427195384,5.232469801688193e-13,1.5470190169873146e-15
1297,338.9694084953058,4.898852273981634e-13,1.4452195835983458e-15
1298,339.1945803000389,5.037315984566065e-13,1.4850815069362967e-15
1299,339.27473942998665,4.738230230667323e-13,1.3965761903252785e-15
1300,339.3002888934766,5.0658680745865e-13,1.4930338229617394e-15
1301,339.3643068819624,4.819902705174327e-13,1.4202739084316207e-15
1302,339.4225022890941,5.21065499369624e-13,1.5351530787013653e-15
1303,339.4820340707576,4.732836125085862e-13,1.3941344902214782e-15
1304,339.5003014626055,4.980264947494779e-13,1.4669397717879004e-15
1305,339.5549671559755,4.806273889154109e-13,1.4154626950123025e-15
1306,339.60761608363043,5.260183504679845e-13,1.5489003354343185e-15
1307,339.7315714437483,5.075297003561712e-13,1.4939138514543575e-15
1308,340.0513540315582,4.825461763571213e-13,1.4190391264030635e-15
1309,340.08091675728275,4.995713477034999e-13,1.4689778905178797e-15
1310,340.13686759464025,5.022069782645425e-13,1.476484986223399e-15
1311,340.50908487961107,5.160125726163746e-13,1.5154149934026393e-15
1312,340.81361763612614,4.866233828155658e-13,1.427828459997497e-15
1313,340.8862310577901,4.761140598432461e-13,1.396694898370744e-15
1314,341.2582755872452,5.519394426831908e-13,1.6173657378224765e-15
1315,341.27237083163664,5.31513491450949e-13,1.5574465936276042e-15
1316,341.4008089980772,4.4202260251538097e-13,1.2947321472746436e-15
1317,341.53872750892833,4.753714242398249e-13,1.3918521852764061e-15
1318,341.9139434851005,4.919446468941271e-13,1.4387966804739698e-15
1319,342.32022700341076,5.892420668405768e-13,1.7213182872617861e-15
1320,342.35276279772864,5.097472212550983e-13,1.4889531402913519e-15
1321,342.4061615155476,5.464183244614966e-13,1.595819193331559e-15
1322,342.93367763808754,5.100703655476556e-13,1.487373211813727e-15
1323,343.126356712778,4.676719564889342e-13,1.362972990385609e-15
1324,343.1801402726662,5.007740244029396e-13,1.4592162122349522e-15
1325,343.6131277175686,5.149170633582026e-13,1.4985372263816317e-15
1326,344.4110951450245,5.765302410368009e-13,1.6739595476563721e-15
1327,344.6434596978526,5.53595054819327e-13,1.6062833610847026e-15
1328,344.8330912057254,5.221935629120488e-13,1.5143371568145447e-15
1329,345.3107339870984,4.940027472611611e-13,1.4306035076211043e-15
1330,345.4898791151948,5.115229935301527e-13,1.4805730195054378e-15
1331,345.55466563082155,4.853719243085063e-13,1.4046169031532063e-15
1332,345.8021810929377,4.985305467578902e-13,1.4416639744209865e-15
1333,345.81516756756866,4.626484454871778e-13,1.337848911432669e-15
1334,346.10917966029547,4.797141073250069e-13,1.386019601663972e-15
1335,346.15951894576676,5.019043408315647e-13,1.449922112094796e-15
1336,346.24972716828603,5.278564442865222e-13,1.5244963471984795e-15
1337,346.25651692358105,4.743814738734268e-13,1.3700290122716246e-15
1338,346.2765889964779,5.050140726257273e-13,1.4584124040532927e-15
1339,346.3623655240673,5.290451373602826e-13,1.5274325100528898e-15
1340,346.4000148671569,5.06938242295147e-13,1.463447518873681e-15
1341,346.4322468947923,5.057111403665474e-13,1.4597692475207898e-15
1342,346.5659474773914,4.730643066255375e-13,1.3650051601114055e-15
1343,346.9766963994202,4.600478694574112e-13,1.3258754095918586e-15
1344,347.03921044839154,4.590968386902398e-13,1.3228961594773812e-15
1345,347.1452981385865,5.037784891748531e-13,1.4512035504330404e-15
1346,347.1799011001172,5.01798646777094e-13,1.4453562697236582e-15
1347,347.2331275266063,5.266277636815359e-13,1.5166403258605667e-15
1348,347.3342707945961,4.951015892279475e-13,1.4254325900387091e-15
1349,347.51744969700144,4.5217542423761673e-13,1.3011589047740365e-15
1350,347.62041249402046,4.910229309383755e-13,1.4125261730618934e-15
1351,347.6556613980868,4.889604246374444e-13,1.4064503442029528e-15
1352,347.97536826651356,4.90860581467012e-13,1.4106187570468007e-15
1353,347.98316529109474,4.917621941476446e-13,1.413178116637556e-15
1354,348.26243794821187,4.494378023027512e-13,1.2905147191601082e-15
1355,348.56153666339503,5.047094746288536e-13,1.4479781087155643e-15
1356,348.6036756408773,5.166301880400472e-13,1.4819986825734633e-15
1357,348.7123596292947,4.922128382256626e-13,1.4115153209622933e-15
1358,348.74055299870327,4.690781554438806e-13,1.3450634043286178e-15
1359,348.8602291053429,4.860216875756112e-13,1.3931702356041583e-15
1360,348.89220440397014,5.062939411665329e-13,1.4511471875144358e-15
1361,349.11314508298943,4.789214977258762e-13,1.3718231595433893e-15
1362,349.55949760187957,4.925380535591111e-13,1.4090249497957362e-15
1363,349.5778085160803,5.025944305224698e-13,1.4377183513333652e-15
1364,349.6498553378375,5.376730798832783e-13,1.5377471824313203e-15
1365,350.06522900875456,4.967743207369106e-13,1.419090728158229e-15
1366,350.1525281075322,5.279894550153323e-13,1.5078841722747356e-15
1367,350.22553779939506,4.74224246498098e-13,1.3540538747626332e-15
1368,350.659254653356,5.053224478830581e-13,1.441064056280489e-15
1369,350.7160928453684,4.5474523913884147e-13,1.2966192553340852e-15
1370,351.06639206600886,5.299945504350939e-13,1.5096704281947966e-15
1371,351.1367214706107,4.968325853407274e-13,1.414926309216312e-15
1372,351.3766654072182,4.727790990616079e-13,1.3455051106301945e-15
1373,351.41915480401303,4.815410414161013e-13,1.3702754526418955e-15
1374,351.6962352834946,5.50355362142095e-13,1.5648599755367458e-15
1375,351.73443710244044,4.80133773375777e-13,1.365046247194559e-15
1376,352.0900423737,5.170622170441797e-13,1.4685510943685882e-15
1377,352.10760874372437,4.983030369558676e-13,1.4152009913496333e-15
1378,352.234956281316,4.899448909114473e-13,1.3909604432336575e-15
1379,352.28245533414884,4.937178020342774e-13,1.4014828004022328e-15
1380,352.42880349964224,5.191516344268752e-13,1.473068118359407e-15
1381,352.53967506245306,5.319081743689569e-13,1.5087895405665428e-15
1382,352.567390285393,4.864304394034571e-13,1.3796807441825686e-15
1383,352.9433073959925,4.766254555757273e-13,1.3504306374081967e-15
1384,353.0079124903325,4.921549807030254e-13,1.3941754937759466e-15
1385,353.14924728716045,5.070135620006976e-13,1.43569203642794e-15
1386,353.57286776896086,5.14166073559324e-13,1.4542011574691907e-15
1387,353.57622288719523,5.038757146913943e-13,1.425083707769995e-15
1388,353.709375686047,5.144821543766889e-13,1.4545335513903486e-15
1389,353.85724162698887,4.84342830109676e-13,1.368752064766943e-15
1390,354.16014521013676,4.927739217594829e-13,1.391387281782091e-15
1391,354.21356279060205,5.165555566536022e-13,1.4583167075366075e-15
1392,354.4336232004365,5.144400222856306e-13,1.4514424947621534e-15
1393,354.58155746627784,4.750701647194329e-13,1.339805059558446e-15
1394,354.6287650833159,5.06762553312033e-13,1.4289944956748645e-15
1395,354.73086168051873,5.971705140511618e-13,1.6834467438837941e-15
1396,354.89660478572233,5.012263103412326e-13,1.4123164425420765e-15
1397,355.1071824046293,5.002271279621538e-13,1.408665193913669e-15
1398,355.4460203861889,4.861300914780132e-13,1.3676622147853484e-15
1399,355.4516517983967,5.309177020896122e-13,1.493642523261463e-15
1400,355.5041902889367,5.373704012704929e-13,1.5115726226285661e-15
1401,356.01291054290317,4.905947838090088e-13,1.378025260547081e-15
1402,356.32254134925,5.834536260430595e-13,1.6374311426769563e-15
1403,356.3410439084303,5.143840794921154e-13,1.4435162277413592e-15
1404,356.5023012885042,5.210552268122996e-13,1.461576054149027e-15
1405,356.5122229630261,5.53575032003414e-13,1.5527519011902863e-15
1406,356.5413867700971,5.655468435262474e-13,1.5862025125596988e-15
1407,356.57196383367864,4.860454466274171e-13,1.3631061775067955e-15
1408,356.6462616820319,5.08657560142802e-13,1.4262242866190362e-15
1409,356.7858136916041,5.331201471631091e-13,1.4942302263842911e-15
1410,356.8552484336034,5.30520858397284e-13,1.4866556137985256e-15
1411,356.86921184872733,5.471248319264635e-13,1.5331242196325505e-15
1412,356.9632918745629,5.140941234912549e-13,1.4401876472830933e-15
1413,357.07315979582347,5.057152050032395e-13,1.4162789644912277e-15
1414,357.367554742187,5.191805023329521e-13,1.452791378074321e-15
1415,357.5905702965752,5.061502152569921e-13,1.4154462038448213e-15
1416,357.67117641915434,5.487471764975022e-13,1.5342225280530466e-15
1417,358.14655382422956,4.817247196685991e-13,1.345049155226603e-15
1418,358.1614295741574,5.109467469093373e-13,1.4265822746933883e-15
1419,358.38735296375836,5.654911484968096e-13,1.5778769641851576e-15
1420,358.57883572138934,4.632928133175858e-13,1.292024980742471e-15
1421,358.5865118543251,5.176064832295267e-13,1.4434633376277215e-15
1422,358.7646487278148,5.271745723729744e-13,1.4694161597090013e-15
1423,358.7784642819428,5.269352545976901e-13,1.46869254165602e-15
1424,359.0171166036265,5.056502900115286e-13,1.4084294776669178e-15
1425,359.334405630262,5.571474658259372e-13,1.5504985247619607e-15
1426,359.4014564585177,5.307257271948988e-13,1.4766933123326265e-15
1427,359.9907982072303,5.43661576505819e-13,1.5102096476167644e-15
1428,360.03481920929977,4.989931002284218e-13,1.385957895195523e-15
1429,360.0585168468433,4.616763677169774e-13,1.282225933051207e-15
1430,360.2569153495579,5.058697330615082e-13,1.4041915963519032e-15
1431,360.2857782018899,5.95748186088222e-13,1.653543442823292e-15
1432,360.48697259982634,5.341036869440031e-13,1.4816171666123072e-15
1433,360.85052870221756,5.159128945865767e-13,1.429713561573635e-15
1434,361.2490111050078,4.937376743846241e-13,1.3667516289507697e-15
1435,361.3256003806026,5.227910648072558e-13,1.4468697049325412e-15
1436,361.3510127029911,4.897342372791758e-13,1.3552867435346252e-15
1437,361.6414142347628,5.061850256810574e-13,1.3996876622998237e-15
1438,361.76094179474643,5.432087899867411e-13,1.5015683763200267e-15
1439,361.8999507041504,5.221432746803136e-13,1.4427834921347102e-15
1440,362.39140491427736,5.279332592087871e-13,1.4568040302547137e-15
1441,362.4818753331798,5.182483915943606e-13,1.4297222202296487e-15
1442,362.6729254516059,5.186259941735107e-13,1.4300102317472682e-15
1443,362.8183454127309,4.765778205657949e-13,1.3135438893632977e-15
1444,363.71028668489663,5.870512136035268e-13,1.614062717209105e-15
1445,363.7404808164742,5.140044508057351e-13,1.4131076355647004e-15
1446,363.8921382898206,4.976604900138394e-13,1.3676044015479101e-15
1447,363.9205195537319,4.858066971556566e-13,1.3349252681640243e-15
1448,363.9526146090172,4.983916036005962e-13,1.3693859683794348e-15
1449,364.0102202375927,5.213753119056888e-13,1.4323095422029153e-15
1450,364.5780387886641,5.348746516966212e-13,1.4671060645171592e-15
1451,364.7379598907616,5.080310314338377e-13,1.392865803126146e-15
1452,365.4401432014055,5.614836770232964e-13,1.536458671738877e-15
1453,365.57720812335725,5.445234600995578e-13,1.489489629002852e-15
1454,365.6065192367589,4.981715213566752e-13,1.3625892732893802e-15
1455,365.87278977037954,4.988305150842153e-13,1.3633987796613123e-15
1456,365.9748353531011,5.768394882853934e-13,1.5761725467513226e-15
1457,366.27417452769026,4.589079453681931e-13,1.2529082782316113e-15
1458,366.69819488069925,5.373670902672292e-13,1.4654206041075687e-15
1459,366.7842751209831,5.610799893114587e-13,1.5297274920697935e-15
1460,366.9993924336531,5.018826934871863e-13,1.3675300391074017e-15
1461,367.07029782049153,5.12619264135443e-13,1.3965152374876414e-15
1462,367.1089279944422,5.25290418573683e-13,1.4308843466254125e-15
1463,367.22988559370225,5.048853372148351e-13,1.37484817282391e-15
1464,367.2393167263332,4.706790875931706e-13,1.2816685636737547e-15
1465,367.3002317257842,5.103814711506223e-13,1.3895484594511729e-15
1466,367.32385218028344,5.290986386305983e-13,1.4404145973371624e-15
1467,367.3553024135614,5.113013866967125e-13,1.3918443080511177e-15
1468,367.38424182106024,4.4986453079216614e-13,1.2245068774922554e-15
1469,367.6570863689383,5.046338531889222e-13,1.3725666440236373e-15
1470,367.7390028230716,5.250528706306126e-13,1.4277867362446421e-15
1471,367.8009290845032,4.835237657068321e-13,1.314634432573011e-15
1472,367.8212668676036,5.185422856651874e-13,1.4097670047225288e-15
1473,367.8520101562155,4.747482161842215e-13,1.2905956827111273e-15
1474,368.2978671862177,5.587492625315721e-13,1.5171124036106866e-15
1475,368.3355016732266,5.043781262816268e-13,1.3693443178580493e-15
1476,368.65877791098615,4.607146009941074e-13,1.2497046824837803e-15
1477,368.694499875453,5.11519922986121e-13,1.3873814856443891e-15
1478,368.7290079745372,4.9422379795429e-13,1.3403442291375648e-15
1479,368.84033860324934,5.140168810722819e-13,1.393602671060322e-15
1480,368.85130434048256,5.225807908796169e-13,1.4167790237695033e-15
1481,369.0812191692117,5.150788985785227e-13,1.3955706002541836e-15
1482,369.5929789140759,5.321814788326595e-13,1.439912306765932e-15
1483,369.8070048169668,5.392721533876051e-13,1.4582529437334856e-15
1484,369.847946523328,4.848735765453012e-13,1.3110078914949931e-15
1485,369.87180387082265,5.422311636891613e-13,1.4659975646008825e-15
1486,369.8909114934621,4.704424471172309e-13,1.2718410550229107e-15
1487,369.9427872411403,5.246565492707794e-13,1.4182099702049114e-15
1488,370.14200312063946,5.478237786262954e-13,1.4800367804994685e-15
1489,370.2184355846375,4.886882661304082e-13,1.3199998140521737e-15
1490,370.7020084612501,5.158434069923101e-13,1.3915311900616039e-15
1491,370.84508077771454,4.927954759537168e-13,1.3288445809238053e-15
1492,370.9843274767583,4.9085508739303e-13,1.323115428437557e-15
1493,371.1312050733426,4.90297165386737e-13,1.321088495616651e-15
1494,371.33442174163883,4.998056870359302e-13,1.3459718727171408e-15
1495,371.46965348278314,5.300498492827722e-13,1.4268994635583035e-15
1496,371.6516720727526,5.210481568993413e-13,1.4019798538598895e-15
1497,371.73363073686835,5.08135685385343e-13,1.3669349323549013e-15
1498,372.02956039744043,5.128910994478068e-13,1.3786299639735175e-15
1499,372.1381031974573,4.829338341443139e-13,1.297727456540692e-15
1500,372.1668997250421,5.071874351932892e-13,1.362795658528474e-15
1501,372.18257665971777,5.5192870797047e-13,1.4829514936565447e-15
1502,372.2678360666597,5.255016593709939e-13,1.411622515991136e-15
1503,372.3522281563863,5.616549578591276e-13,1.5083969300788902e-15
1504,372.3719721141693,5.453600808967879e-13,1.4645572753514876e-15
1505,372.3883779253816,5.397159646005634e-13,1.4493362215206153e-15
1506,372.9031464490926,5.51154401371307e-13,1.4780095223641363e-15
1507,373.4932382155787,5.22585295958956e-13,1.3991827494807872e-15
1508,373.5937390696918,5.646396332543058e-13,1.5113733829168252e-15
1509,373.72853479167986,5.14254518201268e-13,1.3760108483231518e-15
1510,373.9518527848251,5.535762581704051e-13,1.4803409959007138e-15
1511,373.99497647499146,5.427768848546306e-13,1.4512945868162626e-15
1512,374.3477128577994,5.085160545897157e-13,1.358405667040583e-15
1513,374.3778310814009,5.332755432401298e-13,1.42443141384667e-15
1514,374.4085748508,5.514734459586724e-13,1.4729188458849585e-15
1515,374.4565923921292,4.883839076456312e-13,1.3042470544468286e-15
1516,374.46688498940557,4.810880679655238e-13,1.2847279352328706e-15
1517,374.65722810482487,5.137502346356404e-13,1.3712540319438302e-15
1518,374.70039093788586,5.430192339149881e-13,1.4492091469555058e-15
1519,375.009060591089,5.244303425028582e-13,1.3984471246541391e-15
1520,375.06638123800514,4.852159435817891e-13,1.2936801799729595e-15
1521,375.1419552532666,5.139427671601698e-13,1.3699954376289255e-15
1522,375.2950222076626,4.970699489000186e-13,1.3244778627118963e-15
1523,375.3426729560518,5.403083678462776e-13,1.439506900696957e-15
1524,375.4485010299506,5.000363953672269e-13,1.331837506330429e-15
1525,376.10505481776204,5.023655684488617e-13,1.3357054419071233e-15
1526,376.1603157770821,5.170216390212481e-13,1.3744715147667052e-15
1527,376.1698613146033,5.832128347732242e-13,1.5503975590576727e-15
1528,376.5248646347474,5.092464482971696e-13,1.3524908873977562e-15
1529,376.5867824818769,4.984483182380215e-13,1.3235948297309377e-15
1530,376.6380444755457,5.827188702231677e-13,1.5471588140666506e-15
1531,376.860893695295,4.834405105034449e-13,1.2828089053313216e-15
1532,377.0471896725563,5.326076470177204e-13,1.4125755650910947e-15
1533,377.28922015866493,6.041954505951443e-13,1.6014119097838428e-15
1534,377.30338657916917,5.758613157971267e-13,1.5262553591638496e-15
1535,377.35648845014686,5.859815320608861e-13,1.5528592988226861e-15
1536,377.5834424827163,5.050990689893728e-13,1.3377150906517662e-15
1537,377.7361306433735,5.535788066306115e-13,1.4655172267681585e-15
1538,378.0485105207762,5.166110322518566e-13,1.3665204805071321e-15
1539,378.19316729976913,5.133403597191262e-13,1.3573496406195904e-15
1540,378.6252884044797,5.006625367238236e-13,1.3223166863301887e-15
1541,378.7116212744355,5.010799759507396e-13,1.3231175063086569e-15
1542,378.7776824769466,5.205144720511064e-13,1.3741951971597118e-15
1543,378.90593786546793,5.429864997896334e-13,1.4330377160318424e-15
1544,378.96004705438406,5.298553781883914e-13,1.3981826905155321e-15
1545,379.19006769627333,5.368743417101358e-13,1.4158449480806697e-15
1546,379.49586185247796,5.259212507689628e-13,1.385841859254331e-15
1547,379.5396340265166,5.288778470306678e-13,1.3934719845193236e-15
1548,379.54569708709846,5.401341003600839e-13,1.4231068999212852e-15
1549,379.729097496135,6.313324579547739e-13,1.6625864652397353e-15
1550,379.7465322735298,4.832769077859885e-13,1.2726302065028109e-15
1551,379.7549928123114,5.443624537795858e-13,1.433457002759222e-15
1552,379.8105614074797,5.199111067515937e-13,1.3688695354466649e-15
1553,379.8314530208062,5.031877817388331e-13,1.3247659658961148e-15
1554,379.88019535101245,4.89425416309083e-13,1.2883678125332377e-15
1555,379.97207329644567,4.954413573532535e-13,1.3038888701873659e-15
1556,380.0560610029592,4.834797596295598e-13,1.2721274812817557e-15
1557,380.374647704101,4.924703077850384e-13,1.2946980319470141e-15
1558,380.6148398188403,5.525411724720146e-13,1.4517068560306407e-15
1559,380.8949199084957,4.963592973722926e-13,1.3031397149941918e-15
1560,380.90736482220495,5.619346440145338e-13,1.4752527672360086e-15
1561,381.2488072168581,5.753202239855753e-13,1.5090413742811463e-15
1562,381.32329521152826,5.250592849038891e-13,1.3769399653714504e-15
1563,382.2128656206903,5.36523501007829e-13,1.4037295686960921e-15
1564,382.3299986751857,5.222722663409733e-13,1.366024816652375e-15
1565,382.33748234123686,4.735429696682044e-13,1.2385470730425706e-15
1566,382.41478337496494,5.541672269687686e-13,1.44912605647203e-15
1567,382.5993596317309,5.523313446744274e-13,1.4436285131424976e-15
1568,382.63322000232193,5.212286582438801e-13,1.3622148600707413e-15
1569,382.6838658185755,5.751376725022937e-13,1.5029054628996498e-15
1570,382.70310765711224,4.930035693864985e-13,1.2882141783604521e-15
1571,382.7410454960284,5.378418207537794e-13,1.4052368489947087e-15
1572,383.7160530337237,5.268337690724943e-13,1.372978182453556e-15
1573,383.81344016238086,5.119083700627782e-13,1.3337426897979496e-15
1574,384.261149384897,5.227136812278925e-13,1.3603084310360865e-15
1575,384.5710982384192,5.124556096781577e-13,1.3325380196939682e-15
1576,384.59233925229023,5.537429514426255e-13,1.4398179446818713e-15
1577,384.8287828097378,5.301824697793931e-13,1.377710019267242e-15
1578,385.3562008953776,5.373017901615605e-13,1.3942990638612702e-15
1579,385.44504034602517,5.282366735628904e-13,1.370459127165515e-15
1580,385.45476143062353,4.965951687903447e-13,1.2883358009308828e-15
1581,385.46914478349214,5.415393016190021e-13,1.4048836565717095e-15
1582,385.59786856608025,4.858117157839519e-13,1.2598921191928163e-15
1583,385.65525584126584,5.305054004060294e-13,1.3755948930315714e-15
1584,385.66114124585897,5.426119142283224e-13,1.406965483936084e-15
1585,385.69844294453833,5.777784393398367e-13,1.4980056308469945e-15
1586,385.93923135265567,5.31417100790035e-13,1.376945015222999e-15
1587,386.08660737803626,5.296426808357686e-13,1.3718234994801815e-15
1588,386.15393869497484,5.30251990824736e-13,1.3731621969641102e-15
1589,386.1644405137107,5.549653063473737e-13,1.437121723608494e-15
1590,386.3165015967792,5.48576290945232e-13,1.4200177540378867e-15
1591,386.6158443678824,5.031335760573156e-13,1.3013785735552041e-15
1592,386.7616012827332,5.378752279880848e-13,1.3907151749402431e-15
1593,387.0517825405932,5.347726659908397e-13,1.381656641601318e-15
1594,387.10558434153137,4.915189111891945e-13,1.2697282887956026e-15
1595,387.2159165308786,5.344000427608484e-13,1.3801086679199889e-15
1596,387.39744993036584,5.236727483915429e-13,1.3517712842086915e-15
1597,387.905328046021,5.342867860146763e-13,1.3773638756291811e-15
1598,388.08818521737646,5.831065251992092e-13,1.5025103762759456e-15
1599,388.22437760103776,5.277164068850214e-13,1.359307754309375e-15
1600,388.4352584472229,5.341396165593213e-13,1.3751059023183276e-15
1601,388.47502710703964,4.783378108552588e-13,1.2313219061143371e-15
1602,388.98015723516534,5.145754773667801e-13,1.322883617057319e-15
1603,389.0775280916722,4.958001515403283e-13,1.274296549513162e-15
1604,389.20924623846264,5.258824949149502e-13,1.3511562225136602e-15
1605,389.27912026331074,5.078417573097558e-13,1.3045697312669854e-15
1606,389.31194436961323,5.322973141435363e-13,1.3672771201650381e-15
1607,389.3343005804013,5.133297294057729e-13,1.3184806184313199e-15
1608,389.3370395223054,4.928564224215231e-13,1.2658862948827836e-15
1609,389.348233558202,4.787887326661514e-13,1.2297185177663822e-15
1610,389.373178711093,5.521034436401037e-13,1.4179287989678234e-15
1611,389.6783886525528,5.348717667391055e-13,1.3725979739051189e-15
1612,389.8884403181622,5.140588728088809e-13,1.3184768247793943e-15
1613,389.95566882022814,5.413205886178495e-13,1.3881593009163343e-15
1614,390.0361843573539,5.299929153420974e-13,1.3588301203780472e-15
1615,390.9771435102932,5.391412133295841e-13,1.3789583925265701e-15
1616,391.2422257052115,5.808993620231435e-13,1.4847563065977253e-15
1617,391.28756907825226,5.346596453708705e-13,1.3664110174273022e-15
1618,391.29362393355814,5.15592072986863e-13,1.3176602976653943e-15
1619,391.618228876367,5.497681457479281e-13,1.403836964702398e-15
1620,391.647409139027,5.837268833592464e-13,1.4904397928802208e-15
1621,391.8759709424798,4.961302313664819e-13,1.2660389208689314e-15
1622,391.8845599427138,5.382155002680959e-13,1.3734031785961994e-15
1623,391.98764353195105,5.545826571238264e-13,1.4147962729815543e-15
1624,392.39814782096636,5.076516604355191e-13,1.2937157406439586e-15
1625,392.4016414468507,5.244531863334576e-13,1.3365213876264907e-15
1626,392.44442591695093,5.050430279380582e-13,1.2869160436105554e-15
1627,392.5019591268188,5.763649588334079e-13,1.4684384254173423e-15
1628,392.78612885514605,5.451160343431208e-13,1.3878189536172542e-15
1629,392.8156006067645,5.913261353404559e-13,1.5053529809586513e-15
1630,392.992318286307,5.426592660605135e-13,1.3808393721965058e-15
1631,392.99937985938425,5.149852854050733e-13,1.3103971960193316e-15
1632,393.5847157270848,5.810442073469256e-13,1.4762875287815468e-15
1633,394.0131005452666,5.509549170238968e-13,1.398316239387578e-15
1634,394.01806099346936,5.054379433897898e-13,1.2827786170902638e-15
1635,394.04916348211503,5.285284216555495e-13,1.3412753296697156e-15
1636,394.08495661413366,5.088756480961105e-13,1.2912841242868693e-15
1637,394.11823737984463,5.554391564069264e-13,1.4093211217516011e-15
1638,394.1709081408527,5.251438834338682e-13,1.3322745859423338e-15
1639,394.4845109713452,5.282859072637946e-13,1.3391803545416479e-15
1640,394.49554274999593,5.191099296552734e-13,1.3158828767407633e-15
1641,394.53128085435145,5.560846186325431e-13,1.4094816954142404e-15
1642,394.5530711280652,5.236621516469218e-13,1.3272286796544792e-15
1643,394.59565326001575,5.508109344909206e-13,1.3958869793427957e-15
1644,395.2631511386334,5.155197093360754e-13,1.3042442935826912e-15
1645,395.36387352961776,5.238663223349518e-13,1.3250232441778916e-15
1646,395.3829064643292,5.413311203136099e-13,1.369131319192343e-15
1647,395.60874073221385,5.415727537508215e-13,1.3689605359791838e-15
1648,395.7879485684478,5.588354363430749e-13,1.4119566762059445e-15
1649,395.8487925608007,5.43261248844847e-13,1.3723958719955029e-15
1650,396.0420585155722,5.752483214450925e-13,1.452493009457666e-15
1651,396.0510793931655,5.443354895634779e-13,1.37440728705377e-15
1652,396.0714908132973,5.219245488297748e-13,1.317753387798878e-15
1653,396.23643927992276,5.041366649998347e-13,1.2723127280166312e-15
1654,396.3257012044378,5.227746237213041e-13,1.3190530468566303e-15
1655,396.3932088303597,4.846041864457484e-13,1.2225340284604609e-15
1656,396.4712534343791,5.320664056474363e-13,1.3420050029818867e-15
1657,396.5430941029247,5.22550868687732e-13,1.3177656513470925e-15
1658,396.55421912723466,5.110934265514766e-13,1.2888361840565663e-15
1659,396.66891684913736,4.745256539287807e-13,1.1962763750134071e-15
1660,396.81620394982644,5.401149586451133e-13,1.3611212275832506e-15
1661,397.21295467501443,5.54233687325531e-13,1.3953061721740303e-15
1662,397.685932213755,5.571203321881333e-13,1.4009053050654123e-15
1663,397.9377098596659,5.095700177719605e-13,1.2805270904123716e-15
1664,398.1684635049082,5.716831963323944e-13,1.4357822096207962e-15
1665,398.19242040127557,5.190771709194661e-13,1.3035837558042158e-15
1666,398.2123987694891,5.078896488542564e-13,1.2754239958968619e-15
1667,398.2495050936316,5.341683868985497e-13,1.3412907739156198e-15
1668,398.35524433659384,5.665570037215232e-13,1.4222406050284247e-15
1669,398.3959051899847,5.309235199227442e-13,1.332653054427255e-15
1670,398.4411811159462,5.283079707401264e-13,1.3259371665861742e-15
1671,398.5815533731402,5.516301000344451e-13,1.3839830151849136e-15
1672,398.8816535693004,5.793544244328605e-13,1.4524469081208455e-15
1673,399.222842294384,5.432112348645292e-13,1.360671728457785e-15
1674,399.29835840362625,5.175687902241086e-13,1.2961956375010439e-15
1675,399.56046263299527,5.173897025201619e-13,1.2948971455050977e-15
1676,399.5781909840141,5.057177938583734e-13,1.2656291190792384e-15
1677,399.6111964628951,5.276636857179054e-13,1.3204426962719005e-15
1678,399.68494082490633,5.263934098931224e-13,1.3170208735077774e-15
1679,399.7150774938493,4.770671987604969e-13,1.1935181473554444e-15
1680,399.77519088197937,5.652122447388441e-13,1.4138252138455102e-15
1681,399.81210023725663,5.568463178326171e-13,1.3927700474852392e-15
1682,399.90318244636603,5.40365563633152e-13,1.3512409686952778e-15
1683,400.15537506974505,5.446867069810635e-13,1.361188030739628e-15
1684,400.18507854676636,5.413207355812812e-13,1.3526759607005724e-15
1685,400.83735822348996,5.417385555903259e-13,1.351517129020383e-15
1686,401.08265044333797,5.162183220118708e-13,1.2870622088521337e-15
1687,401.1796534850271,5.660573439220062e-13,1.4109821846763541e-15
1688,401.2260492620483,4.983491829472258e-13,1.2420658725020732e-15
1689,401.23763051712183,5.427376046260074e-13,1.3526587820950842e-15
1690,401.2782712019168,5.1527664049059e-13,1.284088069227429e-15
1691,401.3651548014635,5.535249336529002e-13,1.3791056025446527e-15
1692,401.47720695511435,5.593710459667964e-13,1.3932821995280415e-15
1693,401.6446183426733,5.73632755410246e-13,1.4282097386920211e-15
1694,401.7454043298308,5.675240062785445e-13,1.412645919933437e-15
1695,402.7259293838822,5.756102206006249e-13,1.429285225019489e-15
1696,402.9688419671079,6.006473316038705e-13,1.4905552713996136e-15
1697,403.4736941415171,5.562743499911307e-13,1.3787128084638383e-15
1698,403.51402477339997,5.480072680354775e-13,1.3580872891424779e-15
1699,403.5709078647807,5.363678365947192e-13,1.329054761237728e-15
1700,404.13468147394906,5.736625390089755e-13,1.4194835665098799e-15
1701,404.6429273792051,5.649577692800776e-13,1.3961884196004638e-15
1702,404.7040505442778,5.208608896878368e-13,1.2870167446738973e-15
1703,404.72604655887676,5.500852839681947e-13,1.359154639651224e-15
1704,404.77550390084616,5.549467710766647e-13,1.3709989011899409e-15
1705,404.786820659509,5.194778461479949e-13,1.2833368569204468e-15
1706,404.87530723310675,4.978122868218285e-13,1.2295446966717911e-15
1707,405.1637887447461,5.240577771018355e-13,1.2934467286068172e-15
1708,405.333365338966,5.358878651540578e-13,1.3220916681899938e-15
1709,405.56297766427144,5.333562974527009e-13,1.3151010492240192e-15
1710,405.6154522670715,5.179564869824196e-13,1.2769643860643131e-15
1711,405.7233429090397,5.60932040253496e-13,1.382548108352871e-15
1712,406.0580275886866,5.359228061634688e-13,1.3198182765797396e-15
1713,406.10537690960047,5.347800917716963e-13,1.3168505569694512e-15
1714,406.16084274544517,5.636432843357594e-13,1.387734180690121e-15
1715,406.3691137409875,5.021246328847729e-13,1.2356368038463137e-15
1716,406.38895173020904,5.471927302277475e-13,1.3464754095751461e-15
1717,406.66573351580973,5.459133751996402e-13,1.3424130193610646e-15
1718,406.7068326170634,5.210807333558962e-13,1.2812195212036726e-15
1719,406.7660675367116,5.14694722966774e-13,1.2653334779954859e-15
1720,406.87208666658483,5.228522656873989e-13,1.2850531722906198e-15
1721,406.93434552606465,5.101502665048421e-13,1.2536426873611395e-15
1722,406.93705669295707,5.063474119201443e-13,1.244289266834194e-15
1723,407.33263841441885,5.66617837827495e-13,1.391044528209448e-15
1724,407.48771695199684,5.063987552325796e-13,1.2427337908991126e-15
1725,407.69292105596486,5.300643038939587e-13,1.300155770478035e-15
1726,407.8376365480666,5.68725036199656e-13,1.3944888485852818e-15
1727,408.08408478763357,5.236810323159378e-13,1.2832674731445622e-15
1728,408.3564892879568,5.485668245159669e-13,1.343352778530573e-15
1729,408.77586201045085,5.431906036392841e-13,1.3288225996705175e-15
1730,408.98872727698085,4.578888164862351e-13,1.119563415683429e-15
1731,409.00758263831466,5.355989745218553e-13,1.3095086674602936e-15
1732,409.0787732967352,5.707167296732217e-13,1.3951267260187037e-15
1733,409.12322617823105,5.03062820600702e-13,1.229611980967189e-15
1734,409.2512859849918,4.875230484996003e-13,1.1912559964869086e-15
1735,409.2858463402592,4.661842406648469e-13,1.139018719639001e-15
1736,409.4613444013244,4.906386196475352e-13,1.1982538189652567e-15
1737,409.502971217761,5.150562190352018e-13,1.257759418701045e-15
1738,409.5214293631084,5.054935744171116e-13,1.234351948818063e-15
1739,409.55847333553345,5.531109050796153e-13,1.3505053395061261e-15
1740,409.9810851282193,4.968797212982352e-13,1.2119576715175502e-15
1741,410.0752100625342,5.514638095449556e-13,1.3447869951974429e-15
1742,410.64994323504715,5.39777302523443e-13,1.3144463098451864e-15
1743,410.768324574309,4.822982701987336e-13,1.1741369559070874e-15
1744,410.7993643236902,4.578701123274333e-13,1.1145833029251077e-15
1745,410.8687087175265,4.978273575098958e-13,1.2116458297926836e-15
1746,410.9933335317921,5.475829506414863e-13,1.3323402254142122e-15
1747,411.10139270790785,5.283604339413379e-13,1.285231437580519e-15
1748,411.1328821160797,4.941634512061528e-13,1.2019555542789937e-15
1749,411.57248044264765,4.999989243394988e-13,1.2148502344028157e-15
1750,411.71115585359513,4.880863023844879e-13,1.1855066238672723e-15
1751,411.73544307494876,4.893995871945629e-13,1.1886263265061611e-15
1752,411.9341152564187,5.248438090588697e-13,1.274096486842726e-15
1753,412.00301708721537,4.727233592879982e-13,1.147378392105146e-15
1754,412.08667192912003,5.494637144257531e-13,1.333369293050716e-15
1755,412.2123171704462,4.809367494495501e-13,1.1667209576629096e-15
1756,412.28242299240395,5.059211077968769e-13,1.2271226702434466e-15
1757,413.0502244249516,4.869044175077696e-13,1.1788019681762376e-15
1758,413.0780538305448,5.366069633775985e-13,1.299044958698601e-15
1759,413.25704843253675,5.051859119500821e-13,1.2224495961199618e-15
1760,413.73417564015426,4.618764474041882e-13,1.1163603941819536e-15
1761,413.78306857783144,5.105375757106948e-13,1.2338290628116026e-15
1762,413.9836509539484,4.983198410444265e-13,1.2037186490242814e-15
1763,414.1595390325073,5.154605465075888e-13,1.2445941670490666e-15
1764,414.2047339886611,5.353049430115881e-13,1.2923679984455276e-15
1765,414.2187654839252,5.071418495746717e-13,1.224333351923798e-15
1766,414.33664133392386,4.941559431932595e-13,1.1926435991814861e-15
1767,414.3989381732683,4.720691557284388e-13,1.1391659394915185e-15
1768,414.7235558841628,5.157434873896081e-13,1.2435837802607514e-15
1769,414.7594609852996,4.614388984116794e-13,1.1125458050203085e-15
1770,415.003718711186,4.786049106436519e-13,1.1532545108992816e-15
1771,415.09222621221244,4.450251551889229e-13,1.0721115142286657e-15
1772,415.12725387603365,5.448693297574406e-13,1.31253567350736e-15
1773,415.3659464080034,4.988993962731942e-13,1.2011080845398384e-15
1774,415.43993081444404,5.460603141207344e-13,1.3144146087503366e-15
1775,415.59623528902694,4.563738792203251e-13,1.0981184151077289e-15
1776,415.6802848021532,4.610313353930015e-13,1.1091007975334543e-15
1777,415.6916394903536,4.127998530707333e-13,9.930434337742137e-16
1778,415.8229761439194,4.708270929675619e-13,1.132277723885573e-15
1779,415.8716191774145,4.989291002112116e-13,1.1997190411744929e-15
1780,415.98805233126313,5.014397511856765e-13,1.2054186373275109e-15
1781,416.0202377887625,4.684101517264262e-13,1.1259311667531547e-15
1782,416.0691575970908,4.3030572831729225e-13,1.0342168374181384e-15
1783,416.1998376372778,4.859753360109595e-13,1.1676490283364591e-15
1784,416.793552479911,4.4788927795620074e-13,1.074607021368903e-15
1785,416.79878098175294,5.343825406433815e-13,1.2821115728425709e-15
1786,416.8408924510442,4.518828745039379e-13,1.084065605576375e-15
1787,416.89292575045164,4.708257517519799e-13,1.1293685324701624e-15
1788,417.0272386199511,5.04707503937029e-13,1.210250691554907e-15
1789,417.0699504300906,4.993498063111472e-13,1.1972807098574425e-15
1790,417.2540671978733,4.689242718851695e-13,1.123833914991637e-15
1791,417.3852118558487,4.779468025131362e-13,1.1450975955473084e-15
1792,417.3941572627498,4.553414786030652e-13,1.0909148359650553e-15
1793,417.4202173766653,4.3408363702948643e-13,1.0399200109605249e-15
1794,417.74443954455836,5.056511172213053e-13,1.2104317122032464e-15
1795,417.8427537772529,4.4938098427210837e-13,1.0754787063069858e-15
1796,417.9936591984658,4.889918456490633e-13,1.1698546972859393e-15
1797,418.06072683190075,5.226681290883613e-13,1.250220591274345e-15
1798,418.1585218737754,4.841910726389251e-13,1.1579127228335722e-15
1799,418.25476108168823,4.447695073567715e-13,1.063393770357834e-15
1800,418.3763890597333,4.985521519566768e-13,1.1916354865940978e-15
1801,418.552424622071,4.98487423927669e-13,1.1909796589466058e-15
1802,418.7976823512461,5.209353608502966e-13,1.2438831034728302e-15
1803,418.8314678182538,4.971873726911473e-13,1.1870821819598687e-15
1804,418.956318642185,4.736756407616919e-13,1.130608656999969e-15
1805,419.1450746514275,4.821612068298187e-13,1.1503444415535531e-15
1806,419.3075672434632,4.800757478317233e-13,1.1449250748984842e-15
1807,419.38658913910507,5.08031622833959e-13,1.211368307882281e-15
1808,419.4750875411182,4.941061653132789e-13,1.1779153994808933e-15
1809,419.6146686944734,4.876404817734124e-13,1.1621149548717742e-15
1810,419.755047496811,4.406285644190081e-13,1.0497278521048771e-15
1811,419.8280412373221,5.109971007747892e-13,1.2171580994656112e-15
1812,420.1284729579179,4.4895860295163017e-13,1.0686221759518786e-15
1813,420.4201377865586,5.254597137987857e-13,1.2498443023334774e-15
1814,420.47240086276076,4.86568313091828e-13,1.1571944129827452e-15
1815,420.56600109333107,4.3224447123118544e-13,1.0277684599028315e-15
1816,420.6200408767933,4.743471485961577e-13,1.1277331142077037e-15
1817,420.64688544849577,5.225363300382494e-13,1.2422208463070364e-15
1818,420.76601666945083,4.2513094909760277e-13,1.0103737760542126e-15
1819,420.93804934289307,5.088567003645872e-13,1.2088636348245065e-15
1820,421.0023768175433,4.5321405446051997e-13,1.0765118664803567e-15
1821,421.2547439750384,4.865184382090753e-13,1.154926906266257e-15
1822,421.3043369070258,4.997061969064559e-13,1.1860931709723461e-15
1823,421.51362138658936,4.565208986277259e-13,1.0830513546062366e-15
1824,421.562300513157,4.755369660091833e-13,1.128034849013596e-15
1825,421.66278217503407,4.584441063096878e-13,1.0872292402590695e-15
1826,422.00190782546355,4.935983083056894e-13,1.1696589497643635e-15
1827,422.41492391945394,4.835297411754455e-13,1.144679588232647e-15
1828,422.5885395352196,4.68259562294478e-13,1.1080744470957242e-15
1829,422.62672236919667,4.982143438826138e-13,1.1788519691553852e-15
1830,422.64755840164446,4.902962899275312e-13,1.16005944002544e-15
1831,423.23283073592216,4.529841822883944e-13,1.0702954718818487e-15
1832,423.2652506595862,5.454446747290351e-13,1.2886592364458298e-15
1833,423.3352390577651,4.835787103915449e-13,1.1423067719754826e-15
1834,423.5276617278615,4.953049681578366e-13,1.1694748960130394e-15
1835,424.4741175134467,4.881549722999735e-13,1.1500229393480263e-15
1836,424.7174974436703,4.581054664682569e-13,1.0786121815690317e-15
1837,424.7586794627181,4.521798683588693e-13,1.0645571008244884e-15
1838,424.7686505277957,5.234365540820355e-13,1.2322862184665467e-15
1839,424.90349413594186,4.744654740364184e-13,1.1166429097065035e-15
1840,424.9241046862207,4.51478948028125e-13,1.062493144185156e-15
1841,425.00665785387486,4.770640583257558e-13,1.1224860822998667e-15
1842,425.323236968778,5.054361033334171e-13,1.188357605231242e-15
1843,425.3571683812939,4.593195510886574e-13,1.0798443878038028e-15
1844,425.52643701464353,5.106021325688392e-13,1.1999304582602656e-15
1845,425.5586403007313,4.912500449378702e-13,1.154365106042064e-15
1846,426.2919652939629,4.654869150193048e-13,1.091943909142913e-15
1847,426.35540211617115,4.706459141940432e-13,1.1038816720933771e-15
1848,426.4494211831018,5.05913527748637e-13,1.1863388777620506e-15
1849,426.61319868426676,4.383880106690178e-13,1.0276006743838825e-15
1850,426.648441531139,4.4983706947775885e-13,1.0543506683474606e-15
1851,426.83396677420575,5.204133946370783e-13,1.2192408176183784e-15
1852,427.4284299934255,4.606874161069084e-13,1.0778118248100495e-15
1853,427.43300427211767,4.414273913904783e-13,1.0327405394026414e-15
1854,427.59213677291626,4.309158398311434e-13,1.0077730687082123e-15
1855,427.59707642388423,4.754891100444026e-13,1.112002715315673e-15
1856,427.83656218541273,4.427401512931831e-13,1.0348347720251912e-15
1857,427.86386145448404,4.378076927946166e-13,1.0232406431950795e-15
1858,427.91807723133974,4.657860409387541e-13,1.0884934891099314e-15
1859,427.9518766308235,4.3921226401168216e-13,1.0263122748041423e-15
1860,428.16018896134693,4.679626725710256e-13,1.0929616639656144e-15
1861,428.22069979626224,4.760069400916665e-13,1.1115925510330068e-15
1862,428.2526793638782,5.168169574930525e-13,1.2068037922394944e-15
1863,428.29981906159674,4.3757021884234635e-13,1.0216446502383799e-15
1864,428.3513177076709,4.4937265582535544e-13,1.0490749934660657e-15
1865,429.1841089334014,4.657185856365086e-13,1.085125418072682e-15
1866,429.22383175010697,4.198907132383896e-13,9.782558240681494e-16
1867,429.58689717984316,5.074356813871215e-13,1.1812177808921568e-15
1868,429.64105652048164,4.3338916685602146e-13,1.008723817890903e-15
1869,429.6626779711926,4.768797858003638e-13,1.1098934355949273e-15
1870,429.7074768816199,4.4762046839330197e-13,1.041686478535762e-15
1871,429.78155398304796,4.476847678918887e-13,1.0416565432902383e-15
1872,430.3039915661506,4.5239826299148617e-13,1.051345727342478e-15
1873,430.3442788870645,4.5248183380067867e-13,1.0514414992825402e-15
1874,430.3557703003647,4.212513219956016e-13,9.788443680018309e-16
1875,430.40800580661414,4.601328214762262e-13,1.0690619488220387e-15
1876,430.51817643905866,4.797253480196427e-13,1.1142975471734804e-15
1877,430.91132547448507,4.580115359689831e-13,1.0628904577169268e-15
1878,431.08949107375486,4.847903485946897e-13,1.1245700919017467e-15
1879,431.15159400791845,4.4568956825250286e-13,1.033718938875864e-15
1880,431.74721305496206,5.066048995469039e-13,1.1733831376982447e-15
1881,431.89034716676446,4.3387870538954185e-13,1.004603849647998e-15
1882,432.35462450678847,4.5248986682295877e-13,1.046571127437667e-15
1883,432.430196173803,4.344075851101307e-13,1.004572735562465e-15
1884,432.44617578601157,4.274317858982263e-13,9.884045919040188e-16
1885,432.5489348518452,4.644379808213369e-13,1.0737235568049987e-15
1886,432.5560970368451,4.3575441262562726e-13,1.0073939903071342e-15
1887,432.5808687364958,4.4175206959905384e-13,1.0212011245188577e-15
1888,432.5981093250608,4.322018511687625e-13,9.990840039571219e-16
1889,432.78812911035294,4.2475545860623453e-13,9.814397161940866e-16
1890,432.81649016674146,4.397025464124052e-13,1.0159098749749829e-15
1891,432.98747307498303,4.510010289853656e-13,1.0416029493473662e-15
1892,433.0168205159265,4.71814996382585e-13,1.0895996968903695e-15
1893,433.32615730578885,4.568368145766114e-13,1.0542562614198052e-15
1894,433.43970234711423,4.888770265866476e-13,1.1279008912643104e-15
1895,433.4887263054049,4.2457215627683274e-13,9.79430676076475e-16
1896,433.8043453514931,4.562783767726983e-13,1.0518068379490192e-15
1897,433.9135749919827,4.089429656351503e-13,9.424525739779083e-16
1898,434.01599132960837,3.98808134411445e-13,9.188788947377168e-16
1899,434.0259902472412,4.799187638103385e-13,1.105737385765665e-15
1900,434.07450623764663,4.2938869307217633e-13,9.892050486768164e-16
1901,434.241154646803,4.78023860123994e-13,1.1008257854159456e-15
1902,434.4921776189887,4.4000218279445085e-13,1.0126814830261316e-15
1903,434.6558612332243,4.643594222605965e-13,1.068338112232275e-15
1904,434.8676035245406,4.806019747552171e-13,1.105168494640681e-15
1905,435.3061689689833,4.298813395572558e-13,9.87537899073252e-16
1906,435.39417315377193,4.5378032081565153e-13,1.0422287407493301e-15
1907,435.4460542608403,4.1934867923796765e-13,9.630324471530749e-16
1908,435.6361025290817,4.28104848225867e-13,9.827120519638017e-16
1909,435.7356604528324,4.333143137677784e-13,9.944430834911752e-16
1910,435.78500526870755,5.138162888399554e-13,1.1790591292216061e-15
1911,435.85709401637695,3.8787837525763397e-13,8.899209869073733e-16
1912,435.8922478464104,4.80946747873424e-13,1.1033615538005366e-15
1913,436.31795352745456,4.68575568331198e-13,1.0739314404620613e-15
1914,436.3349489781656,4.299903209179405e-13,9.854592714264964e-16
1915,436.4453808771107,4.1437193353780223e-13,9.494244908837202e-16
1916,436.54805821785766,4.3898185612060376e-13,1.0055750973047086e-15
1917,436.8239819119542,4.491912964006235e-13,1.0283118944947533e-15
1918,436.9434385561978,4.4739956819981033e-13,1.023930167433485e-15
1919,437.00277924642063,4.176943319614916e-13,9.558161911047223e-16
1920,437.13418014786737,4.255995056283671e-13,9.736129658961958e-16
1921,437.1988063887583,5.229936783463081e-13,1.1962376628294375e-15
1922,437.2438102001779,4.0930923241801306e-13,9.361121252479804e-16
1923,437.43583751131933,4.785614732548799e-13,1.0940152411323554e-15
1924,437.730425380277,4.576902326656351e-13,1.0455984005864295e-15
1925,437.7731643613641,4.628672435248654e-13,1.0573221047025785e-15
1926,437.9408369512545,4.4856757342204074e-13,1.0242652330501187e-15
1927,438.21640774807634,4.77489724949756e-13,1.0896208277629287e-15
1928,438.73036633478773,4.891924302758876e-13,1.1150183981169727e-15
1929,439.03862449438407,4.3594177725420886e-13,9.929462988734952e-16
1930,439.1454909304352,3.9725932066842973e-13,9.046189221406793e-16
1931,439.1650864837982,4.440602632674674e-13,1.0111465527072352e-15
1932,439.2569344876069,4.205249110204193e-13,9.573552014858037e-16
1933,439.3131755448105,4.761484240216457e-13,1.0838473565723457e-15
1934,439.68717425200305,4.518484522080264e-13,1.0276589326871137e-15
1935,439.7560348220106,4.3798117552099135e-13,9.959639910303048e-16
1936,439.84481791087995,4.599967333476511e-13,1.04581596648674e-15
1937,439.88849284542226,4.3620181151774027e-13,9.916190548567556e-16
1938,440.31345075650097,4.4293226422639945e-13,1.0059476117874643e-15
1939,440.38530406156167,4.2372451039194653e-13,9.62167689257664e-16
1940,440.68723979158204,4.5175117662674134e-13,1.0251060975588762e-15
1941,440.8586259748932,4.767887888243596e-13,1.0815004192557473e-15
1942,440.9540283682074,4.0449662610771855e-13,9.173215348652036e-16
1943,440.98931839063664,4.552408334185473e-13,1.0323171433719091e-15
1944,441.0172175705227,4.4876043792812145e-13,1.0175576373191384e-15
1945,441.0949761035957,4.1422052173107383e-13,9.390733156611375e-16
1946,441.1844085062401,4.1816063224189454e-13,9.478137127685464e-16
1947,441.42947174892356,4.584258231235078e-13,1.0385029828372026e-15
1948,441.4720109663299,4.5294125438314666e-13,1.0259795482656124e-15
1949,441.5539440529421,4.3280251973480363e-13,9.801803959946304e-16
1950,441.8024998642483,4.036612570347877e-13,9.13669019887438e-16
1951,441.91404020703834,4.5169570124022886e-13,1.0221347595758844e-15
1952,442.06423852428355,4.491021854142778e-13,1.0159206429216908e-15
1953,442.19052021506025,3.9894354751234957e-13,9.021983269074212e-16
1954,442.2142992623023,4.655309061083809e-13,1.0527269400491462e-15
1955,442.22409016226993,4.1025067383034564e-13,9.27698610177044e-16
1956,442.3060323908077,3.8008406940713124e-13,8.593237296643988e-16
1957,442.45242512760746,4.296780076047314e-13,9.71128155712579e-16
1958,442.50047173252176,4.34536410768518e-13,9.820021413020826e-16
1959,442.5482199421728,3.8383460387454415e-13,8.673283194421148e-16
1960,442.79608982574115,5.133015751325731e-13,1.159227885988286e-15
1961,442.9506646643464,4.390727225991612e-13,9.912452054494065e-16
1962,443.0611331511045,4.079421965212007e-13,9.20735686337157e-16
1963,443.14319463691345,4.615259154680775e-13,1.0414825750539301e-15
1964,443.59377598998384,4.384939471258533e-13,9.885033804796988e-16
1965,443.69143161552125,4.358894237261876e-13,9.824156895234019e-16
1966,443.96684884519414,4.1587690765684764e-13,9.367296426266704e-16
1967,444.04389403194074,4.549754478815875e-13,1.0246181830142685e-15
1968,444.1571235215102,4.948643471725221e-13,1.1141650577367273e-15
1969,444.32072479047645,4.491543504175913e-13,1.0108786859523472e-15
1970,444.45496331220534,4.3690435476992627e-13,9.830115328536107e-16
1971,444.7016199402238,4.272785940657107e-13,9.608208625890432e-16
1972,444.95350100418864,4.725486669226021e-13,1.0620180892073792e-15
1973,445.10028248853587,3.9653599776318665e-13,8.908913639554923e-16
1974,445.1483943046774,4.4391853880419746e-13,9.972372010857167e-16
1975,445.2100185341688,4.35343758481715e-13,9.778390879770902e-16
1976,445.3470484569986,3.83220951886292e-13,8.6049958838628e-16
1977,445.4051016973101,4.273742978838578e-13,9.59518191990298e-16
1978,445.4336018418519,4.232465267336194e-13,9.501899384858041e-16
1979,445.53073634251444,4.0824861356150785e-13,9.163197513889481e-16
1980,445.87916001954966,4.511377456989888e-13,1.0117937462679542e-15
1981,445.9530725986601,4.058191088755839e-13,9.10004065025929e-16
1982,446.05084956240455,4.1346127956626964e-13,9.269375452863576e-16
1983,446.097087987065,4.480358532294567e-13,1.004346061192957e-15
1984,446.14404873439247,4.3967624243469796e-13,9.855028744235362e-16
1985,446.16523165033726,4.4466467548610833e-13,9.966367702864732e-16
1986,446.33554545708574,4.2017498392687946e-13,9.413881287375049e-16
1987,446.49052002868655,4.070945541468108e-13,9.117652803034997e-16
1988,446.62402040793177,4.2133493323504763e-13,9.433772345030035e-16
1989,446.7612247782805,4.424464025238513e-13,9.90341994749946e-16
1990,447.27647581984706,2.883595644238086e-13,6.447009400511226e-16
1991,447.8660783010717,2.3544634777523134e-13,5.257070342732137e-16
1992,447.8860115806619,3.492564057380477e-13,7.79788599571274e-16
1993,448.24656522564027,2.387481377087383e-13,5.326268090611163e-16
1994,448.3932693330137,2.968681667748847e-13,6.620709700136154e-16
1995,448.6080500385534,3.183863456227384e-13,7.097205357669713e-16
1996,448.692961823523,2.295045570412843e-13,5.11495781232137e-16
1997,448.94932252029315,2.8543210012961995e-13,6.357779950023602e-16
1998,448.96483129596504,2.3703806762543025e-13,5.279657806185064e-16
1999,449.0106624719634,2.2720145908747917e-13,5.060045964981194e-16
2000,449.1452279300102,2.6331009394173134e-13,5.862471146699184e-16
