K,A0_est,A1_est,A2_est,A2_rel_err,H_int_est,H_int_rel_err
3,0.11953914782105658,-0.06169903200372075,-0.053353979776996636,-1.3042467597910266,-6.318992083472144,-1.3042467597910266
4,0.4207185204720426,-1.671434043099786,2.0640530622191178,10.770095854923737,244.45664624351724,10.770095854923735
5,0.11002305033768774,0.0563858003349116,-0.28916970825721067,-2.648966902463471,-34.2478875033251,-2.648966902463471
6,0.19517306911197313,-0.43146566801294967,0.3936354926307244,1.2446745991997679,46.6203190859181,1.2446745991997679
7,0.28833343255643995,-0.9809528417419975,1.1832444638156274,5.747355973467367,140.137857211672,5.747355973467366
8,0.2629769506590775,-0.8263050905006241,0.9541922790492628,4.44120439247007,113.01000380148108,4.441204392470069
9,0.3088924875485078,-1.1108854701847664,1.3819616410079343,6.8805246242086815,163.67297633074296,6.880524624208681
10,0.35124070555129155,-1.3786392056325596,1.791875633212513,9.218026052265555,212.221243629108,9.218026052265555
11,0.241996028666832,-0.665481671987746,0.6672333588493218,2.804844330317674,79.02395154063481,2.8048443303176738
12,0.21784984903204346,-0.5055758182721816,0.4116015147203402,1.347124388886428,48.748129454146984,1.3471243888864277
13,0.26589103648412094,-0.823929506505755,0.9208480616632226,4.251061686342564,109.06087298551137,4.251061686342563
14,0.28235816099522404,-0.9361448586857,1.1051723165645193,5.302155860366925,130.8913627143276,5.302155860366925
15,0.30679714371090655,-1.1048150008035589,1.3855842403987417,6.901182204604385,164.1020198054337,6.901182204604385
16,0.1760068180888606,-0.16912361378773685,-0.2241898021656296,-2.278424236995572,-26.551975897599004,-2.278424236995572
17,0.16677616291011996,-0.10293076795804187,-0.3383305417125849,-2.9293025840740974,-40.0702632421137,-2.9293025840740974
18,0.1880304844605774,-0.25591414086217046,-0.0735698996420265,-1.4195264097972329,-8.713269663535765,-1.419526409797233
19,0.22333757448297584,-0.5108358179829222,0.36894618145215596,1.1038857965847015,43.696234274703734,1.1038857965847015
20,0.22009600466637913,-0.48661244000096393,0.32548029141879314,0.856025069805603,38.54834059985721,0.856025069805603
21,0.23236724206133205,-0.5789021077128695,0.49210782761584276,1.8062051349442807,58.28291497497414,1.8062051349442807
22,0.24527383905224304,-0.6770491513011351,0.6712029407220061,2.827480550287344,79.49408997328838,2.827480550287344
23,0.25451390507426813,-0.7481913414260151,0.8025746204868255,3.5766169420581284,95.05312807871273,3.576616942058129
24,0.24475873756011282,-0.6717795873034219,0.6591226459847562,2.7585936453837006,78.06335721202575,2.7585936453837
25,0.2521738713991774,-0.7300733685326424,0.7689441771852505,3.3848420557683623,91.07009802407501,3.384842055768362
26,0.2574562554651058,-0.7720450861831943,0.8488303616505247,3.840386569546264,100.53143847749148,3.8403865695462636
27,0.261555184050085,-0.8049344842200494,0.9120235453613375,4.2007405949676855,108.01573916634452,4.2007405949676855
28,0.23711578498736952,-0.6050562971067047,0.5208438654258521,1.9700700692841409,61.686274877848604,1.9700700692841409
29,0.2356962206100992,-0.5934291198300801,0.49805565608268454,1.840122146316123,58.98734754313333,1.8401221463161228
30,0.24748283572670063,-0.6900327770828414,0.6875107300994007,2.920474401883134,81.42550713102243,2.920474401883134
31,0.2544809478075924,-0.7480755685601447,0.8026600432366545,3.577104058388654,95.06324514368472,3.577104058388654
32,0.24488789803056799,-0.6671867139499332,0.6396045205883827,2.647293111967787,75.751723096269,2.6472931119677865
33,0.244636516464323,-0.6650590426853843,0.6352998313437791,2.622745969279425,75.24189613730267,2.622745969279425
34,0.24982075367857953,-0.7091305676899736,0.7248448634348464,3.1333692814102436,85.8471846511629,3.133369281410243
35,0.249258878809538,-0.7043004405998603,0.714924149508689,3.076797211632827,84.67222238923227,3.076797211632827
36,0.2541676260229862,-0.7466568488678724,0.8022383896476386,3.5746996128580952,95.01330649427008,3.5746996128580957
37,0.24195548289967717,-0.6395188208877589,0.5777968810543135,2.2948400402912124,68.43151968227228,2.2948400402912124
38,0.24165973073217806,-0.6369213620987028,0.5723497877273167,2.2637784306053943,67.78639180699302,2.2637784306053943
39,0.2449612780761657,-0.6660440452232914,0.6336823037025312,2.613522148567661,75.05032384217934,2.6135221485676605
40,0.24453068102181047,-0.662209758578568,0.6255327437305737,2.5670499411418195,74.08512864658526,2.5670499411418195
41,0.2516242182158687,-0.7253958204487354,0.7598747913932952,3.3331246159066996,89.99596302494548,3.3331246159066996
42,0.2631624402856705,-0.8282790741514734,0.9788378441069014,4.581743736364306,115.92890752980352,4.581743736364306
43,0.2636613326227519,-0.8328035866650927,0.9886269697678403,4.637565434688897,117.08828510227575,4.637565434688898
44,0.2610380497276134,-0.808819606262451,0.9363267210003441,4.339327490860088,110.89409191731076,4.339327490860088
45,0.26086052189232845,-0.8071896628217398,0.9327578190174859,4.318976115595585,110.47140810870587,4.318976115595584
46,0.26368292885434796,-0.8331893004457934,0.9898704170040835,4.644656092109006,117.23555309005992,4.644656092109006
47,0.25405032752216933,-0.7431961809298779,0.7894550843510593,3.5018038470284467,93.49931249968301,3.5018038470284463
48,0.24534861830833438,-0.6614625254554107,0.6064767913048135,2.4583849117569048,71.82823210344647,2.4583849117569043
49,0.2349636093379441,-0.5632498372552915,0.3851322000425669,1.1961852601042542,45.61322947849614,1.196185260104254
50,0.22301144447526305,-0.44944366103194594,0.12692306939260006,-0.2762314495219847,15.032165811323706,-0.27623144952198475
51,0.2182912609056768,-0.4044429503995287,0.024698013888827003,-0.8591615708826814,2.925115518903997,-0.8591615708826814
52,0.2145783037176095,-0.3688706137268353,-0.05650037587956103,-1.322188829402806,-6.691636301329422,-1.3221888294028057
53,0.2153651685704297,-0.3764196580971156,-0.03924530612747974,-1.2237931879908353,-4.648027752934478,-1.2237931879908353
54,0.21902797248913639,-0.41162985994921464,0.04139314176278524,-0.763958952799098,4.902407209402811,-0.7639589527990981
55,0.2257186365202647,-0.47599215132731953,0.1888983831922686,0.07717777110959137,22.372227769356936,0.07717777110959129
56,0.23368530279509026,-0.5528448252493766,0.365515905027465,1.084324922367597,43.28996861912674,1.084324922367597
57,0.24254662055032475,-0.6386010005944057,0.5632123889172189,2.2116731520018056,66.70420166886522,2.211673152001806
58,0.24531913424120613,-0.6658218369807313,0.6268562556903579,2.5745971611803635,74.24187912014342,2.5745971611803635
59,0.2505065189705096,-0.7168227689900138,0.7462607985176113,3.2554919212594156,88.3835863369185,3.2554919212594156
60,0.256375546321404,-0.7747247978084042,0.8822793962104621,4.03112698714088,104.49298334195086,4.031126987140879
61,0.2597452477821701,-0.8082330815629688,0.9616030843462523,4.4834639110378545,113.88770440037847,4.4834639110378545
62,0.2575157656070671,-0.7858348486847425,0.9080481626235518,4.178071296033364,107.54491370676614,4.178071296033364
63,0.255259638811177,-0.7630701279511007,0.8533854694897046,3.8663617040416045,101.07092382601556,3.866361704041604
64,0.2509725046668987,-0.7195480511407027,0.7482568939205425,3.2668744940518097,88.61999440060367,3.2668744940518093
65,0.2437927034659912,-0.6461743765558292,0.569864871818747,2.249608398366085,67.49209016314234,2.2496083983660844
66,0.24083481238564422,-0.6159220059980502,0.4962548331563614,1.8298530990476483,58.77406662458267,1.8298530990476485
67,0.2392840445310173,-0.6000164207037868,0.4574461384914678,1.6085496526531229,54.177749060600675,1.608549652653123
68,0.23856174208496123,-0.5925839184031331,0.43925330061597057,1.5048064642694525,52.023075707428916,1.5048064642694523
69,0.23886632894754006,-0.5957271240632603,0.44696873176314095,1.5488030871404876,52.9368547459059,1.5488030871404876
70,0.2399087734870317,-0.6065177499100665,0.4735356251281763,1.7002986505044533,56.08331147805179,1.700298650504453
71,0.24316624136073878,-0.6402582775002348,0.5566581575040205,2.1742981768130583,65.92794961444768,2.1742981768130583
72,0.24705368199197067,-0.6806363335314536,0.6564049094306731,2.7430959722203965,77.74148139616359,2.7430959722203965
73,0.24785890767194108,-0.6890717888630087,0.6774182808934837,2.8629230255455127,80.23020535781656,2.8629230255455127
74,0.24825135675562712,-0.693200763066764,0.6877472969127105,2.9218234050263754,81.45352498136397,2.9218234050263754
75,0.24961421441669193,-0.7075732986107017,0.7237846819307944,3.1273236820239108,85.72162178670276,3.127323682023911
76,0.2523082414506465,-0.7360287892036034,0.795243071592794,3.5348093767259487,94.1848142319367,3.5348093767259487
77,0.2534849994317914,-0.74853204370983,0.8268242517694558,3.714898505583561,97.92513929029484,3.714898505583561
78,0.2530612929718307,-0.7440042503506847,0.8153235186232709,3.649316503836493,96.56304705259075,3.6493165038364923
79,0.2493989673258287,-0.7045819222537301,0.7144722845624908,3.0742204882783826,84.61870565009193,3.074220488278382
80,0.24357360256021537,-0.6415151176969506,0.5522217158755068,2.14899972679829,65.40251852858422,2.1489997267982894
81,0.2411631158601654,-0.6154178275222807,0.4850798257299841,1.766128521905948,57.45055179485172,1.766128521905948
82,0.24036741193995695,-0.6067905088978295,0.46285201348424465,1.6393762181176323,54.817995232046066,1.6393762181176323
83,0.23931085247279488,-0.5952911453011874,0.43311331679774295,1.4697937025284717,51.29588517164896,1.469793702528472
84,0.23919202400513045,-0.5939951353398425,0.42975478749644663,1.450641960486856,50.898116904769815,1.4506419604868557
85,0.2410437035094059,-0.6141930342649946,0.4821026130388949,1.7491512070316197,57.09794485710428,1.7491512070316197
86,0.24343644308990553,-0.6403522917755002,0.5500528005958883,2.1366316626193234,65.14564249911248,2.136631662619324
87,0.24226499308020547,-0.6274282765886033,0.5161810891393148,1.943480964165106,61.13403778954176,1.943480964165106
88,0.2403604961822293,-0.6063271216194288,0.4606461456943753,1.6267974352339512,54.556742722680674,1.6267974352339514
89,0.23996219989201328,-0.6019092705866578,0.44900644054229794,1.5604229568493175,53.17819130032477,1.5604229568493173
90,0.24085664882053878,-0.6118409915442325,0.4752010421793153,1.709795556707657,56.28055556754264,1.709795556707657
91,0.24221382621854512,-0.6269453755331609,0.5151284326385341,1.9374782755020654,61.00936615074647,1.9374782755020654
92,0.24492142937537653,-0.6570897978984531,0.5948411827998286,2.392033794171392,70.45016586852465,2.392033794171392
93,0.2474443010854243,-0.6852742908959306,0.6696233888803678,2.818473283505202,79.30701535159258,2.818473283505202
94,0.24889983011923847,-0.7016188076323016,0.7132102899685906,3.067024066049474,84.46924100131463,3.067024066049474
95,0.2513813427027087,-0.7295084340920818,0.7876483000366018,3.491500805425692,93.28532554262155,3.491500805425692
96,0.2536523368205092,-0.7551178940477529,0.8562260987594168,3.8825601629886184,101.40735447172213,3.8825601629886175
97,0.2539754453273113,-0.7587855510065526,0.8661110194162555,3.938928124539093,102.57807754875198,3.938928124539093
98,0.25407859147646567,-0.7599601667304228,0.8692868408709348,3.9570379898443537,102.95420676562611,3.9570379898443533
99,0.24956909113052525,-0.7081273285221593,0.727862073943283,3.1505746806070065,86.20452874051983,3.1505746806070056
100,0.24487696319334737,-0.6540241919620094,0.5797820214673065,2.306160143138418,68.66663028895455,2.3061601431384178
101,0.24240824586931475,-0.6255559262432157,0.501857957163792,1.86180446108462,59.437674032945715,1.86180446108462
102,0.24160764987383154,-0.6163209610902276,0.47657219860073113,1.7176144654399776,56.44294882495929,1.7176144654399774
103,0.23970623569015473,-0.5942873476240013,0.4159707447068714,1.3720395699420882,49.26560031220027,1.3720395699420882
104,0.23905563386028383,-0.5867422655305761,0.39520268664169195,1.2536113964507642,46.80593010481417,1.2536113964507642
105,0.23959583715531146,-0.5930104653210743,0.412465362827825,1.3520504129384738,48.85043952314904,1.3520504129384738
106,0.23933611417645048,-0.5899839114808887,0.40409511548474625,1.3043197536057445,47.85910716296357,1.3043197536057445
107,0.24003355503183788,-0.5981179899390731,0.4266092755505934,1.432704932707301,50.52557740223615,1.432704932707301
108,0.24066139488199245,-0.6054609833230863,0.44699026889877247,1.5489259009166756,52.939405502009286,1.5489259009166756
109,0.24141314547768525,-0.6142741860239933,0.4715094473372297,1.6887445353244301,55.8433405991368,1.6887445353244301
110,0.2399050093392828,-0.5964715518462692,0.4216446025109889,1.4043942857408531,49.937585095656345,1.4043942857408531
111,0.23955529455427493,-0.59234101680789,0.41006852595483584,1.338382644284616,48.56656954214488,1.338382644284616
112,0.23913832806952756,-0.5874027071198197,0.39619136636750596,1.259249262722545,46.923024638092116,1.259249262722545
113,0.2394672138203966,-0.5913020511455496,0.4071605971179673,1.3218004149922926,48.22216825518793,1.3218004149922924
114,0.2408468162516939,-0.6076615662840457,0.45318879700909886,1.5842725067541934,53.67352974582472,1.5842725067541932
115,0.24236488182357274,-0.6257019766700727,0.5040545275086424,1.87433022603912,59.69782539705977,1.87433022603912
116,0.24388828529028772,-0.6438504484895203,0.555349145309298,2.166833640513501,65.77291642423033,2.1668336405135005
117,0.2446159373015073,-0.6525567791276004,0.580062035855089,2.307756902565433,68.69979386376286,2.3077569025654325
118,0.24545979483774105,-0.6626753728504331,0.6088448466527299,2.4718885560889814,72.10869333725229,2.471888556088981
119,0.24664725479295826,-0.6769366819732825,0.6494752183338612,2.703579968515145,76.92076167919619,2.703579968515145
120,0.24845700333409718,-0.698688593518119,0.7114938451513727,3.057236178132183,84.26595342544773,3.0572361781321824
121,0.24611406012689446,-0.6702176206220198,0.6294378040704687,2.5893182322827504,74.54762545519102,2.5893182322827504
122,0.24507740650222148,-0.6576189773697254,0.5931232413129522,2.3822373716162737,70.24670103420839,2.3822373716162737
123,0.24415146628666506,-0.6463415850382245,0.5605480558830948,2.1964800080971787,66.3886507123905,2.1964800080971782
124,0.24371970409744073,-0.6410758349342198,0.5453173740601007,2.109628275322562,64.58480106016874,2.109628275322562
125,0.24223585000738118,-0.6228992192225434,0.4925154572895746,1.8085296102307717,58.33119269843667,1.8085296102307717
126,0.24178998000145635,-0.6174359644745568,0.47664067784963793,1.7180049628251755,56.45105918211602,1.7180049628251757
127,0.24197302882109947,-0.6196808979845112,0.48316968769831736,1.755236114079629,57.2243241141634,1.7552361140796289
128,0.24291346191474686,-0.6312192408865968,0.5167406390614055,1.9466717523958808,61.20030822602611,1.9466717523958808
129,0.24443231789366512,-0.6498667208363497,0.5710311763016149,2.2562591554665947,67.63022172942782,2.2562591554665943
130,0.2454085999579821,-0.6618972644255667,0.6061849169844995,2.4567205220226636,71.79366389453044,2.4567205220226636
131,0.24685114099807276,-0.6796897293707805,0.658222169968112,2.753458753638443,77.95670910734239,2.753458753638443
132,0.24717838088368227,-0.6837465416390544,0.6701466543724949,2.821457162705133,79.36898843244101,2.821457162705133
133,0.24695951609736624,-0.6810239176043684,0.662116715618353,2.775667085610989,78.41796060602073,2.7756670856109893
134,0.24624659061530074,-0.6721264880415931,0.6357912475741261,2.62554823063681,75.30009714278026,2.62554823063681
135,0.24603793731741383,-0.669519758687767,0.6280706497707806,2.5815221453262946,74.385706190073,2.5815221453262946
136,0.2463747900450834,-0.6737315543679063,0.6405552152980093,2.652714371753155,75.86431886455169,2.652714371753155
137,0.24641755765256138,-0.6742678092452129,0.6421492137567243,2.6618040192021915,76.05310447499325,2.6618040192021915
138,0.24442253325557436,-0.6490909782078869,0.5668357110309914,2.2323348536668375,67.13333073943306,2.232334853666838
139,0.24326881312706267,-0.63452455179999,0.5232422185425288,1.9837464841951462,61.97032443555723,1.9837464841951462
140,0.24261070687357514,-0.6262070490253547,0.4983249903518157,1.8416580032292595,59.0192462153891,1.8416580032292593
141,0.24242275218009915,-0.6238292507150097,0.4911948062060014,1.8009987041077224,58.17478105347583,1.8009987041077224
142,0.24250754152005247,-0.6249033947265722,0.49442017439406105,1.819391105657743,58.55677835024392,1.819391105657743
143,0.24231530692711245,-0.6224614168323979,0.48706774475227177,1.777464469548203,57.68599148682827,1.777464469548203
144,0.2428776906557074,-0.629605822515296,0.508579612009845,1.900134154874904,60.23375492396021,1.9001341548749038
145,0.24380756846042517,-0.6414299867074319,0.5442155291568193,2.103345093767656,64.4543037804878,2.103345093767656
146,0.24470023154097761,-0.6528047592266145,0.5785680001092102,2.2992372844114453,68.52284736248795,2.2992372844114453
147,0.24541624226018832,-0.6619512683579692,0.6062588270639742,2.457141988280477,71.80241745347845,2.457141988280477
148,0.24532164566994655,-0.6607378228300731,0.6025700389388017,2.436106971973723,71.36553489929979,2.436106971973723
149,0.245778455868721,-0.6666003623177996,0.6204000430404802,2.537781130071584,73.47723594274021,2.5377811300715836
150,0.24583884924386765,-0.6673777712574289,0.6227714524763062,2.5513039008190246,73.75809441879557,2.5513039008190246
151,0.24648317370782805,-0.6756742089957553,0.6480862031773802,2.6956592217887274,76.75625331797715,2.695659221788727
152,0.24711116080827336,-0.6837760773397642,0.6728548539908775,2.83690045226299,79.68973473891242,2.8369004522629897
153,0.24818539741036255,-0.6976423093463057,0.7152676045575956,3.0787557363052223,84.71289957477946,3.078755736305222
154,0.24861022242626798,-0.7031470477969042,0.7321688318304624,3.1751336195625544,86.71460069969264,3.175133619562555
155,0.24900249290610083,-0.7082399097238512,0.7478356414049747,3.26447233561019,88.57010325242426,3.2644723356101903
156,0.2498665828860649,-0.7194632718419353,0.7823759801773763,3.461435827321794,92.6608970071828,3.461435827321793
157,0.2496419682785753,-0.7165313381214907,0.7733086825418716,3.4097302950036115,91.58700931939043,3.409730295003611
158,0.24818308741566805,-0.6973963148837625,0.7138499981985136,3.0706719505555444,84.54500500725216,3.0706719505555444
159,0.24656404352581768,-0.6761134545574495,0.6475726468945231,2.692730708570357,76.69543014978323,2.6927307085703567
160,0.2456033811884207,-0.6634809525491775,0.608220379323404,2.468327581587419,72.03473439123009,2.4683275815874195
161,0.24521021651406344,-0.6583088903384052,0.5921023309355333,2.3764157126572796,70.12578925555928,2.376415712657279
162,0.245058377301466,-0.656309142052244,0.5858632673069615,2.34083795630139,69.38686417739254,2.3408379563013906
163,0.24497322140582312,-0.6551858159402438,0.5823529992726985,2.3208209363923524,68.97112469531295,2.3208209363923524
164,0.24521170668765996,-0.6583344216586574,0.5922002132289174,2.376973878528457,70.13738196972214,2.3769738785284567
165,0.24395205891922572,-0.6416073982303924,0.5395871915216103,2.0769523722758976,63.90614544255757,2.0769523722758976
166,0.242524063446938,-0.6226031350920003,0.47968149382522834,1.7353449702915549,56.8111989909431,1.7353449702915549
167,0.24057213781901493,-0.5965482574009479,0.39730718082700595,1.2656121045433384,47.05517640569548,1.2656121045433384
168,0.23900923175615765,-0.5756669827854514,0.33122970477692504,0.8888106350478242,39.22927382445442,0.8888106350478241
169,0.2378885929892135,-0.5606840151811673,0.2837837949817034,0.6182541670792019,33.61000550291112,0.6182541670792019
170,0.23730005416729172,-0.5528123885308021,0.2588481394915984,0.4760606059270739,30.65674484088086,0.47606060592707394
171,0.23712795340420992,-0.5505092913403707,0.25154842445687375,0.4344345706060807,29.792201245279863,0.43443457060608076
172,0.23720037071960778,-0.5514793538735452,0.2546260536972857,0.4519845027413618,30.156701042432953,0.4519845027413618
173,0.23773289895673833,-0.5586142867903855,0.2772670415791581,0.5810929072187633,32.83819216616022,0.5810929072187633
174,0.23823344419320783,-0.5653328738773701,0.29862509534247617,0.702885483519392,35.367738663213984,0.7028854835193921
175,0.23878961411266406,-0.5728092861651954,0.3224274799124074,0.8386166587938516,38.18678009730776,0.8386166587938517
176,0.23968185186734478,-0.5848089097499476,0.3606477502338901,1.0565646629024747,42.71340747541653,1.0565646629024747
177,0.2401875455498935,-0.5916307903636044,0.3824420961693217,1.180845160071285,45.29462634617492,1.180845160071285
178,0.24099941429667524,-0.6025891017238116,0.4174706053554166,1.3805924041330004,49.4432366872951,1.3805924041330007
179,0.24204335651656977,-0.6166905084675907,0.46257975158119624,1.6378236666085744,54.785749824727155,1.6378236666085744
180,0.24301861376791192,-0.6298891479300182,0.5048802115403705,1.8790386225320237,59.795615494101206,1.8790386225320235
181,0.24427707731680087,-0.6469287554568568,0.5595165830174766,2.190598117402457,66.2664879627812,2.190598117402457
182,0.24565077860682905,-0.6655495091054181,0.6192887950104948,2.531444327946225,73.34562500137086,2.531444327946225
183,0.24586744302560967,-0.6685039563751818,0.628828342630946,2.5858428276556285,74.47544373552134,2.5858428276556285
184,0.24621454852002483,-0.6732425391951317,0.6441459757153145,2.673190392974387,76.2895914823664,2.673190392974387
185,0.2457029284885415,-0.6662278712362514,0.6213741535279698,2.5433359164387093,73.5926049645939,2.5433359164387093
186,0.245378905381106,-0.6617807403395655,0.606922782202535,2.4609281388244115,71.88105314817045,2.4609281388244115
187,0.24523523527335503,-0.6598069092764324,0.6005022210738707,2.424315407635453,71.12063236769531,2.4243154076354525
188,0.2453969623368173,-0.6620300616215944,0.6077377787652418,2.4655755908885455,71.97757747211641,2.465575590888545
189,0.2452085152375612,-0.6594325856805712,0.5992613190477806,2.4172392640706417,70.97366582251907,2.4172392640706413
190,0.24485497899461697,-0.6545494790646299,0.5832934229496128,2.3261836264433637,69.0825040112397,2.326183626443364
191,0.2448352865647927,-0.6542773558562222,0.5824031596669674,2.321106971988759,68.9770654542894,2.321106971988759
192,0.24494486619129288,-0.6557932599423298,0.5873678724005401,2.3494178453068537,69.56506246203436,2.3494178453068537
193,0.24494245995946504,-0.6557599090632553,0.5872584397359057,2.3487938143766502,69.55210177673239,2.3487938143766502
194,0.2448416678892584,-0.6543603241055029,0.5826576565490353,2.3225582199007184,69.00720685685725,2.3225582199007184
195,0.2447543497190878,-0.6531460549655219,0.5786602641918167,2.299763412889498,68.53377468243701,2.2997634128894977
196,0.244907878453671,-0.6552825019866666,0.5856981524520707,2.3398964021792077,69.36730875781035,2.3398964021792072
197,0.2440177989804824,-0.6428361787726987,0.5445002986979782,2.1049689690726834,64.48803053308843,2.1049689690726834
198,0.24359405925589983,-0.6369103973027865,0.5248841886013155,1.993109685818488,62.164791574581116,1.9931096858184878
199,0.24346917429416162,-0.6351630667732518,0.5190971269644167,1.9601094343077932,61.47939946657018,1.9601094343077932
200,0.2436716706784702,-0.637997205033652,0.5284865998605974,2.013652145024948,62.59144406281084,2.013652145024948
201,0.24320084109058765,-0.6313824688981968,0.5064898980307743,1.8882177297145,59.98625912054196,1.8882177297144997
202,0.24302981011498503,-0.6289784950643904,0.49849195203106067,1.8426100887181371,59.03902036408058,1.842610088718137
203,0.2420269185809594,-0.6148238737002363,0.4512078730034982,1.5729764476295447,53.43891851041793,1.5729764476295447
204,0.24102361363084904,-0.6006424542915938,0.40376495322347244,1.3024370299810462,47.82000431208027,1.3024370299810462
205,0.24046364858237645,-0.5927268019991466,0.37728135364784376,1.1514164427227735,44.68341250094051,1.1514164427227735
206,0.2402574086113821,-0.5898106396197982,0.3675221632213372,1.0957654476543908,43.52758031552629,1.0957654476543908
207,0.24043954916434923,-0.5923860927839087,0.3761413004356828,1.1449153813729156,44.54839001053787,1.1449153813729156
208,0.2404850090645417,-0.5930301450163875,0.37830086985552613,1.1572301515414647,44.8041591607444,1.1572301515414647
209,0.2406184836006611,-0.5949232099023217,0.38465535864350964,1.1934661105449567,45.55675464684706,1.1934661105449567
210,0.24108278266390665,-0.6015090065406022,0.4067642194613481,1.3195401034244583,48.175223167216785,1.319540103424458
211,0.2417889942215982,-0.6115299004264747,0.4404172205032627,1.5114436234063169,52.160924853534524,1.5114436234063169
212,0.24249832563900062,-0.6216089690372067,0.4743118088055773,1.7047247752254013,56.17523898811415,1.7047247752254011
213,0.24345083747324173,-0.6351471550286989,0.5198512756424297,1.9644099062246994,61.5687172559093,1.9644099062246994
214,0.24407029010345677,-0.6439769623906496,0.5496375941394157,2.1342639813412987,65.09646741747052,2.1342639813412987
215,0.24423235956929806,-0.6462946667975961,0.5574812797830885,2.178991965118354,66.02543630966517,2.1789919651183536
216,0.24439360101109098,-0.6486036943431918,0.5653061937404836,2.223612904870771,66.95218197244981,2.223612904870771
217,0.2444408441485657,-0.6492814530933677,0.5676071055518752,2.2367336686096104,67.22469104453255,2.2367336686096104
218,0.24466425608224887,-0.6524886911759421,0.5785024496755539,2.2988634883586263,68.51508388030585,2.298863488358626
219,0.24519993338740728,-0.6601790390533778,0.6046284799085871,2.4478450653248838,71.60932687595712,2.4478450653248838
220,0.2457412399680417,-0.6679604095123576,0.6310980318441863,2.5987855470506442,74.74425495129856,2.5987855470506442
221,0.24484451883122754,-0.6549832074945724,0.5866608383511412,2.3453860407537417,69.48132470564636,2.345386040753742
222,0.2442799537694374,-0.6468108995812517,0.5586699898204214,2.1857704880832993,66.16622148345813,2.185770488083299
223,0.24405152020070664,-0.6435037820651961,0.5473413114582618,2.1211696148437027,64.82450659759778,2.1211696148437023
224,0.24396460384719346,-0.6422444644650189,0.543024084599053,2.096550977420832,64.31319474307601,2.096550977420832
225,0.24355578804171876,-0.6363062299370681,0.5226156414600345,1.9801734789965646,61.89611562038513,1.9801734789965646
226,0.2434444946307473,-0.6346893061772777,0.5170574764610566,1.9484784920735458,61.237832943554416,1.9484784920735458
227,0.24345813800125868,-0.6348876859267103,0.5177399575826412,1.952370285539161,61.31866276772944,1.952370285539161
228,0.24318458058335993,-0.6309004181458925,0.503989799551626,1.873961120092901,59.69015932510646,1.8739611200929007
229,0.242652417552643,-0.6231262927319497,0.4771207394116019,1.7207424751033267,56.507915394573054,1.7207424751033265
230,0.24226005615545299,-0.617389905714857,0.4572789524671547,1.6075962878546166,54.15794834154434,1.6075962878546166
231,0.24217367429151204,-0.616126839404404,0.45290957750553,1.5826802800901967,53.64046031332921,1.5826802800901965
232,0.24238599139049846,-0.6192314610382151,0.46365000934249967,1.643926725037932,54.91250607326228,1.6439267250379317
233,0.242728048655941,-0.6242367517746363,0.48097789909764976,1.7427376166350668,56.964739077130524,1.7427376166350665
234,0.2428199422776638,-0.6255845923126506,0.48565488301534626,1.7694077396231067,57.518658849825584,1.7694077396231067
235,0.24303811376292006,-0.6287869197717568,0.49677486575552376,1.8328185429365984,58.83565681693551,1.8328185429365986
236,0.2429631599286643,-0.6276839950235694,0.4929355297816304,1.8109250396836358,58.38094409023313,1.810925039683636
237,0.24273465711869702,-0.6243153257966834,0.4811872545050861,1.7439314489344278,56.98953413773803,1.7439314489344278
238,0.24229314184298675,-0.6177927821757994,0.4583929175509016,1.613948583759569,54.28988107786284,1.613948583759569
239,0.24179626959845762,-0.6104416683531679,0.43266567863312855,1.4672410820545732,51.242869032454074,1.4672410820545732
240,0.24149358821748973,-0.6059612981623048,0.4169775446462188,1.377780765267808,49.38484091754906,1.377780765267808
241,0.24096761142321357,-0.5981592083227384,0.38960126124369987,1.2216697205969038,46.14252387168942,1.2216697205969038
242,0.240550184322748,-0.5919621397702597,0.36783883874854795,1.097571264267541,43.56508586165121,1.0975712642675413
243,0.2403168315110556,-0.5884960519778434,0.3556607541868221,1.028126720789199,42.12277133780423,1.0281267207891989
244,0.2403639519729361,-0.5891959854879556,0.35812008367788833,1.0421508485495434,42.41404264782931,1.0421508485495434
245,0.24014337304209257,-0.5859117328617112,0.34655334887827455,0.9761924777053526,41.04413348761529,0.9761924777053524
246,0.24017436903779085,-0.5863733098283423,0.34817921078141506,0.9854638238723248,41.23669285315288,0.9854638238723248
247,0.2404657281160395,-0.5907121982661864,0.36346293809185853,1.0726180442541544,43.04682496109131,1.0726180442541544
248,0.24062751133999438,-0.593125817318866,0.37198012960698673,1.1211866408579756,44.05556069144287,1.1211866408579754
249,0.2409542319237066,-0.5980021942785781,0.3891951878563326,1.2193541199076912,46.09443046739592,1.2193541199076912
250,0.241346434497299,-0.6038610330178827,0.40989655341292175,1.3374019847561407,48.54620193066638,1.3374019847561405
251,0.24167167224743602,-0.6087268924195242,0.4271151342161202,1.4355895508846517,50.5854889011755,1.435589550884652
252,0.24213078448312964,-0.6155992273440261,0.4514464991948415,1.5743371942096671,53.46718026371749,1.5743371942096671
253,0.2427481797527892,-0.6248441787944695,0.48418968763142717,1.7610525813034954,57.34512806411058,1.7610525813034954
254,0.24357565973464643,-0.6372352040826879,0.5280762832945676,2.011312347952172,62.5428481165797,2.011312347952172
255,0.2445533527822347,-0.6518798250415289,0.5799595436491239,2.3071724490401473,68.68765517343803,2.3071724490401473
256,0.24547107851664188,-0.665646976729901,0.6288069444239229,2.5857208061086077,74.47290943346282,2.5857208061086077
257,0.2463337885245013,-0.6786078256721139,0.6748602631183239,2.848336135817078,79.92724587591518,2.8483361358170773
258,0.24675152803794645,-0.6849059070684098,0.6973172629617391,2.976395363367568,82.5869463297932,2.976395363367568
259,0.24696565669951406,-0.6881411342055096,0.7088774369684239,3.042316321820056,83.956078460838,3.042316321820056
260,0.2467676109057698,-0.685139911374637,0.698121584686564,2.9809819430309847,82.68220637661587,2.9809819430309843
261,0.2464058902921683,-0.6796482862784546,0.6784049387485696,2.868549362262791,80.34706043032367,2.868549362262791
262,0.24613821358476384,-0.6755814002172565,0.6637927874042793,2.7852247495786373,78.61646659171977,2.7852247495786377
263,0.24601596882685042,-0.673723167551695,0.6571129157914641,2.74713332130068,77.82533430849715,2.74713332130068
264,0.24570062792589897,-0.6689202626525402,0.6398141175027673,2.6484883214410115,75.77654675981299,2.6484883214410115
265,0.24562614983383574,-0.6677858166634628,0.6357278480116428,2.62518669975311,75.29258839956933,2.62518669975311
266,0.24577832727505522,-0.6701039123564841,0.6440781089156954,2.672803388031779,76.2815536607959,2.672803388031779
267,0.24561549482715622,-0.6676171171333171,0.6350973336183336,2.6215912423576593,75.21791326799547,2.6215912423576593
268,0.24563506387380477,-0.6679160611647978,0.6361772333966395,2.627749283610099,75.34581147125189,2.627749283610099
269,0.24568110454517644,-0.6686200862939521,0.6387229095011957,2.642265795958867,75.64730926427521,2.642265795958867
270,0.2455287877561091,-0.6662862403293817,0.6302671024224349,2.5940472391448504,74.64584361516361,2.594047239144851
271,0.24511522809029587,-0.6599352914687192,0.6072056573992521,2.462541211783283,71.91455554360819,2.4625412117832823
272,0.24482117547387552,-0.6554169301980376,0.5907891232787695,2.368927252074337,69.97025917473441,2.368927252074337
273,0.24476802004295117,-0.6546001505626361,0.5878215137253885,2.3520046983170566,69.61878958702923,2.352004698317056
274,0.24480218447570953,-0.6551254708426562,0.5897314350306243,2.36289587027841,69.8449915996679,2.3628958702784097
275,0.24491973270095466,-0.6569341425588934,0.5963116717098069,2.40041913839575,70.62432359433676,2.4004191383957503
276,0.24519664244055728,-0.6611959930988078,0.6118210720457954,2.4888602409760825,72.46118334410869,2.488860240976082
277,0.2447196013447039,-0.6538199131969892,0.5848554790214984,2.3350911250117834,69.26750651702166,2.335091125011783
278,0.2435564471887361,-0.6357666490981286,0.5186077105892605,1.9573185769630868,61.42143531444769,1.9573185769630865
279,0.24253234648784297,-0.6198623534999396,0.460212032107238,1.6243219375706124,54.50532837023847,1.6243219375706122
280,0.24147559997633106,-0.6034310276181308,0.39980832017178886,1.279874649617139,47.351399476315564,1.2798746496171387
281,0.24053421947535408,-0.5887839850677611,0.3459291162721428,0.972632841693844,40.97020234109391,0.9726328416938438
282,0.23971101008560014,-0.5759676242148276,0.2987550804005623,0.7036267128130502,35.38313347643034,0.7036267128130502
283,0.23874064861370758,-0.5608350081917595,0.24296312852917312,0.3854776140909795,28.775399551607595,0.3854776140909794
284,0.237972882965911,-0.5488585878678146,0.19879577547210228,0.1336168510827485,23.544427926209192,0.13361685108274857
285,0.23744445779433188,-0.5406151754039031,0.16839348366189286,-0.03974976209472806,19.943724809570238,-0.039749762094728164
286,0.23710276041798492,-0.5352835037155996,0.1487254921392059,-0.15190489498989082,17.614341261255447,-0.1519048949898909
287,0.23692526075726106,-0.5325131077938473,0.13850292693913654,-0.21019824727351102,16.40362916738712,-0.21019824727351097
288,0.23664040491646796,-0.5280601007777714,0.12204598523230871,-0.30404262797950127,14.45454711580897,-0.3040426279795013
289,0.2365508671039324,-0.5266602610270471,0.1168720943079204,-0.3335463230334929,13.84177603615178,-0.3335463230334929
290,0.23665078063391004,-0.5282224179185334,0.12264629456162902,-0.3006194125215088,14.525644902993067,-0.30061941252150887
291,0.23689078623304452,-0.5319759608496575,0.1365243034258509,-0.22148118802656505,16.169290391369245,-0.221481188026565
292,0.23716770469544396,-0.5363103873264407,0.15256317635671862,-0.1300208107442614,18.068858361773305,-0.13002081074426133
293,0.23753023835057682,-0.541987946309744,0.17358330227962201,-0.010155240656085264,20.558382289614983,-0.010155240656085255
294,0.23795951851393912,-0.5487150502992565,0.1985047499124086,0.13195730133738262,23.509960240471802,0.1319573013373825
295,0.23851831783022465,-0.5574737792605136,0.23095986881147124,0.31702999516348807,27.353790452360606,0.31702999516348795
296,0.23860491150397506,-0.5588361883032532,0.2360270942848811,0.3459254390996159,27.953928582364746,0.3459254390996159
297,0.23877679726465798,-0.5615420167557091,0.24609640355788479,0.40334486183902224,29.14648977176595,0.40334486183902224
298,0.23890260994983636,-0.5635250745221366,0.2534853079918972,0.4454794925048132,30.021596536419842,0.44547949250481317
299,0.23915907033169945,-0.5675685126500106,0.26855533091625494,0.5314150808878402,31.806418511364946,0.5314150808878402
300,0.23943342573133825,-0.5718979890299477,0.28470583309434194,0.6235120149350999,33.71920731988475,0.6235120149350998
301,0.23977714206018405,-0.5773252356222062,0.3049633040475945,0.7390286066654359,36.118406013586686,0.7390286066654359
302,0.2399535582015782,-0.5801163081993895,0.3154014126742222,0.7985510779275979,37.35464604767165,0.7985510779275977
303,0.24027856580333978,-0.5852589258263365,0.3346364151841902,0.9082371259542001,39.63274843279979,0.9082371259541999
304,0.24074243403711984,-0.592599787151386,0.3620973991281755,1.0648311686207816,42.88509700870141,1.0648311686207816
305,0.2411851995692301,-0.5996145070014953,0.38836731677400704,1.2146332519354235,45.996381346464055,1.2146332519354233
306,0.24168986903486747,-0.607614685161637,0.4183452414051106,1.385579945554054,49.54682442896003,1.3855799455540538
307,0.24217829773031146,-0.6153657611208143,0.4474207506779724,1.5513806884886256,52.99038972036025,1.5513806884886256
308,0.24278657818620714,-0.6250206727435332,0.48364475045496647,1.7579451210742714,57.28058829184921,1.7579451210742711
309,0.24305162284162726,-0.6292406993635098,0.4995265932895618,1.848510046917334,59.161558363101996,1.848510046917334
310,0.24334911274926027,-0.6339809777007671,0.5173800152690443,1.9503177435716963,61.27603290882047,1.9503177435716963
311,0.24372264126187704,-0.6399358517632764,0.5398190991699288,2.078274806907139,63.933611483515456,2.078274806907139
312,0.24396188273060668,-0.6437566271997266,0.5542416509182423,2.1605182432109227,65.64175004603659,2.1605182432109227
313,0.24427230039820044,-0.6487167411372547,0.5729747635728033,2.2673423048792856,67.86041097925529,2.2673423048792856
314,0.24460669442350294,-0.6540642698601917,0.5931871248803623,2.3826016624989714,70.25426710066519,2.382601662498971
315,0.24484003243356234,-0.6578015452536086,0.6073348532500235,2.4632779406859795,71.9298568868567,2.46327794068598
316,0.24475671497474386,-0.6564634414164252,0.6022556834055448,2.4343143849386877,71.32830412224533,2.4343143849386877
317,0.24477147384008,-0.6567005710044018,0.6031561460542156,2.439449200454157,71.43495064368939,2.439449200454157
318,0.24488299726751642,-0.6584931197601255,0.6099657391602971,2.478280355068678,72.2414465247623,2.478280355068678
319,0.24483003681682988,-0.6576402878192484,0.6067200133584075,2.4597718658702625,71.85703816885359,2.459771865870262
320,0.24456644277147893,-0.653386861371309,0.5904993254889116,2.3672747035872814,69.93593690022792,2.3672747035872814
321,0.24447395388366322,-0.6518943817562277,0.5848074668989093,2.334817339761096,69.26182018914473,2.334817339761096
322,0.24416321265589547,-0.6468695453858146,0.5656047698986254,2.2253155112938567,66.98754391522328,2.2253155112938567
323,0.2435632463404046,-0.6371449327206565,0.5283549302130106,2.0129013094957418,62.57584973481108,2.0129013094957418
324,0.24300057400736674,-0.628017832108862,0.49336739074694114,1.8133876919529734,58.4320916528398,1.8133876919529734
325,0.2426115683416416,-0.6217072408948779,0.4691745377990245,1.6754299022947423,55.56680499768381,1.675429902294742
326,0.24226361985797942,-0.6160586100287097,0.4475039243218954,1.5518549794744032,53.00024041190565,1.5518549794744032
327,0.24194539769467785,-0.6108885501287822,0.42765407857828497,1.4386628375744475,50.649318912960666,1.4386628375744475
328,0.24169905141660797,-0.606884041339991,0.41227088336141887,1.3509414094911723,48.827406298378285,1.3509414094911723
329,0.2415941416364211,-0.6051784118990486,0.4057177833100028,1.3135728858015983,48.05128823707947,1.3135728858015985
330,0.24164299117579893,-0.6059726380273818,0.4087693377911339,1.3309741287283763,48.41269986352509,1.3309741287283765
331,0.24139843978655637,-0.6019863642762139,0.3934144584759338,1.2434141697870182,46.594140849915156,1.2434141697870182
332,0.24076897052134413,-0.5916962544898229,0.3536645846062656,1.016743725004889,41.88635448887326,1.0167437250048887
333,0.24024241462485257,-0.5830848984081386,0.3203858216027376,0.8269742672063121,37.9449757792441,0.8269742672063118
334,0.23972808520591674,-0.5746662815910415,0.28782426125628596,0.6412945996247169,34.088539147624,0.6412945996247168
335,0.23927675430739287,-0.5672744266046652,0.25921711679589854,0.4781646691991851,30.700444761197932,0.47816466919918504
336,0.23896826242772506,-0.562221158201358,0.23965737803629097,0.3666268389409201,28.383882156246163,0.3666268389409201
337,0.2387936606569115,-0.5593605977304063,0.22858311081222243,0.3034767246651808,27.072298517844082,0.30347672466518066
338,0.23871872154718773,-0.5581324387193628,0.2238269040005331,0.2763548395237019,26.5089959616704,0.2763548395237019
339,0.23878848486268164,-0.5592758076812078,0.2282548837483315,0.3016050363472346,27.033424862552067,0.30160503634723457
340,0.23894251182302692,-0.5618011185857124,0.23803832067292993,0.3573942951123755,28.19212868809763,0.35739429511237547
341,0.23921625949916117,-0.5662897729533841,0.2554299367364564,0.45656858083527196,30.251909133409278,0.4565685808352719
342,0.23951926020272502,-0.5712615105096877,0.2747064310328667,0.5664912324223916,32.53492560875438,0.5664912324223917
343,0.23994055498695455,-0.5781746921118135,0.3015119917747604,0.7193477772235524,35.70964897201672,0.7193477772235524
344,0.24042959798554744,-0.58620270710273,0.33265229127911194,0.8969228196612656,39.397758216489386,0.8969228196612655
345,0.2408874068825487,-0.5937262579641536,0.36186760191549056,1.0635207685782613,42.85788091772133,1.0635207685782615
346,0.2412214216658089,-0.5992249663929758,0.38325694795931536,1.185491786580717,45.391133523928005,1.1854917865807169
347,0.24148727030513112,-0.6036073198468653,0.400326282629644,1.2828282886925086,47.41274449095932,1.2828282886925086
348,0.24182193103304392,-0.6091261871218921,0.4218308002828237,1.40545606349385,49.959637475836836,1.40545606349385
349,0.24207076416574072,-0.6132356136147151,0.4378663052035706,1.4968972349705045,51.85880655511076,1.4968972349705045
350,0.24239808853041192,-0.6186430644435081,0.4589736618440639,1.6172602311793167,54.358661675043265,1.617260231179317
351,0.2428270398040514,-0.625730381662701,0.48664194536978794,1.7750363829652864,57.63556182931615,1.7750363829652864
352,0.24331936577765306,-0.6338679583507066,0.5184225540447848,1.956262736724996,61.39950625229272,1.9562627367249958
353,0.24345827392851677,-0.636171532544458,0.5274483816340135,2.0077317894542035,62.46848242467023,2.007731789454203
354,0.24370305878578635,-0.6402315108357914,0.5433584692860959,2.0984577790873944,64.35279767802274,2.098457779087394
355,0.24388593211714388,-0.6432684517734103,0.555274358183169,2.1664071729679875,65.76405899204008,2.1664071729679875
356,0.24414947335175438,-0.6476463454723139,0.5724567905897453,2.264388605784797,67.79906471805647,2.264388605784797
357,0.244372914444706,-0.6513622337916729,0.5870570343529162,2.3476453164495013,69.5282482792801,2.3476453164495013
358,0.24453152756778848,-0.6540033671083975,0.5974474686850019,2.406895928898124,70.75884199623829,2.4068959288981238
359,0.24468790473408608,-0.6566094845003473,0.6077087824994891,2.4654102420253836,71.97414329205135,2.465410242025383
360,0.2441067647704483,-0.6468745788173894,0.5691832802646363,2.2457216775871314,67.41136569511598,2.245721677587131
361,0.24364058618011986,-0.6390635530456756,0.5382640741540884,2.0694074023678546,63.74944170263375,2.0694074023678546
362,0.24301476199165686,-0.6285599319942858,0.4966171310092537,1.8319190732876667,58.81697546238361,1.831919073287667
363,0.2425132614288508,-0.6201412892636134,0.46323075242067135,1.6415359463084092,54.86285127373191,1.6415359463084092
364,0.2419006168604115,-0.6098421781606883,0.42232902926452,1.4082971740154764,50.01864535124283,1.4082971740154764
365,0.24130834926654435,-0.5998782836544769,0.3827296838171429,1.1824851054019097,45.328686861950544,1.1824851054019097
366,0.2408403818438786,-0.5920041559234508,0.3514302609055812,1.0040026745884287,41.62173179651647,1.0040026745884287
367,0.24049735739374395,-0.586231558932398,0.328481254027465,0.8731378166664489,38.90376036509784,0.8731378166664489
368,0.24022564082988007,-0.581657056547656,0.3102877464305773,0.7693908092506492,36.749007693303895,0.7693908092506491
369,0.23974812672746362,-0.5736017269261406,0.2781868319672071,0.5863379376067588,32.94712777330383,0.5863379376067586
370,0.23938510660464962,-0.5674766837602815,0.25377367983329335,0.44712390963595233,30.055749928359766,0.4471239096359524
371,0.2390802033298928,-0.5623296934622711,0.23324887805152855,0.330082885450773,27.624889840398254,0.33008288545077297
372,0.2389100620545628,-0.5594575487117732,0.2217954029186839,0.26477036870731746,26.268394617451563,0.26477036870731746
373,0.23874362271094343,-0.5566456552342989,0.2105733324855172,0.20077741857110845,24.93930586861336,0.2007774185711084
374,0.23870130549768384,-0.5559307103754922,0.20771995533239695,0.1845062658487229,24.60136542411252,0.1845062658487229
375,0.23866790730130036,-0.5553660249102467,0.20546458190502462,0.1716451810662028,24.33424970205379,0.17164518106620275
376,0.23872379076758837,-0.5563110877680987,0.20924000374145812,0.19317421911322816,24.781392741727785,0.1931742191132281
377,0.23887652052244232,-0.5588943010385328,0.2195610512948036,0.252029159061088,26.003768618004,0.25202915906108797
378,0.23886972506067466,-0.5587791466878422,0.21910009330891456,0.24940058338233412,25.949174942409027,0.24940058338233415
379,0.23890285280285276,-0.5593408228740928,0.22134965412756635,0.26222852223316273,26.215602246684433,0.26222852223316273
380,0.23894617198372956,-0.5600758315140997,0.22429556355038288,0.27902733274881636,26.56450177394012,0.27902733274881625
381,0.23893100680838852,-0.5598182121664906,0.22326180372075116,0.27313240082654616,26.44206816716969,0.2731324008265462
382,0.23892019391263372,-0.5596343861027162,0.2225235947234325,0.2689228236512064,26.35463819794337,0.2689228236512064
383,0.23895165407029295,-0.5601695012120135,0.22467359613987506,0.28118303305325726,26.609274159248205,0.28118303305325715
384,0.23896602867205402,-0.5604142257039418,0.22565774491562274,0.28679506194829074,26.725832068309558,0.2867950619482907
385,0.23906997469642058,-0.56218418373734,0.23277674683752442,0.3273905953412563,27.568972860706733,0.32739059534125636
386,0.23918646208941016,-0.5641690788621982,0.24076578622709813,0.37294744711276456,28.515156760544485,0.37294744711276445
387,0.2393741527293855,-0.5673681094010169,0.2536450628844819,0.4463904818749184,30.040517147511235,0.44639048187491837
388,0.23958142150328415,-0.5709030862551558,0.2678858539240981,0.527597442419825,31.727128834546313,0.527597442419825
389,0.23986487432583387,-0.5757383685722052,0.28736890364357087,0.6386979596215943,34.03460875364173,0.6386979596215941
390,0.23985758374890198,-0.5756136427376652,0.28686490002558407,0.635823919702991,33.974916957726755,0.6358239197029908
391,0.23995183774543916,-0.5772262331572179,0.29338164642292147,0.6729851396167974,34.746729464814095,0.6729851396167975
392,0.24014162564070526,-0.5804735652299694,0.3065056708740291,0.7478238289021512,36.30107661860596,0.7478238289021509
393,0.240230844586036,-0.5820024309659602,0.3126937774875018,0.7831110069957004,37.03396658980685,0.7831110069957002
394,0.2403845666307894,-0.5846374252012305,0.32336214981824274,0.8439465384300694,38.29747796390214,0.8439465384300694
395,0.24063719583852264,-0.5889679131474863,0.3408955036460086,0.9439290723040897,40.37404515715464,0.9439290723040897
396,0.24094048547269928,-0.5941687260139343,0.36196035059317294,1.0640496604205891,42.86886563081072,1.064049660420589
397,0.2412843287031499,-0.6000675367053485,0.38586267353884396,1.2003507262097712,45.69974329170097,1.2003507262097712
398,0.24171953435438193,-0.6075337678503221,0.41611647689786746,1.3728705959891259,49.28286014108389,1.3728705959891256
399,0.2419709484513251,-0.6118566080368417,0.4336718997244228,1.472978976546029,51.36204108178735,1.4729789765460288
400,0.2420885457685503,-0.6138821576866672,0.4419122119484422,1.5199686913583663,52.33798454329774,1.5199686913583663
401,0.24229012065393055,-0.6173546156305992,0.4560405910305136,1.6005346317959122,54.01128269172179,1.6005346317959122
402,0.24238658745613942,-0.6190189672946868,0.46282263674851737,1.6392086996551742,54.81451599092338,1.6392086996551742
403,0.24256039724562098,-0.6220182538929587,0.47504652509836076,1.7089144355352668,56.26225529799585,1.7089144355352668
404,0.2427189742014178,-0.6247570418406836,0.4862182651670605,1.7726203808337453,57.58538315739423,1.7726203808337453
405,0.2428593629671525,-0.627183841225776,0.49612603239161795,1.829118623091111,58.758812073447764,1.8291186230911107
406,0.24303815527393838,-0.6302758983710329,0.5087554898375048,1.9011370839798787,60.25458505894332,1.9011370839798787
407,0.24329835300413488,-0.6347762818473691,0.5271392176377748,2.0059688067396464,62.431866508615,2.0059688067396464
408,0.2436467552667992,-0.6408024032551805,0.5517560815128719,2.1463444844588966,65.34737100512712,2.1463444844588966
409,0.2440710360298385,-0.6481416631140313,0.581740022858458,2.317325487905839,68.89852667872394,2.317325487905839
410,0.24414589990331334,-0.6494412112497557,0.5870676651377467,2.3477059376412512,69.5295073389691,2.3477059376412512
411,0.2440377236219028,-0.6475595822064708,0.5793381921569606,2.30362924234831,68.61406525237788,2.3036292423483093
412,0.243803243980673,-0.643474571952169,0.562531262614146,2.207789084279313,66.62353230296314,2.2077890842793124
413,0.24351207164466818,-0.6383962797169029,0.5416148181147654,2.088514749133482,64.1462879107284,2.0885147491334815
414,0.24329111174242923,-0.634541469869656,0.5257332318030769,1.9979512860915734,62.265348220830944,1.9979512860915731
415,0.24316549215074906,-0.6323497398647372,0.5167026075163587,1.9464548805824053,61.19580395037361,1.9464548805824053
416,0.24265852662518295,-0.6234764134649251,0.48002655593866955,1.737312659119641,56.852066509584716,1.7373126591196408
417,0.24221807274694399,-0.6157646400648509,0.4481409381704688,1.5554874994884778,53.07568530810687,1.5554874994884778
418,0.2418164974194694,-0.6087300962744109,0.4190411617720455,1.3895483752306685,49.62924593355573,1.3895483752306683
419,0.2415049331983824,-0.6032714307438798,0.3964567098162884,1.2607623623050177,46.95445065653096,1.2607623623050177
420,0.2412687535405806,-0.5991325474961383,0.3793286918273518,1.1630912233092507,44.9258895158244,1.1630912233092507
421,0.241052243684232,-0.5953361039552364,0.3636085252560097,1.073448243297324,43.06406761368389,1.073448243297324
422,0.24088092408511227,-0.5923308058333198,0.3511591552966155,1.002456716752973,41.589623335179574,1.002456716752973
423,0.24061034694789324,-0.587577695587617,0.3314422570773055,0.8900226973709571,39.25444750988598,0.890022697370957
424,0.24037857572304294,-0.5835043829440889,0.3145375317552263,0.7936248667705602,37.252332092629985,0.7936248667705603
425,0.2402206457048814,-0.5807282144946914,0.3030136638345639,0.7279109408408411,35.88749988206188,0.7279109408408412
426,0.24013467692723936,-0.5792167005926743,0.2967380808302915,0.6921249356950223,35.14424962240146,0.6921249356950224
427,0.24010320875055144,-0.5786632472822982,0.29443950027262683,0.6790174657422439,34.87201665294323,0.679017465742244
428,0.24007327264000788,-0.5781363696148029,0.29224976874955705,0.6665306986165142,34.612675246415705,0.6665306986165142
429,0.2400842066636359,-0.5783288872650376,0.2930502040263857,0.6710951161241758,34.70747500078741,0.671095116124176
430,0.2401555496794055,-0.5795853472747827,0.2982754900723692,0.7008918877074115,35.326333074664085,0.7008918877074116
431,0.24024588595680768,-0.5811771961581597,0.30489923434248317,0.7386632543475328,36.110817901864166,0.7386632543475325
432,0.24032257572271662,-0.5825296729993631,0.3105314755405666,0.770780654812141,36.77787381206338,0.7707806548121411
433,0.2403917525686407,-0.5837505848449953,0.31561967274298003,0.799795688338834,37.380495734093984,0.799795688338834
434,0.24044705739493094,-0.5847274588594282,0.319694104661568,0.8230298072255752,37.8630521084416,0.8230298072255752
435,0.24049615540751165,-0.5855953489125987,0.3233166650256033,0.8436871650742643,38.292090960986734,0.8436871650742641
436,0.24053966007936647,-0.5863649385576387,0.3265312863114145,0.8620182832823383,38.67281544567007,0.8620182832823383
437,0.24065921744279228,-0.5884800844935295,0.33536719601652276,0.9124043446187473,39.71929864542805,0.9124043446187474
438,0.24068822434131107,-0.5889939847020705,0.33751699473957897,0.9246633981781359,39.97391060069043,0.924663398178136
439,0.24075908891142064,-0.5902499145058009,0.34277282925195174,0.9546343699232783,40.596386689906964,0.9546343699232782
440,0.24075994926191946,-0.5902651813815448,0.34283679688343843,0.9549991401745825,40.60396271251395,0.9549991401745825
441,0.24067060334195078,-0.588677561128874,0.33617565620893547,0.9170145235592816,39.81504883270575,0.9170145235592815
442,0.2406432099364732,-0.5881906884229365,0.33413244132968384,0.9053632557594399,39.57306016193015,0.9053632557594399
443,0.24057470728211158,-0.5869719462760647,0.3290127751278605,0.8761687728056499,38.96671120099866,0.8761687728056498
444,0.2405865159409278,-0.5871820511851195,0.32989544222217027,0.8812021106098842,39.07125010146302,0.8812021106098842
445,0.24025907712711433,-0.5813376723113431,0.30526570896364447,0.7407530462712093,36.154221416270985,0.7407530462712094
446,0.23998493276328103,-0.5764429459101815,0.28463142250364987,0.6230876945525,33.710394482764166,0.6230876945524999
447,0.23962675903063654,-0.5700398063870757,0.25760432174026643,0.4689678356746011,30.50943297104847,0.468967835674601
448,0.23929363835465545,-0.5640814488291497,0.23244164118200158,0.32547968241017583,27.529284537675796,0.3254796824101759
449,0.23905771220973998,-0.5598615235662996,0.21462036555936667,0.22385529775898275,25.418617253857587,0.22385529775898275
450,0.238878297418121,-0.5566515098660955,0.2010603600647404,0.14653046179112694,23.812634574954874,0.14653046179112691
451,0.23876012750873718,-0.554536783269594,0.19212514378848933,0.09557811275467311,22.7543899763376,0.09557811275467304
452,0.23870555739629262,-0.5535600273995857,0.18799733063780535,0.07203959170399316,22.265511382271217,0.07203959170399304
453,0.23868841785302647,-0.5532531272433964,0.18669986337816702,0.06464088946416321,22.111845519359267,0.06464088946416313
454,0.23875326999541485,-0.5544143826587541,0.19160931024526162,0.0926366136429945,22.693297100235963,0.09263661364299443
455,0.23884558106464052,-0.5560680580568045,0.19860364687714852,0.13252125329000264,23.52167312749322,0.13252125329000256
456,0.23892136185178095,-0.5574267053972329,0.20435475095988342,0.1653164597526973,24.202806593486223,0.16531645975269732
457,0.23904714094899643,-0.5596823143571986,0.2139050089305256,0.21977603436889234,25.333893810669288,0.21977603436889234
458,0.23919851234925116,-0.5623980863047449,0.22540869700388697,0.28537488634948754,26.696336015920565,0.28537488634948754
459,0.23926931120432618,-0.5636700126090561,0.23080364251615793,0.31613912733428584,27.335287751579127,0.3161391273342859
460,0.23939462461589048,-0.5659217698409594,0.24035652057116427,0.3706136427699194,28.466685279116252,0.37061364276991937
461,0.2395815821310331,-0.5692816291776567,0.2546121849452842,0.45190541730337885,30.155058493283455,0.45190541730337885
462,0.23957566991457838,-0.5691751353936085,0.2541593103779571,0.4493229366660029,30.101422179409457,0.4493229366660029
463,0.23964035996172284,-0.5703404575123,0.2591153407283586,0.47758429939541946,30.688390886908522,0.4775842993954194
464,0.23976578672097393,-0.5726002062375964,0.26872723580818436,0.5323953546477426,31.82677811070041,0.5323953546477426
465,0.2397189462606906,-0.5717545421667277,0.2651227295470079,0.5118409488622114,31.39987750039167,0.5118409488622114
466,0.2397433728389847,-0.5721955774020449,0.2670027164793729,0.5225614224803413,31.622534228011595,0.5225614224803413
467,0.23980155139299894,-0.5732464150928355,0.2714837466352916,0.5481141349708152,32.153246167390826,0.548114134970815
468,0.23992785980956113,-0.5755279909146428,0.281213610695742,0.6035978988057205,33.3056050772271,0.6035978988057205
469,0.23973541861766506,-0.5720405591453842,0.2662935483357703,0.5185174484274229,31.53854371963704,0.5185174484274228
470,0.23961186282569943,-0.5698011896949428,0.2567117911526032,0.46387825209628286,30.403725885255174,0.46387825209628286
471,0.23953842135404166,-0.5684697683569816,0.25101348890383657,0.431384143826507,29.7288460178172,0.43138414382650697
472,0.23949040135924177,-0.5675988252893016,0.2472843237831603,0.41011888096451066,29.287181403968216,0.41011888096451066
473,0.23947713287311131,-0.5673580858783722,0.24625316424344665,0.4042387769854492,29.165055763191617,0.40423877698544913
474,0.2394586958989179,-0.5670233403385062,0.24481836785984093,0.39605696650952044,28.995125290763994,0.39605696650952044
475,0.23937337800028943,-0.5654724471364424,0.2381630377819729,0.3581054843521553,28.20689959043725,0.3581054843521553
476,0.23933608043692872,-0.564794285563467,0.23525211338465013,0.3415061731183204,27.862143523520587,0.3415061731183203
477,0.2393189346345225,-0.5644823840121322,0.2339126817669189,0.33386817251630946,27.703507601248766,0.33386817251630946
478,0.2393726415195892,-0.5654594138895038,0.23810861784182558,0.3577951590394598,28.20045435106783,0.3577951590394598
479,0.23947192895543368,-0.5672660762246758,0.24586933657102164,0.4020500306887055,29.11959703577131,0.4020500306887055
480,0.23961953701160477,-0.5699525436992485,0.2574116967574401,0.4678694072701096,30.486619382509318,0.46786940727010956
481,0.23974287320810325,-0.5721991802050671,0.2670725047907734,0.5229593846886644,31.630799624315706,0.5229593846886644
482,0.23982105129292935,-0.5736247108410051,0.2732087492781016,0.5579508231972514,32.35754729149525,0.5579508231972514
483,0.2399329833842009,-0.5756664065599275,0.28200020431294637,0.6080833853674915,33.398765491141845,0.6080833853674915
484,0.24001576592676582,-0.5771777451895617,0.2885137108392222,0.6452261301782835,34.17019428328092,0.6452261301782833
485,0.24009178042445323,-0.5785664790467745,0.29450291485833263,0.679379082294657,34.87952717543333,0.679379082294657
486,0.24018338246654025,-0.5802408080564232,0.30172732038933525,0.7205756712541105,35.735151470921785,0.7205756712541105
487,0.2402887148732729,-0.5821670758892805,0.310042949853622,0.7679948765450125,36.72001514882442,0.7679948765450126
488,0.24041641453089352,-0.5845033737251538,0.3201328971010148,0.8255319856662553,37.91502060193994,0.8255319856662552
489,0.2405303639287008,-0.5865896685990815,0.32914982849090063,0.8769503085373368,38.9829431506992,0.8769503085373367
490,0.24068723674264061,-0.5894625048425947,0.3415689997234364,0.9477696292812042,40.45381083535341,0.947769629281204
491,0.24078999203484647,-0.5913463801090876,0.34972194364940856,0.9942611334314612,41.41940681039673,0.9942611334314613
492,0.24095451020033637,-0.5943627496362451,0.3627767188991825,1.0687049347400988,42.96555241752154,1.0687049347400988
493,0.24115377645748387,-0.5980172689687575,0.3785979341720481,1.1589241368098386,44.83934204817342,1.1589241368098384
494,0.24110791771399132,-0.5971738557023742,0.37493641681950973,1.1380446298811218,44.405689314846086,1.1380446298811215
495,0.24110095163806855,-0.5970457020264868,0.37437990392034304,1.1348711600282433,44.33977856893954,1.1348711600282433
496,0.2411367036865512,-0.597703586856188,0.3772374891334286,1.1511663088726576,44.678217396086225,1.1511663088726576
497,0.2411151107506446,-0.5973058056991221,0.3755077808284816,1.1413027869880044,44.47335895569696,1.1413027869880044
498,0.2411373299591258,-0.5977152196074546,0.37728848537615567,1.1514571108273775,44.68425714898613,1.1514571108273775
499,0.24116024214737938,-0.598137658492812,0.3791269453454103,1.1619407802928818,44.90199562023151,1.1619407802928816
500,0.24112159904396857,-0.5974243671125071,0.3760191630538513,1.1442189028191714,44.533924638842734,1.1442189028191714
501,0.241117493175477,-0.5973485555029309,0.3756887525447534,1.1423347635813093,44.49479238666563,1.1423347635813093
502,0.24117177835478576,-0.5983509801054223,0.38005802637966707,1.1672501946788285,45.01226843791317,1.1672501946788285
503,0.24111690907986802,-0.5973361830482986,0.37562795856497067,1.1419880908224822,44.48759223630054,1.141988090822482
504,0.24093158275088492,-0.5939028095345878,0.3606145315328832,1.05637523594336,42.70947321016465,1.05637523594336
505,0.24079000456072708,-0.591279253752402,0.34913938707321707,0.990939151614134,41.35041157501757,0.9909391516141339
506,0.24062796864735736,-0.5882742704284679,0.3359858095912404,0.9159319385575173,39.792564300543326,0.9159319385575172
507,0.24047772039289675,-0.5854864686927326,0.3237767142032572,0.84631055834747,38.346577001648626,0.8463105583474702
508,0.24032746549832576,-0.5826968537744003,0.3115523349836951,0.7766020233224585,36.898779558296916,0.7766020233224583
509,0.2401818344071211,-0.5799915512219109,0.29969075784498417,0.7089623378566695,35.49395067111193,0.7089623378566695
510,0.2399287601277654,-0.5752834041185424,0.2790173747654194,0.5910740408230516,33.045493319582185,0.5910740408230516
511,0.2397316230421492,-0.5716153278177597,0.2629084207596971,0.4992140318724771,31.13762527936031,0.499214031872477
512,0.23960495657894595,-0.569258433254001,0.25255753426027955,0.44018893774500484,29.911715419962377,0.4401889377450049
513,0.23947995408057407,-0.5669311352295391,0.2423306794770998,0.38187112446020643,28.700495288233906,0.3818711244602065
514,0.23931802198075947,-0.5639135378260614,0.2290584712349191,0.306187429076414,27.128597949683492,0.30618742907641394
515,0.23922391816645783,-0.5621598739855178,0.22134519438998493,0.2622030909398583,26.215074056536498,0.26220309093985833
516,0.2391778141329537,-0.5613005532732499,0.217564910127141,0.24064632529900998,25.767355134161296,0.2406463252990099
517,0.23918465702575428,-0.5614281113972625,0.21812612465733983,0.24384660582305545,25.833822718927763,0.24384660582305534
518,0.23920385232934266,-0.5617861022048204,0.21970191871495648,0.25283244414536415,26.02045228652293,0.25283244414536404
519,0.23924775643431612,-0.5626052074740668,0.22330873246691,0.2734000082106543,26.44762618508521,0.2734000082106542
520,0.23928772955701114,-0.5633514412134436,0.2265967101823628,0.2921494355330922,26.83703865705861,0.2921494355330921
521,0.23935908012259904,-0.5646838328668653,0.23246906816680113,0.32563608257546767,27.53253285955443,0.32563608257546767
522,0.2394209519597865,-0.5658400026215477,0.2375681727889351,0.3547133147820253,28.13644660459717,0.3547133147820252
523,0.23950013058683833,-0.5673202003140642,0.24409908284640597,0.39195530182361477,28.90993658835317,0.3919553018236147
524,0.23958964895979334,-0.5689945064154981,0.2514899948341569,0.4341013804024311,29.78528111814162,0.43410138040243107
525,0.2395212603431092,-0.5677127832544827,0.24582058537743054,0.40177203094533054,29.11382317583341,0.4017720309453306
526,0.23950959007138936,-0.5674940457489405,0.2448529795859911,0.3962543370819871,28.999224539300883,0.396254337081987
527,0.23954223694038132,-0.5681060556338083,0.24756072382368216,0.4116950298682358,29.319916912644967,0.4116950298682358
528,0.23957546855838813,-0.5687293862129457,0.25032012996127445,0.42743032046546864,29.646727876164654,0.4274303204654687
529,0.23961953069507427,-0.5695562614369997,0.25398233744047494,0.4483137627857284,30.080462344817686,0.4483137627857283
530,0.23949032973754827,-0.5671264373447678,0.2431977188454483,0.38681534641954046,28.803183315023148,0.3868153464195405
531,0.23942052311746678,-0.5658135417825745,0.23737019036112889,0.3535843359803057,28.112998505707395,0.35358433598030564
532,0.2393916506851335,-0.5652704078672097,0.23495889510109266,0.33983411954224757,27.827416141978045,0.33983411954224757
533,0.23933421430660895,-0.5641890374513795,0.23015405580670445,0.31243491159666725,27.25835378542099,0.31243491159666714
534,0.23929754429743197,-0.5634983738157753,0.22708406030320216,0.2949285102294669,26.894758091828702,0.29492851022946687
535,0.23931150372357965,-0.5637613207478843,0.22825297780641315,0.30159416786740556,27.033199131839122,0.30159416786740556
536,0.23929117456884422,-0.5633780475406784,0.22654764303982752,0.2918696341163851,26.83122737762763,0.2918696341163851
537,0.23932815904479493,-0.5640753515984815,0.22965032207315805,0.3095624106722844,27.19869395333795,0.30956241067228435
538,0.23939304555142749,-0.5652990873643721,0.2350970011346308,0.34062165804241556,27.843772764975142,0.34062165804241545
539,0.239480260202363,-0.5669444989641985,0.2424230413338382,0.38239781048734817,28.711434188087004,0.38239781048734817
540,0.23960091707761536,-0.5692213699214437,0.2525629389550333,0.4402197575802516,29.912355526351913,0.44021975758025156
541,0.23962565436730796,-0.5696888841575838,0.2546481067001391,0.4521102582087113,30.159312895401182,0.4521102582087112
542,0.23970254183782538,-0.5711420779734998,0.261129893394345,0.48907212323942423,30.926984941209867,0.4890721232394241
543,0.23982373002745253,-0.5734328426480328,0.27134877705536187,0.547344481843989,32.137261011069775,0.547344481843989
544,0.2399270966327176,-0.575388187090763,0.2800778160313486,0.5971211214805056,33.171086949005925,0.5971211214805054
545,0.2400165396799076,-0.5770813332930389,0.28764161475532696,0.6402530727070209,34.0669073631075,0.640253072707021
546,0.24008339836518694,-0.5783479555272839,0.2933044142787713,0.6725447295535254,34.73758245629637,0.6725447295535254
547,0.24018340374684088,-0.5802429674482844,0.30177853219847667,0.7208677024588948,35.74121675448446,0.7208677024588946
548,0.24027891021741687,-0.5820538229552877,0.30988117333930937,0.7670723590403083,36.700855106452586,0.7670723590403085
549,0.24042372207386048,-0.5847996791902078,0.32216809488638143,0.8371375366358316,38.15605976617445,0.8371375366358317
550,0.24049780833345544,-0.5862062651395485,0.32847014525295426,0.8730744697771584,38.90244469458022,0.8730744697771585
551,0.24062528274861222,-0.5886264982779384,0.3393138658944683,0.9349099107892299,40.186723490192264,0.9349099107892298
552,0.2406412993138523,-0.5889310978149985,0.3406808704107883,0.9427051436181288,40.34862501567923,0.9427051436181287
553,0.2406269142745917,-0.5886572942142976,0.3394510405664076,0.9356921382751151,40.20296980714295,0.9356921382751151
554,0.24060822214264488,-0.5883012978694798,0.3378510852921791,0.9265685225667989,40.01347869975008,0.9265685225667987
555,0.24058314941446451,-0.5878234880129266,0.33570235460336734,0.9143155593864143,39.758993237393454,0.9143155593864143
556,0.24057462645431982,-0.5876610024163202,0.3349713649612489,0.9101471500009307,39.672418294325425,0.9101471500009308
557,0.24052098991331397,-0.5866374461894536,0.33036210684089967,0.8838632279014335,39.12651964356115,0.8838632279014335
558,0.2405142903698137,-0.5865095845174758,0.32978626454427484,0.8805795337209618,39.05831961557993,0.8805795337209618
559,0.24054835286863485,-0.587159768612292,0.33271488879291083,0.897279776927132,39.40517196886163,0.897279776927132
560,0.24051900568876172,-0.5865989358144544,0.3301858022782242,0.8828578653745032,39.105638968108586,0.8828578653745032
561,0.24044309117591853,-0.585146750477339,0.3236307076461365,0.8454779677497697,38.329284678143665,0.8454779677497697
562,0.24038994772021038,-0.5841298197170453,0.31903881778876814,0.8192930867669279,37.78544304199646,0.8192930867669278
563,0.2403158682411576,-0.582711209319619,0.312628431954898,0.7827383793745812,37.02622737513271,0.7827383793745814
564,0.2402897365284071,-0.5822107475726667,0.3103667611058258,0.7698413840535179,36.75836581634289,0.7698413840535178
565,0.24029990429714362,-0.582405512296466,0.3112470997513747,0.7748614440667835,36.8626289463896,0.7748614440667836
566,0.24024117951418625,-0.5812792660639581,0.30615032114382784,0.7457974757705155,36.258990683472526,0.7457974757705156
567,0.2401872917650833,-0.5802452728592786,0.3014687239689124,0.7191010460558392,35.70452453849245,0.7191010460558394
568,0.24001756933841742,-0.5769833648889646,0.2866760345840898,0.6347469297792533,33.95254863141573,0.6347469297792532
569,0.23980571966102862,-0.5729080557617884,0.26817768255943447,0.5292615716391716,31.76169163275047,0.5292615716391716
570,0.23961013227910216,-0.5691440803244464,0.25108575381970943,0.43179622867177603,29.73740473139812,0.431796228671776
571,0.23940585817567817,-0.5652104922044096,0.23321262222364583,0.32987613952098555,27.620595872257017,0.3298761395209855
572,0.23913650714530793,-0.5600179617360254,0.20959305995955274,0.1951874936773437,24.82320704417505,0.19518749367734367
573,0.23892513316632835,-0.5559429793671725,0.19105636871189863,0.08948350921512004,22.627809329941268,0.08948350921511994
574,0.23868478034047624,-0.5513056214984231,0.16994474855054767,-0.030903799376979655,20.127449258838116,-0.030903799376979638
575,0.23849367992348083,-0.5476181713839943,0.15315593866676624,-0.12664063155402994,18.139062315821857,-0.12664063155402988
576,0.23835134808654448,-0.5448715076508347,0.14064937869566874,-0.19795827952036063,16.65784472382307,-0.19795827952036063
577,0.23822251717559398,-0.5423843580867972,0.1293198644346502,-0.2625639194056773,15.316030838070034,-0.26256391940567736
578,0.238123866571017,-0.5404793810349406,0.12064012920002133,-0.31205940843981317,14.288044201206231,-0.3120594084398132
579,0.23800501612418412,-0.5381826658382399,0.11016793284127427,-0.37177626224080873,13.047766977949887,-0.3717762622408088
580,0.23789524305055668,-0.5360604150447122,0.10048692867568525,-0.4269814064721261,11.901194802113947,-0.4269814064721261
581,0.2378091511127681,-0.5343954857054201,0.0928897744439027,-0.47030356478746665,11.00142392001288,-0.47030356478746665
582,0.23767594705729536,-0.5318169163765307,0.08111212178931036,-0.537464677661915,9.606534650321683,-0.537464677661915
583,0.23758367323100277,-0.5300304278729298,0.07295118470295388,-0.584001762163583,8.639992003307475,-0.5840017621635831
584,0.23752923940886644,-0.5289763825570056,0.06813539710533824,-0.6114634019239235,8.069632981689809,-0.6114634019239235
585,0.23750769952756753,-0.5285592059901922,0.0662289996757248,-0.6223344792691958,7.84384832015135,-0.6223344792691959
586,0.2375168513962738,-0.5287364937745161,0.0670393337176626,-0.6177136148531128,7.939820437271292,-0.6177136148531128
587,0.23754244079718195,-0.5292323815451364,0.0693067003594816,-0.6047841397340119,8.208356578715051,-0.6047841397340119
588,0.2376162980757708,-0.5306636514748098,0.07585102493400268,-0.5674656574925563,8.983435314189258,-0.5674656574925563
589,0.23773116865159324,-0.5328898778325937,0.0860309512955724,-0.5094154497411527,10.189097466440225,-0.5094154497411527
590,0.2378857492372406,-0.5358859218424981,0.09973206830682643,-0.43128593674859056,11.811792723489583,-0.4312859367485906
591,0.2380850606482333,-0.5397489391094297,0.11739796441930407,-0.3305475912026499,13.904057595740344,-0.3305475912026499
592,0.2383131035189849,-0.544169611333961,0.13761763528169008,-0.21524655143702243,16.298779426124142,-0.21524655143702243
593,0.23828549227348234,-0.5436325648302958,0.13515306874533747,-0.22930054302506817,16.006887865316582,-0.22930054302506825
594,0.2383022358931361,-0.5439582524020207,0.13664777406207881,-0.22077710669732414,16.183913667385887,-0.22077710669732414
595,0.23829540148073167,-0.5438252114255543,0.13603673404862995,-0.22426151301474442,16.11154498891417,-0.22426151301474442
596,0.23832622241556534,-0.5444252552650443,0.13879299118009503,-0.2085441793705781,16.437982999097066,-0.2085441793705782
597,0.23837311093958227,-0.5453384289488349,0.1429890216130331,-0.18461665477837594,16.934940924233434,-0.18461665477837588
598,0.23846475391402305,-0.5471232613848389,0.15119053600232732,-0.137848181484504,17.906289354379545,-0.137848181484504
599,0.2385947126361757,-0.5496545402367029,0.16282302354434752,-0.07151486093818891,19.28398595726362,-0.07151486093818897
600,0.2386144578689375,-0.5500397932095439,0.16459648581436478,-0.06140183560212908,19.49402640956756,-0.06140183560212915
601,0.23866441592895662,-0.5510147181018998,0.16908526588855677,-0.03580492982873352,20.025656212476772,-0.035804929828733456
602,0.23872142322303652,-0.5521276920163117,0.17421186836349714,-0.006570893337799668,20.632826672668454,-0.0065708933377997564
603,0.23880584348064493,-0.5537762031508497,0.18180684577847533,0.036738851855555386,21.53233974292097,0.03673885185555534
604,0.23891211249881944,-0.5558519138291028,0.1913725172556268,0.09128632074753014,22.6652524626442,0.0912863207475302
605,0.23904876908363323,-0.5585216040109692,0.20367744609211028,0.16145418345630907,24.122589820239984,0.16145418345630905
606,0.23906654045576273,-0.5588694166400787,0.205283467817309,0.17061239261124028,24.31279940928718,0.1706123926112402
607,0.23904722294875508,-0.5584910029002701,0.20353458260403706,0.1606395159559578,24.105669746912277,0.1606395159559578
608,0.23906937871934172,-0.5589250446392707,0.20554069145181764,0.17207918960872812,24.34326375546971,0.17207918960872814
609,0.2391301087784765,-0.5601148754110156,0.21104046441239022,0.20344120064959786,24.994630756469622,0.20344120064959784
610,0.23915668623633918,-0.5606360419592834,0.2134515614121897,0.21719028652467137,25.280189639197715,0.21719028652467134
611,0.23922809300320957,-0.562036297286837,0.21992969823707592,0.25413133847042196,26.047429411810786,0.25413133847042185
612,0.23932215488240297,-0.56388126646484,0.2284673561026202,0.3028166427842371,27.05858907954804,0.30281664278423703
613,0.23944033647439228,-0.5661998527851285,0.23919909490768743,0.3640135164197641,28.329605278050035,0.36401351641976415
614,0.23959213182023403,-0.5691782234488273,0.2529861672749656,0.4426331828866562,29.962480679420747,0.44263318288665615
615,0.23973596934399485,-0.5720021275463274,0.2660658937544661,0.5172192665672714,31.511581391746226,0.5172192665672714
616,0.23988570245865917,-0.5749430376255411,0.2796933601523003,0.5949287928862382,33.12555381977536,0.5949287928862381
617,0.2400510193279926,-0.5781910408918911,0.29474847750340083,0.6807793834418252,34.90861044938343,0.6807793834418252
618,0.24020190442046513,-0.5811574819080211,0.3085076137561125,0.7592397464720566,36.53817722996285,0.7592397464720566
619,0.2401802254609973,-0.5807302291610583,0.3065211127383606,0.7479118848861214,36.30290547971197,0.7479118848861211
620,0.24016595727588602,-0.5804489117362406,0.3052125921581428,0.7404501519785646,36.147930513982764,0.7404501519785643
621,0.24009699511575675,-0.5790877655002804,0.2988746106091825,0.7043083241721625,35.39729006690707,0.7043083241721623
622,0.23995795192156294,-0.5763400655894213,0.2860649716515434,0.6312623927675305,33.8801772385149,0.6312623927675304
623,0.2398241582464558,-0.573694928036085,0.27372803249480976,0.5609119937932906,32.419048730547665,0.5609119937932907
624,0.23970280448286638,-0.571294840619003,0.2625298878824849,0.4970554787177254,31.092793642349623,0.4970554787177254
625,0.23961000485198553,-0.5694591119752063,0.2539631551175138,0.4482043771385734,30.07819048154824,0.4482043771385735
626,0.23956083261808256,-0.5684863678792559,0.2494235127840889,0.42231743344051054,29.54053679410814,0.4223174334405106
627,0.23952048369088924,-0.5676878514633514,0.24569548876514039,0.40105867761893965,29.099007326930767,0.4010586776189397
628,0.2395033143812553,-0.5673479837621433,0.24410837112523723,0.3920082674833511,28.91103664800475,0.3920082674833511
629,0.23947449138160432,-0.5667770784238125,0.2414407197305035,0.37679620089540217,28.595092680652314,0.37679620089540217
630,0.23947558813052708,-0.5667988056033487,0.24154226015421634,0.3773752269592791,28.607118646405493,0.3773752269592791
631,0.23946961823543605,-0.5666804717822385,0.24098892454983317,0.3742198753732448,28.541584204209897,0.3742198753732448
632,0.23941218776534218,-0.5655409087844463,0.2356547371942686,0.34380210286907453,27.909828376201315,0.34380210286907453
633,0.23934685463156116,-0.5642437948686884,0.22957961873699936,0.3091592306091924,27.19032018584527,0.3091592306091924
634,0.23913443006405047,-0.5600179649294107,0.20974862084384252,0.1960745670539355,24.841630936833734,0.1960745670539355
635,0.238970133794277,-0.5567495231574112,0.1944102569603614,0.1086087860278527,23.02502793255475,0.10860878602785261
636,0.238762508086618,-0.5526153019340116,0.17499118502626043,-0.0021269030209027416,20.725125238644264,-0.0021269030209028488
637,0.23859399062929332,-0.5492594646601962,0.15922673839329182,-0.09202238650735033,18.858059016210444,-0.09202238650735027
638,0.23846393781743605,-0.5466693605232615,0.14705826126146895,-0.16141214439275012,17.41688235075291,-0.1614121443927502
639,0.23831823614442788,-0.5437657179613957,0.13340799375608572,-0.23925169218566208,15.800209467786782,-0.23925169218566214
640,0.23817865738372734,-0.540982919554993,0.1203203290387414,-0.3138830430263378,14.250168588255383,-0.3138830430263378
641,0.238029955814575,-0.5380165209616499,0.10636115959674564,-0.39348407915995753,12.5969108263321,-0.3934840791599575
642,0.23788151910129804,-0.5350539775276886,0.09241345710433538,-0.4730197259398559,10.945011155481973,-0.4730197259398559
643,0.23772934813186672,-0.5320153165550104,0.07809996665935585,-0.5546412489712533,9.249789295993327,-0.5546412489712533
644,0.2376144669641831,-0.5297210658195864,0.0672919632396174,-0.6162730154113548,7.969740678572055,-0.6162730154113548
645,0.23753000824400014,-0.5280341030410032,0.05934358457055848,-0.6615980027086645,7.02837244144803,-0.6615980027086645
646,0.2374447340052617,-0.5263300165698909,0.051310619516825876,-0.7074053370317626,6.076986194470634,-0.7074053370317626
647,0.23737885463564531,-0.5250131533417511,0.0451013356968592,-0.7428132764346674,5.341588095464762,-0.7428132764346674
648,0.23731706522374998,-0.5237775071848132,0.03927249215919302,-0.7760517858593833,4.651247537473425,-0.7760517858593834
649,0.23728415986957158,-0.5231193709186154,0.03616741225114046,-0.7937582532094444,4.2834966135584285,-0.7937582532094445
650,0.237249471081145,-0.5224252191875872,0.0328907942958672,-0.8124429024170898,3.895429537653788,-0.8124429024170897
651,0.2372450927851914,-0.5223375940179678,0.03247712021059748,-0.8148018454721137,3.8464359427826524,-0.8148018454721137
652,0.2372565077600633,-0.5225661152501443,0.03355627291033478,-0.8086480643748623,3.9742456655999487,-0.8086480643748623
653,0.2372837284115553,-0.5231112156854166,0.03613116101138524,-0.7939649729758054,4.2792031888132325,-0.7939649729758053
654,0.2372979225525477,-0.5233956347114425,0.03747550371804453,-0.7862989672858957,4.4384207571438345,-0.7862989672858957
655,0.23728384790703483,-0.5231133849259433,0.036140356840860484,-0.7939125345010538,4.2802922992019585,-0.7939125345010537
656,0.23729975478588705,-0.5234324185501579,0.03764969587185601,-0.7853056505998738,4.45905124891855,-0.7853056505998739
657,0.23722324517553292,-0.5218955868023771,0.030368031282828487,-0.826828754712378,3.59664546241708,-0.8268287547123782
658,0.23712777049588535,-0.5199765031087029,0.021269077271005854,-0.8787148049593393,2.519008543692348,-0.8787148049593394
659,0.2370385321252698,-0.5181820464998774,0.012757601695418598,-0.9272508068796568,1.5109497820853814,-0.9272508068796567
660,0.23695394004187437,-0.5164803042752414,0.004682517407667145,-0.9732983227323928,0.5545751329786702,-0.9732983227323928
661,0.23689125147288154,-0.51521890790359,-0.0013044006348686792,-1.007438239252009,-0.15448701896020403,-1.007438239252009
662,0.23686434439768175,-0.5146774581078797,-0.0038744306957852284,-1.0220936280696304,-0.4588691789620511,-1.0220936280696304
663,0.23687461577970775,-0.5148841564496432,-0.0028932854794412217,-1.0164987267294716,-0.3426669972180122,-1.0164987267294714
664,0.23692105707539565,-0.5158187625265946,0.0015432191994028976,-0.991199917175287,0.18277155602726922,-0.991199917175287
665,0.23700507712144808,-0.517509632956979,0.009569711459072615,-0.945429493437466,1.1333911960034202,-0.9454294934374661
666,0.23712580451346918,-0.519939234690011,0.021102979691660917,-0.8796619629883383,2.499336734890991,-0.8796619629883382
667,0.23728131081822773,-0.5230687996383016,0.03595918600617488,-0.7949456465510287,4.258835285593613,-0.7949456465510287
668,0.23745003320243685,-0.5264653188514806,0.052087260468241026,-0.7029766047426869,6.168967861896473,-0.7029766047426869
669,0.23764158043537634,-0.5303219277829045,0.07040289192269733,-0.5985331958941591,8.338184303636064,-0.5985331958941591
670,0.237846103044156,-0.5344409561589705,0.08997032742434607,-0.48695147558614027,10.655658474177319,-0.48695147558614027
671,0.2380601100627029,-0.538752419926863,0.11045863465189035,-0.3701185586484057,13.08219632038342,-0.3701185586484057
672,0.2382277510882207,-0.5421334342969659,0.1265426635185406,-0.2784006832899587,14.987112345457897,-0.2784006832899587
673,0.23824179659329373,-0.5424173824755015,0.12789664932632858,-0.2706796885948238,15.147471996908578,-0.2706796885948238
674,0.23827631697278964,-0.5431154061146723,0.1312258294570974,-0.25169530782734095,15.541764287356441,-0.25169530782734095
675,0.2383454947589924,-0.5445142722428188,0.13789786159977638,-0.21364858349456942,16.33196810095157,-0.2136485834945694
676,0.23837571840760263,-0.5451260047235406,0.14081828345219194,-0.1969951137902639,16.677849001363228,-0.19699511379026388
677,0.23837508365582258,-0.5451131466151781,0.14075684830472707,-0.19734544275600546,16.670572914141616,-0.19734544275600552
678,0.23840863759181294,-0.54579287747084,0.1440047061483032,-0.17882479576209648,17.055233778946477,-0.17882479576209653
679,0.23839713136766205,-0.5455595542160797,0.14288875175169702,-0.18518843556293416,16.923065437856565,-0.18518843556293413
680,0.23838759985974722,-0.5453661907310061,0.14196352301311085,-0.1904644777055626,16.81348573829219,-0.19046447770556266
681,0.23841055370746417,-0.5458318809971044,0.1441919602264653,-0.177756994507596,17.077411263033884,-0.17775699450759597
682,0.23845496674870167,-0.5467331106809139,0.14850537682952647,-0.1531600847626178,17.588271848905535,-0.1531600847626179
683,0.23852495587151082,-0.5481535221662043,0.15530458435553213,-0.11438815307954082,18.39353771117656,-0.11438815307954087
684,0.23854213150976286,-0.5485024815627568,0.1569768056753137,-0.10485244608404565,18.5915876659443,-0.10485244608404565
685,0.23853250336831638,-0.5483067142415102,0.15603796430874473,-0.11020611313812996,18.480395751343334,-0.11020611313812995
686,0.23851025118102673,-0.5478539923986302,0.15386555086570494,-0.12259412531142781,18.2231054160024,-0.12259412531142778
687,0.2384915901959606,-0.5474741786390069,0.1520422524226544,-0.13299133739848795,18.00716260394603,-0.13299133739848792
688,0.23845664809020087,-0.5467625323275039,0.14862381097365676,-0.15248472362272023,17.602298626707306,-0.1524847236227203
689,0.23845017248334718,-0.5466306324840553,0.14799015062781307,-0.1560981205583716,17.52725090344969,-0.1560981205583716
690,0.23844794578683998,-0.5465852594759176,0.14777208799629757,-0.15734160509968223,17.50142460055707,-0.15734160509968223
691,0.23847823477352917,-0.5472024848831284,0.15073862523790485,-0.14042516611367128,17.85276718874622,-0.1404251661136713
692,0.23853729586371394,-0.5484061310057051,0.15652415125942076,-0.10743367132565171,18.537977425761067,-0.10743367132565171
693,0.2385766552673376,-0.5492088187178202,0.16038505610953066,-0.08541717329837897,18.99524466777105,-0.08541717329837893
694,0.23854280079195359,-0.5485174754841362,0.15705530856610303,-0.10440478969071353,18.600885175661492,-0.1044047896907135
695,0.2385382474629142,-0.5484244829764127,0.15660738229823246,-0.10695905305015774,18.547834914884625,-0.10695905305015771
696,0.23845792249977166,-0.5467818090977767,0.1486844235691315,-0.15213908519325736,17.609477294776013,-0.15213908519325745
697,0.23835840724940738,-0.5447453316886207,0.13885557611546365,-0.20818729383219428,16.44539526173974,-0.20818729383219428
698,0.23829641633847237,-0.5434767358812662,0.132732755630899,-0.24310218304940082,15.720237469721269,-0.24310218304940084
699,0.2382207904271385,-0.5419281764292622,0.1252542267579317,-0.28574788983854893,14.834516011981528,-0.28574788983854893
700,0.23817246352112062,-0.5409384845294835,0.12047407521329208,-0.31300631788544253,14.268377555307334,-0.3130063178854426
701,0.23810939232184689,-0.5396460456408826,0.1142278511148361,-0.34862490624242964,13.528604425079596,-0.34862490624242964
702,0.23807347419795294,-0.538909931951646,0.11066986401741179,-0.368914040254441,13.107213323690498,-0.36891404025444097
703,0.23806847500397554,-0.538807470555535,0.11017458656494085,-0.37173831991908196,13.048555013394488,-0.371738319919082
704,0.23807805276069438,-0.5390038234449254,0.11112396191526959,-0.36632458367353343,13.160994523025172,-0.36632458367353343
705,0.23799714584888124,-0.5373426203677494,0.1030797772900709,-0.4121958966966098,12.208279483264734,-0.41219589669660983
706,0.23793424278565978,-0.5360507814714509,0.09682277406891895,-0.4478759521300426,11.467229724915397,-0.4478759521300426
707,0.2378987657269955,-0.5353221083324662,0.09329306416408625,-0.46800383773550686,11.049187639979731,-0.46800383773550686
708,0.23785398584916576,-0.5344018553789402,0.08883289985994045,-0.4934375643917707,10.52094695303038,-0.4934375643917708
709,0.2378417064676783,-0.5341494959650706,0.08760974425041516,-0.5004125104496603,10.376082209186526,-0.5004125104496604
710,0.23783289310011566,-0.5339682968153115,0.08673115003245813,-0.5054226230054965,10.272025680862681,-0.5054226230054966
711,0.2377805007219997,-0.532890089298605,0.08149814203148006,-0.535263428413316,9.652253055294015,-0.535263428413316
712,0.23774375201920936,-0.5321336330109454,0.0778258292402523,-0.5562044954591131,9.217321761456276,-0.5562044954591131
713,0.23773831377718913,-0.5320216834323124,0.07728232837926025,-0.5593037652154014,9.15295209958056,-0.5593037652154014
714,0.2377208388124881,-0.5316617403990261,0.07553383817000177,-0.5692743893922052,8.94586921960585,-0.5692743893922052
715,0.23771133234101663,-0.531465863812595,0.07458201429083003,-0.574702088175691,8.833139717842625,-0.574702088175691
716,0.23764013424181957,-0.5299971194303422,0.06743653878854698,-0.615448585022269,7.986863520260118,-0.6154485850222688
717,0.23758522533703197,-0.528864134361008,0.061923234944302526,-0.6468877548342647,7.333893985631742,-0.6468877548342646
718,0.23754605560584677,-0.5280557143594674,0.057988376862347306,-0.6693259651922587,6.867868073911815,-0.6693259651922587
719,0.23753719625783204,-0.5278728567086706,0.0570982951227773,-0.6744015844121409,6.762451018061543,-0.6744015844121409
720,0.23754827773890178,-0.5281016204925485,0.05821202928780878,-0.6680506053025098,6.8943564054636015,-0.6680506053025098
721,0.23759113561763934,-0.528986388654917,0.06251960620576906,-0.6434869958900948,7.404525366753982,-0.6434869958900948
722,0.23765148939211442,-0.5302325951446992,0.06858808284430258,-0.608881998065033,8.123246931628923,-0.608881998065033
723,0.2376725434772068,-0.5306677364630282,0.070709008138576,-0.5967875929009081,8.374439255053835,-0.5967875929009082
724,0.23764756319919478,-0.530150927401058,0.06818749729627847,-0.6111663047936942,8.075803480975425,-0.6111663047936942
725,0.23760356614152653,-0.5292400816357592,0.06374055186591733,-0.6365246518900098,7.549128374684666,-0.6365246518900098
726,0.23756566169873725,-0.5284550905543253,0.059906712174368194,-0.6583868130368895,7.095066601571253,-0.6583868130368894
727,0.2375178226241583,-0.5274638104669215,0.055062726347928144,-0.6860092509192731,6.521367915593887,-0.6860092509192731
728,0.23741292707438094,-0.5252878271455098,0.04441778213678147,-0.7467111853941587,5.26063125676568,-0.7467111853941587
729,0.2373104054520187,-0.5231602386869659,0.034005453926695926,-0.806086645913508,4.027444532831514,-0.8060866459135081
730,0.2372280695914963,-0.5214512397135069,0.025640143560261678,-0.8537891525357267,3.0366968847230593,-0.8537891525357267
731,0.23716896441999813,-0.5202242508158732,0.019633348476975832,-0.8880424162745703,2.3252805904377807,-0.8880424162745703
732,0.23713568458923967,-0.5195333082718647,0.016250446122332902,-0.9073331436840615,1.9246256948237077,-0.9073331436840615
733,0.2371272938827088,-0.5193590846607364,0.015397342378271396,-0.9121978988716063,1.8235881372200047,-0.9121978988716063
734,0.23710367756200407,-0.5188684155568064,0.012993258547257852,-0.9259069927181954,1.5388598609100963,-0.9259069927181954
735,0.2371112802469904,-0.5190263779595885,0.013767229768581335,-0.921493484349309,1.6305253381775853,-0.9214934843493091
736,0.23715088171186038,-0.5198491869664756,0.017798771520178617,-0.8985039431752024,2.1080020047544656,-0.8985039431752025
737,0.23720371029641774,-0.5209470872578648,0.023179491575950686,-0.8678208217069694,2.7452689448761993,-0.8678208217069693
738,0.23718460345349954,-0.5205494617803441,0.02122812544532436,-0.8789483294372357,2.5141584038646037,-0.8789483294372359
739,0.2371877604665095,-0.5206151700493621,0.02155063497153751,-0.8771092449160396,2.552354901136282,-0.8771092449160395
740,0.23720026496134858,-0.5208755090762417,0.022828810006942986,-0.8698205550264887,2.703735884593887,-0.8698205550264888
741,0.23720450451290992,-0.5209638215325787,0.023262620724509315,-0.8673467844524128,2.755114366601876,-0.8673467844524128
742,0.23713492090424387,-0.5195123860573164,0.016123240232209162,-0.9080585249969129,1.9095600330675906,-0.9080585249969128
743,0.23705933502676554,-0.5179349712986241,0.008360382921973141,-0.9523255917317862,0.990164064977981,-0.9523255917317861
744,0.23701662604598928,-0.5170436624361439,0.0039739885267563255,-0.9773386514414505,0.4706603358426341,-0.9773386514414504
745,0.23699777537986114,-0.5166502164830514,0.002037506171681357,-0.9883812856439335,0.24131255855127662,-0.9883812856439336
746,0.23700888193640338,-0.5168820357041932,0.003178516168914899,-0.9818747683044876,0.37644836603587406,-0.9818747683044876
747,0.23704079310572632,-0.5175481876533815,0.00645775802384863,-0.9631751565209847,0.7648262041601586,-0.9631751565209847
748,0.23705826633142715,-0.5179131664570341,0.008255510350956004,-0.9529236190964978,0.9777434555164096,-0.9529236190964978
749,0.2371020600670084,-0.5188279815161972,0.012761830941870079,-0.927226689943402,1.5114506739580713,-0.9272266899434021
750,0.2370937939159036,-0.518655117231729,0.01190937644751149,-0.9320877428369617,1.4104900104070721,-0.9320877428369616
751,0.23710021512813115,-0.5187894292904134,0.012571861819981297,-0.9283099735154351,1.4889516329804962,-0.9283099735154352
752,0.23707973575042773,-0.5183607354136571,0.01045574952238629,-0.9403769329547909,1.2383293380339802,-0.9403769329547907
753,0.2370204092189324,-0.5171177242954019,0.00431446632135976,-0.9753971043212194,0.5109849095237292,-0.9753971043212195
754,0.23697123976561693,-0.5160872312779349,-0.0007782782612935513,-1.004438068916397,-0.09217558263522009,-1.004438068916397
755,0.23694366745167963,-0.5155092927972865,-0.0036348606594001293,-1.0207274992894002,-0.430495641136345,-1.0207274992894002
756,0.236868709312531,-0.5139365106861107,-0.011416514514444953,-1.0651017518026773,-1.3521177827623974,-1.0651017518026775
757,0.23679255224933016,-0.5123378894476722,-0.019329369865138505,-1.1102241702465507,-2.28927880669506,-1.1102241702465507
758,0.23673825505120163,-0.5111979770149302,-0.024972465380164028,-1.1424034665767193,-2.957620250665422,-1.142403466576719
759,0.2367038340688714,-0.5104752326584182,-0.02855093651123583,-1.1628094091359233,-3.381437383758192,-1.1628094091359233
760,0.23669565404825704,-0.5103034637494342,-0.02940145913778417,-1.1676594457093497,-3.482169246056683,-1.1676594457093497
761,0.23666175448339583,-0.5095910888410649,-0.03293143675467515,-1.1877888579212006,-3.9002430375376527,-1.1877888579212008
762,0.23663469420544955,-0.5090222547324161,-0.03575103262738218,-1.2038673756208518,-4.2341825875524055,-1.2038673756208518
763,0.23662785833927413,-0.5088785376678536,-0.03646350913247174,-1.207930215337903,-4.318564922556061,-1.207930215337903
764,0.23660730897901405,-0.508446253795211,-0.03860780824597876,-1.220157907818091,-4.572525530171111,-1.220157907818091
765,0.23656788765313072,-0.5076164291902012,-0.042726743600925564,-1.2436458039557203,-5.060352680254938,-1.24364580395572
766,0.23654848456811584,-0.5072079325356726,-0.044754656814359,-1.2552098152422886,-5.300529094370897,-1.2552098152422886
767,0.23655551854747225,-0.5073560279483493,-0.044019423622653556,-1.2510172073580752,-5.213451565434701,-1.2510172073580754
768,0.23659079558938012,-0.5080987749217712,-0.040331919249111906,-1.2299895115412958,-4.7767210527049855,-1.2299895115412958
769,0.2366256000620101,-0.5088318732279766,-0.0366908324451584,-1.2092265081655227,-4.345488016564411,-1.2092265081655225
770,0.23667560778692703,-0.5098854048117782,-0.03145724976541204,-1.1793824256984489,-3.725647328770534,-1.1793824256984489
771,0.23674595757743555,-0.5113676608847307,-0.024093070023020923,-1.1373887855893898,-2.8534688392195364,-1.1373887855893898
772,0.23681711786412424,-0.5128675796173234,-0.016638248088033727,-1.0948782656990477,-1.9705551186728913,-1.0948782656990477
773,0.23691377801288815,-0.5149050521697213,-0.0065113724131454845,-1.0371305752030577,-0.7711760379109501,-1.0371305752030577
774,0.23703292254136374,-0.5174166394081466,0.005972853629616096,-0.9659402846589475,0.7073964296390589,-0.9659402846589477
775,0.23712308636373652,-0.5193188804972351,0.015435997081326822,-0.9119774735499255,1.8281662167487882,-0.9119774735499254
776,0.23715101908442177,-0.5199089514494629,0.018375188261301537,-0.8952169732713836,2.1762700672150457,-0.8952169732713835
777,0.23715360405949554,-0.5199635992126785,0.018647595519712526,-0.8936635928851123,2.2085326897330675,-0.8936635928851122
778,0.23717427264587343,-0.5204006104456066,0.020826329488539342,-0.8812395384240803,2.4665715981434997,-0.8812395384240803
779,0.23721068832973216,-0.5211707125464445,0.024666383745312676,-0.8593419392210168,2.921369394860364,-0.8593419392210169
780,0.23720173028123862,-0.5209810778417654,0.023719823572201825,-0.864739622145888,2.8092633014551947,-0.8647396221458878
781,0.23721673192777556,-0.5212986730485869,0.025305208503446405,-0.8556990926414582,2.997028766593182,-0.8556990926414582
782,0.2372590755040753,-0.5221951294213071,0.029780244265805667,-0.8301805626960354,3.5270307584557408,-0.8301805626960354
783,0.2373227000989097,-0.5235422515874345,0.03650558621443184,-0.7918298435011689,4.323548332395641,-0.7918298435011689
784,0.2373763465694354,-0.5246787194043813,0.042182298307784076,-0.7594588513486098,4.995871164318839,-0.7594588513486098
785,0.23743957646039884,-0.526018551285516,0.048876535703565614,-0.7212855033537416,5.788704862678948,-0.7212855033537416
786,0.23750058977804395,-0.5273119659440527,0.05534159476157645,-0.6844190263171874,6.5543957666659045,-0.6844190263171874
787,0.23755282255228372,-0.528419819118793,0.06088199645335049,-0.6528253332185944,7.210574641717137,-0.6528253332185943
788,0.2376076460279348,-0.529583035491179,0.06670133000067921,-0.6196410537455693,7.899788881598606,-0.6196410537455692
789,0.23760790292000183,-0.5295884924289254,0.06672866143464887,-0.6194851984511663,7.903025886890546,-0.6194851984511663
790,0.23760220964570666,-0.5294674975816894,0.06612236467848064,-0.6229425567271,7.831218977294016,-0.6229425567271
791,0.23759398877599602,-0.5292927108990603,0.06524614872407701,-0.6279391074271369,7.7274441192153756,-0.6279391074271369
792,0.23755353872608054,-0.5284319745795715,0.060927669803136686,-0.6525648846308914,7.215983976445884,-0.6525648846308914
793,0.23750447367565383,-0.5273873891314115,0.055684140571694206,-0.6824656865055385,6.594965266287259,-0.6824656865055385
794,0.23748001508044636,-0.5268666386668319,0.05306995971424757,-0.6973728416739103,6.285354095536473,-0.6973728416739104
795,0.237477721142061,-0.5268177939370362,0.052824736711166685,-0.6987712060400818,6.256311047171008,-0.6987712060400819
796,0.23747305708635952,-0.5267184403261922,0.05232572610540439,-0.7016167737098059,6.197210599921146,-0.701616773709806
797,0.23749495107967034,-0.5271848341355809,0.05466826445676536,-0.6882586379893462,6.4746497217889,-0.6882586379893462
798,0.23750939455513664,-0.52749266654525,0.05621516199586773,-0.6794375797296299,6.657856922908408,-0.6794375797296299
799,0.2375372441114673,-0.5280863394808208,0.05919903382876886,-0.6624222916370388,7.011252537799859,-0.6624222916370388
800,0.23757013549413517,-0.5287877114336383,0.06272532040275655,-0.6423139272991846,7.428889179681434,-0.6423139272991846
801,0.23755407117809144,-0.5284447887657375,0.06099936454958342,-0.6521560511307171,7.224475161866672,-0.6521560511307172
802,0.2375547159575083,-0.5284585549209344,0.061068661352860036,-0.6517608917077666,7.232682346281876,-0.6517608917077666
803,0.23755645952117638,-0.5284957941608112,0.061256187431085234,-0.6506915393948781,7.254892044765521,-0.6506915393948782
804,0.23748869214967752,-0.5270464730288794,0.05394812499132904,-0.6923651751187677,6.389359822139278,-0.6923651751187677
805,0.23744453018244163,-0.5261019277380702,0.04918501529157958,-0.7195264234218002,5.825239720673054,-0.7195264234218003
806,0.23741185680163981,-0.5254029420601866,0.04565939791736018,-0.7396309717020332,5.4076823356352195,-0.7396309717020333
807,0.23736723399499718,-0.5244477961334938,0.04083910373022727,-0.7671183099250577,4.83678957494875,-0.7671183099250576
808,0.23734892247689676,-0.5240558309715444,0.03886094342295541,-0.7783986092832353,4.602505658852223,-0.7783986092832353
809,0.2373333246521888,-0.5237218375537311,0.03717477252760402,-0.7880138626065831,4.4028035825752365,-0.788013862606583
810,0.23732692620116155,-0.5235847936699103,0.036482728901608676,-0.7919601854811495,4.320841220772802,-0.7919601854811495
811,0.23730307988642332,-0.5230737254987308,0.033900329358289315,-0.8066861102729771,4.014994077995412,-0.8066861102729772
812,0.23729881261291644,-0.5229822603979947,0.03343811114725665,-0.8093218722838126,3.9602511473169524,-0.8093218722838126
813,0.23731401857146137,-0.5233082204680073,0.035085519908218545,-0.79992765690065,4.155362420407944,-0.79992765690065
814,0.237354522267031,-0.5241764837353826,0.039473801926692496,-0.7749038331718424,4.675089710680966,-0.7749038331718425
815,0.23739756282450108,-0.5250994461101002,0.0441401309027362,-0.7482944691278808,5.227747562667667,-0.7482944691278808
816,0.23744989081799217,-0.5262218412178691,0.0498161249694037,-0.7159275714644899,5.899985354918931,-0.7159275714644898
817,0.23750017610118265,-0.5273008645299965,0.055275010045632934,-0.6847987202812009,6.546509788999647,-0.6847987202812009
818,0.23743269108781856,-0.5258497962309161,0.04791895247621424,-0.7267460443549867,5.67529325105803,-0.7267460443549867
819,0.2373893422765941,-0.524917659092196,0.04319333002865982,-0.753693524630564,5.115612961782793,-0.7536935246305642
820,0.23727271689881882,-0.5224064150876985,0.030444888677123253,-0.8263904816298846,3.6057480873409347,-0.8263904816298846
821,0.23715924629236415,-0.5199622703016938,0.01803288895205996,-0.8971689074316982,2.1357297619872795,-0.8971689074316982
822,0.23706988466447237,-0.5180373127169211,0.008256863043627405,-0.9529159054758084,0.9779036620149253,-0.9529159054758085
823,0.23686357100564143,-0.5135846923936872,-0.014398377592929492,-1.0821055851354733,-1.7052754903166798,-1.0821055851354733
824,0.23663786416704072,-0.5087105107216949,-0.039213829064538644,-1.223613692582103,-4.644299759027237,-1.223613692582103
825,0.23638770101324333,-0.5033045246624347,-0.06675535300026904,-1.3806670080456616,-7.906187109212747,-1.3806670080456616
826,0.23616795598040435,-0.4985558022068456,-0.09094869886786879,-1.5186276085385682,-10.771532143436021,-1.518627608538568
827,0.23597742608348318,-0.49443834234776585,-0.11192635605350781,-1.6382510040830813,-13.256026275643142,-1.6382510040830813
828,0.23580411458342046,-0.49069236941362593,-0.13101445943335127,-1.7470993716865304,-15.516730625156962,-1.7470993716865302
829,0.23565760048042367,-0.4875254847959528,-0.14715231540724033,-1.8391241917759005,-17.42802167728546,-1.8391241917759005
830,0.23553934137132043,-0.4849693076682033,-0.16017822462024184,-1.9134033868416163,-18.970748528047423,-1.9134033868416163
831,0.23544698580037607,-0.48297297596803085,-0.1703515510577068,-1.9714159590589486,-20.175629016618498,-1.9714159590589484
832,0.23537085905639385,-0.4813271858240323,-0.17873981091785124,-2.01924933331521,-21.16909469381645,-2.01924933331521
833,0.23530821785464406,-0.47997268334154103,-0.18564473951123794,-2.058624130844973,-21.986881657430416,-2.0586241308449726
834,0.2352690757022198,-0.4791262666327124,-0.18995976416374596,-2.0832302103620246,-22.497932693044845,-2.083230210362025
835,0.23525093351514595,-0.4787339277196547,-0.19196005175524614,-2.094636688771092,-22.73483725964302,-2.0946366887710925
836,0.2352444400508406,-0.47859347272023384,-0.1926762886060979,-2.098720971556095,-22.819664952147686,-2.098720971556095
837,0.23525761912735366,-0.47887856275303303,-0.19122237848544602,-2.0904301665386513,-22.647470739440795,-2.0904301665386513
838,0.23527133859322982,-0.47917545078162027,-0.18970775190249575,-2.081793130799573,-22.46808555717168,-2.081793130799573
839,0.23527723847558707,-0.4793031861015087,-0.18905577137009394,-2.0780752644799625,-22.39086807798747,-2.0780752644799625
840,0.23530025842112676,-0.4798016371599314,-0.1865113068858623,-2.063565661298222,-22.08951378352361,-2.063565661298222
841,0.23532196487122567,-0.4802718309439327,-0.18411015595542518,-2.049873292080253,-21.80513286603495,-2.0498732920802527
842,0.23536181110599233,-0.4811350418920462,-0.1797015548289605,-2.024733600279488,-21.28299907707011,-2.024733600279488
843,0.23538117177153844,-0.48155474835672263,-0.17755657478121248,-2.0125020248267957,-21.028957822836077,-2.0125020248267957
844,0.23541770990568794,-0.4823469200127502,-0.17350760874755783,-1.9894131230917753,-20.549417507008645,-1.9894131230917753
845,0.23541609901377838,-0.48231196181418523,-0.17368645540139943,-1.9904329816882325,-20.570599255671148,-1.9904329816882325
846,0.23543750665880323,-0.48277654378164553,-0.17130958851951927,-1.9768790902955153,-20.289094425612653,-1.9768790902955153
847,0.2354797137885758,-0.48369255641871706,-0.1666229007991089,-1.9501536321563642,-19.73402538058993,-1.9501536321563644
848,0.235520775814254,-0.48458406072371124,-0.16205986063933875,-1.924133264243623,-19.19360056567135,-1.9241332642436233
849,0.2355748582958898,-0.48575844860649287,-0.1560479322892211,-1.8898507284653319,-18.481576311631088,-1.8898507284653319
850,0.23562586164012495,-0.48686643324852547,-0.15037359838211628,-1.857493297727741,-17.80953514079734,-1.8574932977277412
851,0.2356899437040537,-0.48825876151935116,-0.143241909718401,-1.816825419214407,-16.9648917909261,-1.8168254192144069
852,0.23573965393722082,-0.4893394677579721,-0.1377031394854636,-1.785241029378042,-16.308906138114637,-1.785241029378042
853,0.23577333894089078,-0.4900722332105719,-0.13394532460826314,-1.7638123935937686,-15.863848383108678,-1.7638123935937688
854,0.2358244583747201,-0.4911843631613979,-0.12824149207208663,-1.7312867493067694,-15.188313534683186,-1.7312867493067694
855,0.23589827607111233,-0.49279031471211476,-0.1200049276276762,-1.68431840590491,-14.212813942398276,-1.68431840590491
856,0.2359375126056353,-0.49364470637173485,-0.11561899093803073,-1.6593079562242932,-13.693364421737984,-1.6593079562242932
857,0.23597082234512073,-0.4943703701135268,-0.11189218097110663,-1.6380561234363216,-13.251978741119052,-1.6380561234363216
858,0.23597911024718027,-0.49455105957207046,-0.11096352165024508,-1.632760518675387,-13.141992739675597,-1.6327605186753869
859,0.2360024800332783,-0.4950606261105196,-0.10834424081831814,-1.6178242813145127,-12.831777552157897,-1.6178242813145125
860,0.23604143983705525,-0.49591022852451005,-0.10397657553746763,-1.592918022866601,-12.314492010417487,-1.592918022866601
861,0.23609818967592164,-0.49714788314114067,-0.09761347645851237,-1.5566329643743742,-11.560876762326794,-1.5566329643743742
862,0.23614398971092937,-0.4981472675247949,-0.09247266012648558,-1.5273178745115878,-10.95202288037763,-1.5273178745115878
863,0.23615495292352917,-0.49838670686562014,-0.09123988675170958,-1.5202880839242705,-10.80601905407481,-1.5202880839242705
864,0.2361802629404641,-0.4989395619077124,-0.08839306841645841,-1.504054332330968,-10.468855404826447,-1.504054332330968
865,0.23622321602836135,-0.4998778805689895,-0.08356097080148639,-1.4764996860141615,-9.896564702179793,-1.4764996860141617
866,0.2362128519539378,-0.4996512082355238,-0.08472964195646908,-1.483163938871228,-10.034976565875512,-1.4831639388712279
867,0.23619921047505904,-0.4993527337149307,-0.08626913471552909,-1.4919427719709044,-10.21730677999868,-1.4919427719709044
868,0.236200398608979,-0.4993787335277552,-0.08613501296403538,-1.4911779535172478,-10.20142203645279,-1.491177953517248
869,0.23620487636386797,-0.4994767500708953,-0.08562923293106824,-1.4882937837357164,-10.141519850380522,-1.4882937837357164
870,0.23617926408655368,-0.49891565019515693,-0.08852692963874352,-1.5048176651378578,-10.484709292529653,-1.5048176651378575
871,0.23616935806446818,-0.498698607706171,-0.08964794260584319,-1.5112101510283076,-10.617476746694834,-1.5112101510283076
872,0.23618209420928657,-0.49897766208491623,-0.08820662376766629,-1.502991146782065,-10.446773785711109,-1.5029911467820647
873,0.23620729179062389,-0.49952984240317144,-0.08535414209380318,-1.4867251004578073,-10.108939397522475,-1.486725100457807
874,0.23624121720651411,-0.5002734481744064,-0.08151194594794321,-1.464815287305247,-9.653887925630139,-1.464815287305247
875,0.2362244798416738,-0.4999061670409135,-0.0834118248741803,-1.4756491934115747,-9.878900566573256,-1.4756491934115747
876,0.23622281706875045,-0.49986967485489675,-0.08360061627058663,-1.4767257610991797,-9.901260123335572,-1.4767257610991797
877,0.2361573218305964,-0.49843039716053106,-0.09105635872615342,-1.519241530183768,-10.784282865969782,-1.519241530183768
878,0.2360883230939194,-0.49691351067711464,-0.09891731230447741,-1.5640679829632835,-11.715296890370409,-1.5640679829632835
879,0.23603771980767393,-0.49580093715117246,-0.10468349855886577,-1.5969491942915073,-12.398216617176157,-1.5969491942915073
880,0.23598570634541224,-0.49465692840742304,-0.11061482380991972,-1.6307720974084348,-13.10069462280129,-1.6307720974084348
881,0.23592845270109503,-0.4933971196544421,-0.11714934285690708,-1.6680346644212112,-13.874612038143075,-1.6680346644212112
882,0.23584135329344452,-0.49147907252671724,-0.1271058845266453,-1.7248110390122633,-15.053817567942412,-1.7248110390122635
883,0.23575830258278857,-0.48964963940418726,-0.13660523715612824,-1.7789803300325866,-16.178875798175746,-1.7789803300325864
884,0.2356874670775953,-0.4880890039884913,-0.14471028682179773,-1.8251987210323235,-17.13879940439182,-1.8251987210323233
885,0.23562495730904956,-0.4867114793837242,-0.15186601624184673,-1.866003690016659,-17.98629002731726,-1.866003690016659
886,0.23555186955640223,-0.48510002823792286,-0.16024114028298864,-1.9137621583261584,-18.978199960470743,-1.9137621583261581
887,0.23550162403823138,-0.48399218763386226,-0.16599896906795233,-1.946595711860097,-19.660129868272303,-1.946595711860097
888,0.23546892380057816,-0.4832711303211617,-0.16974688565616677,-1.9679679034510031,-20.10401531691979,-1.9679679034510031
889,0.23545673848094578,-0.483002427199078,-0.17114360658038147,-1.9759325916954562,-20.269436312688462,-1.9759325916954562
890,0.23544745014626733,-0.48279754373408756,-0.17220891706475291,-1.982007438677746,-20.395606629229412,-1.9820074386777458
891,0.2354556175929544,-0.48297771667724393,-0.17127201792183655,-1.9766648469971493,-20.28464474237776,-1.976664846997149
892,0.2354771986966268,-0.4834538590986715,-0.1687957382126262,-1.9625440619870618,-19.99136592898155,-1.962544061987062
893,0.235496027711056,-0.4838694459514846,-0.16663354525052318,-1.9502143312807048,-19.735286058884235,-1.9502143312807045
894,0.2355270583527807,-0.48455444805899694,-0.16306910744486353,-1.9298884126260638,-19.31313096623446,-1.9298884126260638
895,0.23549198906626104,-0.48377922086755326,-0.16710858280060592,-1.9529231945369383,-19.79154725122399,-1.9529231945369383
896,0.23546482573750457,-0.48317862205141054,-0.17023883390406702,-1.9707731985955097,-20.162279332030803,-1.9707731985955095
897,0.23545259984808883,-0.48290826768616213,-0.17164805515550588,-1.9788091689461933,-20.329180807214517,-1.9788091689461937
898,0.2354565095085331,-0.4829947313201558,-0.17119732094533857,-1.9762388935226252,-20.27579798708185,-1.9762388935226254
899,0.23547519282831839,-0.48340796670188024,-0.1690428868590789,-1.9639534071790092,-20.020637041406584,-1.9639534071790092
900,0.2355066772830727,-0.4841044341016771,-0.16541129315699651,-1.943244537449812,-19.5905283231861,-1.943244537449812
901,0.23548105171453163,-0.48353686182139316,-0.16837446609656345,-1.9601417917752033,-19.941472459412562,-1.9601417917752029
902,0.23546041915241536,-0.4830797546245736,-0.17076156446417612,-1.9737540273888194,-20.22418905807044,-1.9737540273888197
903,0.2354317350700367,-0.4824439691729853,-0.17408330862914465,-1.992696005161997,-20.617600668028835,-1.9926960051619969
904,0.23540361706104113,-0.48182052021258,-0.17734169229762553,-2.011276674822158,-21.003508161567357,-2.0112766748221587
905,0.23538201058535405,-0.48134133129992696,-0.17984672755663084,-2.0255614360321035,-21.300192645773308,-2.0255614360321035
906,0.23538064342576226,-0.4813110095628195,-0.18000524356051142,-2.02646536073945,-21.318966528767824,-2.02646536073945
907,0.23539598288686173,-0.48165124439876245,-0.17822642604225325,-2.0163217975328886,-21.108291826284596,-2.016321797532888
908,0.23542984808189923,-0.48240241908683534,-0.1742989628185741,-1.9939257557568637,-20.643141726474113,-1.9939257557568637
909,0.23545085552546843,-0.4828686498721464,-0.17185996800922118,-1.9800175848763724,-20.354278759618627,-1.9800175848763721
910,0.23542271655297214,-0.48224344224281307,-0.1751342733591474,-1.9986890466388365,-20.742071941524337,-1.9986890466388363
911,0.23540702094039787,-0.4818946561909474,-0.17696118853320586,-2.0091068828423126,-20.958443102031985,-2.0091068828423126
912,0.23535443102371795,-0.4807249392165833,-0.18309365024711494,-2.0440767503910457,-21.684742755485296,-2.0440767503910457
913,0.23532194236788911,-0.48000229447919496,-0.18688237965586443,-2.065681673794229,-22.133461880850863,-2.0656816737942294
914,0.2352916920397398,-0.479329229482071,-0.19041224924752193,-2.0858104700009124,-22.551522878335994,-2.0858104700009124
915,0.23527819687926266,-0.47902894053063183,-0.19198722967630738,-2.0947916686705357,-22.73805608359484,-2.0947916686705357
916,0.23521590036066248,-0.4776412184164006,-0.19927362165341733,-2.1363417303317056,-23.601021759498998,-2.1363417303317056
917,0.23509259154756298,-0.47489095375098533,-0.21373209792664097,-2.218790023336838,-25.313415052210047,-2.218790023336838
918,0.23497944233300794,-0.47236679311817936,-0.2270045001824016,-2.294474825067398,-26.885335368807848,-2.294474825067398
919,0.2348728942922521,-0.469989307602746,-0.23950872242253995,-2.3657791423117738,-28.36627609104948,-2.3657791423117738
920,0.234785964830187,-0.46804948596346607,-0.24971160413754326,-2.423960251111819,-29.574656966387767,-2.4239602511118195
921,0.23471149911565198,-0.46638753522392334,-0.25845430733752367,-2.4738148098818757,-30.6101012301471,-2.4738148098818757
922,0.2346584099779225,-0.4652026570396917,-0.26468745615647926,-2.5093588375137212,-31.34832578634161,-2.5093588375137212
923,0.23461860230005566,-0.4643140840354467,-0.2693624900277419,-2.536017840519495,-31.902014604794275,-2.536017840519495
924,0.23458043112904145,-0.4634617727312414,-0.27384814112129385,-2.5615969035335473,-32.433273826090335,-2.5615969035335473
925,0.2345532962869081,-0.46285578761408425,-0.27703792030531244,-2.579786361662872,-32.81105613016745,-2.579786361662872
926,0.23454657006554194,-0.46270557335536083,-0.27782862647785495,-2.5842952997392508,-32.90470361561338,-2.5842952997392503
927,0.23455941394374213,-0.4629924164544723,-0.2763186974065265,-2.5756850511807348,-32.72587478432079,-2.5756850511807348
928,0.2345682068711995,-0.46318886882239807,-0.2752841657087575,-2.569785717742763,-32.60334976115239,-2.569785717742763
929,0.2345938933122297,-0.463762790529468,-0.27226168206746904,-2.5525502489318708,-32.24538114697301,-2.5525502489318708
930,0.23461361649040455,-0.46420366502375543,-0.2699388682900019,-2.539304591000707,-31.970278110001,-2.5393045910007066
931,0.23465223514685646,-0.4650669289115835,-0.26539054554327846,-2.513368147947005,-31.431596355617362,-2.513368147947005
932,0.23469254459896594,-0.46596826474274344,-0.26064018269952205,-2.486279587560593,-30.868985931263246,-2.486279587560593
933,0.2347508238003376,-0.46727144703098145,-0.25377175906718774,-2.447112956622393,-30.05552244194045,-2.4471129566223926
934,0.23478521141205716,-0.4680409608648514,-0.24971303957527885,-2.4239684365795533,-29.57482697281888,-2.423968436579553
935,0.23480609765680377,-0.4685086084896126,-0.2472451048472408,-2.4098952381505008,-29.28253649937753,-2.4098952381505008
936,0.23483806047867545,-0.46922436912426757,-0.24346723803707102,-2.388352257838247,-28.835103888620957,-2.388352257838247
937,0.23488232458671168,-0.4702157224428734,-0.23823411445657616,-2.3585107933475693,-28.215317574363,-2.3585107933475693
938,0.23494356424184157,-0.4715873204218148,-0.23099348038524675,-2.31722166244783,-27.357771247598155,-2.31722166244783
939,0.2349723805459492,-0.47223329977132733,-0.22758035632949605,-2.297758598229054,-26.953537037172943,-2.297758598229054
940,0.23501578791734737,-0.4732064511324396,-0.22243814240802637,-2.2684355387253654,-26.34451763136478,-2.2684355387253654
941,0.23503671483978536,-0.4736759477114562,-0.2199555223600028,-2.254278598445363,-26.050487898338307,-2.254278598445363
942,0.23507613825012227,-0.47456043001262044,-0.21527844224529047,-2.2276079269016105,-25.49655673252536,-2.2276079269016105
943,0.2351227866957275,-0.47560722619356793,-0.20974191829130479,-2.196036346289515,-24.840837118329436,-2.1960363462895156
944,0.23515415904621445,-0.47631164276705756,-0.2060140510228635,-2.1747784843250497,-24.399326215938014,-2.1747784843250497
945,0.23520126567673785,-0.4773694119388495,-0.20041585681248072,-2.142855234057519,-23.736302669334652,-2.142855234057519
946,0.23526634473956204,-0.478830771961754,-0.192681551751179,-2.0987509842157674,-22.820288294065957,-2.0987509842157674
947,0.2353474930672818,-0.4806530497013904,-0.1830366550652418,-2.0437517399704346,-21.677992516711022,-2.0437517399704346
948,0.23541492902992125,-0.48216826926960177,-0.17501237809052653,-1.9979939487161176,-20.727635244568503,-1.9979939487161176
949,0.23547295255046874,-0.4834726457606768,-0.16810128530797863,-1.9585840003956008,-19.909118223652843,-1.9585840003956008
950,0.2355052139811565,-0.4841984496345387,-0.164252731872184,-1.9366379353107246,-19.45331382451989,-1.9366379353107244
951,0.23554809950627834,-0.4851634102016922,-0.1591353179091613,-1.9074562955667613,-18.84723160806015,-1.907456295566761
952,0.2355994633633289,-0.4863193489472761,-0.1530040029262616,-1.872492967158977,-18.121067767983845,-1.872492967158977
953,0.23563325492219214,-0.48708030590659074,-0.14896520899728574,-1.8494620710291936,-17.64273218794569,-1.8494620710291936
954,0.23567361079280594,-0.48798928009087006,-0.14413978504673705,-1.8219454807446687,-17.0712318824322,-1.8219454807446687
955,0.23569433725450625,-0.48845643238982855,-0.14165820132774706,-1.8077944500472662,-16.777324887296817,-1.8077944500472662
956,0.23573215191273028,-0.48930876283157176,-0.13713034290040194,-1.7819747031217295,-16.2410668297524,-1.7819747031217297
957,0.23570400613529738,-0.48867345507851173,-0.1405101179488694,-1.8012475973203759,-16.641351342068955,-1.8012475973203759
958,0.23567702318524464,-0.4880642070172882,-0.14375224998047537,-1.819735593334051,-17.025334068885567,-1.8197355933340509
959,0.23564160520565083,-0.48726413318626166,-0.14801182998935136,-1.8440255042495608,-17.529818504114303,-1.8440255042495608
960,0.23561557285466153,-0.48667597376989136,-0.15114372095101497,-1.8618848594670658,-17.90074480194191,-1.8618848594670658
961,0.2355742214403136,-0.4857411667366236,-0.15612432227542927,-1.8902863361909685,-18.49062357896004,-1.8902863361909685
962,0.23554563571954348,-0.48509486975615884,-0.15956816223699202,-1.9099245553814337,-18.898495635455486,-1.9099245553814337
963,0.23546958547956867,-0.48337357339214276,-0.168750121293676,-1.9622839351916428,-19.98596327765313,-1.962283935191643
964,0.2353601960973386,-0.4808956022937005,-0.18197950054120818,-2.0377234016931403,-21.552788153394616,-2.0377234016931403
965,0.2352669620957246,-0.478783430494188,-0.19325682537869823,-2.1020314356066017,-22.88842097157789,-2.1020314356066017
966,0.2351923938963576,-0.477094066291799,-0.20227699604099258,-2.153468230166927,-23.956727164383782,-2.153468230166927
967,0.2351305298400493,-0.47569234505235475,-0.20976224744179742,-2.1961522716280286,-24.843244806407505,-2.1961522716280286
968,0.23507063029867564,-0.47433473777167484,-0.21701404113294934,-2.237505039358342,-25.702112825567326,-2.237505039358342
969,0.235030594507176,-0.4734273345443975,-0.22186103904410223,-2.2651446534104873,-26.276168248559152,-2.2651446534104873
970,0.2350004537708184,-0.47274409064551304,-0.2255112486989202,-2.285959679106379,-26.708481751848236,-2.285959679106379
971,0.23496873203544758,-0.4720247566602336,-0.22935560248187098,-2.307881796010158,-27.1637887640349,-2.3078817960101574
972,0.23494986059398903,-0.4715967739180639,-0.23164312958593883,-2.3209262345366883,-27.43471261492193,-2.3209262345366883
973,0.23489188987416998,-0.4702807948543048,-0.23868365832386798,-2.361074280937045,-28.268559415936274,-2.361074280937045
974,0.23485210675307067,-0.4693776640112559,-0.24351556378288225,-2.3886278315000244,-28.84082736054349,-2.388627831500025
975,0.23482057805342652,-0.468661786626815,-0.2473463385636132,-2.4104725152405444,-29.294526140169303,-2.4104725152405444
976,0.23480679279684807,-0.46834877659355584,-0.24902134694719824,-2.420024115242242,-29.492906181543212,-2.420024115242242
977,0.2347916872376587,-0.46800566976385716,-0.25085803857978234,-2.4304977009107276,-29.710435219387964,-2.4304977009107276
978,0.2347838700270426,-0.4678280750299103,-0.25180891069719674,-2.4359199723496743,-29.82305199900684,-2.4359199723496747
979,0.2347717793622133,-0.46755328616587194,-0.253280751023565,-2.44431302291683,-29.997369780160742,-2.44431302291683
980,0.2347541495725345,-0.4671524417504422,-0.2554286604816435,-2.4565613030952957,-30.251757979847856,-2.456561303095296
981,0.23470043816854969,-0.4659300947784141,-0.26198454467005433,-2.4939457031011827,-31.028205781115517,-2.4939457031011827
982,0.23465884999369532,-0.46498352987961344,-0.2670619210421418,-2.522899031717039,-31.62954613537082,-2.522899031717039
983,0.23460271649830666,-0.4637051927405403,-0.2739227335164622,-2.5620222606414873,-32.44210819527003,-2.5620222606414873
984,0.2345351280379743,-0.46216521052974824,-0.28219194745308573,-2.609176785135295,-33.42147463841942,-2.6091767851352947
985,0.23448006608443647,-0.4609104957879457,-0.2889301401740931,-2.647600784821591,-34.21951419683513,-2.647600784821591
986,0.23444139774463266,-0.46002930518975055,-0.29366262345365807,-2.6745873884374967,-34.780007050484045,-2.6745873884374967
987,0.23442105686992976,-0.4595657638809738,-0.2961521234849456,-2.688783561266303,-35.07485161606773,-2.688783561266303
988,0.23441341956920433,-0.45939170245938776,-0.2970870333620354,-2.694114809319215,-35.185577903718304,-2.6941148093192147
989,0.2344115933357434,-0.45935007180515525,-0.2973106860610987,-2.695390170769156,-35.21206626767419,-2.695390170769156
990,0.23442658585074705,-0.45969184777652666,-0.2954745178612646,-2.6849195699336454,-34.99459922271952,-2.6849195699336454
991,0.23442568207242778,-0.4596712325966812,-0.2955853369412538,-2.6855515067854165,-35.00772410847455,-2.6855515067854165
992,0.23444255029254923,-0.4600559985181463,-0.29351697694633616,-2.67375685099469,-34.762757369568035,-2.67375685099469
993,0.23440640860582873,-0.45923058814211404,-0.2979595042478928,-2.6990900040683905,-35.28890921365687,-2.69909000406839
994,0.23436541182111734,-0.4582939235297225,-0.3030028177761635,-2.727849092068948,-35.8862153263932,-2.7278490920689475
995,0.2343388565756937,-0.4576871647714053,-0.30627004336572006,-2.7464801820698006,-36.27317001508967,-2.7464801820698006
996,0.2342916710629358,-0.45660831124947165,-0.31208319610924123,-2.7796292160083933,-36.9616522299096,-2.779629216008393
997,0.2342574361248927,-0.4558254840145421,-0.3163016904833754,-2.803684839410649,-37.46127067760071,-2.8036848394106486
998,0.23423937421734273,-0.4554124583511922,-0.3185274872935749,-2.8163772659229136,-37.724883485527215,-2.8163772659229136
999,0.23422373637838514,-0.4550547668331421,-0.3204556107077639,-2.8273722339402223,-37.95324126954149,-2.8273722339402223
1000,0.23421964086124203,-0.4549610775168988,-0.3209606967286944,-2.8302524461741765,-38.01306126012275,-2.8302524461741765
1001,0.2342251865095963,-0.4550879584468118,-0.3202765741463715,-2.8263512924112972,-37.93203702913021,-2.8263512924112977
1002,0.234247765201662,-0.45560454970832126,-0.3174911659388933,-2.8104677271109644,-37.60214650388992,-2.8104677271109644
1003,0.23425587854716867,-0.45579028575830804,-0.3164891276009776,-2.8047536844327707,-37.48346984001048,-2.8047536844327707
1004,0.23427420928803855,-0.456209979858656,-0.3142246019823773,-2.791840410019079,-37.21527017586987,-2.791840410019079
1005,0.2343092107750164,-0.45701136978243306,-0.3099005315628811,-2.767182747746486,-36.703147802555314,-2.767182747746486
1006,0.23434849159841,-0.4579109486269629,-0.30504553732523104,-2.739497535288427,-36.12814533261322,-2.739497535288427
1007,0.23437716703570535,-0.4585679827487761,-0.30149776946556284,-2.719266675654219,-35.70796454923132,-2.7192666756542185
1008,0.23436591515628824,-0.4583099071269883,-0.30289270896008763,-2.727221205439768,-35.873174560924305,-2.727221205439768
1009,0.23436734965234882,-0.45834281194746634,-0.30271483764543544,-2.7262069086362515,-35.85210832680528,-2.726206908636251
1010,0.23434194545945577,-0.4577596295370583,-0.305869750925371,-2.7441975467639796,-36.22576127871777,-2.7441975467639796
1011,0.23429527170077974,-0.4566874565892806,-0.31167390569668413,-2.7772952704929037,-36.91317781642444,-2.7772952704929037
1012,0.23426564763425856,-0.4560069296467766,-0.3153579766659911,-2.798303387599382,-37.34950169305561,-2.798303387599382
1013,0.23425256856040677,-0.45570646902478323,-0.3169845740934506,-2.8075789280343684,-37.54214817060187,-2.8075789280343684
1014,0.23424271300817298,-0.45548000380181725,-0.31821089265792873,-2.814571910587376,-37.6873875198152,-2.814571910587376
1015,0.23421594398769505,-0.45486452116621434,-0.32154576056792955,-2.8335887254564756,-38.08235344383435,-2.8335887254564756
1016,0.23416531886585884,-0.45369969397772386,-0.32786164803066825,-2.8696045635209404,-38.83037717222272,-2.86960456352094
1017,0.23410930956153594,-0.45241046606841734,-0.33485484160750933,-2.9094826849888844,-39.65861782146665,-2.9094826849888844
1018,0.23406837405138176,-0.4514681583605201,-0.33996649574945165,-2.9386314798184094,-40.26401787206057,-2.9386314798184094
1019,0.2340338468693855,-0.45067320809279166,-0.3442796441978239,-2.9632268604329357,-40.774846698963856,-2.9632268604329357
1020,0.23399005318834276,-0.4496644348048191,-0.3497554746806809,-2.9944523414286848,-41.42337806656255,-2.9944523414286843
1021,0.23393814752780792,-0.4484682699754457,-0.35625139029727193,-3.031494775497977,-42.19272347486589,-3.031494775497977
1022,0.2338801070820994,-0.44713017712352954,-0.3635210426448639,-3.0729493807740336,-43.05370658851609,-3.072949380774033
1023,0.23381603529037567,-0.44565242853668474,-0.3715526961913573,-3.1187492363330414,-44.004937506802044,-3.118749236333042
1024,0.23376297670605808,-0.4444285395637925,-0.37820540900605965,-3.1566857937586255,-44.792853230904086,-3.1566857937586255
1025,0.2337012605058485,-0.4430042998639349,-0.38595067104829384,-3.200852524899048,-45.71016529897958,-3.200852524899048
1026,0.23365493476620622,-0.4419351816931308,-0.3917649793347573,-3.2340081482279253,-46.398784370820024,-3.234008148227925
1027,0.23361883583797874,-0.44110197237489457,-0.39629690274519525,-3.259851075391183,-46.93552386566472,-3.259851075391183
1028,0.2335906890119073,-0.4404521988687715,-0.39983168556743554,-3.280007888898378,-47.35416676285606,-3.2800078888983784
1029,0.2335703266828593,-0.43998205221658176,-0.4023897232686343,-3.294594892253441,-47.657128604702905,-3.2945948922534414
1030,0.23356360457061667,-0.43982683541337825,-0.4032343002332185,-3.2994110241698023,-47.75715629102353,-3.2994110241698023
1031,0.23356072167671427,-0.43976025229649107,-0.40359668209271854,-3.3014774774507147,-47.80007507816829,-3.3014774774507147
1032,0.2335732251860068,-0.440049039594073,-0.40202490465848767,-3.292514543598805,-47.613921220379275,-3.292514543598805
1033,0.2335832340363548,-0.44028028992257184,-0.4007658449001439,-3.285334857032583,-47.464804159593065,-3.285334857032583
1034,0.23360860101531664,-0.4408663952172664,-0.397574686903007,-3.2671375363328305,-47.0868585554357,-3.2671375363328305
1035,0.23364880725691048,-0.4417953852171373,-0.3925165066924622,-3.238293672277522,-46.48779170342574,-3.2382936722775217
1036,0.23370245582597932,-0.44303502581517124,-0.38576658074902276,-3.1998027648381067,-45.68836251784498,-3.1998027648381067
1037,0.23376979897461977,-0.4445911601368314,-0.3772930148516788,-3.151482939795661,-44.68479359856482,-3.1514829397956614
1038,0.23381649034971072,-0.44567083948630987,-0.37140977666688363,-3.117934249289644,-43.988010796789084,-3.117934249289643
1039,0.23387339719319347,-0.446986877276491,-0.3642378567028681,-3.0770369550361965,-43.13860264269579,-3.0770369550361965
1040,0.233926587391864,-0.4482174223881739,-0.357529353540002,-3.038782257656905,-42.34407937460444,-3.0387822576569046
1041,0.23399081609742525,-0.44970347024391666,-0.34942723973210865,-2.9925806081489803,-41.38450347744631,-2.9925806081489803
1042,0.23401197514555735,-0.4501935734678768,-0.3467521538063408,-2.9773261467483643,-41.067678999531296,-2.977326146748364
1043,0.23404604629385023,-0.4509828031537888,-0.3424441246519833,-2.952759958494425,-40.557456477508886,-2.952759958494425
1044,0.23409257241151807,-0.4520606094532071,-0.3365605262367373,-2.9192092138033616,-39.86063101174864,-2.919209213803361
1045,0.23413772550205983,-0.4531069501091459,-0.3308468425302459,-2.8866273940134097,-39.18392943747639,-2.8866273940134097
1046,0.23419605166807142,-0.45445861329890797,-0.32346557591246944,-2.8445363173777287,-38.30972725951935,-2.8445363173777287
1047,0.23425098051397272,-0.45573201132418967,-0.3165091817855914,-2.8048680418005714,-37.48584496243517,-2.8048680418005714
1048,0.23426422206418196,-0.4560393213068151,-0.31482856887447086,-2.795284482433331,-37.2868011474257,-2.795284482433331
1049,0.2342195148757667,-0.4550003581702018,-0.32051804469748985,-2.827728258723272,-37.960635654898816,-2.827728258723272
1050,0.23418379229017303,-0.4541700734161612,-0.3250654134696053,-2.853659261813833,-38.499204425058586,-2.8536592618138332
1051,0.23412324244009125,-0.4527617045549551,-0.3327845122243436,-2.897676798920758,-39.41341783756508,-2.8976767989207577
1052,0.23406882603263096,-0.451495753006858,-0.3397243703820385,-2.9372507794694096,-40.23534169295854,-2.9372507794694096
1053,0.23401551161270495,-0.45025509070585396,-0.34652748802629924,-2.9760450082859804,-41.04107065107363,-2.97604500828598
1054,0.23397252784067393,-0.4492547120191384,-0.35201366106737697,-3.00732946688452,-41.690826942169934,-3.00732946688452
1055,0.2339457656858642,-0.44863185980053877,-0.3554294741039273,-3.0268078647990926,-42.09537962271596,-3.026807864799092
1056,0.2339301234960539,-0.44826777418594904,-0.35742636507348213,-3.0381949742458922,-42.33188190953533,-3.0381949742458922
1057,0.23392809229066114,-0.4482204938470624,-0.3576856946495172,-3.039673780204818,-42.36259567343495,-3.0396737802048186
1058,0.23391495510420784,-0.4479145463715581,-0.3593646327875461,-3.04924778931379,-42.56144113626991,-3.0492477893137906
1059,0.2339148033189047,-0.4479110112910779,-0.359384033247913,-3.049358418871881,-42.56373883469816,-3.0493584188718805
1060,0.23390909267580823,-0.44777795723990144,-0.3601145214439864,-3.0535239688017985,-42.65025438887708,-3.053523968801799
1061,0.23388925523763657,-0.44731550173041834,-0.3626548785681206,-3.0680101500943726,-42.9511222271094,-3.0680101500943726
1062,0.23387811386514812,-0.44705573554963135,-0.36408201857647127,-3.076148300708885,-43.12014591479806,-3.0761483007088843
1063,0.23384385716765815,-0.4462564524706873,-0.3684763598073198,-3.1012066766068007,-43.64059082942051,-3.1012066766068003
1064,0.23379283908407397,-0.44506538101269416,-0.3750285704224845,-3.1385701283579985,-44.416603550112036,-3.1385701283579985
1065,0.23375495626886603,-0.4441809116266655,-0.3798944297103677,-3.166317297887343,-44.99289282502532,-3.1663172978873426
1066,0.23371100849147497,-0.4431544254898662,-0.3855438554567993,-3.198532691850754,-45.66198399155263,-3.1985326918507546
1067,0.2336826402728985,-0.4424918205783605,-0.3891906579209487,-3.2193282883170884,-46.093893963353494,-3.219328288317088
1068,0.23366924477133255,-0.44217893140707654,-0.39091275262505293,-3.2291483942579564,-46.29785068500213,-3.2291483942579555
1069,0.2336684675566321,-0.442160776313552,-0.39101268144333445,-3.2297182302720446,-46.30968577985862,-3.2297182302720446
1070,0.23367045786360258,-0.44220727949398936,-0.3907566582290555,-3.2282582785739478,-46.279363605749474,-3.2282582785739478
1071,0.23368751335836485,-0.44260578135281187,-0.3885626893848462,-3.2157473484667074,-46.01952035102155,-3.2157473484667074
1072,0.23370953664356892,-0.44312045749671697,-0.38572856116985166,-3.1995859612590714,-45.683859659374,-3.199585961259071
1073,0.23372058407587842,-0.44337876181814095,-0.3843054654882604,-3.1914708730912076,-45.51531496254755,-3.191470873091207
1074,0.23370258891867313,-0.4429576575371372,-0.38662741845114224,-3.2047116222967347,-45.790316048726524,-3.2047116222967342
1075,0.23369114852739942,-0.44268989533236286,-0.38810410031367165,-3.213132281332754,-45.965207238439675,-3.2131322813327534
1076,0.23369326453785585,-0.4427394224151515,-0.3878309530540329,-3.211574681149258,-45.93285697368916,-3.211574681149258
1077,0.23367068730034915,-0.44221058417526526,-0.3907497369633767,-3.228218810615508,-46.278543883899026,-3.2282188106155085
1078,0.23364696998107767,-0.44165486717654034,-0.3938178257693493,-3.245714339194067,-46.64191375728734,-3.245714339194067
1079,0.23361706037915173,-0.44095377523706086,-0.39769008424476177,-3.267795580352492,-47.10052566878038,-3.267795580352491
1080,0.23359898448520178,-0.4405300386378326,-0.40003062919978877,-3.2811423488913816,-47.377728702249364,-3.2811423488913816
1081,0.23356108813983115,-0.439641086284127,-0.40494403482140034,-3.3091606475480613,-47.9596491392181,-3.3091606475480617
1082,0.23350944697010667,-0.43842906035493184,-0.4116467261580308,-3.3473822034577188,-48.75348408219992,-3.3473822034577188
1083,0.23346058131707445,-0.43728189922380395,-0.41799222743754216,-3.3835669119201515,-49.50501513046452,-3.383566911920151
1084,0.23342240867832761,-0.4363856784528993,-0.422950134179298,-3.411838974619692,-50.09220606884801,-3.4118389746196924
1085,0.23339825183154048,-0.4358185032475465,-0.426087857633607,-3.429731589155364,-50.463823139416604,-3.4297315891553644
1086,0.2333877226974998,-0.43557128244472987,-0.4274555792371063,-3.4375309111159775,-50.62580959330494,-3.4375309111159775
1087,0.23339105392785894,-0.4356495007731502,-0.42702283363996324,-3.4350632143050754,-50.57455725910356,-3.435063214305076
1088,0.2334020284068156,-0.4359072216265823,-0.42559678257278505,-3.4269312732896355,-50.40566254043796,-3.4269312732896364
1089,0.23341939371132553,-0.43631508966561655,-0.42333954976754784,-3.4140595855550404,-50.13832660249173,-3.414059585555041
1090,0.23344810025386245,-0.4369893799691271,-0.4196076311641404,-3.392778621180194,-49.69633587921936,-3.392778621180194
1091,0.2334727737481539,-0.43756915066754115,-0.416397667894209,-3.374474064931404,-49.31616306782436,-3.374474064931404
1092,0.2335103747957799,-0.43845271736860725,-0.4115055507921892,-3.3465771623380283,-48.73676394205549,-3.3465771623380283
1093,0.23355081051602178,-0.4394031136900863,-0.40624220655812826,-3.3165633670115877,-48.113398437052254,-3.3165633670115873
1094,0.23357611353904054,-0.43999818257979434,-0.40294475897881116,-3.2977599385554313,-47.72286439935798,-3.297759938555431
1095,0.2335877842713976,-0.4402728034182,-0.4014221684187614,-3.289077488880266,-47.54253600144769,-3.289077488880265
1096,0.23358859086385797,-0.4402917925616601,-0.40131683420394887,-3.2884768290291024,-47.530060717086506,-3.288476829029102
1097,0.23359488664034786,-0.44044003722894853,-0.4004943620197897,-3.2837867478375102,-47.4326510160239,-3.2837867478375107
1098,0.23358893568004147,-0.4402998386530862,-0.40127259753218564,-3.288224572981772,-47.52482153568262,-3.2882245729817714
1099,0.23357419085561476,-0.43995230786402034,-0.40320259431869904,-3.299230223753431,-47.753401193021745,-3.299230223753431
1100,0.23355264335421877,-0.4394442293773105,-0.4060253490791816,-3.315326754755449,-48.0877148667088,-3.3153267547554495
1101,0.23352958449923622,-0.43890034286024293,-0.40904798903115835,-3.3325631149154153,-48.445701993584066,-3.332563114915416
1102,0.23350208852454118,-0.4382515588967944,-0.4126549183251388,-3.3531313378497805,-48.872889576395515,-3.3531313378497805
1103,0.23346622020825405,-0.4374048500924446,-0.4173642844773507,-3.3799861179143367,-49.43064454722205,-3.3799861179143362
1104,0.23343243628740135,-0.43660714868153355,-0.4218021616351433,-3.405292753918857,-49.956245650358575,-3.405292753918857
1105,0.233402128128824,-0.43589135874632434,-0.4257852103273388,-3.4280057673389517,-50.42797902918553,-3.4280057673389512
1106,0.23338513603329403,-0.43549004179344064,-0.4280184326968577,-3.440740537503405,-50.69247128510731,-3.440740537503405
1107,0.23337403664790338,-0.43522785294601496,-0.4294776934953691,-3.44906185432912,-50.86529920669921,-3.4490618543291194
1108,0.23337030917145032,-0.4351397902488337,-0.4299678921084936,-3.4518571723226517,-50.923356003373236,-3.451857172322652
1109,0.23335533980231343,-0.4347859576360762,-0.43193847108789346,-3.4630942397710522,-51.15674202298658,-3.4630942397710527
1110,0.23335374395029568,-0.434748235327753,-0.43214856112437544,-3.464292261233204,-51.18162408957083,-3.464292261233203
1111,0.2333633652451864,-0.43497567538408993,-0.4308817794947518,-3.4570685413197744,-51.0315924870074,-3.457068541319775
1112,0.23338238304087225,-0.4354252850984097,-0.42837732988097754,-3.4427871197044513,-50.73497736384245,-3.4427871197044513
1113,0.23341127100578848,-0.43610829861344824,-0.4245724363063035,-3.4210900214508104,-50.284343831399084,-3.4210900214508095
1114,0.2333913343211331,-0.4356363399473716,-0.4272048393891463,-3.436101087387528,-50.59611315602149,-3.436101087387529
1115,0.2333607557127985,-0.4349121050968645,-0.43124628899730694,-3.4591471273133396,-51.07476326209528,-3.4591471273133396
1116,0.2333208598179673,-0.4339667632215943,-0.4365239847403123,-3.4892427609602334,-51.6998284916886,-3.4892427609602334
1117,0.23329438168751732,-0.43333933991285256,-0.44002689222116914,-3.5092178079080516,-52.114696224764685,-3.509217807908052
1118,0.23326688268759732,-0.4326875296351949,-0.4436670428568535,-3.5299754728598933,-52.54581838557962,-3.5299754728598933
1119,0.23323979261456645,-0.4320452361199823,-0.4472550226106104,-3.5504356375718604,-52.97076167480401,-3.550435637571861
1120,0.23321342275192664,-0.4314198509231445,-0.45074947933915244,-3.570362494787248,-53.384628540893225,-3.570362494787248
1121,0.23319180165632042,-0.4309069893519013,-0.45361573173910585,-3.5867070675646486,-53.72409386850779,-3.5867070675646486
1122,0.2331760655592692,-0.4305336598579232,-0.45570252258982874,-3.5986068238217763,-53.971243470481156,-3.598606823821776
1123,0.23314024845878809,-0.42968335503944893,-0.4604585938814198,-3.6257279361708417,-54.53452997629774,-3.625727936170842
1124,0.23311801574810498,-0.42915553491274816,-0.46341095120004117,-3.6425635152914677,-54.88419316172318,-3.6425635152914673
1125,0.23309484186429424,-0.4286052064054569,-0.46649012221411734,-3.660122239266526,-55.24887555922998,-3.6601222392665256
1126,0.23308277514653888,-0.42831862989688096,-0.46809366464024216,-3.6692663104187635,-55.43879151186456,-3.6692663104187635
1127,0.23307909467288887,-0.4282312110092666,-0.4685828742217554,-3.6720559885394257,-55.49673117232965,-3.6720559885394253
1128,0.23307801456247423,-0.4282055502935841,-0.46872650809115696,-3.6728750490770716,-55.51374248596475,-3.6728750490770707
1129,0.2330736817228879,-0.4281025775423769,-0.46930308674012683,-3.6761629422473083,-55.58202972402212,-3.6761629422473083
1130,0.23308001594907962,-0.42825312467362886,-0.4684600669911222,-3.6713556902269993,-55.48218646692234,-3.6713556902269997
1131,0.23309486276875993,-0.4286060307108666,-0.46648368543565594,-3.660085534057307,-55.248113217745605,-3.660085534057307
1132,0.23311790835998258,-0.4291538812278338,-0.46341521433151844,-3.6425878254543447,-54.88469806677747,-3.6425878254543447
1133,0.23313314839823543,-0.4295163325517491,-0.46138427076673233,-3.6310065338339763,-54.644162752232944,-3.631006533833977
1134,0.23315988351604952,-0.4301521971551453,-0.45782114125370116,-3.6106880756123667,-54.22216260755138,-3.6106880756123676
1135,0.2331772687448168,-0.4305658786994901,-0.45550195838370244,-3.5974631226377403,-53.94748959802333,-3.5974631226377403
1136,0.23315687668107934,-0.43008015035187364,-0.45822783362074865,-3.613007205983206,-54.270329320859794,-3.6130072059832057
1137,0.23314880744740482,-0.42988793855205093,-0.45930655168984147,-3.619158508634316,-54.39808756808683,-3.6191585086343157
1138,0.2331258825825103,-0.429341550294848,-0.46237468697745654,-3.636654302270686,-54.761462946540234,-3.6366543022706863
1139,0.23310208666860405,-0.4287742348160766,-0.46556126559721667,-3.6548255094408657,-55.13886619098025,-3.654825509440866
1140,0.23309101118112543,-0.42851017822868737,-0.4670444967778083,-3.663283515434087,-55.31453305083385,-3.6632835154340864
1141,0.23308107105536696,-0.42827313022529606,-0.4683763541067561,-3.670878324266155,-55.47227191029873,-3.6708783242661545
1142,0.23307553031175057,-0.42814097192138073,-0.46911902655907073,-3.6751133539330545,-55.56023050994592,-3.6751133539330545
1143,0.2330819071789869,-0.4282930791222476,-0.4682642186567151,-3.6702388809204978,-55.458991119923816,-3.6702388809204978
1144,0.23308486694759661,-0.42836370269054935,-0.4678671944798827,-3.667974882623373,-55.411969461167764,-3.6679748826233727
1145,0.23307545635247096,-0.42813903742236176,-0.4691308501151897,-3.675180776806727,-55.56163083580402,-3.6751807768067266
1146,0.2330172220507846,-0.4267470744037983,-0.476969605166231,-3.71988064427759,-56.49001577201384,-3.71988064427759
1147,0.23296977421503381,-0.42561285748644057,-0.4833573301354011,-3.7563061299195093,-57.24654759363788,-3.756306129919509
1148,0.23290289212662663,-0.4240130460915635,-0.4923729657590725,-3.8077170637884237,-58.314316677997944,-3.8077170637884237
1149,0.23282369412222098,-0.42211768272793865,-0.5030595261974382,-3.8686563114373036,-59.57998216521796,-3.8686563114373036
1150,0.23273219264910303,-0.4199267735517518,-0.5154186167841818,-3.9391330271518026,-61.0437341833986,-3.939133027151802
1151,0.2326496827451533,-0.4179509400270824,-0.5265656724806735,-4.0026982118117465,-62.363938542933994,-4.002698211811747
1152,0.2325809432606972,-0.41630483035435495,-0.5358527006831346,-4.055656739938357,-63.463850075974605,-4.055656739938357
1153,0.23252066112098052,-0.41486108277999356,-0.543998975632776,-4.102110214789802,-64.42865620912018,-4.102110214789801
1154,0.23247401492165579,-0.4137438981153209,-0.5503027232588141,-4.138056826416126,-65.17524215287982,-4.138056826416126
1155,0.2324322661856409,-0.41274382911001134,-0.5559466486963632,-4.170240855312445,-65.84368188893407,-4.1702408553124455
1156,0.23240165765734613,-0.4120105765008337,-0.5600850184975612,-4.193839574809924,-66.33381076257294,-4.193839574809925
1157,0.23237260461168907,-0.4113144178138175,-0.5640149834803503,-4.216249882665183,-66.79925715885608,-4.216249882665184
1158,0.23233548400578297,-0.41042456353029083,-0.5690405545824306,-4.244907795913608,-67.39446194286104,-4.2449077959136075
1159,0.23229813261214186,-0.4095289283115666,-0.5741001693692666,-4.273759840524332,-67.9936986992767,-4.273759840524333
1160,0.23225404170971722,-0.40847126167837366,-0.5800775301296579,-4.307845257414549,-68.7016289320886,-4.307845257414549
1161,0.23222316234281698,-0.40773050700798036,-0.5842639349262785,-4.3317178925932005,-69.19744684255421,-4.3317178925932005
1162,0.2322027029971291,-0.40723968252943,-0.5870380298725204,-4.347536944935209,-69.52599747883984,-4.347536944935209
1163,0.23218979189344344,-0.4069299048294431,-0.5887890746119258,-4.357522136113823,-69.73338290523832,-4.357522136113823
1164,0.2321626923137976,-0.4062793402123183,-0.5924684757577017,-4.3785036239288395,-70.16915371013899,-4.378503623928839
1165,0.2321410229049422,-0.40575904972119103,-0.5954115626848406,-4.395286339390891,-70.51771895440554,-4.39528633939089
1166,0.23212367806704975,-0.4053425169303502,-0.5977681635194296,-4.4087246652860035,-70.79682357002959,-4.408724665286003
1167,0.23211601828767736,-0.4051585550642556,-0.5988090348110141,-4.414660149745601,-70.92009942459427,-4.414660149745602
1168,0.23211240328332078,-0.40507171862421476,-0.5993004542926491,-4.417462429643194,-70.97830081513898,-4.4174624296431935
1169,0.23211861887207993,-0.4052210341459407,-0.5984553999653209,-4.4126435756043465,-70.87821659224109,-4.4126435756043465
1170,0.23212570262896803,-0.40539124830416556,-0.5974918282831482,-4.407148885923224,-70.76409573645944,-4.407148885923225
1171,0.23214494092563692,-0.40585352864275986,-0.5948748477061583,-4.392225765580315,-70.45415298021673,-4.392225765580315
1172,0.232157287742753,-0.40615033517531746,-0.5931939276711928,-4.382640454864159,-70.25507279091704,-4.382640454864159
1173,0.23217365893005645,-0.40654395666927473,-0.5909643012903997,-4.369926190534933,-69.99100642682912,-4.369926190534933
1174,0.23218768635401443,-0.4068813329902474,-0.5890526658347591,-4.359025243769365,-69.76460139835389,-4.359025243769364
1175,0.23220998534586174,-0.4074177008765373,-0.5860132238607816,-4.341693071436191,-69.4046243197552,-4.341693071436191
1176,0.23223849064847446,-0.40810344528490256,-0.5821267828779642,-4.31953095567494,-68.94433269941213,-4.31953095567494
1177,0.23225686874337512,-0.4085457757373556,-0.579618681613477,-4.3052287108164045,-68.6472850920718,-4.3052287108164045
1178,0.23226180921184092,-0.4086647500241567,-0.5789437053841584,-4.301379713392698,-68.56734411170964,-4.301379713392698
1179,0.2322748038817568,-0.40897771324432003,-0.5771679977065056,-4.291253883800978,-68.35703772398472,-4.291253883800978
1180,0.23225971747237323,-0.40861406421844293,-0.5792330297221947,-4.303029562058986,-68.60161031282995,-4.303029562058986
1181,0.2322147841552781,-0.4075300349361499,-0.5853941405752348,-4.338162799009361,-69.3313030343191,-4.3381627990093605
1182,0.23216561036865788,-0.40634328615129905,-0.5921414164280318,-4.37663859452096,-70.13041835574467,-4.376638594520961
1183,0.23212800332916197,-0.4054356511355639,-0.5973019874567134,-4.406066333945654,-70.74161189018639,-4.406066333945654
1184,0.23210306013544169,-0.40483364639017516,-0.6007248712537934,-4.425585052300977,-71.14700199804332,-4.425585052300977
1185,0.23208520538178717,-0.4044026683682719,-0.6031756293093259,-4.439560302142583,-71.43725814793399,-4.439560302142583
1186,0.23207517375254846,-0.40416049919448754,-0.6045528705393424,-4.447413909004424,-71.60037206119559,-4.447413909004424
1187,0.23206846333432135,-0.4039984739016912,-0.6054745062129953,-4.452669461984515,-71.70952621520621,-4.452669461984515
1188,0.23205794063681529,-0.40374431224969504,-0.6069207292300716,-4.460916431914776,-71.88081000385772,-4.460916431914775
1189,0.23204260422259948,-0.4033737465449545,-0.6090300757947475,-4.472944810308691,-72.13063099751551,-4.472944810308691
1190,0.23203421735611993,-0.4031710743014278,-0.6101838738798663,-4.479524250686292,-72.26728136542178,-4.479524250686292
1191,0.23202913406735157,-0.4030482102647387,-0.6108834665345549,-4.483513621287178,-72.350137798346,-4.483513621287178
1192,0.23202384576462876,-0.4029203565722709,-0.6116116653689265,-4.487666116316924,-72.43638221139298,-4.487666116316924
1193,0.23202755704960581,-0.4030100900415059,-0.6111005438748532,-4.484751487284913,-72.37584740802423,-4.484751487284913
1194,0.2320210706326431,-0.4028531829341507,-0.6119947108220972,-4.489850402071557,-72.48174829647816,-4.489850402071557
1195,0.232012323966118,-0.40264153424338167,-0.6132012071570472,-4.4967303499619025,-72.624639994926,-4.496730349961902
1196,0.23200665932207307,-0.4025044358003686,-0.6139828876687109,-4.501187819936204,-72.71721852394394,-4.501187819936204
1197,0.2320119757186205,-0.4026331100540233,-0.6132492143537663,-4.497004107123215,-72.63032573940627,-4.497004107123214
1198,0.23202822096080353,-0.4030263103100936,-0.6110072015627444,-4.484219210290222,-72.36479238769145,-4.484219210290221
1199,0.23202728433057934,-0.4030036258400674,-0.6111366283301017,-4.484957255976098,-72.3801210796042,-4.484957255976097
1200,0.23202774248489158,-0.40301472458338994,-0.6110732894758528,-4.4845960712762,-72.37261952638833,-4.484596071276199
1201,0.23203700827106852,-0.40323920443838973,-0.6097921198527979,-4.477290304992478,-72.2208838781854,-4.4772903049924775
1202,0.23203707615634472,-0.4032408498309746,-0.6097827248609495,-4.4772367308103815,-72.21977117995067,-4.477236730810382
1203,0.23204606943505424,-0.40345884340837745,-0.6085379177206488,-4.470138318647237,-72.07234213158563,-4.470138318647237
1204,0.2320297122422592,-0.4030620357281441,-0.6108055986170118,-4.483069585777489,-72.34091549184575,-4.48306958577749
1205,0.23201068644347,-0.4026003438999317,-0.6134449134156044,-4.498120065214949,-72.65350340727035,-4.498120065214948
1206,0.23200164009050495,-0.40238080755662936,-0.614699986145767,-4.505277016075036,-72.80214826336595,-4.505277016075036
1207,0.23200451299937971,-0.402450527841486,-0.6143013965141259,-4.503004090898321,-72.75494119957386,-4.503004090898321
1208,0.23201332110425127,-0.40266431335084396,-0.6130790249687245,-4.496033615902761,-72.61016931656275,-4.496033615902761
1209,0.2320118822855935,-0.4026293743764624,-0.6132788924439315,-4.497173344035011,-72.633840671518,-4.497173344035011
1210,0.23201519005861818,-0.4027097102159241,-0.6128192602705412,-4.494552328694934,-72.5794040188615,-4.494552328694933
1211,0.2319911893185477,-0.4021263179328697,-0.6161598406040983,-4.5136017181979184,-72.97504649520872,-4.5136017181979184
1212,0.23197283090900872,-0.40168001101704104,-0.6187158178528858,-4.528176971989548,-73.27776430685331,-4.528176971989547
1213,0.23196550776221314,-0.4015019745348448,-0.619735453463377,-4.5339913616931105,-73.39852510815905,-4.5339913616931105
1214,0.2319575139970143,-0.4013075809715899,-0.6208490717591667,-4.54034168006775,-73.53041677255817,-4.540341680067751
1215,0.23195307968043238,-0.40119972667794457,-0.62146704784168,-4.543865638758722,-73.60360692612308,-4.543865638758722
1216,0.2319363666554746,-0.40079301079914775,-0.6237986222430794,-4.557161253440183,-73.87974752980529,-4.557161253440183
1217,0.23190906029533365,-0.4001281839301844,-0.6276116862856519,-4.578904943127013,-74.3313487336798,-4.578904943127012
1218,0.23189314183788964,-0.39974060917529086,-0.6298346414734388,-4.591581165517013,-74.59462499333748,-4.591581165517013
1219,0.23186679716575148,-0.3990988759204343,-0.633517081924479,-4.612579984724787,-75.0307557591255,-4.612579984724787
1220,0.2318520412246115,-0.39873942789311884,-0.6355797278772489,-4.624342056651742,-75.27504575400567,-4.624342056651742
1221,0.2318441677054735,-0.398547610780318,-0.6366805696491632,-4.630619517931058,-75.40542422756953,-4.630619517931058
1222,0.23183942174676106,-0.39843196604774656,-0.6373443835271881,-4.634404862948198,-75.48404319203424,-4.634404862948197
1223,0.23182734185928253,-0.398137493523057,-0.6390353855446163,-4.644047665354934,-75.68431744347575,-4.644047665354934
1224,0.23181496552778572,-0.39783571468815304,-0.6407687998007922,-4.653932320127107,-75.88961479913573,-4.653932320127107
1225,0.23180821886010816,-0.3976711842344791,-0.6417139909398357,-4.659322196245799,-76.00155875064503,-4.659322196245799
1226,0.23178715523719365,-0.3971572189989654,-0.6446682547671088,-4.676168647078004,-76.35144773390462,-4.676168647078004
1227,0.23177673113652905,-0.3969028562143417,-0.6461303757700864,-4.684506273988642,-76.52461440453558,-4.684506273988643
1228,0.2317770548469481,-0.39691075542035076,-0.6460849685514213,-4.68424734299216,-76.51923658911345,-4.684247342992159
1229,0.23174305416310279,-0.39608025180398454,-0.6508636431327193,-4.7114973487749054,-77.08520012126087,-4.7114973487749054
1230,0.23171676269378336,-0.3954379918920625,-0.6545595291253344,-4.732572840097392,-77.52292331316454,-4.732572840097392
1231,0.2316983559308818,-0.39498830212593816,-0.6571475044911478,-4.747330560566581,-77.82943082988865,-4.747330560566581
1232,0.23169052794785794,-0.39479705313215596,-0.6582481815277186,-4.7536070824559085,-77.95978979298046,-4.7536070824559085
1233,0.23169178976059324,-0.3948278829124503,-0.6580707391884524,-4.752595231849878,-77.93877436466973,-4.752595231849878
1234,0.23169655301259995,-0.3949442840567495,-0.6574006667445591,-4.748774197866436,-77.85941416537415,-4.748774197866437
1235,0.23171107908565378,-0.3952992772134918,-0.6553570359197411,-4.737120558170602,-77.61737623198024,-4.737120558170603
1236,0.23172482512345194,-0.39563529924064533,-0.6534220939940614,-4.7260867081423115,-77.38821089583375,-4.726086708142311
1237,0.2317266966470128,-0.39568107225514976,-0.6531583805213632,-4.724582903366791,-77.35697792402453,-4.724582903366792
1238,0.23173635445626478,-0.3959172993332995,-0.6517972834750606,-4.716821357408466,-77.19577605124255,-4.716821357408466
1239,0.23175501007357377,-0.39637363550736315,-0.6491678125195324,-4.701827011690904,-76.88435399385993,-4.701827011690904
1240,0.23177791496071617,-0.39693400280623287,-0.6459383876219793,-4.683411477082695,-76.5018762396774,-4.683411477082694
1241,0.23180179305872317,-0.3975183155196072,-0.6425701859021697,-4.664204578855837,-76.10296241746634,-4.664204578855837
1242,0.2318140136028806,-0.39781751400327503,-0.6408446102783305,-4.654364623251366,-75.89859343220886,-4.654364623251366
1243,0.23183063798672401,-0.3982245963452276,-0.6384964685075754,-4.64097453448445,-75.62049066794854,-4.6409745344844495
1244,0.23181148561311804,-0.3977551257678207,-0.6412072636665104,-4.656432624902642,-75.94154437792146,-4.656432624902641
1245,0.23179989780953367,-0.39747105481793965,-0.6428476827796473,-4.6657869823837,-76.13582783030523,-4.6657869823837
1246,0.23179137575060552,-0.39726210032153936,-0.6440545533607165,-4.672669064382309,-76.27876385268682,-4.672669064382308
1247,0.23178123865811306,-0.39701347467229436,-0.6454909668123335,-4.680860096057947,-76.44888584297318,-4.6808600960579465
1248,0.231752300336219,-0.396303258316131,-0.6495968561277524,-4.704273598209016,-76.9351678820673,-4.704273598209016
1249,0.23170273526670443,-0.39508597793869327,-0.6566389679722295,-4.7444306721465805,-77.76920217870588,-4.7444306721465805
1250,0.23166268797423104,-0.3941023919982905,-0.6623294454692632,-4.776880160401675,-78.44315531969417,-4.776880160401676
1251,0.23163034271229385,-0.39330789995077664,-0.6669263494890798,-4.803093634240839,-78.98759080943857,-4.803093634240838
1252,0.23160355542302782,-0.3926498386125208,-0.6707343817726648,-4.824808630728502,-79.4385960756653,-4.824808630728501
1253,0.23158683523112755,-0.39223907215859494,-0.6731114695389311,-4.8383637816965885,-79.72012706622192,-4.838363781696589
1254,0.23155179980383347,-0.39137779967760894,-0.6780988044633353,-4.866803656230499,-80.31080333885718,-4.866803656230498
1255,0.2315248212199291,-0.3907145336926692,-0.6819398627108569,-4.888706980609704,-80.76572004347216,-4.8887069806097045
1256,0.23148812925286347,-0.38981205137373304,-0.6871686355456329,-4.918523635324369,-81.38499107606097,-4.918523635324369
1257,0.23146040753760136,-0.38913016087506236,-0.6911195932412606,-4.941053652428818,-81.85292374959639,-4.941053652428818
1258,0.23138705495201123,-0.3873236868286008,-0.7015990320151593,-5.00081180551718,-83.09405873012219,-5.000811805517179
1259,0.23132518657110376,-0.3858000095738621,-0.7104381141278482,-5.051215957251553,-84.14091765477401,-5.051215957251553
1260,0.23127380047790527,-0.3845344423987852,-0.7177801188608075,-5.0930831461606045,-85.01046984147682,-5.0930831461606045
1261,0.23123278712481615,-0.38352430642773166,-0.7236404770525809,-5.126501365354641,-85.70454284549467,-5.126501365354642
1262,0.23120147599613558,-0.38275309572587735,-0.7281148998226782,-5.152016399761207,-86.2344722374637,-5.152016399761207
1263,0.23117967324073643,-0.38221605649593154,-0.7312308475323084,-5.169784839871873,-86.60351029220607,-5.169784839871873
1264,0.23116281078344478,-0.38180064563887395,-0.7336414409341377,-5.183531054020202,-86.88900953118124,-5.183531054020202
1265,0.23115303660071448,-0.38155983322368775,-0.7350389871560239,-5.19150044845796,-87.05452827128829,-5.19150044845796
1266,0.23113705468966392,-0.38116592517993425,-0.7373258960034613,-5.204541361425998,-87.325378898795,-5.204541361425997
1267,0.23112956379611346,-0.38098128448811214,-0.7383979308651694,-5.21065455362686,-87.45234561866582,-5.210654553626861
1268,0.23111778394693702,-0.3806908266962097,-0.7400849232352842,-5.220274491343688,-87.65214498651409,-5.220274491343688
1269,0.23111240971589003,-0.38055829900215005,-0.7408547330579838,-5.2246642696730765,-87.74331760748349,-5.224664269673076
1270,0.2311173571979528,-0.38068030544172626,-0.7401460244172565,-5.220622915898186,-87.65938152044815,-5.220622915898185
1271,0.23107321836034111,-0.3795903902783388,-0.7464854141752454,-5.25677277390282,-88.41018874911617,-5.256772773902821
1272,0.23103893393220912,-0.37874377538142445,-0.7514098644223044,-5.284854053643938,-88.993417259092,-5.284854053643938
1273,0.23100710967215124,-0.3779577571383216,-0.7559827387971259,-5.31093050037361,-89.5350067917564,-5.31093050037361
1274,0.23097321271127327,-0.37712029991929974,-0.760856295894514,-5.338721566039834,-90.1122077586845,-5.338721566039834
1275,0.23094463037898308,-0.37641405091563523,-0.7649668392970421,-5.362161607746691,-90.59904100576203,-5.36216160774669
1276,0.23091231284246425,-0.3756152445720582,-0.7696176118512751,-5.38868226255191,-91.1498564289987,-5.38868226255191
1277,0.23089056564475358,-0.37507769963231113,-0.7727473394688886,-5.4065292814747234,-91.52052651062682,-5.406529281474723
1278,0.23087681711818334,-0.37473784043432595,-0.7747262310379347,-5.417813750794098,-91.75489703389646,-5.417813750794097
1279,0.230860226522398,-0.37432759878327204,-0.777115674742772,-5.431439360503783,-92.03789140316147,-5.431439360503783
1280,0.2308503943800236,-0.3740844520145457,-0.7785320158857758,-5.439515931460978,-92.20563612450267,-5.439515931460977
1281,0.23085025484328534,-0.37408100119623966,-0.7785521176680673,-5.4396305602506905,-92.20801688417036,-5.4396305602506905
1282,0.23084800485111603,-0.3740253412900068,-0.7788764439212802,-5.441480004510849,-92.24642854596355,-5.441480004510849
1283,0.23084469062874402,-0.3739433324377644,-0.7793544322382324,-5.444205694276796,-92.30303921312348,-5.444205694276795
1284,0.2308471316251726,-0.37400374078663434,-0.7790023014990459,-5.442197697181395,-92.26133452000467,-5.442197697181394
1285,0.23085678710297744,-0.37424270851496183,-0.7776092034758562,-5.434253668237381,-92.0963426034348,-5.434253668237382
1286,0.23086382756540616,-0.3744170093733922,-0.7765927816143424,-5.4284576046777575,-91.97596242330168,-5.4284576046777575
1287,0.2308791519871306,-0.3747964175260684,-0.7743801699063838,-5.41584036514594,-91.71391119629244,-5.41584036514594
1288,0.2308986985147396,-0.3752804298206399,-0.7715571186457396,-5.399742143375701,-91.3795624065338,-5.399742143375701
1289,0.23092357564031454,-0.37589651328242596,-0.7679633163774634,-5.379248776245024,-90.9539295263303,-5.379248776245024
1290,0.23094960137695844,-0.3765411828026145,-0.7642019473511255,-5.357799873212396,-90.5084508347727,-5.357799873212396
1291,0.2309792555387935,-0.3772758472725535,-0.7599148168933743,-5.333352858087676,-90.00070345516632,-5.333352858087675
1292,0.23101348044525538,-0.3781238649519535,-0.7549655433057102,-5.305130025251965,-89.41453498657027,-5.305130025251964
1293,0.2310570908949597,-0.3792044572844555,-0.7486587722795969,-5.269166172930939,-88.66759096565838,-5.269166172930939
1294,0.23110839892904522,-0.38047585603039313,-0.7412379523089602,-5.226849546495657,-87.78870427635572,-5.226849546495656
1295,0.23115603067936422,-0.3816565505360788,-0.7343442682663308,-5.187538870108263,-86.97224906395347,-5.187538870108262
1296,0.2311636608410754,-0.38184591152866465,-0.7332373463973555,-5.1812267375666,-86.84115049255706,-5.1812267375666
1297,0.2311343821119551,-0.38111850821391857,-0.7374939688321287,-5.205499783154699,-87.34528464674922,-5.205499783154699
1298,0.23110152452562469,-0.38030192780279676,-0.742273972128184,-5.232757365826016,-87.91140554556485,-5.232757365826015
1299,0.23107455020271778,-0.3796314818328247,-0.7461989991376609,-5.255139515287348,-88.37626711173039,-5.255139515287348
1300,0.23105690717086894,-0.379192948689159,-0.7487664205624687,-5.269780028568282,-88.68034031725519,-5.269780028568282
1301,0.23104599771293746,-0.37892175939092615,-0.7503542622904223,-5.278834567757488,-88.86839675373253,-5.278834567757488
1302,0.23104210457370777,-0.37882497486089933,-0.7509209933557829,-5.282066305877672,-88.93551769073552,-5.282066305877671
1303,0.2310450506438746,-0.37889822133002987,-0.7504920547504339,-5.27962031812995,-88.88471623856974,-5.27962031812995
1304,0.2310573360703559,-0.37920367505642855,-0.7487032399471568,-5.26941974621314,-88.67285750510784,-5.26941974621314
1305,0.23107655707230507,-0.3796816069486878,-0.7459041261838673,-5.253458026087916,-88.3413437589001,-5.253458026087915
1306,0.23110274724752086,-0.3803328783693452,-0.7420895176151536,-5.2317055288655325,-87.88955962868158,-5.2317055288655325
1307,0.2311314222655797,-0.38104607068956325,-0.7379114691708635,-5.207880545111026,-87.39473140491683,-5.207880545111027
1308,0.23115045402513992,-0.381519642747435,-0.7351358760827901,-5.192052949736242,-87.06600333582463,-5.192052949736243
1309,0.23117784643835498,-0.38220128465065534,-0.7311406188143093,-5.169270317896079,-86.59282403117884,-5.169270317896078
1310,0.231211866531802,-0.38304792178370783,-0.7261778803781597,-5.1409707028495575,-86.0050608498483,-5.140970702849557
1311,0.23123303984015173,-0.3835751374594939,-0.7230858147465765,-5.123338448359782,-85.63885127505715,-5.123338448359781
1312,0.23124554399242828,-0.38388662961959014,-0.721258137149579,-5.112916264501083,-85.42238981679596,-5.112916264501083
1313,0.2312637838226248,-0.38434105196779234,-0.7185915370630187,-5.097710192913069,-85.10657036139283,-5.097710192913069
1314,0.23126917172684452,-0.38447535752476675,-0.7178029930159393,-5.0932135841824895,-85.01317894782274,-5.0932135841824895
1315,0.2312839705692246,-0.38484425931173516,-0.7156370273010261,-5.080862339657991,-84.75665225079254,-5.080862339657992
1316,0.23130101820953228,-0.38526929813199234,-0.713140994881229,-5.06662891641139,-84.46103402012425,-5.066628916411389
1317,0.2313197087989513,-0.385735393389036,-0.7104033120753743,-5.0510175013586,-84.13679586489086,-5.051017501358599
1318,0.23132540312617875,-0.38587747272218287,-0.7095683347397825,-5.046256110551118,-84.03790511305685,-5.046256110551117
1319,0.23131612846782362,-0.3856459248902176,-0.7109298961180909,-5.054020304325197,-84.19916197911732,-5.054020304325197
1320,0.2313152454920423,-0.38562387979856605,-0.71105953300882,-5.054759548222626,-84.21451555704472,-5.054759548222626
1321,0.23132134912227914,-0.38577627974195766,-0.7101632714537384,-5.049648689103989,-84.108366593182,-5.049648689103989
1322,0.23130495676324975,-0.38536667294729043,-0.7125739770319376,-5.0633955429290065,-84.3938791177939,-5.063395542929006
1323,0.2312870092751245,-0.38491808383231213,-0.7152148309109871,-5.078454798848446,-84.70664931460152,-5.078454798848446
1324,0.23127618892979573,-0.3846476135646666,-0.7168072167881169,-5.087535250681255,-84.89524393853534,-5.087535250681255
1325,0.23124874129358544,-0.3839610969591033,-0.7208515400298208,-5.110597677270217,-85.37423438412432,-5.110597677270217
1326,0.2311811899851055,-0.3822696219603324,-0.7308272338790389,-5.1674832656176575,-86.55570820714229,-5.167483265617658
1327,0.23110980425689273,-0.3804815583417235,-0.7413759448435963,-5.227636437777504,-87.80504745708167,-5.227636437777504
1328,0.23103737059943713,-0.3786667705600555,-0.7520851055125436,-5.288704561415649,-89.07338960832425,-5.288704561415649
1329,0.23094515673138033,-0.3763548824638251,-0.7657365873793345,-5.3665510340063936,-90.69020631449071,-5.3665510340063936
1330,0.23085270944873046,-0.37403657478517843,-0.7794293087647062,-5.444632671620552,-92.31190723346616,-5.444632671620552
1331,0.23076748000355474,-0.3718990798307369,-0.7920552009570537,-5.5166308019390105,-93.80725796725744,-5.516630801939011
1332,0.23067752316811374,-0.3696422606072385,-0.8053904162132662,-5.592673789730669,-95.38661755744371,-5.592673789730669
1333,0.23059808098295445,-0.3676491953700454,-0.8171673560191562,-5.659830837642975,-96.78142240071863,-5.659830837642975
1334,0.23051088930604577,-0.36546082714194955,-0.8301035145726643,-5.733598236822908,-98.31351960943334,-5.733598236822909
1335,0.23043174031326444,-0.3634741800702575,-0.8418480388439092,-5.8005704377674,-99.7044853106675,-5.800570437767399
1336,0.23035797206537764,-0.36162236060943687,-0.8527968477791085,-5.863005136285271,-101.00121026490984,-5.863005136285271
1337,0.23029482688149563,-0.3600371992559852,-0.8621691385202686,-5.916449867151381,-102.11121988827675,-5.916449867151379
1338,0.23024130428081163,-0.35869356045973744,-0.8701136431789644,-5.961752763217534,-103.05212930600403,-5.961752763217533
1339,0.23019314977555258,-0.3574845388218574,-0.8772630477597468,-6.002521665316867,-103.89887084499193,-6.002521665316867
1340,0.23015329690671335,-0.35648389491317956,-0.8831805446533434,-6.036265713342437,-104.5997110856056,-6.036265713342436
1341,0.23012196465584528,-0.3556971550150645,-0.8878332886229052,-6.062797609984319,-105.15075999391516,-6.06279760998432
1342,0.23009279729846938,-0.3549646371525823,-0.8921661746949457,-6.087505542803426,-105.66392645126753,-6.0875055428034255
1343,0.23004865031305183,-0.353855279049766,-0.8987318423644659,-6.124945732320037,-106.44153296159375,-6.124945732320037
1344,0.23001116938651733,-0.3529133484497257,-0.9043070840485858,-6.15673809766064,-107.10183811994648,-6.156738097660639
1345,0.22997758928801149,-0.352069324070122,-0.9093035604413516,-6.185230100679442,-107.69359706469824,-6.1852301006794415
1346,0.2299522423629213,-0.35143220678977116,-0.9130753650384367,-6.206738511711281,-108.14031169571552,-6.206738511711281
1347,0.2299338837645292,-0.35097071267594837,-0.915807664621009,-6.222319229368156,-108.46391228753853,-6.222319229368156
1348,0.2299195278952668,-0.35060978670431525,-0.9179448486073853,-6.234506348410635,-108.71703021327306,-6.234506348410635
1349,0.22990418117640637,-0.3502238496349676,-0.9202307206911318,-6.247541349317473,-108.98775805140991,-6.247541349317474
1350,0.22989268521454637,-0.3499347088042192,-0.921943524548183,-6.257308474953527,-109.19061440923898,-6.257308474953527
1351,0.22988905069971707,-0.34984329069470904,-0.9224850913024351,-6.260396715622366,-109.25475500469398,-6.260396715622367
1352,0.22987618076763836,-0.34951942979607237,-0.9244045270692232,-6.271342143032152,-109.48208386499198,-6.271342143032152
1353,0.2298728027210386,-0.34943442318793505,-0.9249083437188307,-6.2742151167786755,-109.54175351725968,-6.2742151167786755
1354,0.22986262888522027,-0.3491783032571245,-0.9264269101196545,-6.282874619010922,-109.72160531285469,-6.282874619010922
1355,0.22984448179148073,-0.3487212690880577,-0.9291378565360615,-6.298333571962629,-110.04267693704455,-6.29833357196263
1356,0.2298338066547949,-0.3484524000521881,-0.9307327756334196,-6.307428469279159,-110.23157158355654,-6.307428469279159
1357,0.22982655039019456,-0.3482696123132435,-0.9318172296435362,-6.313612480670614,-110.36000916840885,-6.313612480670614
1358,0.22982743839043712,-0.3482919822295919,-0.9316845068049062,-6.312855639404559,-110.34429010546164,-6.312855639404559
1359,0.22983098366072263,-0.3483813075044742,-0.9311544420097229,-6.309832987728192,-110.2815117474368,-6.309832987728192
1360,0.2298422945443893,-0.34866630516585745,-0.9294631619482675,-6.300188599797851,-110.08120456578062,-6.300188599797851
1361,0.22985025285765176,-0.3488668919717862,-0.9282724345198871,-6.29339857282342,-109.94018046176892,-6.293398572823419
1362,0.22984159329477383,-0.34864849253763747,-0.9295697155935048,-6.300796213352506,-110.09382427369245,-6.300796213352506
1363,0.22984161604253334,-0.3486490662647653,-0.9295663075972515,-6.300776779529167,-110.0934206467946,-6.3007767795291665
1364,0.22984706133982816,-0.34878641752495504,-0.9287503447102443,-6.296123817078769,-109.99678187598583,-6.29612381707877
1365,0.2298377543902498,-0.34855152294736547,-0.9301465967288995,-6.304085831427148,-110.16214733680602,-6.304085831427148
1366,0.22983305338939253,-0.3484328615971061,-0.9308520254159095,-6.308108481530917,-110.24569496169364,-6.308108481530916
1367,0.22983374110738874,-0.3484502225695238,-0.9307488057819723,-6.307519879906381,-110.23347011825301,-6.30751987990638
1368,0.22981861503829876,-0.34806814250241497,-0.9330218386693162,-6.320481666332873,-110.50267734291802,-6.320481666332873
1369,0.22980991803488043,-0.34784844125872577,-0.9343289669794878,-6.327935459932958,-110.65748741479231,-6.327935459932958
1370,0.22979032858734247,-0.34735333573723853,-0.9372760672876299,-6.344741061375982,-111.00652798485261,-6.344741061375982
1371,0.2297764047470471,-0.3470013887618091,-0.9393712251680437,-6.356688529944041,-111.25466853810272,-6.356688529944042
1372,0.22975811972863436,-0.34653905138369884,-0.9421244587592386,-6.372388622094056,-111.58074845452933,-6.372388622094056
1373,0.22974709935632703,-0.3462603843290642,-0.9437840276490728,-6.381852179629827,-111.77729991555755,-6.381852179629828
1374,0.22972953491552156,-0.3458160686834014,-0.9464311144650643,-6.396946978368689,-112.09080831182766,-6.396946978368688
1375,0.22971945515326267,-0.34556107424147964,-0.9479503681642317,-6.40561039986422,-112.27074150777574,-6.40561039986422
1376,0.22969823360174602,-0.3450239525434529,-0.9511521087994689,-6.423868067202883,-112.64994046935195,-6.423868067202884
1377,0.2296857220701366,-0.34470727544464547,-0.9530398422044951,-6.434632714455611,-112.87351465241991,-6.434632714455611
1378,0.22967542787458362,-0.3444466746398965,-0.9545935754440087,-6.44349275274474,-113.05753144144578,-6.44349275274474
1379,0.2296719508024808,-0.34435864561827273,-0.9551184496713413,-6.446485805627228,-113.11969505325497,-6.446485805627227
1380,0.2296695151152173,-0.344296968692387,-0.9554862741097633,-6.448583294774797,-113.16325843361031,-6.448583294774797
1381,0.22967015029254712,-0.34431305527037076,-0.9553903233064749,-6.448036143069865,-113.15189447596524,-6.448036143069866
1382,0.22967857711352174,-0.34452648227144006,-0.9541172567107384,-6.4407765836448725,-113.0011185118513,-6.4407765836448725
1383,0.22967481374180582,-0.34443111667402987,-0.9546863993946063,-6.444022073824786,-113.0685250695019,-6.444022073824786
1384,0.22967676420166813,-0.34448054670725137,-0.9543913740267198,-6.442339715496302,-113.03358366547,-6.442339715496301
1385,0.22967998709722032,-0.34456223995338403,-0.953903688195762,-6.439558726440095,-112.97582447078716,-6.439558726440095
1386,0.22966828954516436,-0.3442655576435812,-0.9556758397206024,-6.449664277357665,-113.18570968465471,-6.449664277357665
1387,0.22966587091802323,-0.3442042142756624,-0.9560422594373228,-6.4517537561932015,-113.22910669644018,-6.4517537561932015
1388,0.22966521134905998,-0.34418748259162707,-0.9561422205639726,-6.4523237764431505,-113.24094561774642,-6.45232377644315
1389,0.229665455783792,-0.34419368459584315,-0.9561051599414243,-6.452112441236794,-113.23655633354551,-6.452112441236793
1390,0.2296577519744068,-0.3439981345338454,-0.9572741768907773,-6.458778665958325,-113.3750091514849,-6.458778665958325
1391,0.2296563776161976,-0.34396324584380106,-0.9574827602292687,-6.459968095596893,-113.39971277191172,-6.459968095596893
1392,0.22965179652284112,-0.3438469171219492,-0.9581784477404037,-6.463935197432119,-113.48210669817189,-6.463935197432119
1393,0.22964812902138274,-0.34375376827605547,-0.9587356252350391,-6.467112457086972,-113.54809615561079,-6.467112457086972
1394,0.22965106879035643,-0.34382843875777425,-0.9582889483912505,-6.464565318467427,-113.49519387069094,-6.464565318467428
1395,0.22965744678474861,-0.3439904636795177,-0.9573195821891004,-6.459037586004212,-113.38038673947085,-6.459037586004212
1396,0.229663653660471,-0.3441481780738755,-0.9563757878195857,-6.453655674850928,-113.26860821471381,-6.4536556748509275
1397,0.22966716780433785,-0.34423749740440224,-0.9558411269660535,-6.450606814523092,-113.20528552135649,-6.450606814523091
1398,0.22966075542824899,-0.3440744366533608,-0.9568176571621554,-6.456175399083117,-113.3209411220114,-6.456175399083117
1399,0.22966327007000154,-0.34413838215096026,-0.9564347005377497,-6.453991619867341,-113.27558555738348,-6.453991619867341
1400,0.2296719663003125,-0.34435953711772593,-0.9551101518157535,-6.446438487776033,-113.11871229463063,-6.446438487776033
1401,0.22966118563027313,-0.3440851787952255,-0.9567545018400526,-6.455815260960457,-113.31346130547168,-6.455815260960457
1402,0.22964215648944886,-0.3436006978900576,-0.9596594393215767,-6.472380432290567,-113.65750831050215,-6.472380432290568
1403,0.22963144174043473,-0.34332789400965863,-0.9612952071373747,-6.481708266124278,-113.85124088530968,-6.481708266124278
1404,0.2296208946116145,-0.34305929813240055,-0.9629060991667342,-6.490894247795267,-114.04202729006143,-6.490894247795267
1405,0.2296190130598742,-0.34301138139824794,-0.9631934816003735,-6.492533022908598,-114.07606350124354,-6.492533022908598
1406,0.2296246049161523,-0.34315379275328944,-0.9623393297324251,-6.487662290879253,-113.97490180882231,-6.487662290879253
1407,0.22963749267138714,-0.343482027379743,-0.9603705675580246,-6.476435583614602,-113.74173096296838,-6.476435583614602
1408,0.22965518081174072,-0.34393256843892756,-0.9576679284652583,-6.461024002504897,-113.4216432187541,-6.461024002504898
1409,0.2296740429150051,-0.34441310574788964,-0.9547847928029779,-6.444583154287892,-113.08017831769753,-6.4445831542878915
1410,0.22969789691869474,-0.34502087751789423,-0.9511379210961122,-6.423787162970562,-112.64826014511806,-6.423787162970562
1411,0.22972969104714872,-0.34583097016796205,-0.9462769490010793,-6.396067862263663,-112.07254968612554,-6.3960678622636635
1412,0.22976500593665042,-0.34673088877922814,-0.9408762628544168,-6.3652708857749705,-111.43291805698152,-6.365270885774971
1413,0.2298029567835207,-0.3476981287409109,-0.9350706655096326,-6.3321649358873575,-110.74533066772109,-6.332164935887357
1414,0.22983359545136545,-0.34847932981438573,-0.9303797822643367,-6.305415553106457,-110.18976472464787,-6.305415553106457
1415,0.22986079240085902,-0.34917299378293887,-0.92621323705176,-6.281656165601576,-109.69629888903926,-6.281656165601575
1416,0.22989225054881327,-0.34997543131308584,-0.9213927930792395,-6.254167973239478,-109.12538838848253,-6.254167973239477
1417,0.2299065802104123,-0.35034119665634206,-0.9191940972394483,-6.2416300878217745,-108.86498529083782,-6.241630087821774
1418,0.22992884048906545,-0.3509094031789052,-0.9157784126405256,-6.222152422312398,-108.46044782183469,-6.222152422312398
1419,0.22994753223031777,-0.3513866710216904,-0.9129084933247683,-6.205786939243836,-108.12054820211986,-6.205786939243836
1420,0.22996453708075595,-0.3518209821245263,-0.9102961909410892,-6.1908904959203825,-107.81115950888463,-6.1908904959203825
1421,0.22998979394776373,-0.35246606013545884,-0.9064161226437821,-6.168764719883474,-107.35162263916108,-6.168764719883473
1422,0.23001405202145603,-0.3530857823455729,-0.9026876451399579,-6.147503378101032,-106.9100394633878,-6.147503378101031
1423,0.23004612060006502,-0.35390505573652475,-0.8977584994625382,-6.1193953230475735,-106.32625484893013,-6.119395323047573
1424,0.23007391946086547,-0.35461548547747634,-0.8934827913169497,-6.095013442735278,-105.81986027375245,-6.095013442735278
1425,0.23009323385808403,-0.3551093038273896,-0.8905094490573472,-6.078058198683852,-105.46771173153664,-6.078058198683852
1426,0.2301175386565287,-0.3557307715626201,-0.886767167011488,-6.056718137615573,-105.02449361133748,-6.056718137615573
1427,0.230118623297726,-0.35575852817661796,-0.8865998900693566,-6.055764254365553,-105.00468212440636,-6.0557642543655525
1428,0.23012611312897932,-0.3559502090176476,-0.8854446442018149,-6.0491765581256365,-104.8678602880228,-6.049176558125636
1429,0.23014102200806374,-0.35633177167696695,-0.8831449203008828,-6.036062568350232,-104.59549190641563,-6.036062568350232
1430,0.2301538842204971,-0.3566610442703598,-0.8811598142223647,-6.024742661292597,-104.36038536614558,-6.0247426612925965
1431,0.23017380489612865,-0.35717103385313453,-0.8780850864609077,-6.007209274606677,-103.99622920638605,-6.0072092746066765
1432,0.23019150863002516,-0.35762439372118154,-0.875351022597073,-5.991618496278421,-103.6724196614657,-5.99161849627842
1433,0.23019828177375826,-0.35779792832573526,-0.8743039713574284,-5.985647771164221,-103.54841188319016,-5.98564777116422
1434,0.23019220227253537,-0.3576420806099582,-0.8752448151521166,-5.991012856902901,-103.65984095587166,-5.9910128569029
1435,0.2301907798129183,-0.35760561211856184,-0.8754649962151675,-5.992268421628917,-103.68591815573875,-5.992268421628916
1436,0.23019671704557285,-0.3577578339763335,-0.8745459143656369,-5.987027431624586,-103.57706646453369,-5.987027431624588
1437,0.23019568675421967,-0.35773140833828915,-0.8747055295009825,-5.987937624040327,-103.59597052344112,-5.987937624040326
1438,0.23019693295976817,-0.357763377111165,-0.8745124016190408,-5.9868363278942525,-103.5730973739181,-5.9868363278942525
1439,0.2301993870042959,-0.3578263423971871,-0.8741319476306272,-5.984666819758061,-103.5280382096166,-5.984666819758061
1440,0.23018399154678856,-0.3574310656358242,-0.8765219063632099,-5.998295366371862,-103.81109357632285,-5.998295366371861
1441,0.23017254698527229,-0.35713719176628306,-0.8782989696510234,-6.008428926221017,-104.02156051607987,-6.008428926221017
1442,0.2301595691801807,-0.35680386108602474,-0.8803151470876666,-6.019926015188445,-104.26034700050471,-6.019926015188445
1443,0.23014753715112665,-0.35649476159934634,-0.882185125494922,-6.030589416000618,-104.481818365923,-6.030589416000618
1444,0.23009546587483826,-0.3551554700995464,-0.8902971214898094,-6.076847417881601,-105.44256466239612,-6.0768474178816
1445,0.23005100027485575,-0.3540117535833708,-0.897224808337137,-6.116351992516071,-106.26304700556916,-6.11635199251607
1446,0.23000734288979274,-0.35288859972805287,-0.9040293029096896,-6.155154073154998,-107.0689390405346,-6.155154073154998
1447,0.22997126984403313,-0.3519605297692167,-0.9096521154464531,-6.187217707440069,-107.7348782648467,-6.187217707440068
1448,0.22994247818558688,-0.3512197601420223,-0.9141403394778266,-6.212811442424208,-108.26644221268413,-6.212811442424209
1449,0.22991949093389874,-0.35062828431017606,-0.9177242868739522,-6.233248612942514,-108.69090792861302,-6.233248612942513
1450,0.22987443930311316,-0.3494682023979278,-0.9247588878737095,-6.273362856894783,-109.52405267645837,-6.273362856894782
1451,0.2298297324959012,-0.3483167563187604,-0.9317425894586102,-6.313186851045441,-110.35116913923713,-6.313186851045442
1452,0.22975524620153562,-0.3463965587217832,-0.9433995461317133,-6.379659704835163,-111.73176374984712,-6.379659704835162
1453,0.22968257422341984,-0.3445227990377553,-0.9547766059811872,-6.4445364695979555,-113.07920870938902,-6.444536469597955
1454,0.2296177080212279,-0.34285023805887854,-0.9649324165999348,-6.502449159273964,-114.28201470754207,-6.502449159273963
1455,0.22954738659243695,-0.34103638613129217,-0.9759499460376845,-6.565275730906448,-115.58687859187742,-6.565275730906448
1456,0.22948078524611973,-0.33931826080875044,-0.9863873999124502,-6.624794468499008,-116.82304108026008,-6.624794468499007
1457,0.2294068989342141,-0.3374114623431373,-0.997975506856258,-6.690874712269042,-118.19548145577488,-6.690874712269042
1458,0.22931873658862106,-0.33513499322034007,-1.0118177311670582,-6.7698088782387424,-119.83488879151976,-6.7698088782387424
1459,0.22923533399909551,-0.3329811886382302,-1.0249155284872233,-6.844498009428501,-121.3861297284279,-6.844498009428502
1460,0.22914941843281658,-0.3307618737252376,-1.0384154271340462,-6.921480090952137,-122.98499363761522,-6.921480090952137
1461,0.2290690739220781,-0.3286862770825522,-1.0510422468145626,-6.993483510196956,-124.48045421870225,-6.993483510196955
1462,0.22899602519697745,-0.32679906341143383,-1.0625236151623836,-7.058955085745625,-125.84025298161643,-7.058955085745624
1463,0.22892563658799145,-0.3249802888367218,-1.0735903400016575,-7.122062190181341,-127.15094333576856,-7.12206219018134
1464,0.22886401031093687,-0.3233879050565488,-1.0832796594232295,-7.1773147514882,-128.29850033104904,-7.177314751488201
1465,0.22880821970851867,-0.3219461968705547,-1.0920528424870541,-7.227343119219692,-129.33755448518846,-7.227343119219692
1466,0.2287602153005777,-0.3207056566313619,-1.0996020963468827,-7.270392129533316,-130.23165227462732,-7.270392129533315
1467,0.22871947223589872,-0.3196527220800814,-1.1060099471531264,-7.306932381135399,-130.99056770485325,-7.3069323811353994
1468,0.22868603029410883,-0.3187884395267244,-1.1112699168291644,-7.336926933317309,-131.61353354322392,-7.336926933317309
1469,0.22864679465520865,-0.317774058141214,-1.1174455876425358,-7.372143197265332,-132.34495067729586,-7.3721431972653315
1470,0.22861200081657249,-0.31687441604337574,-1.1229233003017847,-7.403379411219915,-132.99370496093138,-7.403379411219916
1471,0.2285826607386099,-0.31611572629067514,-1.1275431624779333,-7.429723802091023,-133.54085950572508,-7.429723802091022
1472,0.22856090245556054,-0.3155530750433831,-1.1309693862836694,-7.4492615665759025,-133.9466451883516,-7.449261566575903
1473,0.2285460813916638,-0.3151697988780068,-1.1333034135291256,-7.462571168402461,-134.2230762952398,-7.4625711684024605
1474,0.22851635323954744,-0.3144005669173938,-1.1379905425707222,-7.489299143140028,-134.7781976082488,-7.489299143140028
1475,0.22849327258471205,-0.3138033127895589,-1.1416299464403008,-7.5100525497184725,-135.2092313256312,-7.510052549718473
1476,0.22846175754017212,-0.31298745482062235,-1.1466035386969313,-7.538414057799525,-135.79827998193437,-7.538414057799525
1477,0.22843699199496617,-0.3123462968910328,-1.1505123167166926,-7.560703548709584,-136.261217094895,-7.560703548709583
1478,0.22841895409239973,-0.3118792902822452,-1.153359521905032,-7.576939506301372,-136.59842656118667,-7.576939506301373
1479,0.22840357331344005,-0.3114810184759073,-1.1557880278735861,-7.590787865414488,-136.88604727953043,-7.590787865414488
1480,0.22839601131806395,-0.3112852043647402,-1.1569820432112654,-7.5975966414261,-137.02746078791117,-7.597596641426101
1481,0.2283849020581952,-0.31099744739199275,-1.1587372332984376,-7.607605471115497,-137.23533716962038,-7.607605471115496
1482,0.22835558202741083,-0.31023747213777153,-1.1633758698975212,-7.63405692161681,-137.7847152679408,-7.634056921616809
1483,0.22832361797595624,-0.30940873059972496,-1.1684356489953158,-7.6629099031975025,-138.38397148456644,-7.662909903197503
1484,0.2282980722403763,-0.30874636296712915,-1.1724798694371166,-7.685971743578321,-138.8629497550229,-7.685971743578322
1485,0.22827974979259713,-0.3082712708004345,-1.175380732290553,-7.702513679670908,-139.20651418044568,-7.702513679670907
1486,0.22826880092847682,-0.3079873648794641,-1.1771142756956448,-7.712399070904341,-139.41182683189018,-7.712399070904341
1487,0.22826345645990667,-0.3078487723249547,-1.177960586694484,-7.717225091010968,-139.5120598889962,-7.717225091010968
1488,0.22825614422852059,-0.3076591014978527,-1.1791191111311086,-7.72383148302624,-139.64927002353792,-7.723831483026239
1489,0.2282531344937291,-0.30758102450690217,-1.1795960598641848,-7.726551244649109,-139.7057575673187,-7.72655124464911
1490,0.22823358875495886,-0.30707365359157823,-1.1826974130772085,-7.744236460821807,-140.07306711916578,-7.744236460821807
1491,0.22821502555629278,-0.3065916965808459,-1.1856439745327627,-7.761038989501476,-140.4220438700836,-7.761038989501477
1492,0.2281976319301748,-0.30614002220128056,-1.188405900507083,-7.776788649264101,-140.7491532711032,-7.776788649264101
1493,0.22818100627069957,-0.3057082064972306,-1.1910469026273212,-7.7918487505169445,-141.06194102489349,-7.7918487505169445
1494,0.22816225738468734,-0.30522111398491286,-1.1940267741057793,-7.808841226911469,-141.41486285679514,-7.808841226911469
1495,0.22814487571651845,-0.3047694610156838,-1.1967903279692476,-7.82460016958046,-141.74216505727753,-7.824600169580459
1496,0.2281264593451258,-0.30429080704683253,-1.1997197929649106,-7.841305207078636,-142.08911698464595,-7.841305207078638
1497,0.22811211567694314,-0.3039179651014606,-1.2020019108750564,-7.854318800113776,-142.3594001962833,-7.854318800113777
1498,0.22809091185457026,-0.3033665889911312,-1.2053781215427095,-7.873571368718758,-142.75926256025699,-7.873571368718758
1499,0.228072440064954,-0.30288618706937287,-1.208320157298027,-7.890348089958409,-143.10770330872313,-7.89034808995841
1500,0.22806071663121674,-0.30258128029158643,-1.2101875113868383,-7.900996525806645,-143.328863862323,-7.900996525806645
1501,0.2280563159111838,-0.3024668225969644,-1.2108885041742556,-7.904993880551315,-143.41188612032093,-7.904993880551315
1502,0.2280556657476476,-0.30244991067352517,-1.2109920924054964,-7.9055845840722,-143.42415461867637,-7.905584584072199
1503,0.22805877055836307,-0.30253068145004697,-1.2104973033028745,-7.902763089183123,-143.3655541462182,-7.902763089183123
1504,0.2280687944193635,-0.3027914562377474,-1.2088997960529229,-7.893653433135496,-143.17635297119946,-7.893653433135498
1505,0.22808581290675406,-0.3032342087782043,-1.206187433224426,-7.878186403208264,-142.85511359388565,-7.878186403208264
1506,0.22808516654775357,-0.3032173815691684,-1.206290589410695,-7.8787746430275964,-142.86733092288566,-7.878774643027597
1507,0.22806289463215187,-0.3026371072670501,-1.2098506062744625,-7.899075351618217,-143.28896242016475,-7.899075351618218
1508,0.22804372738659182,-0.30213765660208214,-1.212915166119309,-7.916550756581022,-143.65191434014994,-7.916550756581022
1509,0.2280259076265226,-0.3016732360513045,-1.2157652863846276,-7.932803337163807,-143.9894690543206,-7.932803337163807
1510,0.22800496513422147,-0.30112727096937886,-1.219116814132395,-7.951915153412002,-144.38640809043747,-7.951915153412003
1511,0.22798998208041163,-0.3007366447740836,-1.2215148942884533,-7.965590011787132,-144.67042531998624,-7.965590011787131
1512,0.22796535367593712,-0.3000942565631945,-1.2254603666103123,-7.9880887489907675,-145.1377083318926,-7.988088748990768
1513,0.2279473602107425,-0.29962491051124246,-1.2283431471773463,-8.004527572305815,-145.47913117715387,-8.004527572305815
1514,0.22793588765907133,-0.29932564554566055,-1.2301813426338326,-8.015009733408625,-145.69683832076268,-8.015009733408625
1515,0.22792999952551932,-0.2991720421124312,-1.2311248906182386,-8.020390239570728,-145.80858766483706,-8.020390239570728
1516,0.2279314875735489,-0.2992108612710466,-1.2308864308867709,-8.0190304422146,-145.78034562625496,-8.0190304422146
1517,0.22793143032479835,-0.2992093674299336,-1.230895609602902,-8.01908278310189,-145.78143270982045,-8.01908278310189
1518,0.22793705474753181,-0.29935613872994393,-1.2299937408938124,-8.013939949640461,-145.6746196612552,-8.013939949640463
1519,0.22793531299329095,-0.29931066849761434,-1.2302732561013676,-8.015533862532553,-145.7077241155271,-8.015533862532553
1520,0.22793856274786325,-0.299395513000795,-1.229751659634779,-8.012559500815934,-145.6459487061403,-8.012559500815936
1521,0.22794585977068896,-0.2995860425194923,-1.2285802295647532,-8.005879515468697,-145.50721008964393,-8.005879515468697
1522,0.22795340008078777,-0.2997829643178259,-1.2273692539334538,-7.998974024752751,-145.36378788460053,-7.998974024752752
1523,0.2279662876656657,-0.3001195561428881,-1.2252992438780714,-7.987169959625517,-145.1186257203657,-7.987169959625516
1524,0.22798166108686332,-0.30052112832277955,-1.2228292650902142,-7.973085105110461,-144.8260931581829,-7.973085105110462
1525,0.22797273500392054,-0.30028776636328747,-1.2242658574279457,-7.9812771568697185,-144.99623633489148,-7.981277156869718
1526,0.22796892975715827,-0.30018827545074017,-1.2248783744462262,-7.98476998568788,-145.06877994280381,-7.984769985687878
1527,0.22797240830828225,-0.30027922581241884,-1.2243184304466999,-7.981576950262361,-145.00246283365877,-7.981576950262362
1528,0.2279663103726398,-0.3001197145494044,-1.2253009310443121,-7.987179580554716,-145.118825540326,-7.9871795805547166
1529,0.2279649602461028,-0.30008439474933296,-1.2255184989080825,-7.988420243722926,-145.14459324527562,-7.988420243722927
1530,0.22796882112208308,-0.3001854034709929,-1.2248962495221212,-7.984871916864238,-145.0708969819365,-7.984871916864237
1531,0.22796955145147343,-0.3002045160385304,-1.224778475060117,-7.9842003175083756,-145.05694833375412,-7.9842003175083756
1532,0.22796893399071932,-0.300188353269094,-1.224878096639315,-7.984768401516409,-145.06874704067206,-7.984768401516408
1533,0.22796427080423706,-0.30006625012969,-1.225630934243839,-7.989061397142651,-145.15790955269105,-7.989061397142651
1534,0.22796661316067446,-0.3001275846664161,-1.2252527638061135,-7.986904910769796,-145.1131208412926,-7.986904910769796
1535,0.227974005577292,-0.30032116839801615,-1.2240591014878768,-7.9800981478230355,-144.9717491428588,-7.980098147823037
1536,0.2279780683320066,-0.3004275906902209,-1.223402693183676,-7.976355032492412,-144.89400725940217,-7.976355032492413
1537,0.22798238124169004,-0.30054058834378045,-1.2227055894111813,-7.97237985454119,-144.81144559786983,-7.972379854541189
1538,0.22797926185703435,-0.3004588274539395,-1.2232101928441355,-7.975257314856192,-144.8712084330221,-7.975257314856192
1539,0.22797681689425894,-0.30039473144819295,-1.223605848262812,-7.977513507920499,-144.91806798255993,-7.9775135079205
1540,0.22796113346204827,-0.29998335084942973,-1.2261466601795097,-7.992002282630928,-145.21898968426447,-7.992002282630929
1541,0.2279490273237285,-0.2996657681023108,-1.2281083661089007,-8.00318875222841,-145.4513248219568,-8.00318875222841
1542,0.22794144036200853,-0.29946672074724134,-1.2293379847740602,-8.010200553338974,-145.59695501942863,-8.010200553338974
1543,0.2279353352655014,-0.2993065240800268,-1.230327766693493,-8.015844704780832,-145.7141800912865,-8.015844704780834
1544,0.22793425243025747,-0.29927810866969934,-1.2305033448154312,-8.01684592483814,-145.73497473054667,-8.01684592483814
1545,0.22792973204878011,-0.2991594507436632,-1.231236747644973,-8.021028095229969,-145.82183548007728,-8.02102809522997
1546,0.22791813930459984,-0.2988550257927271,-1.2331190847175184,-8.031761970332637,-146.0447705471436,-8.031761970332635
1547,0.2279120974365488,-0.2986963576004385,-1.2341002259479428,-8.037356848943409,-146.16097225681423,-8.037356848943409
1548,0.22791333673460362,-0.2987289036163033,-1.233898972703341,-8.036209218573127,-146.13713677791037,-8.036209218573127
1549,0.22791335992016948,-0.29872951265314596,-1.2338952057363035,-8.036187737747888,-146.13669063621697,-8.03618773774789
1550,0.2279200376375501,-0.2989049264624155,-1.23281022542187,-8.030000725148582,-146.00819071837984,-8.030000725148582
1551,0.22793370750174513,-0.2992640176601239,-1.2305891279152243,-8.017335096035227,-145.74513447365777,-8.017335096035227
1552,0.22795208472961798,-0.29974680101516477,-1.227602736714699,-8.000305441452271,-145.3914404768248,-8.000305441452271
1553,0.22797672579727885,-0.3003941579075014,-1.223598220261524,-7.977470009859338,-144.91716455829894,-7.9774700098593385
1554,0.22800627145323393,-0.30117041557682983,-1.2187960222952159,-7.95008586387377,-144.3484150281008,-7.95008586387377
1555,0.22803868850104625,-0.3020222175606424,-1.2135258427363391,-7.920033090659718,-143.72423997967493,-7.920033090659719
1556,0.22807431051865176,-0.3029583389130911,-1.2077333288255678,-7.8870017479976955,-143.0382021302295,-7.887001747997696
1557,0.2281023659296409,-0.30369592668624124,-1.2031673803513574,-7.860964795656791,-142.49743286835493,-7.86096479565679
1558,0.2281264701328324,-0.3043298366145084,-1.1992420000043653,-7.83858063131682,-142.03252945457146,-7.8385806313168205
1559,0.22814478580643996,-0.30481169302800004,-1.1962570925700315,-7.821559437790715,-141.67901118796252,-7.8215594377907145
1560,0.22816969850636384,-0.3054671174989805,-1.1921969345047443,-7.798406714399391,-141.19814534103918,-7.798406714399391
1561,0.2281859922842705,-0.3058959803436961,-1.1895390730561441,-7.783250474188446,-140.88336084843212,-7.7832504741884465
1562,0.22820603181596752,-0.30642348536974123,-1.1862695630443967,-7.764606357454583,-140.49613560361593,-7.764606357454584
1563,0.2281917177002386,-0.30604625669520175,-1.1886103341281449,-7.777954415474238,-140.77336541869718,-7.77795441547424
1564,0.22817939055350428,-0.30572134301014625,-1.1906267826007402,-7.789453050002289,-141.01218400333352,-7.789453050002289
1565,0.2281741987131494,-0.3055844973753994,-1.1914760691167627,-7.794296037755294,-141.1127694665694,-7.794296037755296
1566,0.2281727871963754,-0.305547289148306,-1.1917070123897988,-7.79561297311439,-141.1401212914969,-7.79561297311439
1567,0.22817010708882332,-0.3054766234552237,-1.1921457226757606,-7.798114683081457,-141.19208005512647,-7.798114683081458
1568,0.22817319726162205,-0.30555810479600154,-1.1916398441439353,-7.795229951618145,-141.13216620331704,-7.795229951618145
1569,0.22818121344915906,-0.3057694886338615,-1.1903273777224743,-7.787745717869641,-140.97672391088264,-7.78774571786964
1570,0.22819554553135132,-0.3061474296852418,-1.187980711663052,-7.774364044227393,-140.6987959228671,-7.774364044227394
1571,0.22821526230563727,-0.3066673923273431,-1.184752063357719,-7.7559529380735865,-140.31641014458052,-7.755952938073587
1572,0.2281968990884546,-0.3061825154450086,-1.1877666187421632,-7.773143196640261,-140.67343977365616,-7.7731431966402615
1573,0.2281814488013122,-0.30577450320298283,-1.1903036077972446,-7.787610171791131,-140.9739087137787,-7.7876101717911315
1574,0.22815234469154952,-0.3050054826645353,-1.1950880229348992,-7.814892912632784,-141.54055213016954,-7.814892912632784
1575,0.2281161178583465,-0.3040478834497564,-1.2010479848566584,-7.8488791140511625,-142.24642172712936,-7.8488791140511625
1576,0.22808655412136017,-0.3032663917506586,-1.2059120080158698,-7.876615813205077,-142.82249353967921,-7.876615813205078
1577,0.22805338098349495,-0.30238922710284355,-1.2113731208215153,-7.9077573678354085,-143.46928181545653,-7.907757367835408
1578,0.22800266538737188,-0.301047318295612,-1.2197331586873679,-7.955429808448967,-144.45940501362566,-7.955429808448969
1579,0.22795550894695382,-0.2997994447418708,-1.22750821667755,-7.999766448575673,-145.38024597232916,-7.999766448575674
1580,0.22791565322132207,-0.2987447529530881,-1.2340797069404064,-8.037239840960442,-146.1585420829692,-8.037239840960442
1581,0.22788278343409907,-0.2978749125434855,-1.239499537131229,-8.068145984814517,-146.8004410418232,-8.06814598481452
1582,0.22785142405450948,-0.2970449079519601,-1.2446719898433718,-8.097641478579357,-147.4130417864495,-8.097641478579357
1583,0.2278249178871965,-0.2963433050439941,-1.2490445786939577,-8.122575813285962,-147.93091045241624,-8.122575813285962
1584,0.22780561615800532,-0.2958323956404396,-1.2522287349566417,-8.140733207160592,-148.30802680438356,-8.140733207160592
1585,0.2277919706028768,-0.29547118590066945,-1.254480019419351,-8.153570974952423,-148.57465824887868,-8.153570974952425
1586,0.22777449900653834,-0.2950085560939216,-1.2573642935464,-8.170018315172808,-148.91625798429794,-8.17001831517281
1587,0.22775755435661682,-0.2945597954396249,-1.2601626199486302,-8.185975545435195,-149.24767847919955,-8.185975545435193
1588,0.22774483381822674,-0.2942228769994483,-1.2622637129603114,-8.19795685860987,-149.4965219612218,-8.19795685860987
1589,0.2277389020869433,-0.29406576600966033,-1.2632435025827398,-8.20354402978523,-149.61256359285773,-8.20354402978523
1590,0.22773320944243647,-0.2939149583461694,-1.2641841642366891,-8.208908076881059,-149.7239710936548,-8.20890807688106
1591,0.22772099592460462,-0.2935912785719612,-1.2662038791293622,-8.220425337905745,-149.96317653757885,-8.220425337905745
1592,0.2277093430379468,-0.29328239935861095,-1.2681315952820367,-8.231417983547166,-150.1914860874727,-8.231417983547166
1593,0.22769160088022092,-0.2928119409398785,-1.2710688009886342,-8.248167161824158,-150.53935478789757,-8.248167161824158
1594,0.2276786766042792,-0.2924692121349082,-1.2732086992630673,-8.260369758875022,-150.7927941810243,-8.260369758875024
1595,0.22766793351236214,-0.29218428458579515,-1.274987950904764,-8.270515797635426,-151.00352029902672,-8.270515797635424
1596,0.22765609849863414,-0.2918703248952597,-1.2769489446857296,-8.281698206264037,-151.23577109324026,-8.281698206264037
1597,0.22762814546572385,-0.29112831091507857,-1.2815865182726593,-8.308143595024411,-151.7850232934475,-8.308143595024411
1598,0.22759911654889584,-0.29035756099653537,-1.2864047883274201,-8.335619390796092,-152.35567632550476,-8.335619390796092
1599,0.22757117726282006,-0.28961561543159414,-1.2910437773399694,-8.362072850906724,-152.9050961620031,-8.362072850906726
1600,0.22754086485088124,-0.2888104375263072,-1.296079445446816,-8.390788341509202,-153.5014967873202,-8.390788341509202
1601,0.2275160929826679,-0.2881523983591553,-1.3001950960306192,-8.414257506504727,-153.9889349047032,-8.414257506504725
1602,0.22747530046101883,-0.2870681039406266,-1.3069809744027803,-8.452953429764722,-154.79262212526885,-8.45295342976472
1603,0.227437468869791,-0.2860623915658978,-1.3132758167021519,-8.488849259485095,-155.53815336441335,-8.488849259485095
1604,0.22740097911501353,-0.28509219163200544,-1.319349372140005,-8.523483218753015,-156.25747643816968,-8.523483218753015
1605,0.22736867652794124,-0.2842332465909794,-1.324726925053102,-8.554148279845982,-156.894368276948,-8.554148279845982
1606,0.22734221785361255,-0.2835296658431206,-1.3291319762037326,-8.579267728196319,-157.41608162362746,-8.579267728196319
1607,0.22732201162257998,-0.2829923330523899,-1.3324962586191205,-8.59845227690631,-157.8145312620285,-8.59845227690631
1608,0.2273088700387447,-0.2826428651961113,-1.3346843115551157,-8.610929472024841,-158.07367386467146,-8.610929472024841
1609,0.22730232321138796,-0.2824687660848296,-1.3357743786929408,-8.61714549182363,-158.20277624172303,-8.61714549182363
1610,0.22730167584744734,-0.2824515502572824,-1.3358821736020248,-8.617760183585105,-158.21554295903235,-8.617760183585105
1611,0.22729435646952498,-0.282256825357799,-1.3371018897721592,-8.624715516517702,-158.3600003520024,-8.624715516517702
1612,0.2272846477218537,-0.2819984651062032,-1.338720631245348,-8.633946259008056,-158.5517164076185,-8.633946259008056
1613,0.22727896115773516,-0.28184712665296535,-1.339668913750508,-8.63935376339231,-158.66402648585537,-8.639353763392311
1614,0.2272766641817925,-0.2817859902277858,-1.3400520316788052,-8.641538462430496,-158.70940115455045,-8.641538462430496
1615,0.2272389073376988,-0.2807798680838876,-1.3463643895371902,-8.677534173211253,-159.45700685335487,-8.677534173211253
1616,0.2271963376667613,-0.2796451252508057,-1.353486023824499,-8.718144717455312,-160.30045941061454,-8.718144717455312
1617,0.22715906670116104,-0.2786515698075155,-1.3597219145142707,-8.753704380384,-161.03900870097232,-8.753704380384
1618,0.22712882165023407,-0.2778453025189186,-1.3647823590091075,-8.782561156337577,-161.63834372406484,-8.782561156337577
1619,0.2270910490664193,-0.2768379628140596,-1.3711073383715142,-8.818628840225461,-162.38744425388896,-8.818628840225463
1620,0.22705924145445422,-0.2759896695870666,-1.3764338728949286,-8.849002973072485,-163.0182937167871,-8.849002973072485
1621,0.22702429505110105,-0.2750574026731878,-1.3822893348620622,-8.882393271941025,-163.71178683520188,-8.882393271941027
1622,0.2269961994152386,-0.2743078860452699,-1.3869970129604954,-8.909238426015268,-164.2693418809524,-8.90923842601527
1623,0.22697062237008667,-0.2736254713390981,-1.3912837727307383,-8.933683327324417,-164.77704535809002,-8.933683327324417
1624,0.22693366131588766,-0.2726388215070121,-1.3974847942913484,-8.969044151860759,-165.5114649143202,-8.969044151860759
1625,0.22690377876849654,-0.2718411240850771,-1.4024982853836132,-8.997633179829021,-166.10523899930865,-8.997633179829021
1626,0.22687912416249892,-0.2711829486312186,-1.40663510565188,-9.02122306324013,-166.59518435362307,-9.02122306324013
1627,0.22685898111658948,-0.2706451745932357,-1.4100154091889254,-9.0404989711022,-166.99553145761797,-9.040498971102203
1628,0.22683319476226263,-0.26995649375354974,-1.4143457926659053,-9.065192633075132,-167.50840151949163,-9.065192633075133
1629,0.2268131688101352,-0.2694216374380684,-1.417709059265698,-9.084371389178749,-167.90673084951584,-9.084371389178749
1630,0.22679230145594673,-0.26886418630865294,-1.4212151720202721,-9.104364713941022,-168.32197819999496,-9.10436471394102
1631,0.22677812007266773,-0.2684853410752425,-1.4235979561832421,-9.11795234815116,-168.6041838447353,-9.11795234815116
1632,0.22674486724253745,-0.26759637108385326,-1.4291932569442054,-9.149859098757107,-169.26686470492515,-9.149859098757107
1633,0.22669948076153362,-0.2663823861910647,-1.4368382413404672,-9.193454004721712,-170.1723003646484,-9.193454004721712
1634,0.2266611278531552,-0.26535652709921836,-1.4432985557686122,-9.230293425889723,-170.9374293371977,-9.230293425889723
1635,0.2266285506445538,-0.2644851224335679,-1.4487864070557297,-9.261587454550737,-171.58738439178802,-9.261587454550737
1636,0.2266014734299371,-0.263760804613772,-1.453348148697224,-9.287600417767903,-172.1276554163663,-9.287600417767903
1637,0.22657994459613182,-0.2631848827433641,-1.4569754436181623,-9.30828477404488,-172.55725500735522,-9.30828477404488
1638,0.22656304812718078,-0.2627328525885439,-1.4598226236574923,-9.324520588226472,-172.89446149511758,-9.324520588226472
1639,0.22653925780584147,-0.2620961441831633,-1.4638345779014585,-9.347398433220574,-173.36961831027622,-9.347398433220576
1640,0.22652193914050434,-0.26163263255832203,-1.4667552440752314,-9.364053296147684,-173.7155281469496,-9.364053296147684
1641,0.2265099349248924,-0.26131134101457815,-1.4687798465966286,-9.375598428480352,-173.95531245841727,-9.375598428480352
1642,0.2265037905390761,-0.26114688271646547,-1.4698162003119963,-9.3815081518265,-174.0780532727006,-9.381508151826498
1643,0.22650254059445302,-0.26111342539013477,-1.470027046845012,-9.382710487149025,-174.10302493514308,-9.382710487149025
1644,0.22647898379491072,-0.26048235573501155,-1.47400730314461,-9.405407577175898,-174.57442759624678,-9.405407577175898
1645,0.2264579326660899,-0.25991834103670813,-1.477565073223686,-9.425695473658308,-174.99579299501292,-9.425695473658308
1646,0.2264429282780511,-0.2595163248370957,-1.480101026138812,-9.44015654030478,-175.29613921963792,-9.440156540304782
1647,0.22642491296905384,-0.25903350124557456,-1.4831475664352631,-9.457529190248463,-175.65695698985334,-9.457529190248465
1648,0.22640593209504437,-0.25852468704757964,-1.486358810907993,-9.475841052452719,-176.0372815408257,-9.475841052452719
1649,0.22639114025883106,-0.25812813718385264,-1.4888617165025957,-9.49011366942344,-176.33371379768968,-9.490113669423438
1650,0.22637475781731278,-0.25768884015835913,-1.4916350893533472,-9.505928604074244,-176.66217891241337,-9.505928604074244
1651,0.22636476792887048,-0.2574209571722271,-1.4933263087766893,-9.515572646220642,-176.86247891237926,-9.515572646220642
1652,0.22636060460400656,-0.257309313060252,-1.4940311667521322,-9.519592041887801,-176.94595894489814,-9.519592041887801
1653,0.2263560256419278,-0.2571864979396381,-1.4948067106721863,-9.52401451844416,-177.0378106851374,-9.524014518444158
1654,0.22635426758903385,-0.2571393388885067,-1.4951045401444751,-9.525712866951485,-177.0730841939831,-9.525712866951483
1655,0.2263562293404253,-0.2571919665058838,-1.494772146482995,-9.523817418947361,-177.03371706665226,-9.52381741894736
1656,0.2263614281663221,-0.25733144827013793,-1.4938911003768793,-9.51879332469736,-176.92937014833447,-9.518793324697361
1657,0.22637009477962075,-0.25756398989362167,-1.4924221037257779,-9.510416489958706,-176.7553891585797,-9.510416489958704
1658,0.22638474058676838,-0.25795697009287333,-1.489939560518943,-9.496259987859371,-176.46136852625884,-9.496259987859373
1659,0.2264009780648652,-0.2583927214229987,-1.4871864268408248,-9.480560465455607,-176.13530044306273,-9.480560465455607
1660,0.22641743529737704,-0.25883445213190365,-1.4843949993149506,-9.464642575478356,-175.80469701832644,-9.464642575478356
1661,0.22642366348302864,-0.2590017069797037,-1.4833375425313067,-9.45861251359005,-175.67945685681667,-9.458612513590051
1662,0.2264163833412936,-0.2588060872232766,-1.484575058713366,-9.465669349652782,-175.82602239869914,-9.465669349652782
1663,0.22640499184149263,-0.258499898615145,-1.4865126477743924,-9.476718294756555,-176.05550124898966,-9.476718294756553
1664,0.22639039733614158,-0.258107505758686,-1.4889964477875184,-9.490881963692235,-176.34967073148135,-9.490881963692237
1665,0.22638143661935956,-0.25786657774493515,-1.4905215382208028,-9.499578668692584,-176.5302952025102,-9.499578668692585
1666,0.22637821293251065,-0.25777989989306493,-1.4910702283128299,-9.50270752961967,-176.59527945227543,-9.502707529619668
1667,0.22637994034469536,-0.25782634834990764,-1.49077618576747,-9.50103077575725,-176.56045444907792,-9.50103077575725
1668,0.22638369363182625,-0.25792728392556524,-1.4901371281946425,-9.497386601570708,-176.484767503878,-9.497386601570707
1669,0.2263921701655664,-0.2581552513509462,-1.4886937158498958,-9.489155659272361,-176.31381659791444,-9.489155659272363
1670,0.22640512797072512,-0.2585037575755915,-1.4864869684941826,-9.476571860735508,-176.05245991694596,-9.476571860735508
1671,0.22641859178408094,-0.2588659367988974,-1.4841932425340925,-9.463492073733248,-175.78080190297877,-9.463492073733248
1672,0.2264259351673981,-0.2590635493385848,-1.4829412711051375,-9.456352807792777,-175.63252435027573,-9.456352807792776
1673,0.22642543930614425,-0.2590501999111333,-1.4830258818794877,-9.456835293898724,-175.6425452487266,-9.456835293898724
1674,0.22642822576094818,-0.25912522303587454,-1.4825503292070572,-9.454123493198916,-175.58622304774138,-9.454123493198914
1675,0.2264264877994721,-0.259078414574299,-1.4828471320901322,-9.455815987664174,-175.621374972234,-9.455815987664174
1676,0.2264304377844431,-0.2591848017323821,-1.4821725381382915,-9.451969170146906,-175.5414792670016,-9.451969170146906
1677,0.22643937874200687,-0.2594256234354943,-1.4806454412854768,-9.443261023701265,-175.36061716516843,-9.443261023701263
1678,0.2264515806697358,-0.25975430849687886,-1.4785609954042533,-9.431374639443282,-175.11374529025056,-9.43137463944328
1679,0.22646879853421414,-0.26021812602988564,-1.475619459967551,-9.414600771230118,-174.7653637971461,-9.414600771230116
1680,0.22648975693963697,-0.2607827493792039,-1.4720383447843677,-9.394179751177331,-174.34123351507307,-9.394179751177331
1681,0.22651535931529884,-0.2614725141436891,-1.4676633202891234,-9.36923152740381,-173.82307638291542,-9.369231527403809
1682,0.22654337135063987,-0.26222728516903426,-1.4628754295370079,-9.341928967151452,-173.25602133124727,-9.341928967151452
1683,0.22656726784948492,-0.26287136932496025,-1.4587883920317826,-9.31862296592518,-172.77197201105938,-9.31862296592518
1684,0.226596053647549,-0.2636472641249826,-1.453864766877754,-9.290546391210416,-172.1888412211852,-9.290546391210416
1685,0.22660443745089195,-0.263873426234332,-1.4524284371793992,-9.28235583713099,-172.01872915023765,-9.282355837130991
1686,0.22660901570925876,-0.263996967216605,-1.451643605418366,-9.277880397411714,-171.92577740220392,-9.277880397411714
1687,0.22661589681876143,-0.26418267126400186,-1.450463722984682,-9.27115221314349,-171.78603772788088,-9.271152213143491
1688,0.2266271281147907,-0.264485793478981,-1.448537706595159,-9.260169260264137,-171.5579294898656,-9.260169260264135
1689,0.22664407700169334,-0.2649432347360886,-1.4456311166534614,-9.24359466591337,-171.2136867752967,-9.24359466591337
1690,0.2266655056729796,-0.26552161228503934,-1.4419559099705177,-9.222637096683828,-170.77841274266197,-9.22263709668383
1691,0.22668951020258862,-0.26616958480830344,-1.4378380282811603,-9.199155208989108,-170.2907103837286,-9.199155208989108
1692,0.22671505913766857,-0.26685934343640305,-1.433453983200023,-9.174155546053209,-169.7714848962002,-9.174155546053209
1693,0.22673992322881795,-0.26753075370614327,-1.4291856690856117,-9.149815829606416,-169.2659660349743,-9.149815829606416
1694,0.2267667709260433,-0.26825581922356373,-1.4245756773684068,-9.12352772423011,-168.71998050048097,-9.12352772423011
1695,0.22675990906904733,-0.268070278629481,-1.4257567750900029,-9.130262838579482,-168.85986410773515,-9.130262838579482
1696,0.2267493836036262,-0.2677855917968454,-1.4275695434356874,-9.140600003636925,-169.07455978504782,-9.140600003636925
1697,0.22672428807882633,-0.26710640656262064,-1.4318969479467245,-9.165276678297205,-169.58707703233694,-9.165276678297204
1698,0.22670403649856927,-0.2665582911278063,-1.4353894150763802,-9.18519218998566,-170.00070825977906,-9.18519218998566
1699,0.22668789077649854,-0.26612127193191565,-1.438174192960908,-9.201072160920285,-170.33052413256135,-9.201072160920285
1700,0.2266546922804859,-0.2652220712438062,-1.4439079612555936,-9.233768511451999,-171.00960443011402,-9.233768511451999
1701,0.2266066470776819,-0.2639199501003784,-1.4522159616892838,-9.28114421281219,-171.99356456184924,-9.28114421281219
1702,0.2265627627567601,-0.2627305108567442,-1.4598055587844136,-9.324423277166227,-172.8924404125603,-9.324423277166227
1703,0.22652464639136122,-0.2616973790328138,-1.4663979581469322,-9.362015902002799,-173.67321289770493,-9.362015902002799
1704,0.22649108125155584,-0.2607875529585305,-1.4722038863411273,-9.395123738532453,-174.36083947119897,-9.395123738532453
1705,0.22646360865035547,-0.2600428628400215,-1.4769560865517053,-9.422222776354744,-174.9236675045571,-9.422222776354744
1706,0.22643895987645402,-0.2593746461568119,-1.481220726486586,-9.446541541089559,-175.42875121340143,-9.446541541089559
1707,0.22640881061771376,-0.2585570308660773,-1.4864406430833839,-9.476307693822552,-176.04697335520632,-9.476307693822552
1708,0.22637812751243325,-0.2577247692726256,-1.4917551390445516,-9.50661317774083,-176.67639702794128,-9.506613177740828
1709,0.22634441163389887,-0.2568099943945201,-1.4975981267905834,-9.539932343371191,-177.36841275882622,-9.539932343371191
1710,0.22631504806226574,-0.25601325576609624,-1.5026874930708134,-9.568954043469697,-177.97117314088362,-9.568954043469699
1711,0.2262877011677876,-0.2552711409065469,-1.5074285455004506,-9.59598951197168,-178.53268088398772,-9.595989511971682
1712,0.22625295519992597,-0.25432785960504506,-1.5134571605968081,-9.630367202572465,-179.24668143703752,-9.630367202572465
1713,0.22622276723690102,-0.25350827241381546,-1.5186955272599771,-9.66023856531856,-179.86708871711753,-9.660238565318561
1714,0.22619675506342912,-0.2528020088226947,-1.5232098874554838,-9.685981339667412,-180.40174810816163,-9.685981339667414
1715,0.22616859178863907,-0.25203714944592515,-1.5280999974719367,-9.713866797017474,-180.98090952424397,-9.713866797017475
1716,0.22614603741625333,-0.2514246023146584,-1.5320163953513368,-9.736199739561597,-181.4447490972073,-9.736199739561597
1717,0.22611850838188244,-0.2506767019955801,-1.5367997674614893,-9.763476532623171,-182.0112689823722,-9.763476532623173
1718,0.22609569900824647,-0.25005699347255955,-1.540763452749006,-9.786079127792243,-182.48070905147068,-9.786079127792245
1719,0.22607682067091628,-0.24954405091591292,-1.5440444897731778,-9.804788976383316,-182.86929950091752,-9.804788976383316
1720,0.22605993576687508,-0.24908521336778772,-1.546979816142835,-9.821527437893216,-183.21694562159675,-9.821527437893218
1721,0.22604679836281674,-0.24872818520407597,-1.5492640065374395,-9.83455284910357,-183.48747428845493,-9.83455284910357
1722,0.22603976592990274,-0.24853706793139912,-1.5504867382560847,-9.841525377957959,-183.63228882867526,-9.841525377957959
1723,0.22602297552230483,-0.24808054479664693,-1.5534088717677303,-9.858188608260757,-183.97837244988054,-9.858188608260756
1724,0.22600616919842262,-0.2476235037540438,-1.5563348623540636,-9.874873833220391,-184.3249128847016,-9.874873833220391
1725,0.22598731805981004,-0.2471107285462591,-1.5596184687296692,-9.893598333330463,-184.71380763593507,-9.893598333330463
1726,0.2259688784252612,-0.24660905973543268,-1.562831508500163,-9.911920433075192,-185.09434481345195,-9.911920433075194
1727,0.22594673010038402,-0.2460063144580536,-1.566693045707129,-9.933940537066356,-185.55168694880606,-9.933940537066357
1728,0.22591982611168623,-0.2452739103584059,-1.5713867695329213,-9.960706118028076,-186.10758931674852,-9.960706118028078
1729,0.22588215713433088,-0.24424794191587162,-1.5779650989292813,-9.998218510019191,-186.88669542189407,-9.998218510019191
1730,0.22584220080954512,-0.24315940076431575,-1.5849463778562312,-10.038028689158583,-187.71352495656595,-10.038028689158585
1731,0.22580791767567607,-0.24222539510542113,-1.5909366874228987,-10.072187945570597,-188.4229887845228,-10.0721879455706
1732,0.22577711660958355,-0.2413861837037799,-1.5963194789560502,-10.102882879471254,-189.06050106059163,-10.102882879471254
1733,0.22575084664659878,-0.24067038976228555,-1.6009108987641059,-10.129065080035861,-189.60428702632967,-10.129065080035861
1734,0.22572569013298968,-0.23998483023020223,-1.6053090478556022,-10.154145169951525,-190.1251829258906,-10.154145169951525
1735,0.2257053990487741,-0.23943183948758034,-1.608856858400249,-10.174376272993374,-190.54536876467873,-10.174376272993374
1736,0.22568427832598845,-0.2388561181721734,-1.6125512699891411,-10.195443356647733,-190.98291733520472,-10.195443356647733
1737,0.2256676908572974,-0.2384039445376122,-1.6154530178269049,-10.211990339291956,-191.32658657397008,-10.211990339291956
1738,0.22565650923497896,-0.23809912728731158,-1.6174091739923078,-10.223145161808603,-191.55826442396142,-10.223145161808603
1739,0.22564993923953422,-0.2379200175802454,-1.618558656399803,-10.229699992383171,-191.69440366349727,-10.229699992383171
1740,0.2256326811568425,-0.2374492933026272,-1.6215811720192577,-10.246935643546973,-192.05237606501885,-10.246935643546973
1741,0.22561781619488464,-0.2370437971956425,-1.6241851493775423,-10.261784614085604,-192.3607787817668,-10.261784614085602
1742,0.22558612305695308,-0.2361786605831278,-1.629744577156959,-10.293486801912069,-193.01921101631805,-10.293486801912069
1743,0.22555594692646247,-0.23535481895171334,-1.6350393767534286,-10.323679968901708,-193.64630194512048,-10.323679968901708
1744,0.225530774069453,-0.23466754695359032,-1.6394566097473762,-10.34886888322952,-194.1694580514929,-10.34886888322952
1745,0.2255090259485546,-0.23407372859943343,-1.6432735100008928,-10.37063444859937,-194.62151359798042,-10.370634448599372
1746,0.2254884756682029,-0.2335125334122835,-1.646881248719361,-10.391207287211493,-195.0487970451857,-10.391207287211492
1747,0.22546977044816313,-0.2330016582269528,-1.650165916368167,-10.409937839146261,-195.437817488579,-10.409937839146263
1748,0.22545591702036877,-0.23262328053318387,-1.6525987832825466,-10.423811066200674,-195.7259546966441,-10.423811066200676
1749,0.22543074557101242,-0.23193541530532052,-1.6570238697056763,-10.449044764074005,-196.25004092588713,-10.449044764074003
1750,0.22540622620287656,-0.23126525967035938,-1.6613357325645683,-10.473632813718368,-196.76071749367532,-10.473632813718368
1751,0.2253868819956731,-0.23073653468053512,-1.6647377108367507,-10.493032320006693,-197.16363165040582,-10.493032320006693
1752,0.2253657850585523,-0.23015976732802862,-1.66844967821177,-10.514199514113297,-197.6032594449001,-10.514199514113297
1753,0.22534806287423012,-0.22967522243890126,-1.6715683725028294,-10.531983616382698,-197.9726227917084,-10.531983616382698
1754,0.22533310517072408,-0.2292662209617824,-1.6742011042474283,-10.546996556486532,-198.28443104146896,-10.54699655648653
1755,0.22531924493606087,-0.22888717186010876,-1.676641396114592,-10.560912123734415,-198.5734476256942,-10.560912123734413
1756,0.22530864101240639,-0.2285971519895979,-1.6785086790345853,-10.571560153748212,-198.79459975039714,-10.571560153748212
1757,0.2252738152329574,-0.2276437936357416,-1.68465238612344,-10.606594147139182,-199.52223125267508,-10.60659414713918
1758,0.2252440848407655,-0.22682989531170522,-1.6898975442420892,-10.636504237611545,-200.14344288050185,-10.636504237611545
1759,0.22521342130978478,-0.22599027485007994,-1.6953096000605556,-10.667366048735268,-200.78442107960038,-10.667366048735268
1760,0.22516995079670038,-0.22479931307978956,-1.7029906028746664,-10.71116634681812,-201.6941225897475,-10.71116634681812
1761,0.22513080363242094,-0.22372673701705786,-1.7099084793482608,-10.75061497858885,-202.5134430388273,-10.75061497858885
1762,0.2250899021909016,-0.22260583424080777,-1.7171397334029284,-10.791850620701284,-203.3698784409474,-10.791850620701284
1763,0.22504823858246972,-0.22146381048129032,-1.7245087451274659,-10.833871814798211,-204.24262920752548,-10.833871814798211
1764,0.2250110135420294,-0.2204433967165652,-1.7310934021846747,-10.87142028976417,-205.0224847307834,-10.87142028976417
1765,0.22497941064603721,-0.219577083110452,-1.7366837531216737,-10.903298814398802,-205.68457935732064,-10.903298814398802
1766,0.22494928942308542,-0.21875127180343207,-1.7420134731846453,-10.933691112527825,-206.3158061004016,-10.933691112527827
1767,0.22492281672299458,-0.2180254363050234,-1.746698297860866,-10.960405946807981,-206.87065449531474,-10.960405946807981
1768,0.22488968045320576,-0.21711655171580307,-1.752566811506492,-10.99387067181882,-207.5656933925714,-10.993870671818822
1769,0.2248612432246063,-0.21633652291233307,-1.757603535655682,-11.022592184417455,-208.16221909053044,-11.022592184417457
1770,0.22482930962125877,-0.21546033865424163,-1.7632627537852756,-11.054863418654827,-208.83247002043316,-11.054863418654827
1771,0.22479999753020183,-0.21465599937705104,-1.7684584646018287,-11.084491539881297,-209.44782534453523,-11.084491539881297
1772,0.22477536652300673,-0.21398008376442407,-1.7728247880639374,-11.109390146716224,-209.96495196763374,-11.109390146716224
1773,0.2247474572223412,-0.21321399200805263,-1.7777750145816265,-11.137618413558426,-210.55123329673822,-11.137618413558426
1774,0.22472269342721876,-0.2125341833519911,-1.782168087565824,-11.162669557382262,-211.07152800624792,-11.162669557382262
1775,0.2246978573585591,-0.21185226567791204,-1.7865755928572151,-11.187803000272043,-211.59353200970878,-11.18780300027204
1776,0.22467574558517991,-0.21124508841223089,-1.7905004060768546,-11.210183930614095,-212.05836825562088,-11.210183930614095
1777,0.22465913063522466,-0.21078884483215682,-1.7934496183161783,-11.227001575174084,-212.4076589527846,-11.227001575174084
1778,0.22464335946764064,-0.21035570431574402,-1.796249920728546,-11.242970073474659,-212.73931347694642,-11.242970073474657
1779,0.22463158634357366,-0.2100323477969651,-1.7983405765595224,-11.254891869469471,-212.98692082883323,-11.254891869469471
1780,0.22462119362567146,-0.20974686573630497,-1.8001866084546174,-11.265418717230427,-213.2055560830298,-11.265418717230427
1781,0.22461536602233295,-0.20958677867833064,-1.8012218294361448,-11.271321981253353,-213.3281627416944,-11.271321981253351
1782,0.22461342533833648,-0.2095334640607881,-1.8015666143338311,-11.273288089280989,-213.368997428218,-11.273288089280989
1783,0.2246122618640955,-0.2095014960403489,-1.8017733830380627,-11.274467171114276,-213.3934861319775,-11.274467171114276
1784,0.2245943248782608,-0.2090083072674398,-1.8049655478432776,-11.292670233055764,-213.77155097770412,-11.292670233055764
1785,0.22458202673022082,-0.20867015982671705,-1.8071542208674818,-11.305150964177217,-214.0307670206509,-11.305150964177217
1786,0.2245739104252237,-0.20844698441971976,-1.8085988041514909,-11.313388583662121,-214.20185660710206,-11.31338858366212
1787,0.22456956075004092,-0.20832737330248896,-1.8093730776459607,-11.317803815719206,-214.29355788416603,-11.317803815719206
1788,0.22456585658378933,-0.20822549673339524,-1.8100326552403074,-11.321565003670873,-214.37167512330234,-11.321565003670873
1789,0.22456622087536657,-0.2082355164394486,-1.8099677815723305,-11.321195066819673,-214.36399179403458,-11.321195066819673
1790,0.2245653424041879,-0.20821134912934647,-1.810124289452443,-11.322087540363444,-214.38252784438293,-11.322087540363446
1791,0.2245652039984143,-0.2082075409043786,-1.8101489553945518,-11.322228195905828,-214.38544916147248,-11.32222819590583
1792,0.22457034122910702,-0.20834889294301667,-1.8092334059954218,-11.317007349414562,-214.27701583692365,-11.31700734941456
1793,0.224580064513224,-0.2086164395735361,-1.8075004297148356,-11.30712519216281,-214.07177035301336,-11.307125192162808
1794,0.22458333126008778,-0.20870636236710371,-1.8069177501438942,-11.303802508977856,-214.0027605507199,-11.303802508977855
1795,0.22458852315687092,-0.2088492949141057,-1.8059914715493357,-11.29852048011635,-213.89305651119804,-11.298520480116352
1796,0.22459368354747725,-0.20899138560362607,-1.8050704842363017,-11.293268624360316,-213.78397914594123,-11.293268624360316
1797,0.22460190130910176,-0.20921767867736318,-1.8036036069921433,-11.284903875368549,-213.61024916868357,-11.284903875368547
1798,0.22461202200764344,-0.20949640555583443,-1.8017966337573712,-11.27459975646296,-213.3962398367969,-11.27459975646296
1799,0.22462408717670335,-0.2098287218701556,-1.7996419966110666,-11.262313112185842,-213.14105484165387,-11.262313112185842
1800,0.22463715441871568,-0.21018869102010918,-1.7973077297241629,-11.249002143823287,-212.86459535277024,-11.249002143823287
1801,0.22464923110006824,-0.21052144268980227,-1.795149507052967,-11.23669505338011,-212.60898570508027,-11.236695053380112
1802,0.22465778889483976,-0.21075730656006142,-1.7936192526500323,-11.227968901259974,-212.42774963800036,-11.227968901259974
1803,0.2246705680894767,-0.21110953183747827,-1.791333968953617,-11.214937255584362,-212.15709148566583,-11.214937255584362
1804,0.22468422014196657,-0.21148587123749601,-1.7888918678916583,-11.201011371549306,-211.86786062899768,-11.201011371549304
1805,0.22469641581940714,-0.21182213915292641,-1.7867093058719994,-11.188565487937629,-211.60936834441915,-11.188565487937629
1806,0.2247081156256235,-0.21214479700380556,-1.7846146774389926,-11.176621038500642,-211.36129049640655,-11.176621038500642
1807,0.22472235118500855,-0.21253742295770417,-1.7820655917642487,-11.1620850833533,-211.0593888900761,-11.1620850833533
1808,0.22473875843932073,-0.21298999346261882,-1.7791270133288741,-11.145328077201345,-210.71135761017146,-11.145328077201343
1809,0.22475547773463322,-0.21345124804543003,-1.7761315519969254,-11.128246700926622,-210.35658939003034,-11.128246700926624
1810,0.22477247738069206,-0.21392031560233515,-1.773084844209923,-11.110873095881603,-209.99575178302914,-11.110873095881603
1811,0.22479217771718565,-0.21446395014040764,-1.7695534994931568,-11.090735887893144,-209.57751607872882,-11.090735887893146
1812,0.22480638230569405,-0.21485606900012466,-1.7670054632170258,-11.076205916856624,-209.27573875818837,-11.076205916856626
1813,0.22481540642157286,-0.21510526679318953,-1.7653855875775106,-11.066968706874412,-209.08388837729666,-11.066968706874412
1814,0.2248279286785205,-0.21545108596920176,-1.7631374994368372,-11.054149165850792,-208.81763549000993,-11.054149165850793
1815,0.22484242981634786,-0.21585159919254954,-1.7605335702598912,-11.039300470062354,-208.509238479631,-11.039300470062354
1816,0.22486031211666846,-0.21634552999143986,-1.7573220830099159,-11.02098722344047,-208.1288851752742,-11.02098722344047
1817,0.2248825135541022,-0.2169587802425732,-1.7533346658924733,-10.99824929942828,-207.65663442089874,-10.998249299428283
1818,0.224905713874677,-0.21759971304237974,-1.749166663571058,-10.974481602877953,-207.16299601223645,-10.974481602877953
1819,0.22492802595155298,-0.21821623397025525,-1.7451565923377759,-10.951614495600166,-206.68806221192423,-10.951614495600168
1820,0.2249532756064331,-0.21891397889075248,-1.7406178642039665,-10.925732765051563,-206.15051679794672,-10.925732765051565
1821,0.22497477860079282,-0.21950836843908667,-1.7367502878771044,-10.903678223467029,-205.69245941790095,-10.903678223467027
1822,0.22499973942049134,-0.2201983806781747,-1.7322602489663899,-10.878074139280049,-205.16068052436995,-10.87807413928005
1823,0.22502248537886674,-0.2208273229344414,-1.7281665863160953,-10.854730358699195,-204.67584655345087,-10.854730358699193
1824,0.22504870302583216,-0.22155230206457027,-1.7234475654625903,-10.827820523480412,-204.11694812563584,-10.827820523480412
1825,0.22507653948105244,-0.2223221375899248,-1.7184359670000016,-10.799242288079991,-203.52339819472155,-10.799242288079991
1826,0.2250975718523194,-0.22290403722851593,-1.7146462984147706,-10.777632009098788,-203.07456783775194,-10.777632009098788
1827,0.22510914993612213,-0.22322452335318876,-1.7125580899494075,-10.765724169008687,-202.82725034023028,-10.765724169008688
1828,0.22511982206662653,-0.22351999287189434,-1.7106324911407522,-10.754743597350501,-202.59919155851065,-10.754743597350501
1829,0.22513441833208417,-0.22392412455823868,-1.7079986140374017,-10.739724125930906,-202.28724765789676,-10.739724125930906
1830,0.22515351366049607,-0.2244528363599756,-1.7045527172138562,-10.720074177651135,-201.8791319964324,-10.720074177651135
1831,0.2251570076783079,-0.2245496455917988,-1.703921326630636,-10.716473723853495,-201.8043530930849,-10.716473723853495
1832,0.22516468079953905,-0.22476225390684623,-1.702534641038848,-10.708566261281561,-201.64012063444926,-10.708566261281561
1833,0.22517515522542622,-0.22505250520747683,-1.7006413931277085,-10.69777016800318,-201.4158933394556,-10.697770168003178
1834,0.22518405659893845,-0.225299222334922,-1.6990317471336038,-10.688591291747578,-201.2252545092043,-10.688591291747576
1835,0.2251641401876095,-0.22474659640760963,-1.7026411674938045,-10.709173719785836,-201.6527371220733,-10.709173719785836
1836,0.22514087635765723,-0.22410090836591134,-1.7068595854684634,-10.733228907526257,-202.15234652137323,-10.733228907526255
1837,0.2251216893633872,-0.22356834779695406,-1.7103390810441625,-10.753070449976105,-202.56444145954313,-10.753070449976105
1838,0.2251076731999598,-0.22317930605437947,-1.7128809223966397,-10.76756509496091,-202.8654850827345,-10.76756509496091
1839,0.2250942524109459,-0.22280673195297085,-1.7153155473929236,-10.781448347335365,-203.1538305096744,-10.781448347335365
1840,0.2250855507975537,-0.2225651609836819,-1.7168941559055517,-10.790450234860028,-203.34079340796038,-10.790450234860026
1841,0.22507929484327246,-0.22239146888821093,-1.7180293001308327,-10.796923303108745,-203.47523450126081,-10.796923303108745
1842,0.22506704478175685,-0.22205123015736739,-1.7202536997603022,-10.80960776231076,-203.73868183373435,-10.80960776231076
1843,0.22505900876328108,-0.2218280254085776,-1.7217130160149405,-10.81792939537056,-203.91151632328666,-10.817929395370559
1844,0.2250502930831698,-0.22158589530275596,-1.723296374659597,-10.826958370139401,-204.09904180466035,-10.826958370139403
1845,0.225045812298026,-0.22146141007504266,-1.7241104496618105,-10.831600567079265,-204.19545698335628,-10.831600567079265
1846,0.22502026745688192,-0.22075112435012778,-1.7287592806646634,-10.85811015034458,-204.74604245846442,-10.858110150344578
1847,0.22499796593626342,-0.22013097568944962,-1.7328184554769268,-10.881257266814957,-205.22679185356728,-10.88125726681496
1848,0.22497777095383034,-0.21956934412496792,-1.7364950004105857,-10.902222467311102,-205.6622243822638,-10.9022224673111
1849,0.22495714285607313,-0.2189955599438611,-1.7402517983339876,-10.923645303998486,-206.1071616940895,-10.923645303998486
1850,0.22494072379104568,-0.21853883435992227,-1.7432422861008445,-10.940698318920033,-206.46134086879164,-10.940698318920033
1851,0.2249230712495389,-0.21804769301643778,-1.7464587967180492,-10.959040210887759,-206.8422891169162,-10.959040210887759
1852,0.22488934013642406,-0.2171085671978918,-1.7526133203538599,-10.994135884763994,-207.57120167966747,-10.994135884763994
1853,0.22486103708580893,-0.21632056286254953,-1.757777501988579,-11.023584213377953,-208.18282283714805,-11.023584213377955
1854,0.22483250263113205,-0.21552597233491705,-1.7629857815048338,-11.053284006599183,-208.79966673837683,-11.053284006599185
1855,0.22480931913553065,-0.21488038475797444,-1.767217419324126,-11.077414579435738,-209.30084183331803,-11.077414579435736
1856,0.22478297696654967,-0.21414663820048557,-1.7720282162532042,-11.104847760311886,-209.8706097838458,-11.104847760311886
1857,0.2247611481228182,-0.2135385889400045,-1.7760150040782483,-11.127582095835006,-210.34278600781695,-11.127582095835004
1858,0.2247428223111404,-0.21302808616245605,-1.779362416102044,-11.146670442499717,-210.73923759712474,-11.146670442499717
1859,0.2247286947161498,-0.21263451804215555,-1.7819431763794291,-11.161387019509974,-211.04489059302676,-11.161387019509974
1860,0.22471251582802146,-0.21218369733654507,-1.7849000619753432,-11.17824842076607,-211.3950900861182,-11.17824842076607
1861,0.22469955809384087,-0.21182260828677613,-1.7872685701250208,-11.191754647163613,-211.67560494761508,-11.191754647163613
1862,0.22469080135285724,-0.21157857802436525,-1.7888693075250182,-11.200882722880946,-211.8651886862711,-11.200882722880946
1863,0.22468567025796413,-0.21143557843997307,-1.7898073761088242,-11.206231983203748,-211.97628907615018,-11.20623198320375
1864,0.2246839778162759,-0.21138840861906788,-1.7901168255341344,-11.207996593554531,-212.01293879706964,-11.20799659355453
1865,0.22465805391579655,-0.21066519869870326,-1.7948658125441233,-11.23507730836002,-212.57538627420365,-11.23507730836002
1866,0.22463615251313995,-0.21005417855976377,-1.79887828057763,-11.257958083197476,-213.0506039401564,-11.257958083197474
1867,0.2246066805694395,-0.20923161227793335,-1.804282145388202,-11.288773185760341,-213.69061203516418,-11.288773185760343
1868,0.22458073686945196,-0.2085074754752741,-1.809039665397101,-11.315902559302831,-214.25407012018138,-11.315902559302831
1869,0.22455944679989337,-0.20791321557164882,-1.8129439998421513,-11.338166711087046,-214.71648095724768,-11.338166711087046
1870,0.22454194145608672,-0.20742457209680198,-1.8161545885440866,-11.356474833811317,-215.0967278418402,-11.356474833811317
1871,0.22452715208026097,-0.20701170721444018,-1.8188675082772843,-11.371945039442618,-215.41803317630303,-11.37194503944262
1872,0.22449916602400075,-0.20622997664800152,-1.8240072574205788,-11.401254043747867,-216.0267606654849,-11.401254043747867
1873,0.22447516949925211,-0.2055596545970989,-1.8284147134480309,-11.426387205714011,-216.54875883435867,-11.426387205714011
1874,0.22445614162343153,-0.20502812051212743,-1.8319096655156255,-11.446316887560334,-216.96268436605382,-11.446316887560334
1875,0.22444059671346112,-0.20459385553982168,-1.8347652205714018,-11.462600459596688,-217.30088275100633,-11.462600459596686
1876,0.2244264710322504,-0.20419918887639116,-1.8373607163435002,-11.477401064575226,-217.60828094895007,-11.477401064575226
1877,0.22440379418461864,-0.20356532288707596,-1.841531137899845,-11.501182556617316,-218.10220588031282,-11.501182556617316
1878,0.22438017345440797,-0.2029049404243391,-1.845876890382103,-11.525963859101351,-218.61689617421212,-11.525963859101351
1879,0.22435971007050223,-0.20233279008492328,-1.8496422801503851,-11.547435690090126,-219.06285106335835,-11.547435690090124
1880,0.22432347573974912,-0.2013190095576482,-1.8563185375039173,-11.585506508346477,-219.85355529086908,-11.585506508346478
1881,0.22428760120552027,-0.20031513494066305,-1.8629306115207298,-11.62321132630986,-220.636657948669,-11.62321132630986
1882,0.22424056260345754,-0.19899817649773027,-1.8716092880655666,-11.672700778250977,-221.66451919933962,-11.672700778250976
1883,0.22419636886306418,-0.19776076303511875,-1.8797644478737512,-11.719204918290552,-222.63037761295297,-11.719204918290552
1884,0.22415712708386393,-0.19666198369409565,-1.8870060690156976,-11.76049967788075,-223.4880408436759,-11.760499677880752
1885,0.22411969646702867,-0.19561379728135375,-1.8939150390287993,-11.799897521279977,-224.30630645385554,-11.799897521279977
1886,0.22408745491962445,-0.19471091549101333,-1.8998663018719468,-11.833834116905276,-225.01114577324074,-11.833834116905276
1887,0.22405972568944735,-0.19393437359978538,-1.904984948145644,-11.863022783801316,-225.61737393872676,-11.863022783801316
1888,0.22403672632815985,-0.1932902766071114,-1.9092306537129082,-11.8872335768343,-226.12021515095557,-11.8872335768343
1889,0.22401237055500542,-0.19260804740929938,-1.9137286725436329,-11.912883165870525,-226.6529391483304,-11.912883165870523
1890,0.2239923152828731,-0.1920462615341742,-1.917432711787567,-11.934005150450043,-227.09162797261527,-11.934005150450044
1891,0.22397155868381283,-0.19146471806181825,-1.921267754564398,-11.955874172093559,-227.5458322334382,-11.95587417209356
1892,0.22395502681430526,-0.19100152468176917,-1.9243224272179764,-11.973293196146836,-227.90761316142596,-11.973293196146836
1893,0.22393297119983296,-0.1903833502345686,-1.928400585205561,-11.996548562641042,-228.3906108336972,-11.996548562641042
1894,0.2239122203476264,-0.18980167130872883,-1.9322384663540844,-12.018433769869851,-228.84515125778907,-12.018433769869851
1895,0.22389499991817227,-0.1893189289906173,-1.9354237450013676,-12.036597564051993,-229.22240053966013,-12.036597564051991
1896,0.2238720489626805,-0.18867531348043926,-1.9396720142563164,-12.060822976306904,-229.72554538288801,-12.060822976306905
1897,0.2238505520534696,-0.18807239990848879,-1.9436521107643647,-12.083519155135376,-230.19692911903914,-12.083519155135376
1898,0.22383073406832607,-0.18751651029205968,-1.9473222019149836,-12.104447553455062,-230.6315972923097,-12.104447553455062
1899,0.22381576670905706,-0.18709667480853442,-1.9500940683362968,-12.120253897813683,-230.959883992682,-12.120253897813683
1900,0.22380428031753302,-0.18677446304512546,-1.9522215128061857,-12.132385478050141,-231.21184841631907,-12.132385478050141
1901,0.22379220655418905,-0.18643571069822173,-1.954458587960554,-12.145142218408974,-231.47679697778852,-12.145142218408974
1902,0.2237766550085053,-0.18599925887854857,-1.9573416698472261,-12.161582759974916,-231.81825550991732,-12.161582759974918
1903,0.22376063334621518,-0.1855495303515955,-1.9603129990653194,-12.178526524819747,-232.17016563705306,-12.178526524819748
1904,0.2237424930150239,-0.18504020936379773,-1.963678849629507,-12.197720015771596,-232.56880099955364,-12.197720015771596
1905,0.22371440385271937,-0.18425117040454986,-1.9688957652844454,-12.22746905587605,-233.18666772405075,-12.22746905587605
1906,0.2236885158709378,-0.18352389229858407,-1.9737048043388437,-12.254892212613834,-233.75622748024634,-12.254892212613834
1907,0.22366605564343722,-0.1828928744182043,-1.9778775749473294,-12.278687099936006,-234.2504306221933,-12.278687099936006
1908,0.22364224434163388,-0.18222375599150747,-1.982303230984531,-12.303924045987566,-234.77458431382297,-12.303924045987566
1909,0.22362020010519898,-0.1816042246626957,-1.986401363842863,-12.327293317568659,-235.2599477149611,-12.327293317568659
1910,0.2236016279368526,-0.18108224349458935,-1.9898544027606084,-12.346983993063672,-235.66890925215765,-12.346983993063672
1911,0.22358572112421748,-0.1806351374530033,-1.9928123616298379,-12.36385151457415,-236.01923585864552,-12.36385151457415
1912,0.22357371007144217,-0.1802975194267029,-1.9950460588429033,-12.37658899249557,-236.28378435278276,-12.376588992495572
1913,0.22355228955057474,-0.17969512341140348,-1.999033434246397,-12.399326678637335,-236.75603016675615,-12.399326678637333
1914,0.22353542186054615,-0.17922075480372007,-2.002173430979546,-12.417232256361958,-237.12791647367885,-12.417232256361956
1915,0.2235198942501339,-0.1787840190260782,-2.0050646802961802,-12.433719372037503,-237.47034231744007,-12.433719372037503
1916,0.2235059593626997,-0.1783920356159424,-2.007659960523958,-12.448518747891963,-237.7777149873377,-12.448518747891963
1917,0.22348773717843404,-0.17787929344310233,-2.0110558163894066,-12.46788334165045,-238.17990403527887,-12.46788334165045
1918,0.2234705513360622,-0.17739564753786868,-2.014259395756328,-12.486151494208013,-238.55932076750696,-12.486151494208013
1919,0.2234564266361542,-0.17699812220350092,-2.016892702885616,-12.501167715396555,-238.87119716309863,-12.501167715396557
1920,0.22344290930557925,-0.17661763455642948,-2.019413517770169,-12.515542458646523,-239.16975051124564,-12.515542458646523
1921,0.22343224043867516,-0.17631730404549406,-2.0214034175510567,-12.526889701404691,-239.40542479486774,-12.526889701404691
1922,0.22342505174636845,-0.17611493081815388,-2.0227443493498685,-12.53453625666813,-239.5642383914651,-12.53453625666813
1923,0.22341640468268129,-0.17587144943766198,-2.0243580122051217,-12.543738038749954,-239.75535295968209,-12.543738038749954
1924,0.22340286377532675,-0.1754900425264705,-2.026886602706176,-12.55815712182491,-240.05482721493516,-12.55815712182491
1925,0.22339289092911982,-0.1752091237665534,-2.0287490817728173,-12.568777758253022,-240.2754103940519,-12.568777758253022
1926,0.22338228409094382,-0.174910290221157,-2.030730706145124,-12.580077811162235,-240.51010457756658,-12.580077811162237
1927,0.2233674308618116,-0.1744916910237302,-2.033507372781593,-12.595911528360025,-240.8389597926344,-12.595911528360025
1928,0.22334027039641144,-0.1737258067838004,-2.0385905531754442,-12.624897953941147,-241.44098754767464,-12.624897953941145
1929,0.22330775656626153,-0.1728086533814822,-2.04467977052964,-12.659621224021855,-242.16216554445256,-12.659621224021857
1930,0.22327676878425937,-0.17193444386405599,-2.0504845527658238,-12.69272252581852,-242.84965639611983,-12.69272252581852
1931,0.22325025473548632,-0.17118642854159977,-2.0554515080355724,-12.721046187018008,-243.43791899920373,-12.721046187018008
1932,0.22322573298570783,-0.17049454965348426,-2.0600461721537457,-12.747246887998987,-243.98208920563073,-12.747246887998987
1933,0.22320438555709088,-0.16989219635923758,-2.0640465584225343,-12.770058767549088,-244.45587596472464,-12.77005876754909
1934,0.22317548782751098,-0.1690764610300971,-2.0694663021056936,-12.800964418100204,-245.09776467802166,-12.800964418100204
1935,0.2231493663699433,-0.16833903919379795,-2.0743661017917643,-12.828905130008536,-245.67807369257486,-12.828905130008536
1936,0.22312532789837508,-0.16766035442921556,-2.078876063553657,-12.854622822645009,-246.21221215402193,-12.854622822645007
1937,0.22310486665795656,-0.16708263864378503,-2.0827152561966558,-12.876515508565122,-246.66690790529356,-12.87651550856512
1938,0.22307516303750408,-0.16624357340271595,-2.088293844941771,-12.908326960250676,-247.32760947366143,-12.908326960250676
1939,0.22304812855385348,-0.16547984520172276,-2.0933719497367416,-12.937284442639182,-247.92903609886505,-12.937284442639182
1940,0.2230159986369255,-0.16457186842778032,-2.09941117413832,-12.971722631945978,-248.6442931676609,-12.97172263194598
1941,0.22298319343253695,-0.16364463381897776,-2.1055796427837885,-13.00689782611332,-249.37485731115646,-13.00689782611332
1942,0.22295227819274202,-0.16277072722398755,-2.1113939504381563,-13.040053445837723,-250.06347630813448,-13.040053445837724
1943,0.22292525515917738,-0.16200681516541238,-2.1164766347000326,-13.069037042266332,-250.66544530365883,-13.069037042266332
1944,0.22290233338696713,-0.16135882139693347,-2.120788189347083,-13.093623334357568,-251.17608536829962,-13.093623334357568
1945,0.2228818171810768,-0.16077878260569983,-2.124647922257115,-13.115633149491215,-251.6332138112902,-13.115633149491215
1946,0.22286330016215553,-0.16025521341644045,-2.1281322346158986,-13.135502159257507,-252.04587922638243,-13.135502159257507
1947,0.2228416116604708,-0.15964180411932094,-2.1322155272220766,-13.158786805499473,-252.5294850185049,-13.158786805499473
1948,0.22282347680111425,-0.15912887726323177,-2.1356300964214543,-13.178258110533044,-252.9338903848809,-13.178258110533042
1949,0.22280756529998066,-0.15867879504723642,-2.138626577705587,-13.195345303002702,-253.2887794033168,-13.195345303002703
1950,0.22278837004709884,-0.15813567713050264,-2.1422434467591596,-13.215970206613218,-253.71714420406843,-13.215970206613218
1951,0.22277042452919102,-0.1576278570206917,-2.1456256668483893,-13.235257043459303,-254.1177182954058,-13.235257043459303
1952,0.22275244712926626,-0.1571190501411212,-2.1490150194111624,-13.254584552659614,-254.51913712305048,-13.254584552659612
1953,0.222735224162882,-0.1566315275484892,-2.1522630408320023,-13.273106132439654,-254.90381736116993,-13.273106132439656
1954,0.22272210961199398,-0.1562602901992421,-2.1547363999991522,-13.287210263294561,-255.19675027942887,-13.287210263294563
1955,0.2227135181376056,-0.1560170862244546,-2.156356757689961,-13.296450222135338,-255.3886577521874,-13.296450222135338
1956,0.22270706679115196,-0.15583444744351643,-2.157573707522312,-13.303389780250189,-255.53278751324274,-13.303389780250187
1957,0.22270065311358653,-0.1556528454298084,-2.1587839457058875,-13.310291065730057,-255.6761223784785,-13.310291065730055
1958,0.22269745376414155,-0.15556225162320164,-2.159387716172525,-13.313734018044013,-255.7476300863358,-13.313734018044013
1959,0.22269744956388804,-0.15556213268111985,-2.1593885089146996,-13.313738538592228,-255.74772397495568,-13.313738538592228
1960,0.22269419023056605,-0.1554698098301604,-2.1600040051206535,-13.31724835598744,-255.8206204237133,-13.31724835598744
1961,0.22269068791419624,-0.15537058719573005,-2.16066561421492,-13.321021128403299,-255.89897826405618,-13.321021128403299
1962,0.2226883606671222,-0.15530464681687306,-2.161105353659159,-13.323528707062307,-255.9510589163065,-13.323528707062307
1963,0.2226881100307522,-0.15529754461737377,-2.161152720723057,-13.323798813917916,-255.9566688464943,-13.323798813917916
1964,0.22267808088463042,-0.15501320938687702,-2.163049998934589,-13.33461788965872,-256.1813734711338,-13.33461788965872
1965,0.2226696718700714,-0.15477478049432158,-2.1646411302783535,-13.343691187616356,-256.3698195140914,-13.343691187616356
1966,0.22265713506151358,-0.15441920377401552,-2.167014756288656,-13.357226598200697,-256.65094051070525,-13.357226598200697
1967,0.2226468947405701,-0.15412873668437427,-2.168953912262125,-13.368284478496099,-256.88060493866703,-13.368284478496099
1968,0.22263776828196363,-0.15386983185863828,-2.1706825745116034,-13.37814203533394,-257.0853394892124,-13.37814203533394
1969,0.222628128006686,-0.15359630119558626,-2.1725092201989766,-13.388558334811364,-257.3016787329963,-13.388558334811362
1970,0.222618919844663,-0.153334992352071,-2.1742545062780136,-13.398510687694406,-257.50838213099826,-13.398510687694408
1971,0.2226065248116603,-0.15298315064473533,-2.1766051004989446,-13.411914761360343,-257.78677535181515,-13.411914761360343
1972,0.22259077906119726,-0.15253607231226013,-2.1795927794858554,-13.428951759441135,-258.1406218679542,-13.428951759441135
1973,0.22257508703785786,-0.15209044748351996,-2.1825712237901933,-13.445936097490527,-258.49337467212814,-13.445936097490526
1974,0.22256262518183487,-0.15173653474901194,-2.1849368122468076,-13.459425674574227,-258.7735437390389,-13.459425674574225
1975,0.2225529320099032,-0.15146123302528802,-2.1867770813118237,-13.469919660262173,-258.9914964709982,-13.469919660262173
1976,0.22254357539125288,-0.15119544970497772,-2.188553991741403,-13.480052348449597,-259.2019453069516,-13.480052348449595
1977,0.22253707224330685,-0.15101070996750082,-2.1897891593039263,-13.487095791699142,-259.34823268948554,-13.48709579169914
1978,0.22253433544065462,-0.1509329611313226,-2.190309003386008,-13.490060160584667,-259.4098005547703,-13.490060160584669
1979,0.22253316174817392,-0.15089961452763662,-2.190531989300319,-13.491331719748421,-259.43620994790547,-13.491331719748421
1980,0.22252557951803156,-0.15068410722872821,-2.1919736219931116,-13.499552513725257,-259.60695008033997,-13.499552513725257
1981,0.22252032234029423,-0.1505346719313454,-2.1929733483620932,-13.505253372587363,-259.72535292559417,-13.505253372587362
1982,0.2225166170523906,-0.15042933770104683,-2.193678113249961,-13.509272237430146,-259.8088219332626,-13.509272237430146
1983,0.2225160767258508,-0.15041397646559218,-2.1937808966631764,-13.509858351541252,-259.8209951127917,-13.50985835154125
1984,0.22251865063635265,-0.15048715538064894,-2.1932912245068854,-13.507066035625288,-259.7630006671659,-13.507066035625288
1985,0.22252511576435166,-0.15067096994035195,-2.1920612119311818,-13.500051988271665,-259.61732381679917,-13.500051988271665
1986,0.22253079466437167,-0.15083246139370488,-2.190980372268298,-13.493888587403342,-259.48931429807516,-13.493888587403344
1987,0.22253616823587766,-0.15098529659674592,-2.1899572918737333,-13.488054554096866,-259.3681455128968,-13.488054554096866
1988,0.22254190613515548,-0.15114851830271675,-2.188864522415976,-13.481823124536955,-259.23872308590086,-13.481823124536955
1989,0.2225478903470519,-0.15131877271245747,-2.1877244956349653,-13.475322213908598,-259.1037037258782,-13.475322213908596
1990,0.22254229252366486,-0.1511594202627966,-2.188792129173994,-13.481410307922415,-259.2301491739848,-13.481410307922415
1991,0.22252264883295006,-0.15059986431864836,-2.192543468112778,-13.502802015190989,-259.67443994958717,-13.502802015190989
1992,0.22250710159885437,-0.15015698742947536,-2.1955126391218873,-13.519733473023427,-260.0260944686963,-13.519733473023425
1993,0.22248477795344915,-0.14952082830513913,-2.1997792965979137,-13.544063742623651,-260.5314171255363,-13.544063742623651
1994,0.2224625233035539,-0.14888653418909836,-2.2040341205150056,-13.568326532309955,-261.03533827183213,-13.568326532309953
1995,0.22243816032594976,-0.148191987281795,-2.2086941990285367,-13.594900253596345,-261.587255848711,-13.594900253596345
1996,0.22241584788103086,-0.14755583892257934,-2.2129628424486585,-13.61924184788235,-262.09281371134193,-13.619241847882348
1997,0.2223900999761168,-0.14682153827911826,-2.217891464029807,-13.647346914319156,-262.67653625432524,-13.647346914319156
1998,0.222368618408232,-0.14620889835652823,-2.2220035683653916,-13.670795857120677,-263.1635543709039,-13.670795857120675
1999,0.22235040039590148,-0.14568930695187737,-2.2254912940467007,-13.690684331082945,-263.5766240437124,-13.690684331082945
2000,0.22233261312311028,-0.14518192622163978,-2.2288975526645625,-13.710108245696745,-263.9800451442656,-13.710108245696745
