K,A0_est,A1_est,A2_est,H_est
3,0.11953914782105658,-0.06169903200372075,-0.053353979776996636,-6.318992083472144
4,0.4207185204720426,-1.671434043099786,2.0640530622191178,244.45664624351724
5,0.11002305033768774,0.0563858003349116,-0.28916970825721067,-34.2478875033251
6,0.19517306911197313,-0.43146566801294967,0.3936354926307244,46.6203190859181
7,0.28833343255643995,-0.9809528417419975,1.1832444638156274,140.137857211672
8,0.2629769506590775,-0.8263050905006241,0.9541922790492628,113.01000380148108
9,0.3088924875485078,-1.1108854701847664,1.3819616410079343,163.67297633074296
10,0.35124070555129155,-1.3786392056325596,1.791875633212513,212.221243629108
11,0.241996028666832,-0.665481671987746,0.6672333588493218,79.02395154063481
12,0.21784984903204346,-0.5055758182721816,0.4116015147203402,48.748129454146984
13,0.26589103648412094,-0.823929506505755,0.9208480616632226,109.06087298551137
14,0.28235816099522404,-0.9361448586857,1.1051723165645193,130.8913627143276
15,0.30679714371090655,-1.1048150008035589,1.3855842403987417,164.1020198054337
16,0.1760068180888606,-0.16912361378773685,-0.2241898021656296,-26.551975897599004
17,0.16677616291011996,-0.10293076795804187,-0.3383305417125849,-40.0702632421137
18,0.1880304844605774,-0.25591414086217046,-0.0735698996420265,-8.713269663535765
19,0.22333757448297584,-0.5108358179829222,0.36894618145215596,43.696234274703734
20,0.22009600466637913,-0.48661244000096393,0.32548029141879314,38.54834059985721
21,0.23236724206133205,-0.5789021077128695,0.49210782761584276,58.28291497497414
22,0.24527383905224304,-0.6770491513011351,0.6712029407220061,79.49408997328838
23,0.25451390507426813,-0.7481913414260151,0.8025746204868255,95.05312807871273
24,0.24475873756011282,-0.6717795873034219,0.6591226459847562,78.06335721202575
25,0.2521738713991774,-0.7300733685326424,0.7689441771852505,91.07009802407501
26,0.2574562554651058,-0.7720450861831943,0.8488303616505247,100.53143847749148
27,0.261555184050085,-0.8049344842200494,0.9120235453613375,108.01573916634452
28,0.23711578498736952,-0.6050562971067047,0.5208438654258521,61.686274877848604
29,0.2356962206100992,-0.5934291198300801,0.49805565608268454,58.98734754313333
30,0.24748283572670063,-0.6900327770828414,0.6875107300994007,81.42550713102243
31,0.2544809478075924,-0.7480755685601447,0.8026600432366545,95.06324514368472
32,0.24488789803056799,-0.6671867139499332,0.6396045205883827,75.751723096269
33,0.244636516464323,-0.6650590426853843,0.6352998313437791,75.24189613730267
34,0.24982075367857953,-0.7091305676899736,0.7248448634348464,85.8471846511629
35,0.249258878809538,-0.7043004405998603,0.714924149508689,84.67222238923227
36,0.2541676260229862,-0.7466568488678724,0.8022383896476386,95.01330649427008
37,0.24195548289967717,-0.6395188208877589,0.5777968810543135,68.43151968227228
38,0.24165973073217806,-0.6369213620987028,0.5723497877273167,67.78639180699302
39,0.2449612780761657,-0.6660440452232914,0.6336823037025312,75.05032384217934
40,0.24453068102181047,-0.662209758578568,0.6255327437305737,74.08512864658526
41,0.2516242182158687,-0.7253958204487354,0.7598747913932952,89.99596302494548
42,0.2631624402856705,-0.8282790741514734,0.9788378441069014,115.92890752980352
43,0.2636613326227519,-0.8328035866650927,0.9886269697678403,117.08828510227575
44,0.2610380497276134,-0.808819606262451,0.9363267210003441,110.89409191731076
45,0.26086052189232845,-0.8071896628217398,0.9327578190174859,110.47140810870587
46,0.26368292885434796,-0.8331893004457934,0.9898704170040835,117.23555309005992
47,0.25405032752216933,-0.7431961809298779,0.7894550843510593,93.49931249968301
48,0.24534861830833438,-0.6614625254554107,0.6064767913048135,71.82823210344647
49,0.2349636093379441,-0.5632498372552915,0.3851322000425669,45.61322947849614
50,0.22301144447526305,-0.44944366103194594,0.12692306939260006,15.032165811323706
51,0.2182912609056768,-0.4044429503995287,0.024698013888827003,2.925115518903997
52,0.2145783037176095,-0.3688706137268353,-0.05650037587956103,-6.691636301329422
53,0.2153651685704297,-0.3764196580971156,-0.03924530612747974,-4.648027752934478
54,0.21902797248913639,-0.41162985994921464,0.04139314176278524,4.902407209402811
55,0.2257186365202647,-0.47599215132731953,0.1888983831922686,22.372227769356936
56,0.23368530279509026,-0.5528448252493766,0.365515905027465,43.28996861912674
57,0.24254662055032475,-0.6386010005944057,0.5632123889172189,66.70420166886522
58,0.24531913424120613,-0.6658218369807313,0.6268562556903579,74.24187912014342
59,0.2505065189705096,-0.7168227689900138,0.7462607985176113,88.3835863369185
60,0.256375546321404,-0.7747247978084042,0.8822793962104621,104.49298334195086
61,0.2597452477821701,-0.8082330815629688,0.9616030843462523,113.88770440037847
62,0.2575157656070671,-0.7858348486847425,0.9080481626235518,107.54491370676614
63,0.255259638811177,-0.7630701279511007,0.8533854694897046,101.07092382601556
64,0.2509725046668987,-0.7195480511407027,0.7482568939205425,88.61999440060367
65,0.2437927034659912,-0.6461743765558292,0.569864871818747,67.49209016314234
66,0.24083481238564422,-0.6159220059980502,0.4962548331563614,58.77406662458267
67,0.2392840445310173,-0.6000164207037868,0.4574461384914678,54.177749060600675
68,0.23856174208496123,-0.5925839184031331,0.43925330061597057,52.023075707428916
69,0.23886632894754006,-0.5957271240632603,0.44696873176314095,52.9368547459059
70,0.2399087734870317,-0.6065177499100665,0.4735356251281763,56.08331147805179
71,0.24316624136073878,-0.6402582775002348,0.5566581575040205,65.92794961444768
72,0.24705368199197067,-0.6806363335314536,0.6564049094306731,77.74148139616359
73,0.24785890767194108,-0.6890717888630087,0.6774182808934837,80.23020535781656
74,0.24825135675562712,-0.693200763066764,0.6877472969127105,81.45352498136397
75,0.24961421441669193,-0.7075732986107017,0.7237846819307944,85.72162178670276
76,0.2523082414506465,-0.7360287892036034,0.795243071592794,94.1848142319367
77,0.2534849994317914,-0.74853204370983,0.8268242517694558,97.92513929029484
78,0.2530612929718307,-0.7440042503506847,0.8153235186232709,96.56304705259075
79,0.2493989673258287,-0.7045819222537301,0.7144722845624908,84.61870565009193
80,0.24357360256021537,-0.6415151176969506,0.5522217158755068,65.40251852858422
81,0.2411631158601654,-0.6154178275222807,0.4850798257299841,57.45055179485172
82,0.24036741193995695,-0.6067905088978295,0.46285201348424465,54.817995232046066
83,0.23931085247279488,-0.5952911453011874,0.43311331679774295,51.29588517164896
84,0.23919202400513045,-0.5939951353398425,0.42975478749644663,50.898116904769815
85,0.2410437035094059,-0.6141930342649946,0.4821026130388949,57.09794485710428
86,0.24343644308990553,-0.6403522917755002,0.5500528005958883,65.14564249911248
87,0.24226499308020547,-0.6274282765886033,0.5161810891393148,61.13403778954176
88,0.2403604961822293,-0.6063271216194288,0.4606461456943753,54.556742722680674
89,0.23996219989201328,-0.6019092705866578,0.44900644054229794,53.17819130032477
90,0.24085664882053878,-0.6118409915442325,0.4752010421793153,56.28055556754264
91,0.24221382621854512,-0.6269453755331609,0.5151284326385341,61.00936615074647
92,0.24492142937537653,-0.6570897978984531,0.5948411827998286,70.45016586852465
93,0.2474443010854243,-0.6852742908959306,0.6696233888803678,79.30701535159258
94,0.24889983011923847,-0.7016188076323016,0.7132102899685906,84.46924100131463
95,0.2513813427027087,-0.7295084340920818,0.7876483000366018,93.28532554262155
96,0.2536523368205092,-0.7551178940477529,0.8562260987594168,101.40735447172213
97,0.2539754453273113,-0.7587855510065526,0.8661110194162555,102.57807754875198
98,0.25407859147646567,-0.7599601667304228,0.8692868408709348,102.95420676562611
99,0.24956909113052525,-0.7081273285221593,0.727862073943283,86.20452874051983
100,0.24487696319334737,-0.6540241919620094,0.5797820214673065,68.66663028895455
101,0.24240824586931475,-0.6255559262432157,0.501857957163792,59.437674032945715
102,0.24160764987383154,-0.6163209610902276,0.47657219860073113,56.44294882495929
103,0.23970623569015473,-0.5942873476240013,0.4159707447068714,49.26560031220027
104,0.23905563386028383,-0.5867422655305761,0.39520268664169195,46.80593010481417
105,0.23959583715531146,-0.5930104653210743,0.412465362827825,48.85043952314904
106,0.23933611417645048,-0.5899839114808887,0.40409511548474625,47.85910716296357
107,0.24003355503183788,-0.5981179899390731,0.4266092755505934,50.52557740223615
108,0.24066139488199245,-0.6054609833230863,0.44699026889877247,52.939405502009286
109,0.24141314547768525,-0.6142741860239933,0.4715094473372297,55.8433405991368
110,0.2399050093392828,-0.5964715518462692,0.4216446025109889,49.937585095656345
111,0.23955529455427493,-0.59234101680789,0.41006852595483584,48.56656954214488
112,0.23913832806952756,-0.5874027071198197,0.39619136636750596,46.923024638092116
113,0.2394672138203966,-0.5913020511455496,0.4071605971179673,48.22216825518793
114,0.2408468162516939,-0.6076615662840457,0.45318879700909886,53.67352974582472
115,0.24236488182357274,-0.6257019766700727,0.5040545275086424,59.69782539705977
116,0.24388828529028772,-0.6438504484895203,0.555349145309298,65.77291642423033
117,0.2446159373015073,-0.6525567791276004,0.580062035855089,68.69979386376286
118,0.24545979483774105,-0.6626753728504331,0.6088448466527299,72.10869333725229
119,0.24664725479295826,-0.6769366819732825,0.6494752183338612,76.92076167919619
120,0.24845700333409718,-0.698688593518119,0.7114938451513727,84.26595342544773
121,0.24611406012689446,-0.6702176206220198,0.6294378040704687,74.54762545519102
122,0.24507740650222148,-0.6576189773697254,0.5931232413129522,70.24670103420839
123,0.24415146628666506,-0.6463415850382245,0.5605480558830948,66.3886507123905
124,0.24371970409744073,-0.6410758349342198,0.5453173740601007,64.58480106016874
125,0.24223585000738118,-0.6228992192225434,0.4925154572895746,58.33119269843667
126,0.24178998000145635,-0.6174359644745568,0.47664067784963793,56.45105918211602
127,0.24197302882109947,-0.6196808979845112,0.48316968769831736,57.2243241141634
128,0.24291346191474686,-0.6312192408865968,0.5167406390614055,61.20030822602611
129,0.24443231789366512,-0.6498667208363497,0.5710311763016149,67.63022172942782
130,0.2454085999579821,-0.6618972644255667,0.6061849169844995,71.79366389453044
131,0.24685114099807276,-0.6796897293707805,0.658222169968112,77.95670910734239
132,0.24717838088368227,-0.6837465416390544,0.6701466543724949,79.36898843244101
133,0.24695951609736624,-0.6810239176043684,0.662116715618353,78.41796060602073
134,0.24624659061530074,-0.6721264880415931,0.6357912475741261,75.30009714278026
135,0.24603793731741383,-0.669519758687767,0.6280706497707806,74.385706190073
136,0.2463747900450834,-0.6737315543679063,0.6405552152980093,75.86431886455169
137,0.24641755765256138,-0.6742678092452129,0.6421492137567243,76.05310447499325
138,0.24442253325557436,-0.6490909782078869,0.5668357110309914,67.13333073943306
139,0.24326881312706267,-0.63452455179999,0.5232422185425288,61.97032443555723
140,0.24261070687357514,-0.6262070490253547,0.4983249903518157,59.0192462153891
141,0.24242275218009915,-0.6238292507150097,0.4911948062060014,58.17478105347583
142,0.24250754152005247,-0.6249033947265722,0.49442017439406105,58.55677835024392
143,0.24231530692711245,-0.6224614168323979,0.48706774475227177,57.68599148682827
144,0.2428776906557074,-0.629605822515296,0.508579612009845,60.23375492396021
145,0.24380756846042517,-0.6414299867074319,0.5442155291568193,64.4543037804878
146,0.24470023154097761,-0.6528047592266145,0.5785680001092102,68.52284736248795
147,0.24541624226018832,-0.6619512683579692,0.6062588270639742,71.80241745347845
148,0.24532164566994655,-0.6607378228300731,0.6025700389388017,71.36553489929979
149,0.245778455868721,-0.6666003623177996,0.6204000430404802,73.47723594274021
150,0.24583884924386765,-0.6673777712574289,0.6227714524763062,73.75809441879557
151,0.24648317370782805,-0.6756742089957553,0.6480862031773802,76.75625331797715
152,0.24711116080827336,-0.6837760773397642,0.6728548539908775,79.68973473891242
153,0.24818539741036255,-0.6976423093463057,0.7152676045575956,84.71289957477946
154,0.24861022242626798,-0.7031470477969042,0.7321688318304624,86.71460069969264
155,0.24900249290610083,-0.7082399097238512,0.7478356414049747,88.57010325242426
156,0.2498665828860649,-0.7194632718419353,0.7823759801773763,92.6608970071828
157,0.2496419682785753,-0.7165313381214907,0.7733086825418716,91.58700931939043
158,0.24818308741566805,-0.6973963148837625,0.7138499981985136,84.54500500725216
159,0.24656404352581768,-0.6761134545574495,0.6475726468945231,76.69543014978323
160,0.2456033811884207,-0.6634809525491775,0.608220379323404,72.03473439123009
161,0.24521021651406344,-0.6583088903384052,0.5921023309355333,70.12578925555928
162,0.245058377301466,-0.656309142052244,0.5858632673069615,69.38686417739254
163,0.24497322140582312,-0.6551858159402438,0.5823529992726985,68.97112469531295
164,0.24521170668765996,-0.6583344216586574,0.5922002132289174,70.13738196972214
165,0.24395205891922572,-0.6416073982303924,0.5395871915216103,63.90614544255757
166,0.242524063446938,-0.6226031350920003,0.47968149382522834,56.8111989909431
167,0.24057213781901493,-0.5965482574009479,0.39730718082700595,47.05517640569548
168,0.23900923175615765,-0.5756669827854514,0.33122970477692504,39.22927382445442
169,0.2378885929892135,-0.5606840151811673,0.2837837949817034,33.61000550291112
170,0.23730005416729172,-0.5528123885308021,0.2588481394915984,30.65674484088086
171,0.23712795340420992,-0.5505092913403707,0.25154842445687375,29.792201245279863
172,0.23720037071960778,-0.5514793538735452,0.2546260536972857,30.156701042432953
173,0.23773289895673833,-0.5586142867903855,0.2772670415791581,32.83819216616022
174,0.23823344419320783,-0.5653328738773701,0.29862509534247617,35.367738663213984
175,0.23878961411266406,-0.5728092861651954,0.3224274799124074,38.18678009730776
176,0.23968185186734478,-0.5848089097499476,0.3606477502338901,42.71340747541653
177,0.2401875455498935,-0.5916307903636044,0.3824420961693217,45.29462634617492
178,0.24099941429667524,-0.6025891017238116,0.4174706053554166,49.4432366872951
179,0.24204335651656977,-0.6166905084675907,0.46257975158119624,54.785749824727155
180,0.24301861376791192,-0.6298891479300182,0.5048802115403705,59.795615494101206
181,0.24427707731680087,-0.6469287554568568,0.5595165830174766,66.2664879627812
182,0.24565077860682905,-0.6655495091054181,0.6192887950104948,73.34562500137086
183,0.24586744302560967,-0.6685039563751818,0.628828342630946,74.47544373552134
184,0.24621454852002483,-0.6732425391951317,0.6441459757153145,76.2895914823664
185,0.2457029284885415,-0.6662278712362514,0.6213741535279698,73.5926049645939
186,0.245378905381106,-0.6617807403395655,0.606922782202535,71.88105314817045
187,0.24523523527335503,-0.6598069092764324,0.6005022210738707,71.12063236769531
188,0.2453969623368173,-0.6620300616215944,0.6077377787652418,71.97757747211641
189,0.2452085152375612,-0.6594325856805712,0.5992613190477806,70.97366582251907
190,0.24485497899461697,-0.6545494790646299,0.5832934229496128,69.0825040112397
191,0.2448352865647927,-0.6542773558562222,0.5824031596669674,68.9770654542894
192,0.24494486619129288,-0.6557932599423298,0.5873678724005401,69.56506246203436
193,0.24494245995946504,-0.6557599090632553,0.5872584397359057,69.55210177673239
194,0.2448416678892584,-0.6543603241055029,0.5826576565490353,69.00720685685725
195,0.2447543497190878,-0.6531460549655219,0.5786602641918167,68.53377468243701
196,0.244907878453671,-0.6552825019866666,0.5856981524520707,69.36730875781035
197,0.2440177989804824,-0.6428361787726987,0.5445002986979782,64.48803053308843
198,0.24359405925589983,-0.6369103973027865,0.5248841886013155,62.164791574581116
199,0.24346917429416162,-0.6351630667732518,0.5190971269644167,61.47939946657018
200,0.2436716706784702,-0.637997205033652,0.5284865998605974,62.59144406281084
201,0.24320084109058765,-0.6313824688981968,0.5064898980307743,59.98625912054196
202,0.24302981011498503,-0.6289784950643904,0.49849195203106067,59.03902036408058
203,0.2420269185809594,-0.6148238737002363,0.4512078730034982,53.43891851041793
204,0.24102361363084904,-0.6006424542915938,0.40376495322347244,47.82000431208027
205,0.24046364858237645,-0.5927268019991466,0.37728135364784376,44.68341250094051
206,0.2402574086113821,-0.5898106396197982,0.3675221632213372,43.52758031552629
207,0.24043954916434923,-0.5923860927839087,0.3761413004356828,44.54839001053787
208,0.2404850090645417,-0.5930301450163875,0.37830086985552613,44.8041591607444
209,0.2406184836006611,-0.5949232099023217,0.38465535864350964,45.55675464684706
210,0.24108278266390665,-0.6015090065406022,0.4067642194613481,48.175223167216785
211,0.2417889942215982,-0.6115299004264747,0.4404172205032627,52.160924853534524
212,0.24249832563900062,-0.6216089690372067,0.4743118088055773,56.17523898811415
213,0.24345083747324173,-0.6351471550286989,0.5198512756424297,61.5687172559093
214,0.24407029010345677,-0.6439769623906496,0.5496375941394157,65.09646741747052
215,0.24423235956929806,-0.6462946667975961,0.5574812797830885,66.02543630966517
216,0.24439360101109098,-0.6486036943431918,0.5653061937404836,66.95218197244981
217,0.2444408441485657,-0.6492814530933677,0.5676071055518752,67.22469104453255
218,0.24466425608224887,-0.6524886911759421,0.5785024496755539,68.51508388030585
219,0.24519993338740728,-0.6601790390533778,0.6046284799085871,71.60932687595712
220,0.2457412399680417,-0.6679604095123576,0.6310980318441863,74.74425495129856
221,0.24484451883122754,-0.6549832074945724,0.5866608383511412,69.48132470564636
222,0.2442799537694374,-0.6468108995812517,0.5586699898204214,66.16622148345813
223,0.24405152020070664,-0.6435037820651961,0.5473413114582618,64.82450659759778
224,0.24396460384719346,-0.6422444644650189,0.543024084599053,64.31319474307601
225,0.24355578804171876,-0.6363062299370681,0.5226156414600345,61.89611562038513
226,0.2434444946307473,-0.6346893061772777,0.5170574764610566,61.237832943554416
227,0.24345813800125868,-0.6348876859267103,0.5177399575826412,61.31866276772944
228,0.24318458058335993,-0.6309004181458925,0.503989799551626,59.69015932510646
229,0.242652417552643,-0.6231262927319497,0.4771207394116019,56.507915394573054
230,0.24226005615545299,-0.617389905714857,0.4572789524671547,54.15794834154434
231,0.24217367429151204,-0.616126839404404,0.45290957750553,53.64046031332921
232,0.24238599139049846,-0.6192314610382151,0.46365000934249967,54.91250607326228
233,0.242728048655941,-0.6242367517746363,0.48097789909764976,56.964739077130524
234,0.2428199422776638,-0.6255845923126506,0.48565488301534626,57.518658849825584
235,0.24303811376292006,-0.6287869197717568,0.49677486575552376,58.83565681693551
236,0.2429631599286643,-0.6276839950235694,0.4929355297816304,58.38094409023313
237,0.24273465711869702,-0.6243153257966834,0.4811872545050861,56.98953413773803
238,0.24229314184298675,-0.6177927821757994,0.4583929175509016,54.28988107786284
239,0.24179626959845762,-0.6104416683531679,0.43266567863312855,51.242869032454074
240,0.24149358821748973,-0.6059612981623048,0.4169775446462188,49.38484091754906
241,0.24096761142321357,-0.5981592083227384,0.38960126124369987,46.14252387168942
242,0.240550184322748,-0.5919621397702597,0.36783883874854795,43.56508586165121
243,0.2403168315110556,-0.5884960519778434,0.3556607541868221,42.12277133780423
244,0.2403639519729361,-0.5891959854879556,0.35812008367788833,42.41404264782931
245,0.24014337304209257,-0.5859117328617112,0.34655334887827455,41.04413348761529
246,0.24017436903779085,-0.5863733098283423,0.34817921078141506,41.23669285315288
247,0.2404657281160395,-0.5907121982661864,0.36346293809185853,43.04682496109131
248,0.24062751133999438,-0.593125817318866,0.37198012960698673,44.05556069144287
249,0.2409542319237066,-0.5980021942785781,0.3891951878563326,46.09443046739592
250,0.241346434497299,-0.6038610330178827,0.40989655341292175,48.54620193066638
251,0.24167167224743602,-0.6087268924195242,0.4271151342161202,50.5854889011755
252,0.24213078448312964,-0.6155992273440261,0.4514464991948415,53.46718026371749
253,0.2427481797527892,-0.6248441787944695,0.48418968763142717,57.34512806411058
254,0.24357565973464643,-0.6372352040826879,0.5280762832945676,62.5428481165797
255,0.2445533527822347,-0.6518798250415289,0.5799595436491239,68.68765517343803
256,0.24547107851664188,-0.665646976729901,0.6288069444239229,74.47290943346282
257,0.2463337885245013,-0.6786078256721139,0.6748602631183239,79.92724587591518
258,0.24675152803794645,-0.6849059070684098,0.6973172629617391,82.5869463297932
259,0.24696565669951406,-0.6881411342055096,0.7088774369684239,83.956078460838
260,0.2467676109057698,-0.685139911374637,0.698121584686564,82.68220637661587
261,0.2464058902921683,-0.6796482862784546,0.6784049387485696,80.34706043032367
262,0.24613821358476384,-0.6755814002172565,0.6637927874042793,78.61646659171977
263,0.24601596882685042,-0.673723167551695,0.6571129157914641,77.82533430849715
264,0.24570062792589897,-0.6689202626525402,0.6398141175027673,75.77654675981299
265,0.24562614983383574,-0.6677858166634628,0.6357278480116428,75.29258839956933
266,0.24577832727505522,-0.6701039123564841,0.6440781089156954,76.2815536607959
267,0.24561549482715622,-0.6676171171333171,0.6350973336183336,75.21791326799547
268,0.24563506387380477,-0.6679160611647978,0.6361772333966395,75.34581147125189
269,0.24568110454517644,-0.6686200862939521,0.6387229095011957,75.64730926427521
270,0.2455287877561091,-0.6662862403293817,0.6302671024224349,74.64584361516361
271,0.24511522809029587,-0.6599352914687192,0.6072056573992521,71.91455554360819
272,0.24482117547387552,-0.6554169301980376,0.5907891232787695,69.97025917473441
273,0.24476802004295117,-0.6546001505626361,0.5878215137253885,69.61878958702923
274,0.24480218447570953,-0.6551254708426562,0.5897314350306243,69.8449915996679
275,0.24491973270095466,-0.6569341425588934,0.5963116717098069,70.62432359433676
276,0.24519664244055728,-0.6611959930988078,0.6118210720457954,72.46118334410869
277,0.2447196013447039,-0.6538199131969892,0.5848554790214984,69.26750651702166
278,0.2435564471887361,-0.6357666490981286,0.5186077105892605,61.42143531444769
279,0.24253234648784297,-0.6198623534999396,0.460212032107238,54.50532837023847
280,0.24147559997633106,-0.6034310276181308,0.39980832017178886,47.351399476315564
281,0.24053421947535408,-0.5887839850677611,0.3459291162721428,40.97020234109391
282,0.23971101008560014,-0.5759676242148276,0.2987550804005623,35.38313347643034
283,0.23874064861370758,-0.5608350081917595,0.24296312852917312,28.775399551607595
284,0.237972882965911,-0.5488585878678146,0.19879577547210228,23.544427926209192
285,0.23744445779433188,-0.5406151754039031,0.16839348366189286,19.943724809570238
286,0.23710276041798492,-0.5352835037155996,0.1487254921392059,17.614341261255447
287,0.23692526075726106,-0.5325131077938473,0.13850292693913654,16.40362916738712
288,0.23664040491646796,-0.5280601007777714,0.12204598523230871,14.45454711580897
289,0.2365508671039324,-0.5266602610270471,0.1168720943079204,13.84177603615178
290,0.23665078063391004,-0.5282224179185334,0.12264629456162902,14.525644902993067
291,0.23689078623304452,-0.5319759608496575,0.1365243034258509,16.169290391369245
292,0.23716770469544396,-0.5363103873264407,0.15256317635671862,18.068858361773305
293,0.23753023835057682,-0.541987946309744,0.17358330227962201,20.558382289614983
294,0.23795951851393912,-0.5487150502992565,0.1985047499124086,23.509960240471802
295,0.23851831783022465,-0.5574737792605136,0.23095986881147124,27.353790452360606
296,0.23860491150397506,-0.5588361883032532,0.2360270942848811,27.953928582364746
297,0.23877679726465798,-0.5615420167557091,0.24609640355788479,29.14648977176595
298,0.23890260994983636,-0.5635250745221366,0.2534853079918972,30.021596536419842
299,0.23915907033169945,-0.5675685126500106,0.26855533091625494,31.806418511364946
300,0.23943342573133825,-0.5718979890299477,0.28470583309434194,33.71920731988475
301,0.23977714206018405,-0.5773252356222062,0.3049633040475945,36.118406013586686
302,0.2399535582015782,-0.5801163081993895,0.3154014126742222,37.35464604767165
303,0.24027856580333978,-0.5852589258263365,0.3346364151841902,39.63274843279979
304,0.24074243403711984,-0.592599787151386,0.3620973991281755,42.88509700870141
305,0.2411851995692301,-0.5996145070014953,0.38836731677400704,45.996381346464055
306,0.24168986903486747,-0.607614685161637,0.4183452414051106,49.54682442896003
307,0.24217829773031146,-0.6153657611208143,0.4474207506779724,52.99038972036025
308,0.24278657818620714,-0.6250206727435332,0.48364475045496647,57.28058829184921
309,0.24305162284162726,-0.6292406993635098,0.4995265932895618,59.161558363101996
310,0.24334911274926027,-0.6339809777007671,0.5173800152690443,61.27603290882047
311,0.24372264126187704,-0.6399358517632764,0.5398190991699288,63.933611483515456
312,0.24396188273060668,-0.6437566271997266,0.5542416509182423,65.64175004603659
313,0.24427230039820044,-0.6487167411372547,0.5729747635728033,67.86041097925529
314,0.24460669442350294,-0.6540642698601917,0.5931871248803623,70.25426710066519
315,0.24484003243356234,-0.6578015452536086,0.6073348532500235,71.9298568868567
316,0.24475671497474386,-0.6564634414164252,0.6022556834055448,71.32830412224533
317,0.24477147384008,-0.6567005710044018,0.6031561460542156,71.43495064368939
318,0.24488299726751642,-0.6584931197601255,0.6099657391602971,72.2414465247623
319,0.24483003681682988,-0.6576402878192484,0.6067200133584075,71.85703816885359
320,0.24456644277147893,-0.653386861371309,0.5904993254889116,69.93593690022792
321,0.24447395388366322,-0.6518943817562277,0.5848074668989093,69.26182018914473
322,0.24416321265589547,-0.6468695453858146,0.5656047698986254,66.98754391522328
323,0.2435632463404046,-0.6371449327206565,0.5283549302130106,62.57584973481108
324,0.24300057400736674,-0.628017832108862,0.49336739074694114,58.4320916528398
325,0.2426115683416416,-0.6217072408948779,0.4691745377990245,55.56680499768381
326,0.24226361985797942,-0.6160586100287097,0.4475039243218954,53.00024041190565
327,0.24194539769467785,-0.6108885501287822,0.42765407857828497,50.649318912960666
328,0.24169905141660797,-0.606884041339991,0.41227088336141887,48.827406298378285
329,0.2415941416364211,-0.6051784118990486,0.4057177833100028,48.05128823707947
330,0.24164299117579893,-0.6059726380273818,0.4087693377911339,48.41269986352509
331,0.24139843978655637,-0.6019863642762139,0.3934144584759338,46.594140849915156
332,0.24076897052134413,-0.5916962544898229,0.3536645846062656,41.88635448887326
333,0.24024241462485257,-0.5830848984081386,0.3203858216027376,37.9449757792441
334,0.23972808520591674,-0.5746662815910415,0.28782426125628596,34.088539147624
335,0.23927675430739287,-0.5672744266046652,0.25921711679589854,30.700444761197932
336,0.23896826242772506,-0.562221158201358,0.23965737803629097,28.383882156246163
337,0.2387936606569115,-0.5593605977304063,0.22858311081222243,27.072298517844082
338,0.23871872154718773,-0.5581324387193628,0.2238269040005331,26.5089959616704
339,0.23878848486268164,-0.5592758076812078,0.2282548837483315,27.033424862552067
340,0.23894251182302692,-0.5618011185857124,0.23803832067292993,28.19212868809763
341,0.23921625949916117,-0.5662897729533841,0.2554299367364564,30.251909133409278
342,0.23951926020272502,-0.5712615105096877,0.2747064310328667,32.53492560875438
343,0.23994055498695455,-0.5781746921118135,0.3015119917747604,35.70964897201672
344,0.24042959798554744,-0.58620270710273,0.33265229127911194,39.397758216489386
345,0.2408874068825487,-0.5937262579641536,0.36186760191549056,42.85788091772133
346,0.2412214216658089,-0.5992249663929758,0.38325694795931536,45.391133523928005
347,0.24148727030513112,-0.6036073198468653,0.400326282629644,47.41274449095932
348,0.24182193103304392,-0.6091261871218921,0.4218308002828237,49.959637475836836
349,0.24207076416574072,-0.6132356136147151,0.4378663052035706,51.85880655511076
350,0.24239808853041192,-0.6186430644435081,0.4589736618440639,54.358661675043265
351,0.2428270398040514,-0.625730381662701,0.48664194536978794,57.63556182931615
352,0.24331936577765306,-0.6338679583507066,0.5184225540447848,61.39950625229272
353,0.24345827392851677,-0.636171532544458,0.5274483816340135,62.46848242467023
354,0.24370305878578635,-0.6402315108357914,0.5433584692860959,64.35279767802274
355,0.24388593211714388,-0.6432684517734103,0.555274358183169,65.76405899204008
356,0.24414947335175438,-0.6476463454723139,0.5724567905897453,67.79906471805647
357,0.244372914444706,-0.6513622337916729,0.5870570343529162,69.5282482792801
358,0.24453152756778848,-0.6540033671083975,0.5974474686850019,70.75884199623829
359,0.24468790473408608,-0.6566094845003473,0.6077087824994891,71.97414329205135
360,0.2441067647704483,-0.6468745788173894,0.5691832802646363,67.41136569511598
361,0.24364058618011986,-0.6390635530456756,0.5382640741540884,63.74944170263375
362,0.24301476199165686,-0.6285599319942858,0.4966171310092537,58.81697546238361
363,0.2425132614288508,-0.6201412892636134,0.46323075242067135,54.86285127373191
364,0.2419006168604115,-0.6098421781606883,0.42232902926452,50.01864535124283
365,0.24130834926654435,-0.5998782836544769,0.3827296838171429,45.328686861950544
366,0.2408403818438786,-0.5920041559234508,0.3514302609055812,41.62173179651647
367,0.24049735739374395,-0.586231558932398,0.328481254027465,38.90376036509784
368,0.24022564082988007,-0.581657056547656,0.3102877464305773,36.749007693303895
369,0.23974812672746362,-0.5736017269261406,0.2781868319672071,32.94712777330383
370,0.23938510660464962,-0.5674766837602815,0.25377367983329335,30.055749928359766
371,0.2390802033298928,-0.5623296934622711,0.23324887805152855,27.624889840398254
372,0.2389100620545628,-0.5594575487117732,0.2217954029186839,26.268394617451563
373,0.23874362271094343,-0.5566456552342989,0.2105733324855172,24.93930586861336
374,0.23870130549768384,-0.5559307103754922,0.20771995533239695,24.60136542411252
375,0.23866790730130036,-0.5553660249102467,0.20546458190502462,24.33424970205379
376,0.23872379076758837,-0.5563110877680987,0.20924000374145812,24.781392741727785
377,0.23887652052244232,-0.5588943010385328,0.2195610512948036,26.003768618004
378,0.23886972506067466,-0.5587791466878422,0.21910009330891456,25.949174942409027
379,0.23890285280285276,-0.5593408228740928,0.22134965412756635,26.215602246684433
380,0.23894617198372956,-0.5600758315140997,0.22429556355038288,26.56450177394012
381,0.23893100680838852,-0.5598182121664906,0.22326180372075116,26.44206816716969
382,0.23892019391263372,-0.5596343861027162,0.2225235947234325,26.35463819794337
383,0.23895165407029295,-0.5601695012120135,0.22467359613987506,26.609274159248205
384,0.23896602867205402,-0.5604142257039418,0.22565774491562274,26.725832068309558
385,0.23906997469642058,-0.56218418373734,0.23277674683752442,27.568972860706733
386,0.23918646208941016,-0.5641690788621982,0.24076578622709813,28.515156760544485
387,0.2393741527293855,-0.5673681094010169,0.2536450628844819,30.040517147511235
388,0.23958142150328415,-0.5709030862551558,0.2678858539240981,31.727128834546313
389,0.23986487432583387,-0.5757383685722052,0.28736890364357087,34.03460875364173
390,0.23985758374890198,-0.5756136427376652,0.28686490002558407,33.974916957726755
391,0.23995183774543916,-0.5772262331572179,0.29338164642292147,34.746729464814095
392,0.24014162564070526,-0.5804735652299694,0.3065056708740291,36.30107661860596
393,0.240230844586036,-0.5820024309659602,0.3126937774875018,37.03396658980685
394,0.2403845666307894,-0.5846374252012305,0.32336214981824274,38.29747796390214
395,0.24063719583852264,-0.5889679131474863,0.3408955036460086,40.37404515715464
396,0.24094048547269928,-0.5941687260139343,0.36196035059317294,42.86886563081072
397,0.2412843287031499,-0.6000675367053485,0.38586267353884396,45.69974329170097
398,0.24171953435438193,-0.6075337678503221,0.41611647689786746,49.28286014108389
399,0.2419709484513251,-0.6118566080368417,0.4336718997244228,51.36204108178735
400,0.2420885457685503,-0.6138821576866672,0.4419122119484422,52.33798454329774
401,0.24229012065393055,-0.6173546156305992,0.4560405910305136,54.01128269172179
402,0.24238658745613942,-0.6190189672946868,0.46282263674851737,54.81451599092338
403,0.24256039724562098,-0.6220182538929587,0.47504652509836076,56.26225529799585
404,0.2427189742014178,-0.6247570418406836,0.4862182651670605,57.58538315739423
405,0.2428593629671525,-0.627183841225776,0.49612603239161795,58.758812073447764
406,0.24303815527393838,-0.6302758983710329,0.5087554898375048,60.25458505894332
407,0.24329835300413488,-0.6347762818473691,0.5271392176377748,62.431866508615
408,0.2436467552667992,-0.6408024032551805,0.5517560815128719,65.34737100512712
409,0.2440710360298385,-0.6481416631140313,0.581740022858458,68.89852667872394
410,0.24414589990331334,-0.6494412112497557,0.5870676651377467,69.5295073389691
411,0.2440377236219028,-0.6475595822064708,0.5793381921569606,68.61406525237788
412,0.243803243980673,-0.643474571952169,0.562531262614146,66.62353230296314
413,0.24351207164466818,-0.6383962797169029,0.5416148181147654,64.1462879107284
414,0.24329111174242923,-0.634541469869656,0.5257332318030769,62.265348220830944
415,0.24316549215074906,-0.6323497398647372,0.5167026075163587,61.19580395037361
416,0.24265852662518295,-0.6234764134649251,0.48002655593866955,56.852066509584716
417,0.24221807274694399,-0.6157646400648509,0.4481409381704688,53.07568530810687
418,0.2418164974194694,-0.6087300962744109,0.4190411617720455,49.62924593355573
419,0.2415049331983824,-0.6032714307438798,0.3964567098162884,46.95445065653096
420,0.2412687535405806,-0.5991325474961383,0.3793286918273518,44.9258895158244
421,0.241052243684232,-0.5953361039552364,0.3636085252560097,43.06406761368389
422,0.24088092408511227,-0.5923308058333198,0.3511591552966155,41.589623335179574
423,0.24061034694789324,-0.587577695587617,0.3314422570773055,39.25444750988598
424,0.24037857572304294,-0.5835043829440889,0.3145375317552263,37.252332092629985
425,0.2402206457048814,-0.5807282144946914,0.3030136638345639,35.88749988206188
426,0.24013467692723936,-0.5792167005926743,0.2967380808302915,35.14424962240146
427,0.24010320875055144,-0.5786632472822982,0.29443950027262683,34.87201665294323
428,0.24007327264000788,-0.5781363696148029,0.29224976874955705,34.612675246415705
429,0.2400842066636359,-0.5783288872650376,0.2930502040263857,34.70747500078741
430,0.2401555496794055,-0.5795853472747827,0.2982754900723692,35.326333074664085
431,0.24024588595680768,-0.5811771961581597,0.30489923434248317,36.110817901864166
432,0.24032257572271662,-0.5825296729993631,0.3105314755405666,36.77787381206338
433,0.2403917525686407,-0.5837505848449953,0.31561967274298003,37.380495734093984
434,0.24044705739493094,-0.5847274588594282,0.319694104661568,37.8630521084416
435,0.24049615540751165,-0.5855953489125987,0.3233166650256033,38.292090960986734
436,0.24053966007936647,-0.5863649385576387,0.3265312863114145,38.67281544567007
437,0.24065921744279228,-0.5884800844935295,0.33536719601652276,39.71929864542805
438,0.24068822434131107,-0.5889939847020705,0.33751699473957897,39.97391060069043
439,0.24075908891142064,-0.5902499145058009,0.34277282925195174,40.596386689906964
440,0.24075994926191946,-0.5902651813815448,0.34283679688343843,40.60396271251395
441,0.24067060334195078,-0.588677561128874,0.33617565620893547,39.81504883270575
442,0.2406432099364732,-0.5881906884229365,0.33413244132968384,39.57306016193015
443,0.24057470728211158,-0.5869719462760647,0.3290127751278605,38.96671120099866
444,0.2405865159409278,-0.5871820511851195,0.32989544222217027,39.07125010146302
445,0.24025907712711433,-0.5813376723113431,0.30526570896364447,36.154221416270985
446,0.23998493276328103,-0.5764429459101815,0.28463142250364987,33.710394482764166
447,0.23962675903063654,-0.5700398063870757,0.25760432174026643,30.50943297104847
448,0.23929363835465545,-0.5640814488291497,0.23244164118200158,27.529284537675796
449,0.23905771220973998,-0.5598615235662996,0.21462036555936667,25.418617253857587
450,0.238878297418121,-0.5566515098660955,0.2010603600647404,23.812634574954874
451,0.23876012750873718,-0.554536783269594,0.19212514378848933,22.7543899763376
452,0.23870555739629262,-0.5535600273995857,0.18799733063780535,22.265511382271217
453,0.23868841785302647,-0.5532531272433964,0.18669986337816702,22.111845519359267
454,0.23875326999541485,-0.5544143826587541,0.19160931024526162,22.693297100235963
455,0.23884558106464052,-0.5560680580568045,0.19860364687714852,23.52167312749322
456,0.23892136185178095,-0.5574267053972329,0.20435475095988342,24.202806593486223
457,0.23904714094899643,-0.5596823143571986,0.2139050089305256,25.333893810669288
458,0.23919851234925116,-0.5623980863047449,0.22540869700388697,26.696336015920565
459,0.23926931120432618,-0.5636700126090561,0.23080364251615793,27.335287751579127
460,0.23939462461589048,-0.5659217698409594,0.24035652057116427,28.466685279116252
461,0.2395815821310331,-0.5692816291776567,0.2546121849452842,30.155058493283455
462,0.23957566991457838,-0.5691751353936085,0.2541593103779571,30.101422179409457
463,0.23964035996172284,-0.5703404575123,0.2591153407283586,30.688390886908522
464,0.23976578672097393,-0.5726002062375964,0.26872723580818436,31.82677811070041
465,0.2397189462606906,-0.5717545421667277,0.2651227295470079,31.39987750039167
466,0.2397433728389847,-0.5721955774020449,0.2670027164793729,31.622534228011595
467,0.23980155139299894,-0.5732464150928355,0.2714837466352916,32.153246167390826
468,0.23992785980956113,-0.5755279909146428,0.281213610695742,33.3056050772271
469,0.23973541861766506,-0.5720405591453842,0.2662935483357703,31.53854371963704
470,0.23961186282569943,-0.5698011896949428,0.2567117911526032,30.403725885255174
471,0.23953842135404166,-0.5684697683569816,0.25101348890383657,29.7288460178172
472,0.23949040135924177,-0.5675988252893016,0.2472843237831603,29.287181403968216
473,0.23947713287311131,-0.5673580858783722,0.24625316424344665,29.165055763191617
474,0.2394586958989179,-0.5670233403385062,0.24481836785984093,28.995125290763994
475,0.23937337800028943,-0.5654724471364424,0.2381630377819729,28.20689959043725
476,0.23933608043692872,-0.564794285563467,0.23525211338465013,27.862143523520587
477,0.2393189346345225,-0.5644823840121322,0.2339126817669189,27.703507601248766
478,0.2393726415195892,-0.5654594138895038,0.23810861784182558,28.20045435106783
479,0.23947192895543368,-0.5672660762246758,0.24586933657102164,29.11959703577131
480,0.23961953701160477,-0.5699525436992485,0.2574116967574401,30.486619382509318
481,0.23974287320810325,-0.5721991802050671,0.2670725047907734,31.630799624315706
482,0.23982105129292935,-0.5736247108410051,0.2732087492781016,32.35754729149525
483,0.2399329833842009,-0.5756664065599275,0.28200020431294637,33.398765491141845
484,0.24001576592676582,-0.5771777451895617,0.2885137108392222,34.17019428328092
485,0.24009178042445323,-0.5785664790467745,0.29450291485833263,34.87952717543333
486,0.24018338246654025,-0.5802408080564232,0.30172732038933525,35.735151470921785
487,0.2402887148732729,-0.5821670758892805,0.310042949853622,36.72001514882442
488,0.24041641453089352,-0.5845033737251538,0.3201328971010148,37.91502060193994
489,0.2405303639287008,-0.5865896685990815,0.32914982849090063,38.9829431506992
490,0.24068723674264061,-0.5894625048425947,0.3415689997234364,40.45381083535341
491,0.24078999203484647,-0.5913463801090876,0.34972194364940856,41.41940681039673
492,0.24095451020033637,-0.5943627496362451,0.3627767188991825,42.96555241752154
493,0.24115377645748387,-0.5980172689687575,0.3785979341720481,44.83934204817342
494,0.24110791771399132,-0.5971738557023742,0.37493641681950973,44.405689314846086
495,0.24110095163806855,-0.5970457020264868,0.37437990392034304,44.33977856893954
496,0.2411367036865512,-0.597703586856188,0.3772374891334286,44.678217396086225
497,0.2411151107506446,-0.5973058056991221,0.3755077808284816,44.47335895569696
498,0.2411373299591258,-0.5977152196074546,0.37728848537615567,44.68425714898613
499,0.24116024214737938,-0.598137658492812,0.3791269453454103,44.90199562023151
500,0.24112159904396857,-0.5974243671125071,0.3760191630538513,44.533924638842734
501,0.241117493175477,-0.5973485555029309,0.3756887525447534,44.49479238666563
502,0.24117177835478576,-0.5983509801054223,0.38005802637966707,45.01226843791317
503,0.24111690907986802,-0.5973361830482986,0.37562795856497067,44.48759223630054
504,0.24093158275088492,-0.5939028095345878,0.3606145315328832,42.70947321016465
505,0.24079000456072708,-0.591279253752402,0.34913938707321707,41.35041157501757
506,0.24062796864735736,-0.5882742704284679,0.3359858095912404,39.792564300543326
507,0.24047772039289675,-0.5854864686927326,0.3237767142032572,38.346577001648626
508,0.24032746549832576,-0.5826968537744003,0.3115523349836951,36.898779558296916
509,0.2401818344071211,-0.5799915512219109,0.29969075784498417,35.49395067111193
510,0.2399287601277654,-0.5752834041185424,0.2790173747654194,33.045493319582185
511,0.2397316230421492,-0.5716153278177597,0.2629084207596971,31.13762527936031
512,0.23960495657894595,-0.569258433254001,0.25255753426027955,29.911715419962377
513,0.23947995408057407,-0.5669311352295391,0.2423306794770998,28.700495288233906
514,0.23931802198075947,-0.5639135378260614,0.2290584712349191,27.128597949683492
515,0.23922391816645783,-0.5621598739855178,0.22134519438998493,26.215074056536498
516,0.2391778141329537,-0.5613005532732499,0.217564910127141,25.767355134161296
517,0.23918465702575428,-0.5614281113972625,0.21812612465733983,25.833822718927763
518,0.23920385232934266,-0.5617861022048204,0.21970191871495648,26.02045228652293
519,0.23924775643431612,-0.5626052074740668,0.22330873246691,26.44762618508521
520,0.23928772955701114,-0.5633514412134436,0.2265967101823628,26.83703865705861
521,0.23935908012259904,-0.5646838328668653,0.23246906816680113,27.53253285955443
522,0.2394209519597865,-0.5658400026215477,0.2375681727889351,28.13644660459717
523,0.23950013058683833,-0.5673202003140642,0.24409908284640597,28.90993658835317
524,0.23958964895979334,-0.5689945064154981,0.2514899948341569,29.78528111814162
525,0.2395212603431092,-0.5677127832544827,0.24582058537743054,29.11382317583341
526,0.23950959007138936,-0.5674940457489405,0.2448529795859911,28.999224539300883
527,0.23954223694038132,-0.5681060556338083,0.24756072382368216,29.319916912644967
528,0.23957546855838813,-0.5687293862129457,0.25032012996127445,29.646727876164654
529,0.23961953069507427,-0.5695562614369997,0.25398233744047494,30.080462344817686
530,0.23949032973754827,-0.5671264373447678,0.2431977188454483,28.803183315023148
531,0.23942052311746678,-0.5658135417825745,0.23737019036112889,28.112998505707395
532,0.2393916506851335,-0.5652704078672097,0.23495889510109266,27.827416141978045
533,0.23933421430660895,-0.5641890374513795,0.23015405580670445,27.25835378542099
534,0.23929754429743197,-0.5634983738157753,0.22708406030320216,26.894758091828702
535,0.23931150372357965,-0.5637613207478843,0.22825297780641315,27.033199131839122
536,0.23929117456884422,-0.5633780475406784,0.22654764303982752,26.83122737762763
537,0.23932815904479493,-0.5640753515984815,0.22965032207315805,27.19869395333795
538,0.23939304555142749,-0.5652990873643721,0.2350970011346308,27.843772764975142
539,0.239480260202363,-0.5669444989641985,0.2424230413338382,28.711434188087004
540,0.23960091707761536,-0.5692213699214437,0.2525629389550333,29.912355526351913
541,0.23962565436730796,-0.5696888841575838,0.2546481067001391,30.159312895401182
542,0.23970254183782538,-0.5711420779734998,0.261129893394345,30.926984941209867
543,0.23982373002745253,-0.5734328426480328,0.27134877705536187,32.137261011069775
544,0.2399270966327176,-0.575388187090763,0.2800778160313486,33.171086949005925
545,0.2400165396799076,-0.5770813332930389,0.28764161475532696,34.0669073631075
546,0.24008339836518694,-0.5783479555272839,0.2933044142787713,34.73758245629637
547,0.24018340374684088,-0.5802429674482844,0.30177853219847667,35.74121675448446
548,0.24027891021741687,-0.5820538229552877,0.30988117333930937,36.700855106452586
549,0.24042372207386048,-0.5847996791902078,0.32216809488638143,38.15605976617445
550,0.24049780833345544,-0.5862062651395485,0.32847014525295426,38.90244469458022
551,0.24062528274861222,-0.5886264982779384,0.3393138658944683,40.186723490192264
552,0.2406412993138523,-0.5889310978149985,0.3406808704107883,40.34862501567923
553,0.2406269142745917,-0.5886572942142976,0.3394510405664076,40.20296980714295
554,0.24060822214264488,-0.5883012978694798,0.3378510852921791,40.01347869975008
555,0.24058314941446451,-0.5878234880129266,0.33570235460336734,39.758993237393454
556,0.24057462645431982,-0.5876610024163202,0.3349713649612489,39.672418294325425
557,0.24052098991331397,-0.5866374461894536,0.33036210684089967,39.12651964356115
558,0.2405142903698137,-0.5865095845174758,0.32978626454427484,39.05831961557993
559,0.24054835286863485,-0.587159768612292,0.33271488879291083,39.40517196886163
560,0.24051900568876172,-0.5865989358144544,0.3301858022782242,39.105638968108586
561,0.24044309117591853,-0.585146750477339,0.3236307076461365,38.329284678143665
562,0.24038994772021038,-0.5841298197170453,0.31903881778876814,37.78544304199646
563,0.2403158682411576,-0.582711209319619,0.312628431954898,37.02622737513271
564,0.2402897365284071,-0.5822107475726667,0.3103667611058258,36.75836581634289
565,0.24029990429714362,-0.582405512296466,0.3112470997513747,36.8626289463896
566,0.24024117951418625,-0.5812792660639581,0.30615032114382784,36.258990683472526
567,0.2401872917650833,-0.5802452728592786,0.3014687239689124,35.70452453849245
568,0.24001756933841742,-0.5769833648889646,0.2866760345840898,33.95254863141573
569,0.23980571966102862,-0.5729080557617884,0.26817768255943447,31.76169163275047
570,0.23961013227910216,-0.5691440803244464,0.25108575381970943,29.73740473139812
571,0.23940585817567817,-0.5652104922044096,0.23321262222364583,27.620595872257017
572,0.23913650714530793,-0.5600179617360254,0.20959305995955274,24.82320704417505
573,0.23892513316632835,-0.5559429793671725,0.19105636871189863,22.627809329941268
574,0.23868478034047624,-0.5513056214984231,0.16994474855054767,20.127449258838116
575,0.23849367992348083,-0.5476181713839943,0.15315593866676624,18.139062315821857
576,0.23835134808654448,-0.5448715076508347,0.14064937869566874,16.65784472382307
577,0.23822251717559398,-0.5423843580867972,0.1293198644346502,15.316030838070034
578,0.238123866571017,-0.5404793810349406,0.12064012920002133,14.288044201206231
579,0.23800501612418412,-0.5381826658382399,0.11016793284127427,13.047766977949887
580,0.23789524305055668,-0.5360604150447122,0.10048692867568525,11.901194802113947
581,0.2378091511127681,-0.5343954857054201,0.0928897744439027,11.00142392001288
582,0.23767594705729536,-0.5318169163765307,0.08111212178931036,9.606534650321683
583,0.23758367323100277,-0.5300304278729298,0.07295118470295388,8.639992003307475
584,0.23752923940886644,-0.5289763825570056,0.06813539710533824,8.069632981689809
585,0.23750769952756753,-0.5285592059901922,0.0662289996757248,7.84384832015135
586,0.2375168513962738,-0.5287364937745161,0.0670393337176626,7.939820437271292
587,0.23754244079718195,-0.5292323815451364,0.0693067003594816,8.208356578715051
588,0.2376162980757708,-0.5306636514748098,0.07585102493400268,8.983435314189258
589,0.23773116865159324,-0.5328898778325937,0.0860309512955724,10.189097466440225
590,0.2378857492372406,-0.5358859218424981,0.09973206830682643,11.811792723489583
591,0.2380850606482333,-0.5397489391094297,0.11739796441930407,13.904057595740344
592,0.2383131035189849,-0.544169611333961,0.13761763528169008,16.298779426124142
593,0.23828549227348234,-0.5436325648302958,0.13515306874533747,16.006887865316582
594,0.2383022358931361,-0.5439582524020207,0.13664777406207881,16.183913667385887
595,0.23829540148073167,-0.5438252114255543,0.13603673404862995,16.11154498891417
596,0.23832622241556534,-0.5444252552650443,0.13879299118009503,16.437982999097066
597,0.23837311093958227,-0.5453384289488349,0.1429890216130331,16.934940924233434
598,0.23846475391402305,-0.5471232613848389,0.15119053600232732,17.906289354379545
599,0.2385947126361757,-0.5496545402367029,0.16282302354434752,19.28398595726362
600,0.2386144578689375,-0.5500397932095439,0.16459648581436478,19.49402640956756
601,0.23866441592895662,-0.5510147181018998,0.16908526588855677,20.025656212476772
602,0.23872142322303652,-0.5521276920163117,0.17421186836349714,20.632826672668454
603,0.23880584348064493,-0.5537762031508497,0.18180684577847533,21.53233974292097
604,0.23891211249881944,-0.5558519138291028,0.1913725172556268,22.6652524626442
605,0.23904876908363323,-0.5585216040109692,0.20367744609211028,24.122589820239984
606,0.23906654045576273,-0.5588694166400787,0.205283467817309,24.31279940928718
607,0.23904722294875508,-0.5584910029002701,0.20353458260403706,24.105669746912277
608,0.23906937871934172,-0.5589250446392707,0.20554069145181764,24.34326375546971
609,0.2391301087784765,-0.5601148754110156,0.21104046441239022,24.994630756469622
610,0.23915668623633918,-0.5606360419592834,0.2134515614121897,25.280189639197715
611,0.23922809300320957,-0.562036297286837,0.21992969823707592,26.047429411810786
612,0.23932215488240297,-0.56388126646484,0.2284673561026202,27.05858907954804
613,0.23944033647439228,-0.5661998527851285,0.23919909490768743,28.329605278050035
614,0.23959213182023403,-0.5691782234488273,0.2529861672749656,29.962480679420747
615,0.23973596934399485,-0.5720021275463274,0.2660658937544661,31.511581391746226
616,0.23988570245865917,-0.5749430376255411,0.2796933601523003,33.12555381977536
617,0.2400510193279926,-0.5781910408918911,0.29474847750340083,34.90861044938343
618,0.24020190442046513,-0.5811574819080211,0.3085076137561125,36.53817722996285
619,0.2401802254609973,-0.5807302291610583,0.3065211127383606,36.30290547971197
620,0.24016595727588602,-0.5804489117362406,0.3052125921581428,36.147930513982764
621,0.24009699511575675,-0.5790877655002804,0.2988746106091825,35.39729006690707
622,0.23995795192156294,-0.5763400655894213,0.2860649716515434,33.8801772385149
623,0.2398241582464558,-0.573694928036085,0.27372803249480976,32.419048730547665
624,0.23970280448286638,-0.571294840619003,0.2625298878824849,31.092793642349623
625,0.23961000485198553,-0.5694591119752063,0.2539631551175138,30.07819048154824
626,0.23956083261808256,-0.5684863678792559,0.2494235127840889,29.54053679410814
627,0.23952048369088924,-0.5676878514633514,0.24569548876514039,29.099007326930767
628,0.2395033143812553,-0.5673479837621433,0.24410837112523723,28.91103664800475
629,0.23947449138160432,-0.5667770784238125,0.2414407197305035,28.595092680652314
630,0.23947558813052708,-0.5667988056033487,0.24154226015421634,28.607118646405493
631,0.23946961823543605,-0.5666804717822385,0.24098892454983317,28.541584204209897
632,0.23941218776534218,-0.5655409087844463,0.2356547371942686,27.909828376201315
633,0.23934685463156116,-0.5642437948686884,0.22957961873699936,27.19032018584527
634,0.23913443006405047,-0.5600179649294107,0.20974862084384252,24.841630936833734
635,0.238970133794277,-0.5567495231574112,0.1944102569603614,23.02502793255475
636,0.238762508086618,-0.5526153019340116,0.17499118502626043,20.725125238644264
637,0.23859399062929332,-0.5492594646601962,0.15922673839329182,18.858059016210444
638,0.23846393781743605,-0.5466693605232615,0.14705826126146895,17.41688235075291
639,0.23831823614442788,-0.5437657179613957,0.13340799375608572,15.800209467786782
640,0.23817865738372734,-0.540982919554993,0.1203203290387414,14.250168588255383
641,0.238029955814575,-0.5380165209616499,0.10636115959674564,12.5969108263321
642,0.23788151910129804,-0.5350539775276886,0.09241345710433538,10.945011155481973
643,0.23772934813186672,-0.5320153165550104,0.07809996665935585,9.249789295993327
644,0.2376144669641831,-0.5297210658195864,0.0672919632396174,7.969740678572055
645,0.23753000824400014,-0.5280341030410032,0.05934358457055848,7.02837244144803
646,0.2374447340052617,-0.5263300165698909,0.051310619516825876,6.076986194470634
647,0.23737885463564531,-0.5250131533417511,0.0451013356968592,5.341588095464762
648,0.23731706522374998,-0.5237775071848132,0.03927249215919302,4.651247537473425
649,0.23728415986957158,-0.5231193709186154,0.03616741225114046,4.2834966135584285
650,0.237249471081145,-0.5224252191875872,0.0328907942958672,3.895429537653788
651,0.2372450927851914,-0.5223375940179678,0.03247712021059748,3.8464359427826524
652,0.2372565077600633,-0.5225661152501443,0.03355627291033478,3.9742456655999487
653,0.2372837284115553,-0.5231112156854166,0.03613116101138524,4.2792031888132325
654,0.2372979225525477,-0.5233956347114425,0.03747550371804453,4.4384207571438345
655,0.23728384790703483,-0.5231133849259433,0.036140356840860484,4.2802922992019585
656,0.23729975478588705,-0.5234324185501579,0.03764969587185601,4.45905124891855
657,0.23722324517553292,-0.5218955868023771,0.030368031282828487,3.59664546241708
658,0.23712777049588535,-0.5199765031087029,0.021269077271005854,2.519008543692348
659,0.2370385321252698,-0.5181820464998774,0.012757601695418598,1.5109497820853814
660,0.23695394004187437,-0.5164803042752414,0.004682517407667145,0.5545751329786702
661,0.23689125147288154,-0.51521890790359,-0.0013044006348686792,-0.15448701896020403
662,0.23686434439768175,-0.5146774581078797,-0.0038744306957852284,-0.4588691789620511
663,0.23687461577970775,-0.5148841564496432,-0.0028932854794412217,-0.3426669972180122
664,0.23692105707539565,-0.5158187625265946,0.0015432191994028976,0.18277155602726922
665,0.23700507712144808,-0.517509632956979,0.009569711459072615,1.1333911960034202
666,0.23712580451346918,-0.519939234690011,0.021102979691660917,2.499336734890991
667,0.23728131081822773,-0.5230687996383016,0.03595918600617488,4.258835285593613
668,0.23745003320243685,-0.5264653188514806,0.052087260468241026,6.168967861896473
669,0.23764158043537634,-0.5303219277829045,0.07040289192269733,8.338184303636064
670,0.237846103044156,-0.5344409561589705,0.08997032742434607,10.655658474177319
671,0.2380601100627029,-0.538752419926863,0.11045863465189035,13.08219632038342
672,0.2382277510882207,-0.5421334342969659,0.1265426635185406,14.987112345457897
673,0.23824179659329373,-0.5424173824755015,0.12789664932632858,15.147471996908578
674,0.23827631697278964,-0.5431154061146723,0.1312258294570974,15.541764287356441
675,0.2383454947589924,-0.5445142722428188,0.13789786159977638,16.33196810095157
676,0.23837571840760263,-0.5451260047235406,0.14081828345219194,16.677849001363228
677,0.23837508365582258,-0.5451131466151781,0.14075684830472707,16.670572914141616
678,0.23840863759181294,-0.54579287747084,0.1440047061483032,17.055233778946477
679,0.23839713136766205,-0.5455595542160797,0.14288875175169702,16.923065437856565
680,0.23838759985974722,-0.5453661907310061,0.14196352301311085,16.81348573829219
681,0.23841055370746417,-0.5458318809971044,0.1441919602264653,17.077411263033884
682,0.23845496674870167,-0.5467331106809139,0.14850537682952647,17.588271848905535
683,0.23852495587151082,-0.5481535221662043,0.15530458435553213,18.39353771117656
684,0.23854213150976286,-0.5485024815627568,0.1569768056753137,18.5915876659443
685,0.23853250336831638,-0.5483067142415102,0.15603796430874473,18.480395751343334
686,0.23851025118102673,-0.5478539923986302,0.15386555086570494,18.2231054160024
687,0.2384915901959606,-0.5474741786390069,0.1520422524226544,18.00716260394603
688,0.23845664809020087,-0.5467625323275039,0.14862381097365676,17.602298626707306
689,0.23845017248334718,-0.5466306324840553,0.14799015062781307,17.52725090344969
690,0.23844794578683998,-0.5465852594759176,0.14777208799629757,17.50142460055707
691,0.23847823477352917,-0.5472024848831284,0.15073862523790485,17.85276718874622
692,0.23853729586371394,-0.5484061310057051,0.15652415125942076,18.537977425761067
693,0.2385766552673376,-0.5492088187178202,0.16038505610953066,18.99524466777105
694,0.23854280079195359,-0.5485174754841362,0.15705530856610303,18.600885175661492
695,0.2385382474629142,-0.5484244829764127,0.15660738229823246,18.547834914884625
696,0.23845792249977166,-0.5467818090977767,0.1486844235691315,17.609477294776013
697,0.23835840724940738,-0.5447453316886207,0.13885557611546365,16.44539526173974
698,0.23829641633847237,-0.5434767358812662,0.132732755630899,15.720237469721269
699,0.2382207904271385,-0.5419281764292622,0.1252542267579317,14.834516011981528
700,0.23817246352112062,-0.5409384845294835,0.12047407521329208,14.268377555307334
701,0.23810939232184689,-0.5396460456408826,0.1142278511148361,13.528604425079596
702,0.23807347419795294,-0.538909931951646,0.11066986401741179,13.107213323690498
703,0.23806847500397554,-0.538807470555535,0.11017458656494085,13.048555013394488
704,0.23807805276069438,-0.5390038234449254,0.11112396191526959,13.160994523025172
705,0.23799714584888124,-0.5373426203677494,0.1030797772900709,12.208279483264734
706,0.23793424278565978,-0.5360507814714509,0.09682277406891895,11.467229724915397
707,0.2378987657269955,-0.5353221083324662,0.09329306416408625,11.049187639979731
708,0.23785398584916576,-0.5344018553789402,0.08883289985994045,10.52094695303038
709,0.2378417064676783,-0.5341494959650706,0.08760974425041516,10.376082209186526
710,0.23783289310011566,-0.5339682968153115,0.08673115003245813,10.272025680862681
711,0.2377805007219997,-0.532890089298605,0.08149814203148006,9.652253055294015
712,0.23774375201920936,-0.5321336330109454,0.0778258292402523,9.217321761456276
713,0.23773831377718913,-0.5320216834323124,0.07728232837926025,9.15295209958056
714,0.2377208388124881,-0.5316617403990261,0.07553383817000177,8.94586921960585
715,0.23771133234101663,-0.531465863812595,0.07458201429083003,8.833139717842625
716,0.23764013424181957,-0.5299971194303422,0.06743653878854698,7.986863520260118
717,0.23758522533703197,-0.528864134361008,0.061923234944302526,7.333893985631742
718,0.23754605560584677,-0.5280557143594674,0.057988376862347306,6.867868073911815
719,0.23753719625783204,-0.5278728567086706,0.0570982951227773,6.762451018061543
720,0.23754827773890178,-0.5281016204925485,0.05821202928780878,6.8943564054636015
721,0.23759113561763934,-0.528986388654917,0.06251960620576906,7.404525366753982
722,0.23765148939211442,-0.5302325951446992,0.06858808284430258,8.123246931628923
723,0.2376725434772068,-0.5306677364630282,0.070709008138576,8.374439255053835
724,0.23764756319919478,-0.530150927401058,0.06818749729627847,8.075803480975425
725,0.23760356614152653,-0.5292400816357592,0.06374055186591733,7.549128374684666
726,0.23756566169873725,-0.5284550905543253,0.059906712174368194,7.095066601571253
727,0.2375178226241583,-0.5274638104669215,0.055062726347928144,6.521367915593887
728,0.23741292707438094,-0.5252878271455098,0.04441778213678147,5.26063125676568
729,0.2373104054520187,-0.5231602386869659,0.034005453926695926,4.027444532831514
730,0.2372280695914963,-0.5214512397135069,0.025640143560261678,3.0366968847230593
731,0.23716896441999813,-0.5202242508158732,0.019633348476975832,2.3252805904377807
732,0.23713568458923967,-0.5195333082718647,0.016250446122332902,1.9246256948237077
733,0.2371272938827088,-0.5193590846607364,0.015397342378271396,1.8235881372200047
734,0.23710367756200407,-0.5188684155568064,0.012993258547257852,1.5388598609100963
735,0.2371112802469904,-0.5190263779595885,0.013767229768581335,1.6305253381775853
736,0.23715088171186038,-0.5198491869664756,0.017798771520178617,2.1080020047544656
737,0.23720371029641774,-0.5209470872578648,0.023179491575950686,2.7452689448761993
738,0.23718460345349954,-0.5205494617803441,0.02122812544532436,2.5141584038646037
739,0.2371877604665095,-0.5206151700493621,0.02155063497153751,2.552354901136282
740,0.23720026496134858,-0.5208755090762417,0.022828810006942986,2.703735884593887
741,0.23720450451290992,-0.5209638215325787,0.023262620724509315,2.755114366601876
742,0.23713492090424387,-0.5195123860573164,0.016123240232209162,1.9095600330675906
743,0.23705933502676554,-0.5179349712986241,0.008360382921973141,0.990164064977981
744,0.23701662604598928,-0.5170436624361439,0.0039739885267563255,0.4706603358426341
745,0.23699777537986114,-0.5166502164830514,0.002037506171681357,0.24131255855127662
746,0.23700888193640338,-0.5168820357041932,0.003178516168914899,0.37644836603587406
747,0.23704079310572632,-0.5175481876533815,0.00645775802384863,0.7648262041601586
748,0.23705826633142715,-0.5179131664570341,0.008255510350956004,0.9777434555164096
749,0.2371020600670084,-0.5188279815161972,0.012761830941870079,1.5114506739580713
750,0.2370937939159036,-0.518655117231729,0.01190937644751149,1.4104900104070721
751,0.23710021512813115,-0.5187894292904134,0.012571861819981297,1.4889516329804962
752,0.23707973575042773,-0.5183607354136571,0.01045574952238629,1.2383293380339802
753,0.2370204092189324,-0.5171177242954019,0.00431446632135976,0.5109849095237292
754,0.23697123976561693,-0.5160872312779349,-0.0007782782612935513,-0.09217558263522009
755,0.23694366745167963,-0.5155092927972865,-0.0036348606594001293,-0.430495641136345
756,0.236868709312531,-0.5139365106861107,-0.011416514514444953,-1.3521177827623974
757,0.23679255224933016,-0.5123378894476722,-0.019329369865138505,-2.28927880669506
758,0.23673825505120163,-0.5111979770149302,-0.024972465380164028,-2.957620250665422
759,0.2367038340688714,-0.5104752326584182,-0.02855093651123583,-3.381437383758192
760,0.23669565404825704,-0.5103034637494342,-0.02940145913778417,-3.482169246056683
761,0.23666175448339583,-0.5095910888410649,-0.03293143675467515,-3.9002430375376527
762,0.23663469420544955,-0.5090222547324161,-0.03575103262738218,-4.2341825875524055
763,0.23662785833927413,-0.5088785376678536,-0.03646350913247174,-4.318564922556061
764,0.23660730897901405,-0.508446253795211,-0.03860780824597876,-4.572525530171111
765,0.23656788765313072,-0.5076164291902012,-0.042726743600925564,-5.060352680254938
766,0.23654848456811584,-0.5072079325356726,-0.044754656814359,-5.300529094370897
767,0.23655551854747225,-0.5073560279483493,-0.044019423622653556,-5.213451565434701
768,0.23659079558938012,-0.5080987749217712,-0.040331919249111906,-4.7767210527049855
769,0.2366256000620101,-0.5088318732279766,-0.0366908324451584,-4.345488016564411
770,0.23667560778692703,-0.5098854048117782,-0.03145724976541204,-3.725647328770534
771,0.23674595757743555,-0.5113676608847307,-0.024093070023020923,-2.8534688392195364
772,0.23681711786412424,-0.5128675796173234,-0.016638248088033727,-1.9705551186728913
773,0.23691377801288815,-0.5149050521697213,-0.0065113724131454845,-0.7711760379109501
774,0.23703292254136374,-0.5174166394081466,0.005972853629616096,0.7073964296390589
775,0.23712308636373652,-0.5193188804972351,0.015435997081326822,1.8281662167487882
776,0.23715101908442177,-0.5199089514494629,0.018375188261301537,2.1762700672150457
777,0.23715360405949554,-0.5199635992126785,0.018647595519712526,2.2085326897330675
778,0.23717427264587343,-0.5204006104456066,0.020826329488539342,2.4665715981434997
779,0.23721068832973216,-0.5211707125464445,0.024666383745312676,2.921369394860364
780,0.23720173028123862,-0.5209810778417654,0.023719823572201825,2.8092633014551947
781,0.23721673192777556,-0.5212986730485869,0.025305208503446405,2.997028766593182
782,0.2372590755040753,-0.5221951294213071,0.029780244265805667,3.5270307584557408
783,0.2373227000989097,-0.5235422515874345,0.03650558621443184,4.323548332395641
784,0.2373763465694354,-0.5246787194043813,0.042182298307784076,4.995871164318839
785,0.23743957646039884,-0.526018551285516,0.048876535703565614,5.788704862678948
786,0.23750058977804395,-0.5273119659440527,0.05534159476157645,6.5543957666659045
787,0.23755282255228372,-0.528419819118793,0.06088199645335049,7.210574641717137
788,0.2376076460279348,-0.529583035491179,0.06670133000067921,7.899788881598606
789,0.23760790292000183,-0.5295884924289254,0.06672866143464887,7.903025886890546
790,0.23760220964570666,-0.5294674975816894,0.06612236467848064,7.831218977294016
791,0.23759398877599602,-0.5292927108990603,0.06524614872407701,7.7274441192153756
792,0.23755353872608054,-0.5284319745795715,0.060927669803136686,7.215983976445884
793,0.23750447367565383,-0.5273873891314115,0.055684140571694206,6.594965266287259
794,0.23748001508044636,-0.5268666386668319,0.05306995971424757,6.285354095536473
795,0.237477721142061,-0.5268177939370362,0.052824736711166685,6.256311047171008
796,0.23747305708635952,-0.5267184403261922,0.05232572610540439,6.197210599921146
797,0.23749495107967034,-0.5271848341355809,0.05466826445676536,6.4746497217889
798,0.23750939455513664,-0.52749266654525,0.05621516199586773,6.657856922908408
799,0.2375372441114673,-0.5280863394808208,0.05919903382876886,7.011252537799859
800,0.23757013549413517,-0.5287877114336383,0.06272532040275655,7.428889179681434
801,0.23755407117809144,-0.5284447887657375,0.06099936454958342,7.224475161866672
802,0.2375547159575083,-0.5284585549209344,0.061068661352860036,7.232682346281876
803,0.23755645952117638,-0.5284957941608112,0.061256187431085234,7.254892044765521
804,0.23748869214967752,-0.5270464730288794,0.05394812499132904,6.389359822139278
805,0.23744453018244163,-0.5261019277380702,0.04918501529157958,5.825239720673054
806,0.23741185680163981,-0.5254029420601866,0.04565939791736018,5.4076823356352195
807,0.23736723399499718,-0.5244477961334938,0.04083910373022727,4.83678957494875
808,0.23734892247689676,-0.5240558309715444,0.03886094342295541,4.602505658852223
809,0.2373333246521888,-0.5237218375537311,0.03717477252760402,4.4028035825752365
810,0.23732692620116155,-0.5235847936699103,0.036482728901608676,4.320841220772802
811,0.23730307988642332,-0.5230737254987308,0.033900329358289315,4.014994077995412
812,0.23729881261291644,-0.5229822603979947,0.03343811114725665,3.9602511473169524
813,0.23731401857146137,-0.5233082204680073,0.035085519908218545,4.155362420407944
814,0.237354522267031,-0.5241764837353826,0.039473801926692496,4.675089710680966
815,0.23739756282450108,-0.5250994461101002,0.0441401309027362,5.227747562667667
816,0.23744989081799217,-0.5262218412178691,0.0498161249694037,5.899985354918931
817,0.23750017610118265,-0.5273008645299965,0.055275010045632934,6.546509788999647
818,0.23743269108781856,-0.5258497962309161,0.04791895247621424,5.67529325105803
819,0.2373893422765941,-0.524917659092196,0.04319333002865982,5.115612961782793
820,0.23727271689881882,-0.5224064150876985,0.030444888677123253,3.6057480873409347
821,0.23715924629236415,-0.5199622703016938,0.01803288895205996,2.1357297619872795
822,0.23706988466447237,-0.5180373127169211,0.008256863043627405,0.9779036620149253
823,0.23686357100564143,-0.5135846923936872,-0.014398377592929492,-1.7052754903166798
824,0.23663786416704072,-0.5087105107216949,-0.039213829064538644,-4.644299759027237
825,0.23638770101324333,-0.5033045246624347,-0.06675535300026904,-7.906187109212747
826,0.23616795598040435,-0.4985558022068456,-0.09094869886786879,-10.771532143436021
827,0.23597742608348318,-0.49443834234776585,-0.11192635605350781,-13.256026275643142
828,0.23580411458342046,-0.49069236941362593,-0.13101445943335127,-15.516730625156962
829,0.23565760048042367,-0.4875254847959528,-0.14715231540724033,-17.42802167728546
830,0.23553934137132043,-0.4849693076682033,-0.16017822462024184,-18.970748528047423
831,0.23544698580037607,-0.48297297596803085,-0.1703515510577068,-20.175629016618498
832,0.23537085905639385,-0.4813271858240323,-0.17873981091785124,-21.16909469381645
833,0.23530821785464406,-0.47997268334154103,-0.18564473951123794,-21.986881657430416
834,0.2352690757022198,-0.4791262666327124,-0.18995976416374596,-22.497932693044845
835,0.23525093351514595,-0.4787339277196547,-0.19196005175524614,-22.73483725964302
836,0.2352444400508406,-0.47859347272023384,-0.1926762886060979,-22.819664952147686
837,0.23525761912735366,-0.47887856275303303,-0.19122237848544602,-22.647470739440795
838,0.23527133859322982,-0.47917545078162027,-0.18970775190249575,-22.46808555717168
839,0.23527723847558707,-0.4793031861015087,-0.18905577137009394,-22.39086807798747
840,0.23530025842112676,-0.4798016371599314,-0.1865113068858623,-22.08951378352361
841,0.23532196487122567,-0.4802718309439327,-0.18411015595542518,-21.80513286603495
842,0.23536181110599233,-0.4811350418920462,-0.1797015548289605,-21.28299907707011
843,0.23538117177153844,-0.48155474835672263,-0.17755657478121248,-21.028957822836077
844,0.23541770990568794,-0.4823469200127502,-0.17350760874755783,-20.549417507008645
845,0.23541609901377838,-0.48231196181418523,-0.17368645540139943,-20.570599255671148
846,0.23543750665880323,-0.48277654378164553,-0.17130958851951927,-20.289094425612653
847,0.2354797137885758,-0.48369255641871706,-0.1666229007991089,-19.73402538058993
848,0.235520775814254,-0.48458406072371124,-0.16205986063933875,-19.19360056567135
849,0.2355748582958898,-0.48575844860649287,-0.1560479322892211,-18.481576311631088
850,0.23562586164012495,-0.48686643324852547,-0.15037359838211628,-17.80953514079734
851,0.2356899437040537,-0.48825876151935116,-0.143241909718401,-16.9648917909261
852,0.23573965393722082,-0.4893394677579721,-0.1377031394854636,-16.308906138114637
853,0.23577333894089078,-0.4900722332105719,-0.13394532460826314,-15.863848383108678
854,0.2358244583747201,-0.4911843631613979,-0.12824149207208663,-15.188313534683186
855,0.23589827607111233,-0.49279031471211476,-0.1200049276276762,-14.212813942398276
856,0.2359375126056353,-0.49364470637173485,-0.11561899093803073,-13.693364421737984
857,0.23597082234512073,-0.4943703701135268,-0.11189218097110663,-13.251978741119052
858,0.23597911024718027,-0.49455105957207046,-0.11096352165024508,-13.141992739675597
859,0.2360024800332783,-0.4950606261105196,-0.10834424081831814,-12.831777552157897
860,0.23604143983705525,-0.49591022852451005,-0.10397657553746763,-12.314492010417487
861,0.23609818967592164,-0.49714788314114067,-0.09761347645851237,-11.560876762326794
862,0.23614398971092937,-0.4981472675247949,-0.09247266012648558,-10.95202288037763
863,0.23615495292352917,-0.49838670686562014,-0.09123988675170958,-10.80601905407481
864,0.2361802629404641,-0.4989395619077124,-0.08839306841645841,-10.468855404826447
865,0.23622321602836135,-0.4998778805689895,-0.08356097080148639,-9.896564702179793
866,0.2362128519539378,-0.4996512082355238,-0.08472964195646908,-10.034976565875512
867,0.23619921047505904,-0.4993527337149307,-0.08626913471552909,-10.21730677999868
868,0.236200398608979,-0.4993787335277552,-0.08613501296403538,-10.20142203645279
869,0.23620487636386797,-0.4994767500708953,-0.08562923293106824,-10.141519850380522
870,0.23617926408655368,-0.49891565019515693,-0.08852692963874352,-10.484709292529653
871,0.23616935806446818,-0.498698607706171,-0.08964794260584319,-10.617476746694834
872,0.23618209420928657,-0.49897766208491623,-0.08820662376766629,-10.446773785711109
873,0.23620729179062389,-0.49952984240317144,-0.08535414209380318,-10.108939397522475
874,0.23624121720651411,-0.5002734481744064,-0.08151194594794321,-9.653887925630139
875,0.2362244798416738,-0.4999061670409135,-0.0834118248741803,-9.878900566573256
876,0.23622281706875045,-0.49986967485489675,-0.08360061627058663,-9.901260123335572
877,0.2361573218305964,-0.49843039716053106,-0.09105635872615342,-10.784282865969782
878,0.2360883230939194,-0.49691351067711464,-0.09891731230447741,-11.715296890370409
879,0.23603771980767393,-0.49580093715117246,-0.10468349855886577,-12.398216617176157
880,0.23598570634541224,-0.49465692840742304,-0.11061482380991972,-13.10069462280129
881,0.23592845270109503,-0.4933971196544421,-0.11714934285690708,-13.874612038143075
882,0.23584135329344452,-0.49147907252671724,-0.1271058845266453,-15.053817567942412
883,0.23575830258278857,-0.48964963940418726,-0.13660523715612824,-16.178875798175746
884,0.2356874670775953,-0.4880890039884913,-0.14471028682179773,-17.13879940439182
885,0.23562495730904956,-0.4867114793837242,-0.15186601624184673,-17.98629002731726
886,0.23555186955640223,-0.48510002823792286,-0.16024114028298864,-18.978199960470743
887,0.23550162403823138,-0.48399218763386226,-0.16599896906795233,-19.660129868272303
888,0.23546892380057816,-0.4832711303211617,-0.16974688565616677,-20.10401531691979
889,0.23545673848094578,-0.483002427199078,-0.17114360658038147,-20.269436312688462
890,0.23544745014626733,-0.48279754373408756,-0.17220891706475291,-20.395606629229412
891,0.2354556175929544,-0.48297771667724393,-0.17127201792183655,-20.28464474237776
892,0.2354771986966268,-0.4834538590986715,-0.1687957382126262,-19.99136592898155
893,0.235496027711056,-0.4838694459514846,-0.16663354525052318,-19.735286058884235
894,0.2355270583527807,-0.48455444805899694,-0.16306910744486353,-19.31313096623446
895,0.23549198906626104,-0.48377922086755326,-0.16710858280060592,-19.79154725122399
896,0.23546482573750457,-0.48317862205141054,-0.17023883390406702,-20.162279332030803
897,0.23545259984808883,-0.48290826768616213,-0.17164805515550588,-20.329180807214517
898,0.2354565095085331,-0.4829947313201558,-0.17119732094533857,-20.27579798708185
899,0.23547519282831839,-0.48340796670188024,-0.1690428868590789,-20.020637041406584
900,0.2355066772830727,-0.4841044341016771,-0.16541129315699651,-19.5905283231861
901,0.23548105171453163,-0.48353686182139316,-0.16837446609656345,-19.941472459412562
902,0.23546041915241536,-0.4830797546245736,-0.17076156446417612,-20.22418905807044
903,0.2354317350700367,-0.4824439691729853,-0.17408330862914465,-20.617600668028835
904,0.23540361706104113,-0.48182052021258,-0.17734169229762553,-21.003508161567357
905,0.23538201058535405,-0.48134133129992696,-0.17984672755663084,-21.300192645773308
906,0.23538064342576226,-0.4813110095628195,-0.18000524356051142,-21.318966528767824
907,0.23539598288686173,-0.48165124439876245,-0.17822642604225325,-21.108291826284596
908,0.23542984808189923,-0.48240241908683534,-0.1742989628185741,-20.643141726474113
909,0.23545085552546843,-0.4828686498721464,-0.17185996800922118,-20.354278759618627
910,0.23542271655297214,-0.48224344224281307,-0.1751342733591474,-20.742071941524337
911,0.23540702094039787,-0.4818946561909474,-0.17696118853320586,-20.958443102031985
912,0.23535443102371795,-0.4807249392165833,-0.18309365024711494,-21.684742755485296
913,0.23532194236788911,-0.48000229447919496,-0.18688237965586443,-22.133461880850863
914,0.2352916920397398,-0.479329229482071,-0.19041224924752193,-22.551522878335994
915,0.23527819687926266,-0.47902894053063183,-0.19198722967630738,-22.73805608359484
916,0.23521590036066248,-0.4776412184164006,-0.19927362165341733,-23.601021759498998
917,0.23509259154756298,-0.47489095375098533,-0.21373209792664097,-25.313415052210047
918,0.23497944233300794,-0.47236679311817936,-0.2270045001824016,-26.885335368807848
919,0.2348728942922521,-0.469989307602746,-0.23950872242253995,-28.36627609104948
920,0.234785964830187,-0.46804948596346607,-0.24971160413754326,-29.574656966387767
921,0.23471149911565198,-0.46638753522392334,-0.25845430733752367,-30.6101012301471
922,0.2346584099779225,-0.4652026570396917,-0.26468745615647926,-31.34832578634161
923,0.23461860230005566,-0.4643140840354467,-0.2693624900277419,-31.902014604794275
924,0.23458043112904145,-0.4634617727312414,-0.27384814112129385,-32.433273826090335
925,0.2345532962869081,-0.46285578761408425,-0.27703792030531244,-32.81105613016745
926,0.23454657006554194,-0.46270557335536083,-0.27782862647785495,-32.90470361561338
927,0.23455941394374213,-0.4629924164544723,-0.2763186974065265,-32.72587478432079
928,0.2345682068711995,-0.46318886882239807,-0.2752841657087575,-32.60334976115239
929,0.2345938933122297,-0.463762790529468,-0.27226168206746904,-32.24538114697301
930,0.23461361649040455,-0.46420366502375543,-0.2699388682900019,-31.970278110001
931,0.23465223514685646,-0.4650669289115835,-0.26539054554327846,-31.431596355617362
932,0.23469254459896594,-0.46596826474274344,-0.26064018269952205,-30.868985931263246
933,0.2347508238003376,-0.46727144703098145,-0.25377175906718774,-30.05552244194045
934,0.23478521141205716,-0.4680409608648514,-0.24971303957527885,-29.57482697281888
935,0.23480609765680377,-0.4685086084896126,-0.2472451048472408,-29.28253649937753
936,0.23483806047867545,-0.46922436912426757,-0.24346723803707102,-28.835103888620957
937,0.23488232458671168,-0.4702157224428734,-0.23823411445657616,-28.215317574363
938,0.23494356424184157,-0.4715873204218148,-0.23099348038524675,-27.357771247598155
939,0.2349723805459492,-0.47223329977132733,-0.22758035632949605,-26.953537037172943
940,0.23501578791734737,-0.4732064511324396,-0.22243814240802637,-26.34451763136478
941,0.23503671483978536,-0.4736759477114562,-0.2199555223600028,-26.050487898338307
942,0.23507613825012227,-0.47456043001262044,-0.21527844224529047,-25.49655673252536
943,0.2351227866957275,-0.47560722619356793,-0.20974191829130479,-24.840837118329436
944,0.23515415904621445,-0.47631164276705756,-0.2060140510228635,-24.399326215938014
945,0.23520126567673785,-0.4773694119388495,-0.20041585681248072,-23.736302669334652
946,0.23526634473956204,-0.478830771961754,-0.192681551751179,-22.820288294065957
947,0.2353474930672818,-0.4806530497013904,-0.1830366550652418,-21.677992516711022
948,0.23541492902992125,-0.48216826926960177,-0.17501237809052653,-20.727635244568503
949,0.23547295255046874,-0.4834726457606768,-0.16810128530797863,-19.909118223652843
950,0.2355052139811565,-0.4841984496345387,-0.164252731872184,-19.45331382451989
951,0.23554809950627834,-0.4851634102016922,-0.1591353179091613,-18.84723160806015
952,0.2355994633633289,-0.4863193489472761,-0.1530040029262616,-18.121067767983845
953,0.23563325492219214,-0.48708030590659074,-0.14896520899728574,-17.64273218794569
954,0.23567361079280594,-0.48798928009087006,-0.14413978504673705,-17.0712318824322
955,0.23569433725450625,-0.48845643238982855,-0.14165820132774706,-16.777324887296817
956,0.23573215191273028,-0.48930876283157176,-0.13713034290040194,-16.2410668297524
957,0.23570400613529738,-0.48867345507851173,-0.1405101179488694,-16.641351342068955
958,0.23567702318524464,-0.4880642070172882,-0.14375224998047537,-17.025334068885567
959,0.23564160520565083,-0.48726413318626166,-0.14801182998935136,-17.529818504114303
960,0.23561557285466153,-0.48667597376989136,-0.15114372095101497,-17.90074480194191
961,0.2355742214403136,-0.4857411667366236,-0.15612432227542927,-18.49062357896004
962,0.23554563571954348,-0.48509486975615884,-0.15956816223699202,-18.898495635455486
963,0.23546958547956867,-0.48337357339214276,-0.168750121293676,-19.98596327765313
964,0.2353601960973386,-0.4808956022937005,-0.18197950054120818,-21.552788153394616
965,0.2352669620957246,-0.478783430494188,-0.19325682537869823,-22.88842097157789
966,0.2351923938963576,-0.477094066291799,-0.20227699604099258,-23.956727164383782
967,0.2351305298400493,-0.47569234505235475,-0.20976224744179742,-24.843244806407505
968,0.23507063029867564,-0.47433473777167484,-0.21701404113294934,-25.702112825567326
969,0.235030594507176,-0.4734273345443975,-0.22186103904410223,-26.276168248559152
970,0.2350004537708184,-0.47274409064551304,-0.2255112486989202,-26.708481751848236
971,0.23496873203544758,-0.4720247566602336,-0.22935560248187098,-27.1637887640349
972,0.23494986059398903,-0.4715967739180639,-0.23164312958593883,-27.43471261492193
973,0.23489188987416998,-0.4702807948543048,-0.23868365832386798,-28.268559415936274
974,0.23485210675307067,-0.4693776640112559,-0.24351556378288225,-28.84082736054349
975,0.23482057805342652,-0.468661786626815,-0.2473463385636132,-29.294526140169303
976,0.23480679279684807,-0.46834877659355584,-0.24902134694719824,-29.492906181543212
977,0.2347916872376587,-0.46800566976385716,-0.25085803857978234,-29.710435219387964
978,0.2347838700270426,-0.4678280750299103,-0.25180891069719674,-29.82305199900684
979,0.2347717793622133,-0.46755328616587194,-0.253280751023565,-29.997369780160742
980,0.2347541495725345,-0.4671524417504422,-0.2554286604816435,-30.251757979847856
981,0.23470043816854969,-0.4659300947784141,-0.26198454467005433,-31.028205781115517
982,0.23465884999369532,-0.46498352987961344,-0.2670619210421418,-31.62954613537082
983,0.23460271649830666,-0.4637051927405403,-0.2739227335164622,-32.44210819527003
984,0.2345351280379743,-0.46216521052974824,-0.28219194745308573,-33.42147463841942
985,0.23448006608443647,-0.4609104957879457,-0.2889301401740931,-34.21951419683513
986,0.23444139774463266,-0.46002930518975055,-0.29366262345365807,-34.780007050484045
987,0.23442105686992976,-0.4595657638809738,-0.2961521234849456,-35.07485161606773
988,0.23441341956920433,-0.45939170245938776,-0.2970870333620354,-35.185577903718304
989,0.2344115933357434,-0.45935007180515525,-0.2973106860610987,-35.21206626767419
990,0.23442658585074705,-0.45969184777652666,-0.2954745178612646,-34.99459922271952
991,0.23442568207242778,-0.4596712325966812,-0.2955853369412538,-35.00772410847455
992,0.23444255029254923,-0.4600559985181463,-0.29351697694633616,-34.762757369568035
993,0.23440640860582873,-0.45923058814211404,-0.2979595042478928,-35.28890921365687
994,0.23436541182111734,-0.4582939235297225,-0.3030028177761635,-35.8862153263932
995,0.2343388565756937,-0.4576871647714053,-0.30627004336572006,-36.27317001508967
996,0.2342916710629358,-0.45660831124947165,-0.31208319610924123,-36.9616522299096
997,0.2342574361248927,-0.4558254840145421,-0.3163016904833754,-37.46127067760071
998,0.23423937421734273,-0.4554124583511922,-0.3185274872935749,-37.724883485527215
999,0.23422373637838514,-0.4550547668331421,-0.3204556107077639,-37.95324126954149
1000,0.23421964086124203,-0.4549610775168988,-0.3209606967286944,-38.01306126012275
1001,0.2342251865095963,-0.4550879584468118,-0.3202765741463715,-37.93203702913021
1002,0.234247765201662,-0.45560454970832126,-0.3174911659388933,-37.60214650388992
1003,0.23425587854716867,-0.45579028575830804,-0.3164891276009776,-37.48346984001048
1004,0.23427420928803855,-0.456209979858656,-0.3142246019823773,-37.21527017586987
1005,0.2343092107750164,-0.45701136978243306,-0.3099005315628811,-36.703147802555314
1006,0.23434849159841,-0.4579109486269629,-0.30504553732523104,-36.12814533261322
1007,0.23437716703570535,-0.4585679827487761,-0.30149776946556284,-35.70796454923132
1008,0.23436591515628824,-0.4583099071269883,-0.30289270896008763,-35.873174560924305
1009,0.23436734965234882,-0.45834281194746634,-0.30271483764543544,-35.85210832680528
1010,0.23434194545945577,-0.4577596295370583,-0.305869750925371,-36.22576127871777
1011,0.23429527170077974,-0.4566874565892806,-0.31167390569668413,-36.91317781642444
1012,0.23426564763425856,-0.4560069296467766,-0.3153579766659911,-37.34950169305561
1013,0.23425256856040677,-0.45570646902478323,-0.3169845740934506,-37.54214817060187
1014,0.23424271300817298,-0.45548000380181725,-0.31821089265792873,-37.6873875198152
1015,0.23421594398769505,-0.45486452116621434,-0.32154576056792955,-38.08235344383435
1016,0.23416531886585884,-0.45369969397772386,-0.32786164803066825,-38.83037717222272
1017,0.23410930956153594,-0.45241046606841734,-0.33485484160750933,-39.65861782146665
1018,0.23406837405138176,-0.4514681583605201,-0.33996649574945165,-40.26401787206057
1019,0.2340338468693855,-0.45067320809279166,-0.3442796441978239,-40.774846698963856
1020,0.23399005318834276,-0.4496644348048191,-0.3497554746806809,-41.42337806656255
1021,0.23393814752780792,-0.4484682699754457,-0.35625139029727193,-42.19272347486589
1022,0.2338801070820994,-0.44713017712352954,-0.3635210426448639,-43.05370658851609
1023,0.23381603529037567,-0.44565242853668474,-0.3715526961913573,-44.004937506802044
1024,0.23376297670605808,-0.4444285395637925,-0.37820540900605965,-44.792853230904086
1025,0.2337012605058485,-0.4430042998639349,-0.38595067104829384,-45.71016529897958
1026,0.23365493476620622,-0.4419351816931308,-0.3917649793347573,-46.398784370820024
1027,0.23361883583797874,-0.44110197237489457,-0.39629690274519525,-46.93552386566472
1028,0.2335906890119073,-0.4404521988687715,-0.39983168556743554,-47.35416676285606
1029,0.2335703266828593,-0.43998205221658176,-0.4023897232686343,-47.657128604702905
1030,0.23356360457061667,-0.43982683541337825,-0.4032343002332185,-47.75715629102353
1031,0.23356072167671427,-0.43976025229649107,-0.40359668209271854,-47.80007507816829
1032,0.2335732251860068,-0.440049039594073,-0.40202490465848767,-47.613921220379275
1033,0.2335832340363548,-0.44028028992257184,-0.4007658449001439,-47.464804159593065
1034,0.23360860101531664,-0.4408663952172664,-0.397574686903007,-47.0868585554357
1035,0.23364880725691048,-0.4417953852171373,-0.3925165066924622,-46.48779170342574
1036,0.23370245582597932,-0.44303502581517124,-0.38576658074902276,-45.68836251784498
1037,0.23376979897461977,-0.4445911601368314,-0.3772930148516788,-44.68479359856482
1038,0.23381649034971072,-0.44567083948630987,-0.37140977666688363,-43.988010796789084
1039,0.23387339719319347,-0.446986877276491,-0.3642378567028681,-43.13860264269579
1040,0.233926587391864,-0.4482174223881739,-0.357529353540002,-42.34407937460444
1041,0.23399081609742525,-0.44970347024391666,-0.34942723973210865,-41.38450347744631
1042,0.23401197514555735,-0.4501935734678768,-0.3467521538063408,-41.067678999531296
1043,0.23404604629385023,-0.4509828031537888,-0.3424441246519833,-40.557456477508886
1044,0.23409257241151807,-0.4520606094532071,-0.3365605262367373,-39.86063101174864
1045,0.23413772550205983,-0.4531069501091459,-0.3308468425302459,-39.18392943747639
1046,0.23419605166807142,-0.45445861329890797,-0.32346557591246944,-38.30972725951935
1047,0.23425098051397272,-0.45573201132418967,-0.3165091817855914,-37.48584496243517
1048,0.23426422206418196,-0.4560393213068151,-0.31482856887447086,-37.2868011474257
1049,0.2342195148757667,-0.4550003581702018,-0.32051804469748985,-37.960635654898816
1050,0.23418379229017303,-0.4541700734161612,-0.3250654134696053,-38.499204425058586
1051,0.23412324244009125,-0.4527617045549551,-0.3327845122243436,-39.41341783756508
1052,0.23406882603263096,-0.451495753006858,-0.3397243703820385,-40.23534169295854
1053,0.23401551161270495,-0.45025509070585396,-0.34652748802629924,-41.04107065107363
1054,0.23397252784067393,-0.4492547120191384,-0.35201366106737697,-41.690826942169934
1055,0.2339457656858642,-0.44863185980053877,-0.3554294741039273,-42.09537962271596
1056,0.2339301234960539,-0.44826777418594904,-0.35742636507348213,-42.33188190953533
1057,0.23392809229066114,-0.4482204938470624,-0.3576856946495172,-42.36259567343495
1058,0.23391495510420784,-0.4479145463715581,-0.3593646327875461,-42.56144113626991
1059,0.2339148033189047,-0.4479110112910779,-0.359384033247913,-42.56373883469816
1060,0.23390909267580823,-0.44777795723990144,-0.3601145214439864,-42.65025438887708
1061,0.23388925523763657,-0.44731550173041834,-0.3626548785681206,-42.9511222271094
1062,0.23387811386514812,-0.44705573554963135,-0.36408201857647127,-43.12014591479806
1063,0.23384385716765815,-0.4462564524706873,-0.3684763598073198,-43.64059082942051
1064,0.23379283908407397,-0.44506538101269416,-0.3750285704224845,-44.416603550112036
1065,0.23375495626886603,-0.4441809116266655,-0.3798944297103677,-44.99289282502532
1066,0.23371100849147497,-0.4431544254898662,-0.3855438554567993,-45.66198399155263
1067,0.2336826402728985,-0.4424918205783605,-0.3891906579209487,-46.093893963353494
1068,0.23366924477133255,-0.44217893140707654,-0.39091275262505293,-46.29785068500213
1069,0.2336684675566321,-0.442160776313552,-0.39101268144333445,-46.30968577985862
1070,0.23367045786360258,-0.44220727949398936,-0.3907566582290555,-46.279363605749474
1071,0.23368751335836485,-0.44260578135281187,-0.3885626893848462,-46.01952035102155
1072,0.23370953664356892,-0.44312045749671697,-0.38572856116985166,-45.683859659374
1073,0.23372058407587842,-0.44337876181814095,-0.3843054654882604,-45.51531496254755
1074,0.23370258891867313,-0.4429576575371372,-0.38662741845114224,-45.790316048726524
1075,0.23369114852739942,-0.44268989533236286,-0.38810410031367165,-45.965207238439675
1076,0.23369326453785585,-0.4427394224151515,-0.3878309530540329,-45.93285697368916
1077,0.23367068730034915,-0.44221058417526526,-0.3907497369633767,-46.278543883899026
1078,0.23364696998107767,-0.44165486717654034,-0.3938178257693493,-46.64191375728734
1079,0.23361706037915173,-0.44095377523706086,-0.39769008424476177,-47.10052566878038
1080,0.23359898448520178,-0.4405300386378326,-0.40003062919978877,-47.377728702249364
1081,0.23356108813983115,-0.439641086284127,-0.40494403482140034,-47.9596491392181
1082,0.23350944697010667,-0.43842906035493184,-0.4116467261580308,-48.75348408219992
1083,0.23346058131707445,-0.43728189922380395,-0.41799222743754216,-49.50501513046452
1084,0.23342240867832761,-0.4363856784528993,-0.422950134179298,-50.09220606884801
1085,0.23339825183154048,-0.4358185032475465,-0.426087857633607,-50.463823139416604
1086,0.2333877226974998,-0.43557128244472987,-0.4274555792371063,-50.62580959330494
1087,0.23339105392785894,-0.4356495007731502,-0.42702283363996324,-50.57455725910356
1088,0.2334020284068156,-0.4359072216265823,-0.42559678257278505,-50.40566254043796
1089,0.23341939371132553,-0.43631508966561655,-0.42333954976754784,-50.13832660249173
1090,0.23344810025386245,-0.4369893799691271,-0.4196076311641404,-49.69633587921936
1091,0.2334727737481539,-0.43756915066754115,-0.416397667894209,-49.31616306782436
1092,0.2335103747957799,-0.43845271736860725,-0.4115055507921892,-48.73676394205549
1093,0.23355081051602178,-0.4394031136900863,-0.40624220655812826,-48.113398437052254
1094,0.23357611353904054,-0.43999818257979434,-0.40294475897881116,-47.72286439935798
1095,0.2335877842713976,-0.4402728034182,-0.4014221684187614,-47.54253600144769
1096,0.23358859086385797,-0.4402917925616601,-0.40131683420394887,-47.530060717086506
1097,0.23359488664034786,-0.44044003722894853,-0.4004943620197897,-47.4326510160239
1098,0.23358893568004147,-0.4402998386530862,-0.40127259753218564,-47.52482153568262
1099,0.23357419085561476,-0.43995230786402034,-0.40320259431869904,-47.753401193021745
1100,0.23355264335421877,-0.4394442293773105,-0.4060253490791816,-48.0877148667088
1101,0.23352958449923622,-0.43890034286024293,-0.40904798903115835,-48.445701993584066
1102,0.23350208852454118,-0.4382515588967944,-0.4126549183251388,-48.872889576395515
1103,0.23346622020825405,-0.4374048500924446,-0.4173642844773507,-49.43064454722205
1104,0.23343243628740135,-0.43660714868153355,-0.4218021616351433,-49.956245650358575
1105,0.233402128128824,-0.43589135874632434,-0.4257852103273388,-50.42797902918553
1106,0.23338513603329403,-0.43549004179344064,-0.4280184326968577,-50.69247128510731
1107,0.23337403664790338,-0.43522785294601496,-0.4294776934953691,-50.86529920669921
1108,0.23337030917145032,-0.4351397902488337,-0.4299678921084936,-50.923356003373236
1109,0.23335533980231343,-0.4347859576360762,-0.43193847108789346,-51.15674202298658
1110,0.23335374395029568,-0.434748235327753,-0.43214856112437544,-51.18162408957083
1111,0.2333633652451864,-0.43497567538408993,-0.4308817794947518,-51.0315924870074
1112,0.23338238304087225,-0.4354252850984097,-0.42837732988097754,-50.73497736384245
1113,0.23341127100578848,-0.43610829861344824,-0.4245724363063035,-50.284343831399084
1114,0.2333913343211331,-0.4356363399473716,-0.4272048393891463,-50.59611315602149
1115,0.2333607557127985,-0.4349121050968645,-0.43124628899730694,-51.07476326209528
1116,0.2333208598179673,-0.4339667632215943,-0.4365239847403123,-51.6998284916886
1117,0.23329438168751732,-0.43333933991285256,-0.44002689222116914,-52.114696224764685
1118,0.23326688268759732,-0.4326875296351949,-0.4436670428568535,-52.54581838557962
1119,0.23323979261456645,-0.4320452361199823,-0.4472550226106104,-52.97076167480401
1120,0.23321342275192664,-0.4314198509231445,-0.45074947933915244,-53.384628540893225
1121,0.23319180165632042,-0.4309069893519013,-0.45361573173910585,-53.72409386850779
1122,0.2331760655592692,-0.4305336598579232,-0.45570252258982874,-53.971243470481156
1123,0.23314024845878809,-0.42968335503944893,-0.4604585938814198,-54.53452997629774
1124,0.23311801574810498,-0.42915553491274816,-0.46341095120004117,-54.88419316172318
1125,0.23309484186429424,-0.4286052064054569,-0.46649012221411734,-55.24887555922998
1126,0.23308277514653888,-0.42831862989688096,-0.46809366464024216,-55.43879151186456
1127,0.23307909467288887,-0.4282312110092666,-0.4685828742217554,-55.49673117232965
1128,0.23307801456247423,-0.4282055502935841,-0.46872650809115696,-55.51374248596475
1129,0.2330736817228879,-0.4281025775423769,-0.46930308674012683,-55.58202972402212
1130,0.23308001594907962,-0.42825312467362886,-0.4684600669911222,-55.48218646692234
1131,0.23309486276875993,-0.4286060307108666,-0.46648368543565594,-55.248113217745605
1132,0.23311790835998258,-0.4291538812278338,-0.46341521433151844,-54.88469806677747
1133,0.23313314839823543,-0.4295163325517491,-0.46138427076673233,-54.644162752232944
1134,0.23315988351604952,-0.4301521971551453,-0.45782114125370116,-54.22216260755138
1135,0.2331772687448168,-0.4305658786994901,-0.45550195838370244,-53.94748959802333
1136,0.23315687668107934,-0.43008015035187364,-0.45822783362074865,-54.270329320859794
1137,0.23314880744740482,-0.42988793855205093,-0.45930655168984147,-54.39808756808683
1138,0.2331258825825103,-0.429341550294848,-0.46237468697745654,-54.761462946540234
1139,0.23310208666860405,-0.4287742348160766,-0.46556126559721667,-55.13886619098025
1140,0.23309101118112543,-0.42851017822868737,-0.4670444967778083,-55.31453305083385
1141,0.23308107105536696,-0.42827313022529606,-0.4683763541067561,-55.47227191029873
1142,0.23307553031175057,-0.42814097192138073,-0.46911902655907073,-55.56023050994592
1143,0.2330819071789869,-0.4282930791222476,-0.4682642186567151,-55.458991119923816
1144,0.23308486694759661,-0.42836370269054935,-0.4678671944798827,-55.411969461167764
1145,0.23307545635247096,-0.42813903742236176,-0.4691308501151897,-55.56163083580402
1146,0.2330172220507846,-0.4267470744037983,-0.476969605166231,-56.49001577201384
1147,0.23296977421503381,-0.42561285748644057,-0.4833573301354011,-57.24654759363788
1148,0.23290289212662663,-0.4240130460915635,-0.4923729657590725,-58.314316677997944
1149,0.23282369412222098,-0.42211768272793865,-0.5030595261974382,-59.57998216521796
1150,0.23273219264910303,-0.4199267735517518,-0.5154186167841818,-61.0437341833986
1151,0.2326496827451533,-0.4179509400270824,-0.5265656724806735,-62.363938542933994
1152,0.2325809432606972,-0.41630483035435495,-0.5358527006831346,-63.463850075974605
1153,0.23252066112098052,-0.41486108277999356,-0.543998975632776,-64.42865620912018
1154,0.23247401492165579,-0.4137438981153209,-0.5503027232588141,-65.17524215287982
1155,0.2324322661856409,-0.41274382911001134,-0.5559466486963632,-65.84368188893407
1156,0.23240165765734613,-0.4120105765008337,-0.5600850184975612,-66.33381076257294
1157,0.23237260461168907,-0.4113144178138175,-0.5640149834803503,-66.79925715885608
1158,0.23233548400578297,-0.41042456353029083,-0.5690405545824306,-67.39446194286104
1159,0.23229813261214186,-0.4095289283115666,-0.5741001693692666,-67.9936986992767
1160,0.23225404170971722,-0.40847126167837366,-0.5800775301296579,-68.7016289320886
1161,0.23222316234281698,-0.40773050700798036,-0.5842639349262785,-69.19744684255421
1162,0.2322027029971291,-0.40723968252943,-0.5870380298725204,-69.52599747883984
1163,0.23218979189344344,-0.4069299048294431,-0.5887890746119258,-69.73338290523832
1164,0.2321626923137976,-0.4062793402123183,-0.5924684757577017,-70.16915371013899
1165,0.2321410229049422,-0.40575904972119103,-0.5954115626848406,-70.51771895440554
1166,0.23212367806704975,-0.4053425169303502,-0.5977681635194296,-70.79682357002959
1167,0.23211601828767736,-0.4051585550642556,-0.5988090348110141,-70.92009942459427
1168,0.23211240328332078,-0.40507171862421476,-0.5993004542926491,-70.97830081513898
1169,0.23211861887207993,-0.4052210341459407,-0.5984553999653209,-70.87821659224109
1170,0.23212570262896803,-0.40539124830416556,-0.5974918282831482,-70.76409573645944
1171,0.23214494092563692,-0.40585352864275986,-0.5948748477061583,-70.45415298021673
1172,0.232157287742753,-0.40615033517531746,-0.5931939276711928,-70.25507279091704
1173,0.23217365893005645,-0.40654395666927473,-0.5909643012903997,-69.99100642682912
1174,0.23218768635401443,-0.4068813329902474,-0.5890526658347591,-69.76460139835389
1175,0.23220998534586174,-0.4074177008765373,-0.5860132238607816,-69.4046243197552
1176,0.23223849064847446,-0.40810344528490256,-0.5821267828779642,-68.94433269941213
1177,0.23225686874337512,-0.4085457757373556,-0.579618681613477,-68.6472850920718
1178,0.23226180921184092,-0.4086647500241567,-0.5789437053841584,-68.56734411170964
1179,0.2322748038817568,-0.40897771324432003,-0.5771679977065056,-68.35703772398472
1180,0.23225971747237323,-0.40861406421844293,-0.5792330297221947,-68.60161031282995
1181,0.2322147841552781,-0.4075300349361499,-0.5853941405752348,-69.3313030343191
1182,0.23216561036865788,-0.40634328615129905,-0.5921414164280318,-70.13041835574467
1183,0.23212800332916197,-0.4054356511355639,-0.5973019874567134,-70.74161189018639
1184,0.23210306013544169,-0.40483364639017516,-0.6007248712537934,-71.14700199804332
1185,0.23208520538178717,-0.4044026683682719,-0.6031756293093259,-71.43725814793399
1186,0.23207517375254846,-0.40416049919448754,-0.6045528705393424,-71.60037206119559
1187,0.23206846333432135,-0.4039984739016912,-0.6054745062129953,-71.70952621520621
1188,0.23205794063681529,-0.40374431224969504,-0.6069207292300716,-71.88081000385772
1189,0.23204260422259948,-0.4033737465449545,-0.6090300757947475,-72.13063099751551
1190,0.23203421735611993,-0.4031710743014278,-0.6101838738798663,-72.26728136542178
1191,0.23202913406735157,-0.4030482102647387,-0.6108834665345549,-72.350137798346
1192,0.23202384576462876,-0.4029203565722709,-0.6116116653689265,-72.43638221139298
1193,0.23202755704960581,-0.4030100900415059,-0.6111005438748532,-72.37584740802423
1194,0.2320210706326431,-0.4028531829341507,-0.6119947108220972,-72.48174829647816
1195,0.232012323966118,-0.40264153424338167,-0.6132012071570472,-72.624639994926
1196,0.23200665932207307,-0.4025044358003686,-0.6139828876687109,-72.71721852394394
1197,0.2320119757186205,-0.4026331100540233,-0.6132492143537663,-72.63032573940627
1198,0.23202822096080353,-0.4030263103100936,-0.6110072015627444,-72.36479238769145
1199,0.23202728433057934,-0.4030036258400674,-0.6111366283301017,-72.3801210796042
1200,0.23202774248489158,-0.40301472458338994,-0.6110732894758528,-72.37261952638833
1201,0.23203700827106852,-0.40323920443838973,-0.6097921198527979,-72.2208838781854
1202,0.23203707615634472,-0.4032408498309746,-0.6097827248609495,-72.21977117995067
1203,0.23204606943505424,-0.40345884340837745,-0.6085379177206488,-72.07234213158563
1204,0.2320297122422592,-0.4030620357281441,-0.6108055986170118,-72.34091549184575
1205,0.23201068644347,-0.4026003438999317,-0.6134449134156044,-72.65350340727035
1206,0.23200164009050495,-0.40238080755662936,-0.614699986145767,-72.80214826336595
1207,0.23200451299937971,-0.402450527841486,-0.6143013965141259,-72.75494119957386
1208,0.23201332110425127,-0.40266431335084396,-0.6130790249687245,-72.61016931656275
1209,0.2320118822855935,-0.4026293743764624,-0.6132788924439315,-72.633840671518
1210,0.23201519005861818,-0.4027097102159241,-0.6128192602705412,-72.5794040188615
1211,0.2319911893185477,-0.4021263179328697,-0.6161598406040983,-72.97504649520872
1212,0.23197283090900872,-0.40168001101704104,-0.6187158178528858,-73.27776430685331
1213,0.23196550776221314,-0.4015019745348448,-0.619735453463377,-73.39852510815905
1214,0.2319575139970143,-0.4013075809715899,-0.6208490717591667,-73.53041677255817
1215,0.23195307968043238,-0.40119972667794457,-0.62146704784168,-73.60360692612308
1216,0.2319363666554746,-0.40079301079914775,-0.6237986222430794,-73.87974752980529
1217,0.23190906029533365,-0.4001281839301844,-0.6276116862856519,-74.3313487336798
1218,0.23189314183788964,-0.39974060917529086,-0.6298346414734388,-74.59462499333748
1219,0.23186679716575148,-0.3990988759204343,-0.633517081924479,-75.0307557591255
1220,0.2318520412246115,-0.39873942789311884,-0.6355797278772489,-75.27504575400567
1221,0.2318441677054735,-0.398547610780318,-0.6366805696491632,-75.40542422756953
1222,0.23183942174676106,-0.39843196604774656,-0.6373443835271881,-75.48404319203424
1223,0.23182734185928253,-0.398137493523057,-0.6390353855446163,-75.68431744347575
1224,0.23181496552778572,-0.39783571468815304,-0.6407687998007922,-75.88961479913573
1225,0.23180821886010816,-0.3976711842344791,-0.6417139909398357,-76.00155875064503
1226,0.23178715523719365,-0.3971572189989654,-0.6446682547671088,-76.35144773390462
1227,0.23177673113652905,-0.3969028562143417,-0.6461303757700864,-76.52461440453558
1228,0.2317770548469481,-0.39691075542035076,-0.6460849685514213,-76.51923658911345
1229,0.23174305416310279,-0.39608025180398454,-0.6508636431327193,-77.08520012126087
1230,0.23171676269378336,-0.3954379918920625,-0.6545595291253344,-77.52292331316454
1231,0.2316983559308818,-0.39498830212593816,-0.6571475044911478,-77.82943082988865
1232,0.23169052794785794,-0.39479705313215596,-0.6582481815277186,-77.95978979298046
1233,0.23169178976059324,-0.3948278829124503,-0.6580707391884524,-77.93877436466973
1234,0.23169655301259995,-0.3949442840567495,-0.6574006667445591,-77.85941416537415
1235,0.23171107908565378,-0.3952992772134918,-0.6553570359197411,-77.61737623198024
1236,0.23172482512345194,-0.39563529924064533,-0.6534220939940614,-77.38821089583375
1237,0.2317266966470128,-0.39568107225514976,-0.6531583805213632,-77.35697792402453
1238,0.23173635445626478,-0.3959172993332995,-0.6517972834750606,-77.19577605124255
1239,0.23175501007357377,-0.39637363550736315,-0.6491678125195324,-76.88435399385993
1240,0.23177791496071617,-0.39693400280623287,-0.6459383876219793,-76.5018762396774
1241,0.23180179305872317,-0.3975183155196072,-0.6425701859021697,-76.10296241746634
1242,0.2318140136028806,-0.39781751400327503,-0.6408446102783305,-75.89859343220886
1243,0.23183063798672401,-0.3982245963452276,-0.6384964685075754,-75.62049066794854
1244,0.23181148561311804,-0.3977551257678207,-0.6412072636665104,-75.94154437792146
1245,0.23179989780953367,-0.39747105481793965,-0.6428476827796473,-76.13582783030523
1246,0.23179137575060552,-0.39726210032153936,-0.6440545533607165,-76.27876385268682
1247,0.23178123865811306,-0.39701347467229436,-0.6454909668123335,-76.44888584297318
1248,0.231752300336219,-0.396303258316131,-0.6495968561277524,-76.9351678820673
1249,0.23170273526670443,-0.39508597793869327,-0.6566389679722295,-77.76920217870588
1250,0.23166268797423104,-0.3941023919982905,-0.6623294454692632,-78.44315531969417
1251,0.23163034271229385,-0.39330789995077664,-0.6669263494890798,-78.98759080943857
1252,0.23160355542302782,-0.3926498386125208,-0.6707343817726648,-79.4385960756653
1253,0.23158683523112755,-0.39223907215859494,-0.6731114695389311,-79.72012706622192
1254,0.23155179980383347,-0.39137779967760894,-0.6780988044633353,-80.31080333885718
1255,0.2315248212199291,-0.3907145336926692,-0.6819398627108569,-80.76572004347216
1256,0.23148812925286347,-0.38981205137373304,-0.6871686355456329,-81.38499107606097
1257,0.23146040753760136,-0.38913016087506236,-0.6911195932412606,-81.85292374959639
1258,0.23138705495201123,-0.3873236868286008,-0.7015990320151593,-83.09405873012219
1259,0.23132518657110376,-0.3858000095738621,-0.7104381141278482,-84.14091765477401
1260,0.23127380047790527,-0.3845344423987852,-0.7177801188608075,-85.01046984147682
1261,0.23123278712481615,-0.38352430642773166,-0.7236404770525809,-85.70454284549467
1262,0.23120147599613558,-0.38275309572587735,-0.7281148998226782,-86.2344722374637
1263,0.23117967324073643,-0.38221605649593154,-0.7312308475323084,-86.60351029220607
1264,0.23116281078344478,-0.38180064563887395,-0.7336414409341377,-86.88900953118124
1265,0.23115303660071448,-0.38155983322368775,-0.7350389871560239,-87.05452827128829
1266,0.23113705468966392,-0.38116592517993425,-0.7373258960034613,-87.325378898795
1267,0.23112956379611346,-0.38098128448811214,-0.7383979308651694,-87.45234561866582
1268,0.23111778394693702,-0.3806908266962097,-0.7400849232352842,-87.65214498651409
1269,0.23111240971589003,-0.38055829900215005,-0.7408547330579838,-87.74331760748349
1270,0.2311173571979528,-0.38068030544172626,-0.7401460244172565,-87.65938152044815
1271,0.23107321836034111,-0.3795903902783388,-0.7464854141752454,-88.41018874911617
1272,0.23103893393220912,-0.37874377538142445,-0.7514098644223044,-88.993417259092
1273,0.23100710967215124,-0.3779577571383216,-0.7559827387971259,-89.5350067917564
1274,0.23097321271127327,-0.37712029991929974,-0.760856295894514,-90.1122077586845
1275,0.23094463037898308,-0.37641405091563523,-0.7649668392970421,-90.59904100576203
1276,0.23091231284246425,-0.3756152445720582,-0.7696176118512751,-91.1498564289987
1277,0.23089056564475358,-0.37507769963231113,-0.7727473394688886,-91.52052651062682
1278,0.23087681711818334,-0.37473784043432595,-0.7747262310379347,-91.75489703389646
1279,0.230860226522398,-0.37432759878327204,-0.777115674742772,-92.03789140316147
1280,0.2308503943800236,-0.3740844520145457,-0.7785320158857758,-92.20563612450267
1281,0.23085025484328534,-0.37408100119623966,-0.7785521176680673,-92.20801688417036
1282,0.23084800485111603,-0.3740253412900068,-0.7788764439212802,-92.24642854596355
1283,0.23084469062874402,-0.3739433324377644,-0.7793544322382324,-92.30303921312348
1284,0.2308471316251726,-0.37400374078663434,-0.7790023014990459,-92.26133452000467
1285,0.23085678710297744,-0.37424270851496183,-0.7776092034758562,-92.0963426034348
1286,0.23086382756540616,-0.3744170093733922,-0.7765927816143424,-91.97596242330168
1287,0.2308791519871306,-0.3747964175260684,-0.7743801699063838,-91.71391119629244
1288,0.2308986985147396,-0.3752804298206399,-0.7715571186457396,-91.3795624065338
1289,0.23092357564031454,-0.37589651328242596,-0.7679633163774634,-90.9539295263303
1290,0.23094960137695844,-0.3765411828026145,-0.7642019473511255,-90.5084508347727
1291,0.2309792555387935,-0.3772758472725535,-0.7599148168933743,-90.00070345516632
1292,0.23101348044525538,-0.3781238649519535,-0.7549655433057102,-89.41453498657027
1293,0.2310570908949597,-0.3792044572844555,-0.7486587722795969,-88.66759096565838
1294,0.23110839892904522,-0.38047585603039313,-0.7412379523089602,-87.78870427635572
1295,0.23115603067936422,-0.3816565505360788,-0.7343442682663308,-86.97224906395347
1296,0.2311636608410754,-0.38184591152866465,-0.7332373463973555,-86.84115049255706
1297,0.2311343821119551,-0.38111850821391857,-0.7374939688321287,-87.34528464674922
1298,0.23110152452562469,-0.38030192780279676,-0.742273972128184,-87.91140554556485
1299,0.23107455020271778,-0.3796314818328247,-0.7461989991376609,-88.37626711173039
1300,0.23105690717086894,-0.379192948689159,-0.7487664205624687,-88.68034031725519
1301,0.23104599771293746,-0.37892175939092615,-0.7503542622904223,-88.86839675373253
1302,0.23104210457370777,-0.37882497486089933,-0.7509209933557829,-88.93551769073552
1303,0.2310450506438746,-0.37889822133002987,-0.7504920547504339,-88.88471623856974
1304,0.2310573360703559,-0.37920367505642855,-0.7487032399471568,-88.67285750510784
1305,0.23107655707230507,-0.3796816069486878,-0.7459041261838673,-88.3413437589001
1306,0.23110274724752086,-0.3803328783693452,-0.7420895176151536,-87.88955962868158
1307,0.2311314222655797,-0.38104607068956325,-0.7379114691708635,-87.39473140491683
1308,0.23115045402513992,-0.381519642747435,-0.7351358760827901,-87.06600333582463
1309,0.23117784643835498,-0.38220128465065534,-0.7311406188143093,-86.59282403117884
1310,0.231211866531802,-0.38304792178370783,-0.7261778803781597,-86.0050608498483
1311,0.23123303984015173,-0.3835751374594939,-0.7230858147465765,-85.63885127505715
1312,0.23124554399242828,-0.38388662961959014,-0.721258137149579,-85.42238981679596
1313,0.2312637838226248,-0.38434105196779234,-0.7185915370630187,-85.10657036139283
1314,0.23126917172684452,-0.38447535752476675,-0.7178029930159393,-85.01317894782274
1315,0.2312839705692246,-0.38484425931173516,-0.7156370273010261,-84.75665225079254
1316,0.23130101820953228,-0.38526929813199234,-0.713140994881229,-84.46103402012425
1317,0.2313197087989513,-0.385735393389036,-0.7104033120753743,-84.13679586489086
1318,0.23132540312617875,-0.38587747272218287,-0.7095683347397825,-84.03790511305685
1319,0.23131612846782362,-0.3856459248902176,-0.7109298961180909,-84.19916197911732
1320,0.2313152454920423,-0.38562387979856605,-0.71105953300882,-84.21451555704472
1321,0.23132134912227914,-0.38577627974195766,-0.7101632714537384,-84.108366593182
1322,0.23130495676324975,-0.38536667294729043,-0.7125739770319376,-84.3938791177939
1323,0.2312870092751245,-0.38491808383231213,-0.7152148309109871,-84.70664931460152
1324,0.23127618892979573,-0.3846476135646666,-0.7168072167881169,-84.89524393853534
1325,0.23124874129358544,-0.3839610969591033,-0.7208515400298208,-85.37423438412432
1326,0.2311811899851055,-0.3822696219603324,-0.7308272338790389,-86.55570820714229
1327,0.23110980425689273,-0.3804815583417235,-0.7413759448435963,-87.80504745708167
1328,0.23103737059943713,-0.3786667705600555,-0.7520851055125436,-89.07338960832425
1329,0.23094515673138033,-0.3763548824638251,-0.7657365873793345,-90.69020631449071
1330,0.23085270944873046,-0.37403657478517843,-0.7794293087647062,-92.31190723346616
1331,0.23076748000355474,-0.3718990798307369,-0.7920552009570537,-93.80725796725744
1332,0.23067752316811374,-0.3696422606072385,-0.8053904162132662,-95.38661755744371
1333,0.23059808098295445,-0.3676491953700454,-0.8171673560191562,-96.78142240071863
1334,0.23051088930604577,-0.36546082714194955,-0.8301035145726643,-98.31351960943334
1335,0.23043174031326444,-0.3634741800702575,-0.8418480388439092,-99.7044853106675
1336,0.23035797206537764,-0.36162236060943687,-0.8527968477791085,-101.00121026490984
1337,0.23029482688149563,-0.3600371992559852,-0.8621691385202686,-102.11121988827675
1338,0.23024130428081163,-0.35869356045973744,-0.8701136431789644,-103.05212930600403
1339,0.23019314977555258,-0.3574845388218574,-0.8772630477597468,-103.89887084499193
1340,0.23015329690671335,-0.35648389491317956,-0.8831805446533434,-104.5997110856056
1341,0.23012196465584528,-0.3556971550150645,-0.8878332886229052,-105.15075999391516
1342,0.23009279729846938,-0.3549646371525823,-0.8921661746949457,-105.66392645126753
1343,0.23004865031305183,-0.353855279049766,-0.8987318423644659,-106.44153296159375
1344,0.23001116938651733,-0.3529133484497257,-0.9043070840485858,-107.10183811994648
1345,0.22997758928801149,-0.352069324070122,-0.9093035604413516,-107.69359706469824
1346,0.2299522423629213,-0.35143220678977116,-0.9130753650384367,-108.14031169571552
1347,0.2299338837645292,-0.35097071267594837,-0.915807664621009,-108.46391228753853
1348,0.2299195278952668,-0.35060978670431525,-0.9179448486073853,-108.71703021327306
1349,0.22990418117640637,-0.3502238496349676,-0.9202307206911318,-108.98775805140991
1350,0.22989268521454637,-0.3499347088042192,-0.921943524548183,-109.19061440923898
1351,0.22988905069971707,-0.34984329069470904,-0.9224850913024351,-109.25475500469398
1352,0.22987618076763836,-0.34951942979607237,-0.9244045270692232,-109.48208386499198
1353,0.2298728027210386,-0.34943442318793505,-0.9249083437188307,-109.54175351725968
1354,0.22986262888522027,-0.3491783032571245,-0.9264269101196545,-109.72160531285469
1355,0.22984448179148073,-0.3487212690880577,-0.9291378565360615,-110.04267693704455
1356,0.2298338066547949,-0.3484524000521881,-0.9307327756334196,-110.23157158355654
1357,0.22982655039019456,-0.3482696123132435,-0.9318172296435362,-110.36000916840885
1358,0.22982743839043712,-0.3482919822295919,-0.9316845068049062,-110.34429010546164
1359,0.22983098366072263,-0.3483813075044742,-0.9311544420097229,-110.2815117474368
1360,0.2298422945443893,-0.34866630516585745,-0.9294631619482675,-110.08120456578062
1361,0.22985025285765176,-0.3488668919717862,-0.9282724345198871,-109.94018046176892
1362,0.22984159329477383,-0.34864849253763747,-0.9295697155935048,-110.09382427369245
1363,0.22984161604253334,-0.3486490662647653,-0.9295663075972515,-110.0934206467946
1364,0.22984706133982816,-0.34878641752495504,-0.9287503447102443,-109.99678187598583
1365,0.2298377543902498,-0.34855152294736547,-0.9301465967288995,-110.16214733680602
1366,0.22983305338939253,-0.3484328615971061,-0.9308520254159095,-110.24569496169364
1367,0.22983374110738874,-0.3484502225695238,-0.9307488057819723,-110.23347011825301
1368,0.22981861503829876,-0.34806814250241497,-0.9330218386693162,-110.50267734291802
1369,0.22980991803488043,-0.34784844125872577,-0.9343289669794878,-110.65748741479231
1370,0.22979032858734247,-0.34735333573723853,-0.9372760672876299,-111.00652798485261
1371,0.2297764047470471,-0.3470013887618091,-0.9393712251680437,-111.25466853810272
1372,0.22975811972863436,-0.34653905138369884,-0.9421244587592386,-111.58074845452933
1373,0.22974709935632703,-0.3462603843290642,-0.9437840276490728,-111.77729991555755
1374,0.22972953491552156,-0.3458160686834014,-0.9464311144650643,-112.09080831182766
1375,0.22971945515326267,-0.34556107424147964,-0.9479503681642317,-112.27074150777574
1376,0.22969823360174602,-0.3450239525434529,-0.9511521087994689,-112.64994046935195
1377,0.2296857220701366,-0.34470727544464547,-0.9530398422044951,-112.87351465241991
1378,0.22967542787458362,-0.3444466746398965,-0.9545935754440087,-113.05753144144578
1379,0.2296719508024808,-0.34435864561827273,-0.9551184496713413,-113.11969505325497
1380,0.2296695151152173,-0.344296968692387,-0.9554862741097633,-113.16325843361031
1381,0.22967015029254712,-0.34431305527037076,-0.9553903233064749,-113.15189447596524
1382,0.22967857711352174,-0.34452648227144006,-0.9541172567107384,-113.0011185118513
1383,0.22967481374180582,-0.34443111667402987,-0.9546863993946063,-113.0685250695019
1384,0.22967676420166813,-0.34448054670725137,-0.9543913740267198,-113.03358366547
1385,0.22967998709722032,-0.34456223995338403,-0.953903688195762,-112.97582447078716
1386,0.22966828954516436,-0.3442655576435812,-0.9556758397206024,-113.18570968465471
1387,0.22966587091802323,-0.3442042142756624,-0.9560422594373228,-113.22910669644018
1388,0.22966521134905998,-0.34418748259162707,-0.9561422205639726,-113.24094561774642
1389,0.229665455783792,-0.34419368459584315,-0.9561051599414243,-113.23655633354551
1390,0.2296577519744068,-0.3439981345338454,-0.9572741768907773,-113.3750091514849
1391,0.2296563776161976,-0.34396324584380106,-0.9574827602292687,-113.39971277191172
1392,0.22965179652284112,-0.3438469171219492,-0.9581784477404037,-113.48210669817189
1393,0.22964812902138274,-0.34375376827605547,-0.9587356252350391,-113.54809615561079
1394,0.22965106879035643,-0.34382843875777425,-0.9582889483912505,-113.49519387069094
1395,0.22965744678474861,-0.3439904636795177,-0.9573195821891004,-113.38038673947085
1396,0.229663653660471,-0.3441481780738755,-0.9563757878195857,-113.26860821471381
1397,0.22966716780433785,-0.34423749740440224,-0.9558411269660535,-113.20528552135649
1398,0.22966075542824899,-0.3440744366533608,-0.9568176571621554,-113.3209411220114
1399,0.22966327007000154,-0.34413838215096026,-0.9564347005377497,-113.27558555738348
1400,0.2296719663003125,-0.34435953711772593,-0.9551101518157535,-113.11871229463063
1401,0.22966118563027313,-0.3440851787952255,-0.9567545018400526,-113.31346130547168
1402,0.22964215648944886,-0.3436006978900576,-0.9596594393215767,-113.65750831050215
1403,0.22963144174043473,-0.34332789400965863,-0.9612952071373747,-113.85124088530968
1404,0.2296208946116145,-0.34305929813240055,-0.9629060991667342,-114.04202729006143
1405,0.2296190130598742,-0.34301138139824794,-0.9631934816003735,-114.07606350124354
1406,0.2296246049161523,-0.34315379275328944,-0.9623393297324251,-113.97490180882231
1407,0.22963749267138714,-0.343482027379743,-0.9603705675580246,-113.74173096296838
1408,0.22965518081174072,-0.34393256843892756,-0.9576679284652583,-113.4216432187541
1409,0.2296740429150051,-0.34441310574788964,-0.9547847928029779,-113.08017831769753
1410,0.22969789691869474,-0.34502087751789423,-0.9511379210961122,-112.64826014511806
1411,0.22972969104714872,-0.34583097016796205,-0.9462769490010793,-112.07254968612554
1412,0.22976500593665042,-0.34673088877922814,-0.9408762628544168,-111.43291805698152
1413,0.2298029567835207,-0.3476981287409109,-0.9350706655096326,-110.74533066772109
1414,0.22983359545136545,-0.34847932981438573,-0.9303797822643367,-110.18976472464787
1415,0.22986079240085902,-0.34917299378293887,-0.92621323705176,-109.69629888903926
1416,0.22989225054881327,-0.34997543131308584,-0.9213927930792395,-109.12538838848253
1417,0.2299065802104123,-0.35034119665634206,-0.9191940972394483,-108.86498529083782
1418,0.22992884048906545,-0.3509094031789052,-0.9157784126405256,-108.46044782183469
1419,0.22994753223031777,-0.3513866710216904,-0.9129084933247683,-108.12054820211986
1420,0.22996453708075595,-0.3518209821245263,-0.9102961909410892,-107.81115950888463
1421,0.22998979394776373,-0.35246606013545884,-0.9064161226437821,-107.35162263916108
1422,0.23001405202145603,-0.3530857823455729,-0.9026876451399579,-106.9100394633878
1423,0.23004612060006502,-0.35390505573652475,-0.8977584994625382,-106.32625484893013
1424,0.23007391946086547,-0.35461548547747634,-0.8934827913169497,-105.81986027375245
1425,0.23009323385808403,-0.3551093038273896,-0.8905094490573472,-105.46771173153664
1426,0.2301175386565287,-0.3557307715626201,-0.886767167011488,-105.02449361133748
1427,0.230118623297726,-0.35575852817661796,-0.8865998900693566,-105.00468212440636
1428,0.23012611312897932,-0.3559502090176476,-0.8854446442018149,-104.8678602880228
1429,0.23014102200806374,-0.35633177167696695,-0.8831449203008828,-104.59549190641563
1430,0.2301538842204971,-0.3566610442703598,-0.8811598142223647,-104.36038536614558
1431,0.23017380489612865,-0.35717103385313453,-0.8780850864609077,-103.99622920638605
1432,0.23019150863002516,-0.35762439372118154,-0.875351022597073,-103.6724196614657
1433,0.23019828177375826,-0.35779792832573526,-0.8743039713574284,-103.54841188319016
1434,0.23019220227253537,-0.3576420806099582,-0.8752448151521166,-103.65984095587166
1435,0.2301907798129183,-0.35760561211856184,-0.8754649962151675,-103.68591815573875
1436,0.23019671704557285,-0.3577578339763335,-0.8745459143656369,-103.57706646453369
1437,0.23019568675421967,-0.35773140833828915,-0.8747055295009825,-103.59597052344112
1438,0.23019693295976817,-0.357763377111165,-0.8745124016190408,-103.5730973739181
1439,0.2301993870042959,-0.3578263423971871,-0.8741319476306272,-103.5280382096166
1440,0.23018399154678856,-0.3574310656358242,-0.8765219063632099,-103.81109357632285
1441,0.23017254698527229,-0.35713719176628306,-0.8782989696510234,-104.02156051607987
1442,0.2301595691801807,-0.35680386108602474,-0.8803151470876666,-104.26034700050471
1443,0.23014753715112665,-0.35649476159934634,-0.882185125494922,-104.481818365923
1444,0.23009546587483826,-0.3551554700995464,-0.8902971214898094,-105.44256466239612
1445,0.23005100027485575,-0.3540117535833708,-0.897224808337137,-106.26304700556916
1446,0.23000734288979274,-0.35288859972805287,-0.9040293029096896,-107.0689390405346
1447,0.22997126984403313,-0.3519605297692167,-0.9096521154464531,-107.7348782648467
1448,0.22994247818558688,-0.3512197601420223,-0.9141403394778266,-108.26644221268413
1449,0.22991949093389874,-0.35062828431017606,-0.9177242868739522,-108.69090792861302
1450,0.22987443930311316,-0.3494682023979278,-0.9247588878737095,-109.52405267645837
1451,0.2298297324959012,-0.3483167563187604,-0.9317425894586102,-110.35116913923713
1452,0.22975524620153562,-0.3463965587217832,-0.9433995461317133,-111.73176374984712
1453,0.22968257422341984,-0.3445227990377553,-0.9547766059811872,-113.07920870938902
1454,0.2296177080212279,-0.34285023805887854,-0.9649324165999348,-114.28201470754207
1455,0.22954738659243695,-0.34103638613129217,-0.9759499460376845,-115.58687859187742
1456,0.22948078524611973,-0.33931826080875044,-0.9863873999124502,-116.82304108026008
1457,0.2294068989342141,-0.3374114623431373,-0.997975506856258,-118.19548145577488
1458,0.22931873658862106,-0.33513499322034007,-1.0118177311670582,-119.83488879151976
1459,0.22923533399909551,-0.3329811886382302,-1.0249155284872233,-121.3861297284279
1460,0.22914941843281658,-0.3307618737252376,-1.0384154271340462,-122.98499363761522
1461,0.2290690739220781,-0.3286862770825522,-1.0510422468145626,-124.48045421870225
1462,0.22899602519697745,-0.32679906341143383,-1.0625236151623836,-125.84025298161643
1463,0.22892563658799145,-0.3249802888367218,-1.0735903400016575,-127.15094333576856
1464,0.22886401031093687,-0.3233879050565488,-1.0832796594232295,-128.29850033104904
1465,0.22880821970851867,-0.3219461968705547,-1.0920528424870541,-129.33755448518846
1466,0.2287602153005777,-0.3207056566313619,-1.0996020963468827,-130.23165227462732
1467,0.22871947223589872,-0.3196527220800814,-1.1060099471531264,-130.99056770485325
1468,0.22868603029410883,-0.3187884395267244,-1.1112699168291644,-131.61353354322392
1469,0.22864679465520865,-0.317774058141214,-1.1174455876425358,-132.34495067729586
1470,0.22861200081657249,-0.31687441604337574,-1.1229233003017847,-132.99370496093138
1471,0.2285826607386099,-0.31611572629067514,-1.1275431624779333,-133.54085950572508
1472,0.22856090245556054,-0.3155530750433831,-1.1309693862836694,-133.9466451883516
1473,0.2285460813916638,-0.3151697988780068,-1.1333034135291256,-134.2230762952398
1474,0.22851635323954744,-0.3144005669173938,-1.1379905425707222,-134.7781976082488
1475,0.22849327258471205,-0.3138033127895589,-1.1416299464403008,-135.2092313256312
1476,0.22846175754017212,-0.31298745482062235,-1.1466035386969313,-135.79827998193437
1477,0.22843699199496617,-0.3123462968910328,-1.1505123167166926,-136.261217094895
1478,0.22841895409239973,-0.3118792902822452,-1.153359521905032,-136.59842656118667
1479,0.22840357331344005,-0.3114810184759073,-1.1557880278735861,-136.88604727953043
1480,0.22839601131806395,-0.3112852043647402,-1.1569820432112654,-137.02746078791117
1481,0.2283849020581952,-0.31099744739199275,-1.1587372332984376,-137.23533716962038
1482,0.22835558202741083,-0.31023747213777153,-1.1633758698975212,-137.7847152679408
1483,0.22832361797595624,-0.30940873059972496,-1.1684356489953158,-138.38397148456644
1484,0.2282980722403763,-0.30874636296712915,-1.1724798694371166,-138.8629497550229
1485,0.22827974979259713,-0.3082712708004345,-1.175380732290553,-139.20651418044568
1486,0.22826880092847682,-0.3079873648794641,-1.1771142756956448,-139.41182683189018
1487,0.22826345645990667,-0.3078487723249547,-1.177960586694484,-139.5120598889962
1488,0.22825614422852059,-0.3076591014978527,-1.1791191111311086,-139.64927002353792
1489,0.2282531344937291,-0.30758102450690217,-1.1795960598641848,-139.7057575673187
1490,0.22823358875495886,-0.30707365359157823,-1.1826974130772085,-140.07306711916578
1491,0.22821502555629278,-0.3065916965808459,-1.1856439745327627,-140.4220438700836
1492,0.2281976319301748,-0.30614002220128056,-1.188405900507083,-140.7491532711032
1493,0.22818100627069957,-0.3057082064972306,-1.1910469026273212,-141.06194102489349
1494,0.22816225738468734,-0.30522111398491286,-1.1940267741057793,-141.41486285679514
1495,0.22814487571651845,-0.3047694610156838,-1.1967903279692476,-141.74216505727753
1496,0.2281264593451258,-0.30429080704683253,-1.1997197929649106,-142.08911698464595
1497,0.22811211567694314,-0.3039179651014606,-1.2020019108750564,-142.3594001962833
1498,0.22809091185457026,-0.3033665889911312,-1.2053781215427095,-142.75926256025699
1499,0.228072440064954,-0.30288618706937287,-1.208320157298027,-143.10770330872313
1500,0.22806071663121674,-0.30258128029158643,-1.2101875113868383,-143.328863862323
1501,0.2280563159111838,-0.3024668225969644,-1.2108885041742556,-143.41188612032093
1502,0.2280556657476476,-0.30244991067352517,-1.2109920924054964,-143.42415461867637
1503,0.22805877055836307,-0.30253068145004697,-1.2104973033028745,-143.3655541462182
1504,0.2280687944193635,-0.3027914562377474,-1.2088997960529229,-143.17635297119946
1505,0.22808581290675406,-0.3032342087782043,-1.206187433224426,-142.85511359388565
1506,0.22808516654775357,-0.3032173815691684,-1.206290589410695,-142.86733092288566
1507,0.22806289463215187,-0.3026371072670501,-1.2098506062744625,-143.28896242016475
1508,0.22804372738659182,-0.30213765660208214,-1.212915166119309,-143.65191434014994
1509,0.2280259076265226,-0.3016732360513045,-1.2157652863846276,-143.9894690543206
1510,0.22800496513422147,-0.30112727096937886,-1.219116814132395,-144.38640809043747
1511,0.22798998208041163,-0.3007366447740836,-1.2215148942884533,-144.67042531998624
1512,0.22796535367593712,-0.3000942565631945,-1.2254603666103123,-145.1377083318926
1513,0.2279473602107425,-0.29962491051124246,-1.2283431471773463,-145.47913117715387
1514,0.22793588765907133,-0.29932564554566055,-1.2301813426338326,-145.69683832076268
1515,0.22792999952551932,-0.2991720421124312,-1.2311248906182386,-145.80858766483706
1516,0.2279314875735489,-0.2992108612710466,-1.2308864308867709,-145.78034562625496
1517,0.22793143032479835,-0.2992093674299336,-1.230895609602902,-145.78143270982045
1518,0.22793705474753181,-0.29935613872994393,-1.2299937408938124,-145.6746196612552
1519,0.22793531299329095,-0.29931066849761434,-1.2302732561013676,-145.7077241155271
1520,0.22793856274786325,-0.299395513000795,-1.229751659634779,-145.6459487061403
1521,0.22794585977068896,-0.2995860425194923,-1.2285802295647532,-145.50721008964393
1522,0.22795340008078777,-0.2997829643178259,-1.2273692539334538,-145.36378788460053
1523,0.2279662876656657,-0.3001195561428881,-1.2252992438780714,-145.1186257203657
1524,0.22798166108686332,-0.30052112832277955,-1.2228292650902142,-144.8260931581829
1525,0.22797273500392054,-0.30028776636328747,-1.2242658574279457,-144.99623633489148
1526,0.22796892975715827,-0.30018827545074017,-1.2248783744462262,-145.06877994280381
1527,0.22797240830828225,-0.30027922581241884,-1.2243184304466999,-145.00246283365877
1528,0.2279663103726398,-0.3001197145494044,-1.2253009310443121,-145.118825540326
1529,0.2279649602461028,-0.30008439474933296,-1.2255184989080825,-145.14459324527562
1530,0.22796882112208308,-0.3001854034709929,-1.2248962495221212,-145.0708969819365
1531,0.22796955145147343,-0.3002045160385304,-1.224778475060117,-145.05694833375412
1532,0.22796893399071932,-0.300188353269094,-1.224878096639315,-145.06874704067206
1533,0.22796427080423706,-0.30006625012969,-1.225630934243839,-145.15790955269105
1534,0.22796661316067446,-0.3001275846664161,-1.2252527638061135,-145.1131208412926
1535,0.227974005577292,-0.30032116839801615,-1.2240591014878768,-144.9717491428588
1536,0.2279780683320066,-0.3004275906902209,-1.223402693183676,-144.89400725940217
1537,0.22798238124169004,-0.30054058834378045,-1.2227055894111813,-144.81144559786983
1538,0.22797926185703435,-0.3004588274539395,-1.2232101928441355,-144.8712084330221
1539,0.22797681689425894,-0.30039473144819295,-1.223605848262812,-144.91806798255993
1540,0.22796113346204827,-0.29998335084942973,-1.2261466601795097,-145.21898968426447
1541,0.2279490273237285,-0.2996657681023108,-1.2281083661089007,-145.4513248219568
1542,0.22794144036200853,-0.29946672074724134,-1.2293379847740602,-145.59695501942863
1543,0.2279353352655014,-0.2993065240800268,-1.230327766693493,-145.7141800912865
1544,0.22793425243025747,-0.29927810866969934,-1.2305033448154312,-145.73497473054667
1545,0.22792973204878011,-0.2991594507436632,-1.231236747644973,-145.82183548007728
1546,0.22791813930459984,-0.2988550257927271,-1.2331190847175184,-146.0447705471436
1547,0.2279120974365488,-0.2986963576004385,-1.2341002259479428,-146.16097225681423
1548,0.22791333673460362,-0.2987289036163033,-1.233898972703341,-146.13713677791037
1549,0.22791335992016948,-0.29872951265314596,-1.2338952057363035,-146.13669063621697
1550,0.2279200376375501,-0.2989049264624155,-1.23281022542187,-146.00819071837984
1551,0.22793370750174513,-0.2992640176601239,-1.2305891279152243,-145.74513447365777
1552,0.22795208472961798,-0.29974680101516477,-1.227602736714699,-145.3914404768248
1553,0.22797672579727885,-0.3003941579075014,-1.223598220261524,-144.91716455829894
1554,0.22800627145323393,-0.30117041557682983,-1.2187960222952159,-144.3484150281008
1555,0.22803868850104625,-0.3020222175606424,-1.2135258427363391,-143.72423997967493
1556,0.22807431051865176,-0.3029583389130911,-1.2077333288255678,-143.0382021302295
1557,0.2281023659296409,-0.30369592668624124,-1.2031673803513574,-142.49743286835493
1558,0.2281264701328324,-0.3043298366145084,-1.1992420000043653,-142.03252945457146
1559,0.22814478580643996,-0.30481169302800004,-1.1962570925700315,-141.67901118796252
1560,0.22816969850636384,-0.3054671174989805,-1.1921969345047443,-141.19814534103918
1561,0.2281859922842705,-0.3058959803436961,-1.1895390730561441,-140.88336084843212
1562,0.22820603181596752,-0.30642348536974123,-1.1862695630443967,-140.49613560361593
1563,0.2281917177002386,-0.30604625669520175,-1.1886103341281449,-140.77336541869718
1564,0.22817939055350428,-0.30572134301014625,-1.1906267826007402,-141.01218400333352
1565,0.2281741987131494,-0.3055844973753994,-1.1914760691167627,-141.1127694665694
1566,0.2281727871963754,-0.305547289148306,-1.1917070123897988,-141.1401212914969
1567,0.22817010708882332,-0.3054766234552237,-1.1921457226757606,-141.19208005512647
1568,0.22817319726162205,-0.30555810479600154,-1.1916398441439353,-141.13216620331704
1569,0.22818121344915906,-0.3057694886338615,-1.1903273777224743,-140.97672391088264
1570,0.22819554553135132,-0.3061474296852418,-1.187980711663052,-140.6987959228671
1571,0.22821526230563727,-0.3066673923273431,-1.184752063357719,-140.31641014458052
1572,0.2281968990884546,-0.3061825154450086,-1.1877666187421632,-140.67343977365616
1573,0.2281814488013122,-0.30577450320298283,-1.1903036077972446,-140.9739087137787
1574,0.22815234469154952,-0.3050054826645353,-1.1950880229348992,-141.54055213016954
1575,0.2281161178583465,-0.3040478834497564,-1.2010479848566584,-142.24642172712936
1576,0.22808655412136017,-0.3032663917506586,-1.2059120080158698,-142.82249353967921
1577,0.22805338098349495,-0.30238922710284355,-1.2113731208215153,-143.46928181545653
1578,0.22800266538737188,-0.301047318295612,-1.2197331586873679,-144.45940501362566
1579,0.22795550894695382,-0.2997994447418708,-1.22750821667755,-145.38024597232916
1580,0.22791565322132207,-0.2987447529530881,-1.2340797069404064,-146.1585420829692
1581,0.22788278343409907,-0.2978749125434855,-1.239499537131229,-146.8004410418232
1582,0.22785142405450948,-0.2970449079519601,-1.2446719898433718,-147.4130417864495
1583,0.2278249178871965,-0.2963433050439941,-1.2490445786939577,-147.93091045241624
1584,0.22780561615800532,-0.2958323956404396,-1.2522287349566417,-148.30802680438356
1585,0.2277919706028768,-0.29547118590066945,-1.254480019419351,-148.57465824887868
1586,0.22777449900653834,-0.2950085560939216,-1.2573642935464,-148.91625798429794
1587,0.22775755435661682,-0.2945597954396249,-1.2601626199486302,-149.24767847919955
1588,0.22774483381822674,-0.2942228769994483,-1.2622637129603114,-149.4965219612218
1589,0.2277389020869433,-0.29406576600966033,-1.2632435025827398,-149.61256359285773
1590,0.22773320944243647,-0.2939149583461694,-1.2641841642366891,-149.7239710936548
1591,0.22772099592460462,-0.2935912785719612,-1.2662038791293622,-149.96317653757885
1592,0.2277093430379468,-0.29328239935861095,-1.2681315952820367,-150.1914860874727
1593,0.22769160088022092,-0.2928119409398785,-1.2710688009886342,-150.53935478789757
1594,0.2276786766042792,-0.2924692121349082,-1.2732086992630673,-150.7927941810243
1595,0.22766793351236214,-0.29218428458579515,-1.274987950904764,-151.00352029902672
1596,0.22765609849863414,-0.2918703248952597,-1.2769489446857296,-151.23577109324026
1597,0.22762814546572385,-0.29112831091507857,-1.2815865182726593,-151.7850232934475
1598,0.22759911654889584,-0.29035756099653537,-1.2864047883274201,-152.35567632550476
1599,0.22757117726282006,-0.28961561543159414,-1.2910437773399694,-152.9050961620031
1600,0.22754086485088124,-0.2888104375263072,-1.296079445446816,-153.5014967873202
1601,0.2275160929826679,-0.2881523983591553,-1.3001950960306192,-153.9889349047032
1602,0.22747530046101883,-0.2870681039406266,-1.3069809744027803,-154.79262212526885
1603,0.227437468869791,-0.2860623915658978,-1.3132758167021519,-155.53815336441335
1604,0.22740097911501353,-0.28509219163200544,-1.319349372140005,-156.25747643816968
1605,0.22736867652794124,-0.2842332465909794,-1.324726925053102,-156.894368276948
1606,0.22734221785361255,-0.2835296658431206,-1.3291319762037326,-157.41608162362746
1607,0.22732201162257998,-0.2829923330523899,-1.3324962586191205,-157.8145312620285
1608,0.2273088700387447,-0.2826428651961113,-1.3346843115551157,-158.07367386467146
1609,0.22730232321138796,-0.2824687660848296,-1.3357743786929408,-158.20277624172303
1610,0.22730167584744734,-0.2824515502572824,-1.3358821736020248,-158.21554295903235
1611,0.22729435646952498,-0.282256825357799,-1.3371018897721592,-158.3600003520024
1612,0.2272846477218537,-0.2819984651062032,-1.338720631245348,-158.5517164076185
1613,0.22727896115773516,-0.28184712665296535,-1.339668913750508,-158.66402648585537
1614,0.2272766641817925,-0.2817859902277858,-1.3400520316788052,-158.70940115455045
1615,0.2272389073376988,-0.2807798680838876,-1.3463643895371902,-159.45700685335487
1616,0.2271963376667613,-0.2796451252508057,-1.353486023824499,-160.30045941061454
1617,0.22715906670116104,-0.2786515698075155,-1.3597219145142707,-161.03900870097232
1618,0.22712882165023407,-0.2778453025189186,-1.3647823590091075,-161.63834372406484
1619,0.2270910490664193,-0.2768379628140596,-1.3711073383715142,-162.38744425388896
1620,0.22705924145445422,-0.2759896695870666,-1.3764338728949286,-163.0182937167871
1621,0.22702429505110105,-0.2750574026731878,-1.3822893348620622,-163.71178683520188
1622,0.2269961994152386,-0.2743078860452699,-1.3869970129604954,-164.2693418809524
1623,0.22697062237008667,-0.2736254713390981,-1.3912837727307383,-164.77704535809002
1624,0.22693366131588766,-0.2726388215070121,-1.3974847942913484,-165.5114649143202
1625,0.22690377876849654,-0.2718411240850771,-1.4024982853836132,-166.10523899930865
1626,0.22687912416249892,-0.2711829486312186,-1.40663510565188,-166.59518435362307
1627,0.22685898111658948,-0.2706451745932357,-1.4100154091889254,-166.99553145761797
1628,0.22683319476226263,-0.26995649375354974,-1.4143457926659053,-167.50840151949163
1629,0.2268131688101352,-0.2694216374380684,-1.417709059265698,-167.90673084951584
1630,0.22679230145594673,-0.26886418630865294,-1.4212151720202721,-168.32197819999496
1631,0.22677812007266773,-0.2684853410752425,-1.4235979561832421,-168.6041838447353
1632,0.22674486724253745,-0.26759637108385326,-1.4291932569442054,-169.26686470492515
1633,0.22669948076153362,-0.2663823861910647,-1.4368382413404672,-170.1723003646484
1634,0.2266611278531552,-0.26535652709921836,-1.4432985557686122,-170.9374293371977
1635,0.2266285506445538,-0.2644851224335679,-1.4487864070557297,-171.58738439178802
1636,0.2266014734299371,-0.263760804613772,-1.453348148697224,-172.1276554163663
1637,0.22657994459613182,-0.2631848827433641,-1.4569754436181623,-172.55725500735522
1638,0.22656304812718078,-0.2627328525885439,-1.4598226236574923,-172.89446149511758
1639,0.22653925780584147,-0.2620961441831633,-1.4638345779014585,-173.36961831027622
1640,0.22652193914050434,-0.26163263255832203,-1.4667552440752314,-173.7155281469496
1641,0.2265099349248924,-0.26131134101457815,-1.4687798465966286,-173.95531245841727
1642,0.2265037905390761,-0.26114688271646547,-1.4698162003119963,-174.0780532727006
1643,0.22650254059445302,-0.26111342539013477,-1.470027046845012,-174.10302493514308
1644,0.22647898379491072,-0.26048235573501155,-1.47400730314461,-174.57442759624678
1645,0.2264579326660899,-0.25991834103670813,-1.477565073223686,-174.99579299501292
1646,0.2264429282780511,-0.2595163248370957,-1.480101026138812,-175.29613921963792
1647,0.22642491296905384,-0.25903350124557456,-1.4831475664352631,-175.65695698985334
1648,0.22640593209504437,-0.25852468704757964,-1.486358810907993,-176.0372815408257
1649,0.22639114025883106,-0.25812813718385264,-1.4888617165025957,-176.33371379768968
1650,0.22637475781731278,-0.25768884015835913,-1.4916350893533472,-176.66217891241337
1651,0.22636476792887048,-0.2574209571722271,-1.4933263087766893,-176.86247891237926
1652,0.22636060460400656,-0.257309313060252,-1.4940311667521322,-176.94595894489814
1653,0.2263560256419278,-0.2571864979396381,-1.4948067106721863,-177.0378106851374
1654,0.22635426758903385,-0.2571393388885067,-1.4951045401444751,-177.0730841939831
1655,0.2263562293404253,-0.2571919665058838,-1.494772146482995,-177.03371706665226
1656,0.2263614281663221,-0.25733144827013793,-1.4938911003768793,-176.92937014833447
1657,0.22637009477962075,-0.25756398989362167,-1.4924221037257779,-176.7553891585797
1658,0.22638474058676838,-0.25795697009287333,-1.489939560518943,-176.46136852625884
1659,0.2264009780648652,-0.2583927214229987,-1.4871864268408248,-176.13530044306273
1660,0.22641743529737704,-0.25883445213190365,-1.4843949993149506,-175.80469701832644
1661,0.22642366348302864,-0.2590017069797037,-1.4833375425313067,-175.67945685681667
1662,0.2264163833412936,-0.2588060872232766,-1.484575058713366,-175.82602239869914
1663,0.22640499184149263,-0.258499898615145,-1.4865126477743924,-176.05550124898966
1664,0.22639039733614158,-0.258107505758686,-1.4889964477875184,-176.34967073148135
1665,0.22638143661935956,-0.25786657774493515,-1.4905215382208028,-176.5302952025102
1666,0.22637821293251065,-0.25777989989306493,-1.4910702283128299,-176.59527945227543
1667,0.22637994034469536,-0.25782634834990764,-1.49077618576747,-176.56045444907792
1668,0.22638369363182625,-0.25792728392556524,-1.4901371281946425,-176.484767503878
1669,0.2263921701655664,-0.2581552513509462,-1.4886937158498958,-176.31381659791444
1670,0.22640512797072512,-0.2585037575755915,-1.4864869684941826,-176.05245991694596
1671,0.22641859178408094,-0.2588659367988974,-1.4841932425340925,-175.78080190297877
1672,0.2264259351673981,-0.2590635493385848,-1.4829412711051375,-175.63252435027573
1673,0.22642543930614425,-0.2590501999111333,-1.4830258818794877,-175.6425452487266
1674,0.22642822576094818,-0.25912522303587454,-1.4825503292070572,-175.58622304774138
1675,0.2264264877994721,-0.259078414574299,-1.4828471320901322,-175.621374972234
1676,0.2264304377844431,-0.2591848017323821,-1.4821725381382915,-175.5414792670016
1677,0.22643937874200687,-0.2594256234354943,-1.4806454412854768,-175.36061716516843
1678,0.2264515806697358,-0.25975430849687886,-1.4785609954042533,-175.11374529025056
1679,0.22646879853421414,-0.26021812602988564,-1.475619459967551,-174.7653637971461
1680,0.22648975693963697,-0.2607827493792039,-1.4720383447843677,-174.34123351507307
1681,0.22651535931529884,-0.2614725141436891,-1.4676633202891234,-173.82307638291542
1682,0.22654337135063987,-0.26222728516903426,-1.4628754295370079,-173.25602133124727
1683,0.22656726784948492,-0.26287136932496025,-1.4587883920317826,-172.77197201105938
1684,0.226596053647549,-0.2636472641249826,-1.453864766877754,-172.1888412211852
1685,0.22660443745089195,-0.263873426234332,-1.4524284371793992,-172.01872915023765
1686,0.22660901570925876,-0.263996967216605,-1.451643605418366,-171.92577740220392
1687,0.22661589681876143,-0.26418267126400186,-1.450463722984682,-171.78603772788088
1688,0.2266271281147907,-0.264485793478981,-1.448537706595159,-171.5579294898656
1689,0.22664407700169334,-0.2649432347360886,-1.4456311166534614,-171.2136867752967
1690,0.2266655056729796,-0.26552161228503934,-1.4419559099705177,-170.77841274266197
1691,0.22668951020258862,-0.26616958480830344,-1.4378380282811603,-170.2907103837286
1692,0.22671505913766857,-0.26685934343640305,-1.433453983200023,-169.7714848962002
1693,0.22673992322881795,-0.26753075370614327,-1.4291856690856117,-169.2659660349743
1694,0.2267667709260433,-0.26825581922356373,-1.4245756773684068,-168.71998050048097
1695,0.22675990906904733,-0.268070278629481,-1.4257567750900029,-168.85986410773515
1696,0.2267493836036262,-0.2677855917968454,-1.4275695434356874,-169.07455978504782
1697,0.22672428807882633,-0.26710640656262064,-1.4318969479467245,-169.58707703233694
1698,0.22670403649856927,-0.2665582911278063,-1.4353894150763802,-170.00070825977906
1699,0.22668789077649854,-0.26612127193191565,-1.438174192960908,-170.33052413256135
1700,0.2266546922804859,-0.2652220712438062,-1.4439079612555936,-171.00960443011402
1701,0.2266066470776819,-0.2639199501003784,-1.4522159616892838,-171.99356456184924
1702,0.2265627627567601,-0.2627305108567442,-1.4598055587844136,-172.8924404125603
1703,0.22652464639136122,-0.2616973790328138,-1.4663979581469322,-173.67321289770493
1704,0.22649108125155584,-0.2607875529585305,-1.4722038863411273,-174.36083947119897
1705,0.22646360865035547,-0.2600428628400215,-1.4769560865517053,-174.9236675045571
1706,0.22643895987645402,-0.2593746461568119,-1.481220726486586,-175.42875121340143
1707,0.22640881061771376,-0.2585570308660773,-1.4864406430833839,-176.04697335520632
1708,0.22637812751243325,-0.2577247692726256,-1.4917551390445516,-176.67639702794128
1709,0.22634441163389887,-0.2568099943945201,-1.4975981267905834,-177.36841275882622
1710,0.22631504806226574,-0.25601325576609624,-1.5026874930708134,-177.97117314088362
1711,0.2262877011677876,-0.2552711409065469,-1.5074285455004506,-178.53268088398772
1712,0.22625295519992597,-0.25432785960504506,-1.5134571605968081,-179.24668143703752
1713,0.22622276723690102,-0.25350827241381546,-1.5186955272599771,-179.86708871711753
1714,0.22619675506342912,-0.2528020088226947,-1.5232098874554838,-180.40174810816163
1715,0.22616859178863907,-0.25203714944592515,-1.5280999974719367,-180.98090952424397
1716,0.22614603741625333,-0.2514246023146584,-1.5320163953513368,-181.4447490972073
1717,0.22611850838188244,-0.2506767019955801,-1.5367997674614893,-182.0112689823722
1718,0.22609569900824647,-0.25005699347255955,-1.540763452749006,-182.48070905147068
1719,0.22607682067091628,-0.24954405091591292,-1.5440444897731778,-182.86929950091752
1720,0.22605993576687508,-0.24908521336778772,-1.546979816142835,-183.21694562159675
1721,0.22604679836281674,-0.24872818520407597,-1.5492640065374395,-183.48747428845493
1722,0.22603976592990274,-0.24853706793139912,-1.5504867382560847,-183.63228882867526
1723,0.22602297552230483,-0.24808054479664693,-1.5534088717677303,-183.97837244988054
1724,0.22600616919842262,-0.2476235037540438,-1.5563348623540636,-184.3249128847016
1725,0.22598731805981004,-0.2471107285462591,-1.5596184687296692,-184.71380763593507
1726,0.2259688784252612,-0.24660905973543268,-1.562831508500163,-185.09434481345195
1727,0.22594673010038402,-0.2460063144580536,-1.566693045707129,-185.55168694880606
1728,0.22591982611168623,-0.2452739103584059,-1.5713867695329213,-186.10758931674852
1729,0.22588215713433088,-0.24424794191587162,-1.5779650989292813,-186.88669542189407
1730,0.22584220080954512,-0.24315940076431575,-1.5849463778562312,-187.71352495656595
1731,0.22580791767567607,-0.24222539510542113,-1.5909366874228987,-188.4229887845228
1732,0.22577711660958355,-0.2413861837037799,-1.5963194789560502,-189.06050106059163
1733,0.22575084664659878,-0.24067038976228555,-1.6009108987641059,-189.60428702632967
1734,0.22572569013298968,-0.23998483023020223,-1.6053090478556022,-190.1251829258906
1735,0.2257053990487741,-0.23943183948758034,-1.608856858400249,-190.54536876467873
1736,0.22568427832598845,-0.2388561181721734,-1.6125512699891411,-190.98291733520472
1737,0.2256676908572974,-0.2384039445376122,-1.6154530178269049,-191.32658657397008
1738,0.22565650923497896,-0.23809912728731158,-1.6174091739923078,-191.55826442396142
1739,0.22564993923953422,-0.2379200175802454,-1.618558656399803,-191.69440366349727
1740,0.2256326811568425,-0.2374492933026272,-1.6215811720192577,-192.05237606501885
1741,0.22561781619488464,-0.2370437971956425,-1.6241851493775423,-192.3607787817668
1742,0.22558612305695308,-0.2361786605831278,-1.629744577156959,-193.01921101631805
1743,0.22555594692646247,-0.23535481895171334,-1.6350393767534286,-193.64630194512048
1744,0.225530774069453,-0.23466754695359032,-1.6394566097473762,-194.1694580514929
1745,0.2255090259485546,-0.23407372859943343,-1.6432735100008928,-194.62151359798042
1746,0.2254884756682029,-0.2335125334122835,-1.646881248719361,-195.0487970451857
1747,0.22546977044816313,-0.2330016582269528,-1.650165916368167,-195.437817488579
1748,0.22545591702036877,-0.23262328053318387,-1.6525987832825466,-195.7259546966441
1749,0.22543074557101242,-0.23193541530532052,-1.6570238697056763,-196.25004092588713
1750,0.22540622620287656,-0.23126525967035938,-1.6613357325645683,-196.76071749367532
1751,0.2253868819956731,-0.23073653468053512,-1.6647377108367507,-197.16363165040582
1752,0.2253657850585523,-0.23015976732802862,-1.66844967821177,-197.6032594449001
1753,0.22534806287423012,-0.22967522243890126,-1.6715683725028294,-197.9726227917084
1754,0.22533310517072408,-0.2292662209617824,-1.6742011042474283,-198.28443104146896
1755,0.22531924493606087,-0.22888717186010876,-1.676641396114592,-198.5734476256942
1756,0.22530864101240639,-0.2285971519895979,-1.6785086790345853,-198.79459975039714
1757,0.2252738152329574,-0.2276437936357416,-1.68465238612344,-199.52223125267508
1758,0.2252440848407655,-0.22682989531170522,-1.6898975442420892,-200.14344288050185
1759,0.22521342130978478,-0.22599027485007994,-1.6953096000605556,-200.78442107960038
1760,0.22516995079670038,-0.22479931307978956,-1.7029906028746664,-201.6941225897475
1761,0.22513080363242094,-0.22372673701705786,-1.7099084793482608,-202.5134430388273
1762,0.2250899021909016,-0.22260583424080777,-1.7171397334029284,-203.3698784409474
1763,0.22504823858246972,-0.22146381048129032,-1.7245087451274659,-204.24262920752548
1764,0.2250110135420294,-0.2204433967165652,-1.7310934021846747,-205.0224847307834
1765,0.22497941064603721,-0.219577083110452,-1.7366837531216737,-205.68457935732064
1766,0.22494928942308542,-0.21875127180343207,-1.7420134731846453,-206.3158061004016
1767,0.22492281672299458,-0.2180254363050234,-1.746698297860866,-206.87065449531474
1768,0.22488968045320576,-0.21711655171580307,-1.752566811506492,-207.5656933925714
1769,0.2248612432246063,-0.21633652291233307,-1.757603535655682,-208.16221909053044
1770,0.22482930962125877,-0.21546033865424163,-1.7632627537852756,-208.83247002043316
1771,0.22479999753020183,-0.21465599937705104,-1.7684584646018287,-209.44782534453523
1772,0.22477536652300673,-0.21398008376442407,-1.7728247880639374,-209.96495196763374
1773,0.2247474572223412,-0.21321399200805263,-1.7777750145816265,-210.55123329673822
1774,0.22472269342721876,-0.2125341833519911,-1.782168087565824,-211.07152800624792
1775,0.2246978573585591,-0.21185226567791204,-1.7865755928572151,-211.59353200970878
1776,0.22467574558517991,-0.21124508841223089,-1.7905004060768546,-212.05836825562088
1777,0.22465913063522466,-0.21078884483215682,-1.7934496183161783,-212.4076589527846
1778,0.22464335946764064,-0.21035570431574402,-1.796249920728546,-212.73931347694642
1779,0.22463158634357366,-0.2100323477969651,-1.7983405765595224,-212.98692082883323
1780,0.22462119362567146,-0.20974686573630497,-1.8001866084546174,-213.2055560830298
1781,0.22461536602233295,-0.20958677867833064,-1.8012218294361448,-213.3281627416944
1782,0.22461342533833648,-0.2095334640607881,-1.8015666143338311,-213.368997428218
1783,0.2246122618640955,-0.2095014960403489,-1.8017733830380627,-213.3934861319775
1784,0.2245943248782608,-0.2090083072674398,-1.8049655478432776,-213.77155097770412
1785,0.22458202673022082,-0.20867015982671705,-1.8071542208674818,-214.0307670206509
1786,0.2245739104252237,-0.20844698441971976,-1.8085988041514909,-214.20185660710206
1787,0.22456956075004092,-0.20832737330248896,-1.8093730776459607,-214.29355788416603
1788,0.22456585658378933,-0.20822549673339524,-1.8100326552403074,-214.37167512330234
1789,0.22456622087536657,-0.2082355164394486,-1.8099677815723305,-214.36399179403458
1790,0.2245653424041879,-0.20821134912934647,-1.810124289452443,-214.38252784438293
1791,0.2245652039984143,-0.2082075409043786,-1.8101489553945518,-214.38544916147248
1792,0.22457034122910702,-0.20834889294301667,-1.8092334059954218,-214.27701583692365
1793,0.224580064513224,-0.2086164395735361,-1.8075004297148356,-214.07177035301336
1794,0.22458333126008778,-0.20870636236710371,-1.8069177501438942,-214.0027605507199
1795,0.22458852315687092,-0.2088492949141057,-1.8059914715493357,-213.89305651119804
1796,0.22459368354747725,-0.20899138560362607,-1.8050704842363017,-213.78397914594123
1797,0.22460190130910176,-0.20921767867736318,-1.8036036069921433,-213.61024916868357
1798,0.22461202200764344,-0.20949640555583443,-1.8017966337573712,-213.3962398367969
1799,0.22462408717670335,-0.2098287218701556,-1.7996419966110666,-213.14105484165387
1800,0.22463715441871568,-0.21018869102010918,-1.7973077297241629,-212.86459535277024
1801,0.22464923110006824,-0.21052144268980227,-1.795149507052967,-212.60898570508027
1802,0.22465778889483976,-0.21075730656006142,-1.7936192526500323,-212.42774963800036
1803,0.2246705680894767,-0.21110953183747827,-1.791333968953617,-212.15709148566583
1804,0.22468422014196657,-0.21148587123749601,-1.7888918678916583,-211.86786062899768
1805,0.22469641581940714,-0.21182213915292641,-1.7867093058719994,-211.60936834441915
1806,0.2247081156256235,-0.21214479700380556,-1.7846146774389926,-211.36129049640655
1807,0.22472235118500855,-0.21253742295770417,-1.7820655917642487,-211.0593888900761
1808,0.22473875843932073,-0.21298999346261882,-1.7791270133288741,-210.71135761017146
1809,0.22475547773463322,-0.21345124804543003,-1.7761315519969254,-210.35658939003034
1810,0.22477247738069206,-0.21392031560233515,-1.773084844209923,-209.99575178302914
1811,0.22479217771718565,-0.21446395014040764,-1.7695534994931568,-209.57751607872882
1812,0.22480638230569405,-0.21485606900012466,-1.7670054632170258,-209.27573875818837
1813,0.22481540642157286,-0.21510526679318953,-1.7653855875775106,-209.08388837729666
1814,0.2248279286785205,-0.21545108596920176,-1.7631374994368372,-208.81763549000993
1815,0.22484242981634786,-0.21585159919254954,-1.7605335702598912,-208.509238479631
1816,0.22486031211666846,-0.21634552999143986,-1.7573220830099159,-208.1288851752742
1817,0.2248825135541022,-0.2169587802425732,-1.7533346658924733,-207.65663442089874
1818,0.224905713874677,-0.21759971304237974,-1.749166663571058,-207.16299601223645
1819,0.22492802595155298,-0.21821623397025525,-1.7451565923377759,-206.68806221192423
1820,0.2249532756064331,-0.21891397889075248,-1.7406178642039665,-206.15051679794672
1821,0.22497477860079282,-0.21950836843908667,-1.7367502878771044,-205.69245941790095
1822,0.22499973942049134,-0.2201983806781747,-1.7322602489663899,-205.16068052436995
1823,0.22502248537886674,-0.2208273229344414,-1.7281665863160953,-204.67584655345087
1824,0.22504870302583216,-0.22155230206457027,-1.7234475654625903,-204.11694812563584
1825,0.22507653948105244,-0.2223221375899248,-1.7184359670000016,-203.52339819472155
1826,0.2250975718523194,-0.22290403722851593,-1.7146462984147706,-203.07456783775194
1827,0.22510914993612213,-0.22322452335318876,-1.7125580899494075,-202.82725034023028
1828,0.22511982206662653,-0.22351999287189434,-1.7106324911407522,-202.59919155851065
1829,0.22513441833208417,-0.22392412455823868,-1.7079986140374017,-202.28724765789676
1830,0.22515351366049607,-0.2244528363599756,-1.7045527172138562,-201.8791319964324
1831,0.2251570076783079,-0.2245496455917988,-1.703921326630636,-201.8043530930849
1832,0.22516468079953905,-0.22476225390684623,-1.702534641038848,-201.64012063444926
1833,0.22517515522542622,-0.22505250520747683,-1.7006413931277085,-201.4158933394556
1834,0.22518405659893845,-0.225299222334922,-1.6990317471336038,-201.2252545092043
1835,0.2251641401876095,-0.22474659640760963,-1.7026411674938045,-201.6527371220733
1836,0.22514087635765723,-0.22410090836591134,-1.7068595854684634,-202.15234652137323
1837,0.2251216893633872,-0.22356834779695406,-1.7103390810441625,-202.56444145954313
1838,0.2251076731999598,-0.22317930605437947,-1.7128809223966397,-202.8654850827345
1839,0.2250942524109459,-0.22280673195297085,-1.7153155473929236,-203.1538305096744
1840,0.2250855507975537,-0.2225651609836819,-1.7168941559055517,-203.34079340796038
1841,0.22507929484327246,-0.22239146888821093,-1.7180293001308327,-203.47523450126081
1842,0.22506704478175685,-0.22205123015736739,-1.7202536997603022,-203.73868183373435
1843,0.22505900876328108,-0.2218280254085776,-1.7217130160149405,-203.91151632328666
1844,0.2250502930831698,-0.22158589530275596,-1.723296374659597,-204.09904180466035
1845,0.225045812298026,-0.22146141007504266,-1.7241104496618105,-204.19545698335628
1846,0.22502026745688192,-0.22075112435012778,-1.7287592806646634,-204.74604245846442
1847,0.22499796593626342,-0.22013097568944962,-1.7328184554769268,-205.22679185356728
1848,0.22497777095383034,-0.21956934412496792,-1.7364950004105857,-205.6622243822638
1849,0.22495714285607313,-0.2189955599438611,-1.7402517983339876,-206.1071616940895
1850,0.22494072379104568,-0.21853883435992227,-1.7432422861008445,-206.46134086879164
1851,0.2249230712495389,-0.21804769301643778,-1.7464587967180492,-206.8422891169162
1852,0.22488934013642406,-0.2171085671978918,-1.7526133203538599,-207.57120167966747
1853,0.22486103708580893,-0.21632056286254953,-1.757777501988579,-208.18282283714805
1854,0.22483250263113205,-0.21552597233491705,-1.7629857815048338,-208.79966673837683
1855,0.22480931913553065,-0.21488038475797444,-1.767217419324126,-209.30084183331803
1856,0.22478297696654967,-0.21414663820048557,-1.7720282162532042,-209.8706097838458
1857,0.2247611481228182,-0.2135385889400045,-1.7760150040782483,-210.34278600781695
1858,0.2247428223111404,-0.21302808616245605,-1.779362416102044,-210.73923759712474
1859,0.2247286947161498,-0.21263451804215555,-1.7819431763794291,-211.04489059302676
1860,0.22471251582802146,-0.21218369733654507,-1.7849000619753432,-211.3950900861182
1861,0.22469955809384087,-0.21182260828677613,-1.7872685701250208,-211.67560494761508
1862,0.22469080135285724,-0.21157857802436525,-1.7888693075250182,-211.8651886862711
1863,0.22468567025796413,-0.21143557843997307,-1.7898073761088242,-211.97628907615018
1864,0.2246839778162759,-0.21138840861906788,-1.7901168255341344,-212.01293879706964
1865,0.22465805391579655,-0.21066519869870326,-1.7948658125441233,-212.57538627420365
1866,0.22463615251313995,-0.21005417855976377,-1.79887828057763,-213.0506039401564
1867,0.2246066805694395,-0.20923161227793335,-1.804282145388202,-213.69061203516418
1868,0.22458073686945196,-0.2085074754752741,-1.809039665397101,-214.25407012018138
1869,0.22455944679989337,-0.20791321557164882,-1.8129439998421513,-214.71648095724768
1870,0.22454194145608672,-0.20742457209680198,-1.8161545885440866,-215.0967278418402
1871,0.22452715208026097,-0.20701170721444018,-1.8188675082772843,-215.41803317630303
1872,0.22449916602400075,-0.20622997664800152,-1.8240072574205788,-216.0267606654849
1873,0.22447516949925211,-0.2055596545970989,-1.8284147134480309,-216.54875883435867
1874,0.22445614162343153,-0.20502812051212743,-1.8319096655156255,-216.96268436605382
1875,0.22444059671346112,-0.20459385553982168,-1.8347652205714018,-217.30088275100633
1876,0.2244264710322504,-0.20419918887639116,-1.8373607163435002,-217.60828094895007
1877,0.22440379418461864,-0.20356532288707596,-1.841531137899845,-218.10220588031282
1878,0.22438017345440797,-0.2029049404243391,-1.845876890382103,-218.61689617421212
1879,0.22435971007050223,-0.20233279008492328,-1.8496422801503851,-219.06285106335835
1880,0.22432347573974912,-0.2013190095576482,-1.8563185375039173,-219.85355529086908
1881,0.22428760120552027,-0.20031513494066305,-1.8629306115207298,-220.636657948669
1882,0.22424056260345754,-0.19899817649773027,-1.8716092880655666,-221.66451919933962
1883,0.22419636886306418,-0.19776076303511875,-1.8797644478737512,-222.63037761295297
1884,0.22415712708386393,-0.19666198369409565,-1.8870060690156976,-223.4880408436759
1885,0.22411969646702867,-0.19561379728135375,-1.8939150390287993,-224.30630645385554
1886,0.22408745491962445,-0.19471091549101333,-1.8998663018719468,-225.01114577324074
1887,0.22405972568944735,-0.19393437359978538,-1.904984948145644,-225.61737393872676
1888,0.22403672632815985,-0.1932902766071114,-1.9092306537129082,-226.12021515095557
1889,0.22401237055500542,-0.19260804740929938,-1.9137286725436329,-226.6529391483304
1890,0.2239923152828731,-0.1920462615341742,-1.917432711787567,-227.09162797261527
1891,0.22397155868381283,-0.19146471806181825,-1.921267754564398,-227.5458322334382
1892,0.22395502681430526,-0.19100152468176917,-1.9243224272179764,-227.90761316142596
1893,0.22393297119983296,-0.1903833502345686,-1.928400585205561,-228.3906108336972
1894,0.2239122203476264,-0.18980167130872883,-1.9322384663540844,-228.84515125778907
1895,0.22389499991817227,-0.1893189289906173,-1.9354237450013676,-229.22240053966013
1896,0.2238720489626805,-0.18867531348043926,-1.9396720142563164,-229.72554538288801
1897,0.2238505520534696,-0.18807239990848879,-1.9436521107643647,-230.19692911903914
1898,0.22383073406832607,-0.18751651029205968,-1.9473222019149836,-230.6315972923097
1899,0.22381576670905706,-0.18709667480853442,-1.9500940683362968,-230.959883992682
1900,0.22380428031753302,-0.18677446304512546,-1.9522215128061857,-231.21184841631907
1901,0.22379220655418905,-0.18643571069822173,-1.954458587960554,-231.47679697778852
1902,0.2237766550085053,-0.18599925887854857,-1.9573416698472261,-231.81825550991732
1903,0.22376063334621518,-0.1855495303515955,-1.9603129990653194,-232.17016563705306
1904,0.2237424930150239,-0.18504020936379773,-1.963678849629507,-232.56880099955364
1905,0.22371440385271937,-0.18425117040454986,-1.9688957652844454,-233.18666772405075
1906,0.2236885158709378,-0.18352389229858407,-1.9737048043388437,-233.75622748024634
1907,0.22366605564343722,-0.1828928744182043,-1.9778775749473294,-234.2504306221933
1908,0.22364224434163388,-0.18222375599150747,-1.982303230984531,-234.77458431382297
1909,0.22362020010519898,-0.1816042246626957,-1.986401363842863,-235.2599477149611
1910,0.2236016279368526,-0.18108224349458935,-1.9898544027606084,-235.66890925215765
1911,0.22358572112421748,-0.1806351374530033,-1.9928123616298379,-236.01923585864552
1912,0.22357371007144217,-0.1802975194267029,-1.9950460588429033,-236.28378435278276
1913,0.22355228955057474,-0.17969512341140348,-1.999033434246397,-236.75603016675615
1914,0.22353542186054615,-0.17922075480372007,-2.002173430979546,-237.12791647367885
1915,0.2235198942501339,-0.1787840190260782,-2.0050646802961802,-237.47034231744007
1916,0.2235059593626997,-0.1783920356159424,-2.007659960523958,-237.7777149873377
1917,0.22348773717843404,-0.17787929344310233,-2.0110558163894066,-238.17990403527887
1918,0.2234705513360622,-0.17739564753786868,-2.014259395756328,-238.55932076750696
1919,0.2234564266361542,-0.17699812220350092,-2.016892702885616,-238.87119716309863
1920,0.22344290930557925,-0.17661763455642948,-2.019413517770169,-239.16975051124564
1921,0.22343224043867516,-0.17631730404549406,-2.0214034175510567,-239.40542479486774
1922,0.22342505174636845,-0.17611493081815388,-2.0227443493498685,-239.5642383914651
1923,0.22341640468268129,-0.17587144943766198,-2.0243580122051217,-239.75535295968209
1924,0.22340286377532675,-0.1754900425264705,-2.026886602706176,-240.05482721493516
1925,0.22339289092911982,-0.1752091237665534,-2.0287490817728173,-240.2754103940519
1926,0.22338228409094382,-0.174910290221157,-2.030730706145124,-240.51010457756658
1927,0.2233674308618116,-0.1744916910237302,-2.033507372781593,-240.8389597926344
1928,0.22334027039641144,-0.1737258067838004,-2.0385905531754442,-241.44098754767464
1929,0.22330775656626153,-0.1728086533814822,-2.04467977052964,-242.16216554445256
1930,0.22327676878425937,-0.17193444386405599,-2.0504845527658238,-242.84965639611983
1931,0.22325025473548632,-0.17118642854159977,-2.0554515080355724,-243.43791899920373
1932,0.22322573298570783,-0.17049454965348426,-2.0600461721537457,-243.98208920563073
1933,0.22320438555709088,-0.16989219635923758,-2.0640465584225343,-244.45587596472464
1934,0.22317548782751098,-0.1690764610300971,-2.0694663021056936,-245.09776467802166
1935,0.2231493663699433,-0.16833903919379795,-2.0743661017917643,-245.67807369257486
1936,0.22312532789837508,-0.16766035442921556,-2.078876063553657,-246.21221215402193
1937,0.22310486665795656,-0.16708263864378503,-2.0827152561966558,-246.66690790529356
1938,0.22307516303750408,-0.16624357340271595,-2.088293844941771,-247.32760947366143
1939,0.22304812855385348,-0.16547984520172276,-2.0933719497367416,-247.92903609886505
1940,0.2230159986369255,-0.16457186842778032,-2.09941117413832,-248.6442931676609
1941,0.22298319343253695,-0.16364463381897776,-2.1055796427837885,-249.37485731115646
1942,0.22295227819274202,-0.16277072722398755,-2.1113939504381563,-250.06347630813448
1943,0.22292525515917738,-0.16200681516541238,-2.1164766347000326,-250.66544530365883
1944,0.22290233338696713,-0.16135882139693347,-2.120788189347083,-251.17608536829962
1945,0.2228818171810768,-0.16077878260569983,-2.124647922257115,-251.6332138112902
1946,0.22286330016215553,-0.16025521341644045,-2.1281322346158986,-252.04587922638243
1947,0.2228416116604708,-0.15964180411932094,-2.1322155272220766,-252.5294850185049
1948,0.22282347680111425,-0.15912887726323177,-2.1356300964214543,-252.9338903848809
1949,0.22280756529998066,-0.15867879504723642,-2.138626577705587,-253.2887794033168
1950,0.22278837004709884,-0.15813567713050264,-2.1422434467591596,-253.71714420406843
1951,0.22277042452919102,-0.1576278570206917,-2.1456256668483893,-254.1177182954058
1952,0.22275244712926626,-0.1571190501411212,-2.1490150194111624,-254.51913712305048
1953,0.222735224162882,-0.1566315275484892,-2.1522630408320023,-254.90381736116993
1954,0.22272210961199398,-0.1562602901992421,-2.1547363999991522,-255.19675027942887
1955,0.2227135181376056,-0.1560170862244546,-2.156356757689961,-255.3886577521874
1956,0.22270706679115196,-0.15583444744351643,-2.157573707522312,-255.53278751324274
1957,0.22270065311358653,-0.1556528454298084,-2.1587839457058875,-255.6761223784785
1958,0.22269745376414155,-0.15556225162320164,-2.159387716172525,-255.7476300863358
1959,0.22269744956388804,-0.15556213268111985,-2.1593885089146996,-255.74772397495568
1960,0.22269419023056605,-0.1554698098301604,-2.1600040051206535,-255.8206204237133
1961,0.22269068791419624,-0.15537058719573005,-2.16066561421492,-255.89897826405618
1962,0.2226883606671222,-0.15530464681687306,-2.161105353659159,-255.9510589163065
1963,0.2226881100307522,-0.15529754461737377,-2.161152720723057,-255.9566688464943
1964,0.22267808088463042,-0.15501320938687702,-2.163049998934589,-256.1813734711338
1965,0.2226696718700714,-0.15477478049432158,-2.1646411302783535,-256.3698195140914
1966,0.22265713506151358,-0.15441920377401552,-2.167014756288656,-256.65094051070525
1967,0.2226468947405701,-0.15412873668437427,-2.168953912262125,-256.88060493866703
1968,0.22263776828196363,-0.15386983185863828,-2.1706825745116034,-257.0853394892124
1969,0.222628128006686,-0.15359630119558626,-2.1725092201989766,-257.3016787329963
1970,0.222618919844663,-0.153334992352071,-2.1742545062780136,-257.50838213099826
1971,0.2226065248116603,-0.15298315064473533,-2.1766051004989446,-257.78677535181515
1972,0.22259077906119726,-0.15253607231226013,-2.1795927794858554,-258.1406218679542
1973,0.22257508703785786,-0.15209044748351996,-2.1825712237901933,-258.49337467212814
1974,0.22256262518183487,-0.15173653474901194,-2.1849368122468076,-258.7735437390389
1975,0.2225529320099032,-0.15146123302528802,-2.1867770813118237,-258.9914964709982
1976,0.22254357539125288,-0.15119544970497772,-2.188553991741403,-259.2019453069516
1977,0.22253707224330685,-0.15101070996750082,-2.1897891593039263,-259.34823268948554
1978,0.22253433544065462,-0.1509329611313226,-2.190309003386008,-259.4098005547703
1979,0.22253316174817392,-0.15089961452763662,-2.190531989300319,-259.43620994790547
1980,0.22252557951803156,-0.15068410722872821,-2.1919736219931116,-259.60695008033997
1981,0.22252032234029423,-0.1505346719313454,-2.1929733483620932,-259.72535292559417
1982,0.2225166170523906,-0.15042933770104683,-2.193678113249961,-259.8088219332626
1983,0.2225160767258508,-0.15041397646559218,-2.1937808966631764,-259.8209951127917
1984,0.22251865063635265,-0.15048715538064894,-2.1932912245068854,-259.7630006671659
1985,0.22252511576435166,-0.15067096994035195,-2.1920612119311818,-259.61732381679917
1986,0.22253079466437167,-0.15083246139370488,-2.190980372268298,-259.48931429807516
1987,0.22253616823587766,-0.15098529659674592,-2.1899572918737333,-259.3681455128968
1988,0.22254190613515548,-0.15114851830271675,-2.188864522415976,-259.23872308590086
1989,0.2225478903470519,-0.15131877271245747,-2.1877244956349653,-259.1037037258782
1990,0.22254229252366486,-0.1511594202627966,-2.188792129173994,-259.2301491739848
1991,0.22252264883295006,-0.15059986431864836,-2.192543468112778,-259.67443994958717
1992,0.22250710159885437,-0.15015698742947536,-2.1955126391218873,-260.0260944686963
1993,0.22248477795344915,-0.14952082830513913,-2.1997792965979137,-260.5314171255363
1994,0.2224625233035539,-0.14888653418909836,-2.2040341205150056,-261.03533827183213
1995,0.22243816032594976,-0.148191987281795,-2.2086941990285367,-261.587255848711
1996,0.22241584788103086,-0.14755583892257934,-2.2129628424486585,-262.09281371134193
1997,0.2223900999761168,-0.14682153827911826,-2.217891464029807,-262.67653625432524
1998,0.222368618408232,-0.14620889835652823,-2.2220035683653916,-263.1635543709039
1999,0.22235040039590148,-0.14568930695187737,-2.2254912940467007,-263.5766240437124
2000,0.22233261312311028,-0.14518192622163978,-2.2288975526645625,-263.9800451442656
