method,K,V_est,S_est,V_est_S_known,V_true,S_true,V_rel_err,S_rel_err,V_rel_err_S_known
Arnoldi_highacc_N2000,2,7.569508921798949,5.225634801869673,19.111434708891657,14.451326206513047,31.355381834066726,-0.4762066253554322,-0.8333416945925317,0.32246926239048934
Arnoldi_highacc_N2000,3,7.502106631967943,5.080316934368313,17.990131150979966,14.451326206513047,31.355381834066726,-0.4808707156173092,-0.8379762376598235,0.24487752154345674
Arnoldi_highacc_N2000,4,9.671454652798351,10.0521070874375,17.7175921462662,14.451326206513047,31.355381834066726,-0.33075660222523123,-0.6794136604480392,0.2260184216366996
Arnoldi_highacc_N2000,5,8.380795954084382,6.860254479733624,17.034503813804363,14.451326206513047,31.355381834066726,-0.4200673464621362,-0.7812096655037333,0.17875021090639476
Arnoldi_highacc_N2000,6,9.173610590003968,8.88848192960321,16.77764018943587,14.451326206513047,31.355381834066726,-0.3652063167829174,-0.7165245195660118,0.16097581285476636
Arnoldi_highacc_N2000,7,10.252029168460751,11.745255394164937,16.675641738633306,14.451326206513047,31.355381834066726,-0.2905821222248599,-0.6254150098914104,0.15391774431870386
Arnoldi_highacc_N2000,8,10.425008110156,12.225386020747,16.479821929548038,14.451326206513047,31.355381834066726,-0.27861235978068444,-0.6101024670838334,0.14036744407034227
Arnoldi_highacc_N2000,9,11.157997491627153,14.302246963846084,16.416143065986514,14.451326206513047,31.355381834066726,-0.22789110617416053,-0.5438662798133397,0.13596100671978098
Arnoldi_highacc_N2000,10,11.907872010460677,16.48105316467095,16.39115576322424,14.451326206513047,31.355381834066726,-0.17600143818676406,-0.47437880833698676,0.13423194030710725
Arnoldi_highacc_N2000,11,11.238042924612854,14.447279087046939,16.187881088361934,14.451326206513047,31.355381834066726,-0.22235213820389735,-0.5392408498323442,0.1201657797376577
Arnoldi_highacc_N2000,12,11.084658625811736,13.973522166816911,16.049024173455877,14.451326206513047,31.355381834066726,-0.23296599444167224,-0.5543501195180764,0.11055718652470566
Arnoldi_highacc_N2000,13,11.782882492624218,16.131553576867233,16.05824403838524,14.451326206513047,31.355381834066726,-0.18465043801213152,-0.48552520705262914,0.11119518090650905
Arnoldi_highacc_N2000,14,12.118092442187502,17.199221306800673,16.0227969378813,14.451326206513047,31.355381834066726,-0.1614546465136178,-0.45147466556716553,0.10874231948760585
Arnoldi_highacc_N2000,15,12.557080207205768,18.61758090627065,16.015253125589325,14.451326206513047,31.355381834066726,-0.1310776583573045,-0.40623970057850867,0.10822030426324711
Arnoldi_highacc_N2000,16,11.274233914984098,14.284057437407132,15.797105020148347,14.451326206513047,31.355381834066726,-0.21984780124173445,-0.5444463884063465,0.0931249349993064
Arnoldi_highacc_N2000,17,11.117016281310574,13.751641508804436,15.696648432292841,14.451326206513047,31.355381834066726,-0.23072691582449623,-0.5614264376821057,0.08617355998915464
Arnoldi_highacc_N2000,18,11.398443487119849,14.708101061269568,15.66754604096437,14.451326206513047,31.355381834066726,-0.21125277194402398,-0.5309225976227904,0.0841597384953629
Arnoldi_highacc_N2000,19,11.92409433278816,16.499654125029743,15.690223319701053,14.451326206513047,31.355381834066726,-0.17487888914900365,-0.4737855781075726,0.0857289563244133
Arnoldi_highacc_N2000,20,11.917666912456871,16.47696937430451,15.63521843809636,14.451326206513047,31.355381834066726,-0.17532365250424448,-0.4745090504239131,0.08192273945416484
Arnoldi_highacc_N2000,21,12.110437326589107,17.161998198394013,15.612583840269114,14.451326206513047,31.355381834066726,-0.16198436368206318,-0.4526618017533439,0.08035647505020693
Arnoldi_highacc_N2000,22,12.321128652375371,17.91949767785895,15.597540545595944,14.451326206513047,31.355381834066726,-0.14740498717533757,-0.4285032862081135,0.07931551213384913
Arnoldi_highacc_N2000,23,12.4919992649661,18.542067700606793,15.581028001736941,14.451326206513047,31.355381834066726,-0.13558111646970505,-0.40864800184122246,0.07817288040420477
Arnoldi_highacc_N2000,24,12.428659569086546,18.306815366739347,15.535818393796765,14.451326206513047,31.355381834066726,-0.13996408416238695,-0.4161507755313152,0.07504447493510666
Arnoldi_highacc_N2000,25,12.570606276151167,18.836124179915174,15.520132349053007,14.451326206513047,31.355381834066726,-0.13014168412545143,-0.3992698197841666,0.07395903512705028
Arnoldi_highacc_N2000,26,12.688304697596783,19.280077433966117,15.503934762018146,14.451326206513047,31.355381834066726,-0.12199721213971977,-0.3851110620818891,0.07283819771715487
Arnoldi_highacc_N2000,27,12.792500991554144,19.677308063462192,15.488359034799581,14.451326206513047,31.355381834066726,-0.11478705768964574,-0.3724424034255147,0.0717603916392916
Arnoldi_highacc_N2000,28,12.541330280572504,18.698929687568814,15.429203255574691,14.451326206513047,31.355381834066726,-0.13216751865166043,-0.40364528850186215,0.06766694178012028
Arnoldi_highacc_N2000,29,12.550428319490337,18.734426658274888,15.401707926592929,14.451326206513047,31.355381834066726,-0.13153795436200155,-0.40251320307889,0.06576432546734402
Arnoldi_highacc_N2000,30,12.741436061832204,19.480169448228228,15.401601730307497,14.451326206513047,31.355381834066726,-0.11832063855220534,-0.3787296371858058,0.06575697691788125
Arnoldi_highacc_N2000,31,12.870037606111566,19.98846108360975,15.394650892252011,14.451326206513047,31.355381834066726,-0.10942169443859151,-0.36251897076587797,0.06527599420694132
Arnoldi_highacc_N2000,32,12.78339621628092,19.639833286510473,15.360790216378627,14.451326206513047,31.355381834066726,-0.11541708812028682,-0.3736375659386053,0.06293290988447103
Arnoldi_highacc_N2000,33,12.808535898702235,19.741404464005516,15.341596628311125,14.451326206513047,31.355381834066726,-0.1136774773702378,-0.3703982120684289,0.06160475579029167
Arnoldi_highacc_N2000,34,12.906919508075088,20.140736805213564,15.333518795041405,14.451326206513047,31.355381834066726,-0.10686954791331969,-0.3576625246728385,0.06104578748840119
Arnoldi_highacc_N2000,35,12.928971439683453,20.231307908507794,15.31641616210007,14.451326206513047,31.355381834066726,-0.10534360273062592,-0.35477399013757005,0.05986232289166221
Arnoldi_highacc_N2000,36,13.02436011319934,20.62464121176069,15.310188326435561,14.451326206513047,31.355381834066726,-0.09874291625017709,-0.3422296267700811,0.05943137035654455
Arnoldi_highacc_N2000,37,12.894847661925551,20.080921049923823,15.276052850968153,14.451326206513047,31.355381834066726,-0.10770489312503433,-0.3595701957580221,0.0570692705063575
Arnoldi_highacc_N2000,38,12.911590464529462,20.151292475752005,15.260082407226713,14.451326206513047,31.355381834066726,-0.10654632799650202,-0.35732587846025843,0.05596415091295702
Arnoldi_highacc_N2000,39,12.977606784018487,20.430029997417577,15.251494508014892,14.451326206513047,31.355381834066726,-0.10197814383501848,-0.3484362555195889,0.055369887169332485
Arnoldi_highacc_N2000,40,12.992828003885219,20.494937046878302,15.236987728542283,14.451326206513047,31.355381834066726,-0.10092486888646245,-0.34636621058107675,0.05436604992524134
Arnoldi_highacc_N2000,41,13.113865408160175,21.011248677597436,15.23772162338242,14.451326206513047,31.355381834066726,-0.09254934663021402,-0.32989976684738326,0.05441683383459672
Arnoldi_highacc_N2000,42,13.304275276703367,21.82432356167195,15.249950449971935,14.451326206513047,31.355381834066726,-0.07937340237276752,-0.30396881539613574,0.05526304174761193
Arnoldi_highacc_N2000,43,13.340462997066194,21.981593847599438,15.24154503322139,14.451326206513047,31.355381834066726,-0.07686929168799744,-0.29895308040174895,0.05468140538909165
Arnoldi_highacc_N2000,44,13.334164822977083,21.953981517242802,15.228238673220973,14.451326206513047,31.355381834066726,-0.07730511148744754,-0.29983370531337533,0.05376063453316702
Arnoldi_highacc_N2000,45,13.358030878747002,22.059090986607078,15.219114035948218,14.451326206513047,31.355381834066726,-0.07565363290140868,-0.2964815066407354,0.053129229695828076
Arnoldi_highacc_N2000,46,13.422250469702945,22.342920914356476,15.215791813814901,14.451326206513047,31.355381834066726,-0.07120977840402695,-0.2874294743851108,0.05289933922862517
Arnoldi_highacc_N2000,47,13.321065078717972,21.88883311435451,15.19234802376465,14.451326206513047,31.355381834066726,-0.07821158498835071,-0.30191144760441346,0.05127708050197034
Arnoldi_highacc_N2000,48,13.223787988232603,21.449709429089765,15.168988436551448,14.451326206513047,31.355381834066726,-0.08494294577110896,-0.3159161785175498,0.049660648426506304
Arnoldi_highacc_N2000,49,13.097047576485144,20.873330741103764,15.141777680881221,14.451326206513047,31.355381834066726,-0.09371310360550472,-0.334298307972589,0.047777723961209585
Arnoldi_highacc_N2000,50,12.940916583398995,20.158061527943673,15.110546885754971,14.451326206513047,31.355381834066726,-0.10451702504876872,-0.35710999679032723,0.04561662160423873
Arnoldi_highacc_N2000,51,12.875709603772853,19.858943081997243,15.089608849010501,14.451326206513047,31.355381834066726,-0.10902920467120046,-0.36664961737378465,0.044167755497055206
Arnoldi_highacc_N2000,52,12.822048457089599,19.611540762492908,15.070049063276866,14.451326206513047,31.355381834066726,-0.11274243803929573,-0.3745398838936948,0.04281426132952197
Arnoldi_highacc_N2000,53,12.832621428073363,19.660355021999766,15.058894775189408,14.451326206513047,31.355381834066726,-0.11201081169354214,-0.3729830774811566,0.042042409118308983
Arnoldi_highacc_N2000,54,12.88754963577314,19.914451971646784,15.054199194016741,14.451326206513047,31.355381834066726,-0.10820990048893435,-0.36487930279291636,0.04171748522512671
Arnoldi_highacc_N2000,55,12.991860889432886,20.39732602891675,15.05719521099078,14.451326206513047,31.355381834066726,-0.1009917910802122,-0.3494792652546926,0.041924803012520453
Arnoldi_highacc_N2000,56,13.118741126599993,20.986262685696342,15.064263896446379,14.451326206513047,31.355381834066726,-0.09221195763420474,-0.3306966313867252,0.042413940504442305
Arnoldi_highacc_N2000,57,13.26208992917886,21.653679754411872,15.074556752004263,14.451326206513047,31.355381834066726,-0.0822925356704087,-0.30941106477339186,0.04312618347860235
Arnoldi_highacc_N2000,58,13.312862998789178,21.89350155557731,15.072060282938414,14.451326206513047,31.355381834066726,-0.07877915088587342,-0.30176255956830206,0.04295343330812159
Arnoldi_highacc_N2000,59,13.400366650819683,22.307403220859904,15.075068320869248,14.451326206513047,31.355381834066726,-0.07272409055576565,-0.2885622207086776,0.043161582919295505
Arnoldi_highacc_N2000,60,13.499558579863333,22.77823683410151,15.080247331774748,14.451326206513047,31.355381834066726,-0.06586022715484499,-0.27354618244981455,0.0435199590870943
Arnoldi_highacc_N2000,61,13.56314562298364,23.082532683365983,15.080963465836422,14.451326206513047,31.355381834066726,-0.061460143576934384,-0.26384144178121693,0.04356951398962994
Arnoldi_highacc_N2000,62,13.549289722662817,23.015497767846302,15.072054357469126,14.451326206513047,31.355381834066726,-0.06241894141478119,-0.26597934958519237,0.04295302327867489
Arnoldi_highacc_N2000,63,13.533547551718241,22.938978389489215,15.062991621143002,14.451326206513047,31.355381834066726,-0.06350826503253196,-0.2684197401619052,0.04232590185074398
Arnoldi_highacc_N2000,64,13.488668594322263,22.719390534860207,15.050436351847138,14.451326206513047,31.355381834066726,-0.06661379021095827,-0.27542293520481903,0.041457104820184526
Arnoldi_highacc_N2000,65,13.402218762974828,22.293333700589823,15.032875403469903,14.451326206513047,31.355381834066726,-0.07259592846678654,-0.28901093220402907,0.040241925802959135
Arnoldi_highacc_N2000,66,13.369290659815046,22.13091166653153,15.021451289505292,14.451326206513047,31.355381834066726,-0.07487448080788178,-0.29419096907673664,0.039451402234301255
Arnoldi_highacc_N2000,67,13.354652806521594,22.05849381008484,15.012298380342012,14.451326206513047,31.355381834066726,-0.07588738807218913,-0.2965005520641143,0.03881804104429816
Arnoldi_highacc_N2000,68,13.3510638097592,22.04067762209125,15.004619620944117,14.451326206513047,31.355381834066726,-0.07613573875717862,-0.29706875397879284,0.03828668777691198
Arnoldi_highacc_N2000,69,13.36195677646283,22.0949122573035,14.998921967428462,14.451326206513047,31.355381834066726,-0.07538196941117078,-0.2953390784959918,0.03789242268080699
Arnoldi_highacc_N2000,70,13.383672752602028,22.203374626977062,14.99480760516228,14.451326206513047,31.355381834066726,-0.07387927160829294,-0.2918799476122555,0.03760771785805318
Arnoldi_highacc_N2000,71,13.438913077385404,22.47945674475179,14.995409921175318,14.451326206513047,31.355381834066726,-0.0700567625877381,-0.2830750120118613,0.03764939680186992
Arnoldi_highacc_N2000,72,13.504605144291677,22.808695878857023,14.997758653117106,14.451326206513047,31.355381834066726,-0.06551101599206122,-0.27257476883677983,0.03781192388818882
Arnoldi_highacc_N2000,73,13.525124873440353,22.912439675291363,14.994337851655214,14.451326206513047,31.355381834066726,-0.06409109585079226,-0.26926612482206636,0.037575211948190475
Arnoldi_highacc_N2000,74,13.539744568982579,22.986685370954984,14.990326949842713,14.451326206513047,31.355381834066726,-0.0630794450629471,-0.26689824756078695,0.037297666361357514
Arnoldi_highacc_N2000,75,13.568475316347895,23.132950868195543,14.988302293099418,14.451326206513047,31.355381834066726,-0.06109134051428865,-0.2622334822578288,0.0371575645662446
Arnoldi_highacc_N2000,76,13.617232362473414,23.381568582212775,14.989137842997463,14.451326206513047,31.355381834066726,-0.057717460122359954,-0.2543044538271459,0.03721538278210281
Arnoldi_highacc_N2000,77,13.644147293286453,23.519651327428754,14.98731185373822,14.451326206513047,31.355381834066726,-0.05585500608676366,-0.2499006565477278,0.037089028340084845
Arnoldi_highacc_N2000,78,13.648181866179618,23.540474392416645,14.982723607818455,14.451326206513047,31.355381834066726,-0.05557582251319334,-0.2492365579538058,0.036771531810410166
Arnoldi_highacc_N2000,79,13.60652360173097,23.32379639636817,14.972629949093722,14.451326206513047,31.355381834066726,-0.05845848282085928,-0.25614695047254915,0.036073072819138914
Arnoldi_highacc_N2000,80,13.533459519054748,22.941410097030047,14.958766200605096,14.451326206513047,31.355381834066726,-0.06351435669929216,-0.2683421870466632,0.03511373190533558
Arnoldi_highacc_N2000,81,13.505099206499146,22.792979576554224,14.950008900713348,14.451326206513047,31.355381834066726,-0.06547682797357704,-0.2730760002485346,0.03450774600711392
Arnoldi_highacc_N2000,82,13.498927439649956,22.76062892291896,14.943983591951906,14.451326206513047,31.355381834066726,-0.06590390066995068,-0.27410774190636106,0.03409080788840155
Arnoldi_highacc_N2000,83,13.488592379947853,22.706240832350975,14.937493927458007,14.451326206513047,31.355381834066726,-0.06661906407809826,-0.2758423114566797,0.033641737373961596
Arnoldi_highacc_N2000,84,13.491535431783575,22.721762076046296,14.932727762810345,14.451326206513047,31.355381834066726,-0.06641541136182401,-0.2753473009421384,0.0333119292594984
Arnoldi_highacc_N2000,85,13.523927795355132,22.892615914803475,14.931897657105425,14.451326206513047,31.355381834066726,-0.06417393102232702,-0.26989835314551003,0.03325448776983463
Arnoldi_highacc_N2000,86,13.565012613584988,23.109816245614805,14.932405075878492,14.451326206513047,31.355381834066726,-0.06133095193219061,-0.2629713020905824,0.03328960003329167
Arnoldi_highacc_N2000,87,13.553617911498778,23.0490128738224,14.926292226844497,14.451326206513047,31.355381834066726,-0.06211944026352972,-0.26491047068735407,0.03286660432018958
Arnoldi_highacc_N2000,88,13.53118152030384,22.928754805263296,14.918845156527532,14.451326206513047,31.355381834066726,-0.06367198920432013,-0.26874579532781007,0.032351283427799145
Arnoldi_highacc_N2000,89,13.529882947862228,22.92178653369532,14.914026273422127,14.451326206513047,31.355381834066726,-0.06376184756216591,-0.26896803059207347,0.03201782731196997
Arnoldi_highacc_N2000,90,13.54761142415845,23.01702365836692,14.911715409571904,14.451326206513047,31.355381834066726,-0.06253507598128276,-0.26593068519549706,0.031857920614328517
Arnoldi_highacc_N2000,91,13.572492577920562,23.15099755638379,14.910457387710903,14.451326206513047,31.355381834066726,-0.06081335484603515,-0.2616579291268304,0.03177086826750412
Arnoldi_highacc_N2000,92,13.618405251847047,23.398306064932658,14.912159880917491,14.451326206513047,31.355381834066726,-0.05763629875648446,-0.2537706544682844,0.03188867705420364
Arnoldi_highacc_N2000,93,13.661948211415346,23.633661242616018,14.913710609701857,14.451326206513047,31.355381834066726,-0.05462322169033432,-0.24626460083676224,0.0319959840765631
Arnoldi_highacc_N2000,94,13.689682618306284,23.784354998170606,14.913307196027173,14.451326206513047,31.355381834066726,-0.05270406171189317,-0.24145860751950454,0.03196806873724273
Arnoldi_highacc_N2000,95,13.733287660860146,24.02148936855272,14.91515139448511,14.451326206513047,31.355381834066726,-0.04968668863964117,-0.2338958110708108,0.03209568321577448
Arnoldi_highacc_N2000,96,13.774106040177966,24.24422684362763,14.916774332868574,14.451326206513047,31.355381834066726,-0.04686214653641031,-0.22679216691002085,0.03220798698362751
Arnoldi_highacc_N2000,97,13.786289216728143,24.3111599533819,14.914799492862405,14.451326206513047,31.355381834066726,-0.04601909750574858,-0.22465750594149936,0.03207133239719389
Arnoldi_highacc_N2000,98,13.795232470347491,24.360459052576545,14.912491132314791,14.451326206513047,31.355381834066726,-0.04540024401842521,-0.2230852368026467,0.03191159892258905
Arnoldi_highacc_N2000,99,13.739156759890998,24.04827530321913,14.902435789547422,14.451326206513047,31.355381834066726,-0.04928055989083427,-0.2330415419438023,0.03121579131132375
Arnoldi_highacc_N2000,100,13.678755326383934,23.710858750927223,14.891746429416166,14.451326206513047,31.355381834066726,-0.05346020628756715,-0.2438025830332561,0.03047611109246342
Arnoldi_highacc_N2000,101,13.647700918306844,23.537365811067016,14.884347464898786,14.451326206513047,31.355381834066726,-0.05560910304855049,-0.24933569823428717,0.029964119015636215
Arnoldi_highacc_N2000,102,13.639919997113932,23.493882000740438,14.879742450200036,14.451326206513047,31.355381834066726,-0.056147525687533326,-0.2507225035539192,0.029645462123324494
Arnoldi_highacc_N2000,103,13.615831662058241,23.358621468852686,14.873158221003445,14.451326206513047,31.355381834066726,-0.057814385511432,-0.25503629353114077,0.029189847939373452
Arnoldi_highacc_N2000,104,13.609406812331555,23.32251544943679,14.868724536958002,14.451326206513047,31.355381834066726,-0.05825897098648623,-0.25618780301066074,0.02888304675157348
Arnoldi_highacc_N2000,105,13.620586189902578,23.3853757894333,14.866553324764173,14.451326206513047,31.355381834066726,-0.05748538263817359,-0.2541830326548357,0.028732803641508552
Arnoldi_highacc_N2000,106,13.61983491170065,23.381132981738958,14.862930420741597,14.451326206513047,31.355381834066726,-0.057537369437944935,-0.2543183461942082,0.02848210664866487
Arnoldi_highacc_N2000,107,13.633383650015178,23.45771413558615,14.86117622679042,14.451326206513047,31.355381834066726,-0.0565998265355903,-0.2518759854456623,0.02836072028411195
Arnoldi_highacc_N2000,108,13.64599019079603,23.52917403872313,14.859373284726239,14.451326206513047,31.355381834066726,-0.05572748163099799,-0.24959695393792478,0.02823596065731947
Arnoldi_highacc_N2000,109,13.6605764721766,23.612056826125094,14.857896314078127,14.451326206513047,31.355381834066726,-0.05471814302967322,-0.24695361864573853,0.028133757535820085
Arnoldi_highacc_N2000,110,13.641734871675652,23.504233859627846,14.852293396376076,14.451326206513047,31.355381834066726,-0.056021940358146574,-0.25039235739457116,0.027746047949725093
Arnoldi_highacc_N2000,111,13.639488385814895,23.491370499663528,14.848732760310227,14.451326206513047,31.355381834066726,-0.056177392240462046,-0.25080260148065475,0.02749965976258111
Arnoldi_highacc_N2000,112,13.63611373675868,23.471992988213067,14.845061872400255,14.451326206513047,31.355381834066726,-0.056410910535460684,-0.2514205978282357,0.027245642390229613
Arnoldi_highacc_N2000,113,13.643793974194269,23.516142362120238,14.842821051922488,14.451326206513047,31.355381834066726,-0.055879454991115775,-0.25001256605427075,0.027090582539960904
Arnoldi_highacc_N2000,114,13.667611639374217,23.653079089568553,14.842737943990041,14.451326206513047,31.355381834066726,-0.054231324927508644,-0.2456453180911304,0.0270848316537613
Arnoldi_highacc_N2000,115,13.693810290408166,23.80403313617208,14.84305714452333,14.451326206513047,31.355381834066726,-0.052418435877772715,-0.24083102345417212,0.027106919628852814
Arnoldi_highacc_N2000,116,13.720338545372774,23.957265725899145,14.843508746533931,14.451326206513047,31.355381834066726,-0.05058273896072074,-0.2359440604907493,0.027138169495069094
Arnoldi_highacc_N2000,117,13.734907477650838,24.0417905074611,14.84247913574056,14.451326206513047,31.355381834066726,-0.04957460087914472,-0.23324835797915933,0.02706692269192737
Arnoldi_highacc_N2000,118,13.751345692845286,24.137371111206594,14.841754291004849,14.451326206513047,31.355381834066726,-0.048437112529664414,-0.2302000581928162,0.027016765029900202
Arnoldi_highacc_N2000,119,13.77315319194518,24.264376678853456,14.841795354034192,14.451326206513047,31.355381834066726,-0.04692808153913385,-0.22614953926375395,0.027019606501247274
Arnoldi_highacc_N2000,120,13.804757564223095,24.448583987529467,14.843211150109322,14.451326206513047,31.355381834066726,-0.04474112846463532,-0.22027471657300057,0.027117576476798223
Arnoldi_highacc_N2000,121,13.775212530341122,24.27441319915523,14.837049695154638,14.451326206513047,31.355381834066726,-0.046785579849910795,-0.22582945002501056,0.026691217340852117
Arnoldi_highacc_N2000,122,13.763785066364179,24.20703912518388,14.833019459971078,14.451326206513047,31.355381834066726,-0.047576335232056496,-0.2279781744235172,0.02641233392724932
Arnoldi_highacc_N2000,123,13.75367471567188,24.14729645269172,14.829150919018762,14.451326206513047,31.355381834066726,-0.04827594927078345,-0.22988351471911045,0.026144639398938626
Arnoldi_highacc_N2000,124,13.750584768596482,24.129012018382614,14.826153670036756,14.451326206513047,31.355381834066726,-0.048489766814671174,-0.23046665015678003,0.025937236359302406
Arnoldi_highacc_N2000,125,13.731911769955891,24.018010914877287,14.82126535135108,14.451326206513047,31.355381834066726,-0.04978189726510523,-0.23400674748657008,0.025598975453983337
Arnoldi_highacc_N2000,126,13.72810663147234,23.99538481521219,14.818183583689583,14.451326206513047,31.355381834066726,-0.050045204481977586,-0.2347283492768093,0.025385723907553774
Arnoldi_highacc_N2000,127,13.73360217772016,24.02809282588083,14.816289702390188,14.451326206513047,31.355381834066726,-0.04966492476444251,-0.23368521062706393,0.02525467148562854
Arnoldi_highacc_N2000,128,13.750663580299516,24.12968028894702,14.815922612356609,14.451326206513047,31.355381834066726,-0.048484313218101024,-0.2304453373700966,0.025229269662409435
Arnoldi_highacc_N2000,129,13.776853779473315,24.285726984233847,14.816819010306693,14.451326206513047,31.355381834066726,-0.046672009018504775,-0.22546862568109127,0.025291298429684816
Arnoldi_highacc_N2000,130,13.79484144345931,24.39330234787192,14.81670575848687,14.451326206513047,31.355381834066726,-0.04542730221935384,-0.2220377835944803,0.025283461652754854
Arnoldi_highacc_N2000,131,13.82018622321978,24.54501758951268,14.817619139391004,14.451326206513047,31.355381834066726,-0.04367349918437374,-0.2171992125815793,0.025346665603110777
Arnoldi_highacc_N2000,132,13.828660280615647,24.59600741143528,14.816409584490417,14.451326206513047,31.355381834066726,-0.043087113044114306,-0.21557302214982368,0.02526296706338493
Arnoldi_highacc_N2000,133,13.828984996221694,24.597968220094664,14.814211895064757,14.451326206513047,31.355381834066726,-0.04306464343811371,-0.21551048715440377,0.02511089178709161
Arnoldi_highacc_N2000,134,13.821915426707738,24.55513435803807,14.811120694726439,14.451326206513047,31.355381834066726,-0.04355384210493014,-0.2168765640302419,0.02489698752016525
Arnoldi_highacc_N2000,135,13.822120954198109,24.556380969213734,14.808936452244422,14.451326206513047,31.355381834066726,-0.04353962005448068,-0.21683680654356033,0.02474584274280689
Arnoldi_highacc_N2000,136,13.830438382253654,24.606872323446023,14.807795774168868,14.451326206513047,31.355381834066726,-0.04296407232019757,-0.21522651346853128,0.024666910327936883
Arnoldi_highacc_N2000,137,13.834352122979,24.630700063273473,14.806133902029456,14.451326206513047,31.355381834066726,-0.04269325006697192,-0.21446658842747943,0.02455191242977424
Arnoldi_highacc_N2000,138,13.808354294206673,24.47135314051106,14.800856916510478,14.451326206513047,31.355381834066726,-0.04449224265774263,-0.2195485524617776,0.024186756634135193
Arnoldi_highacc_N2000,139,13.794057926507408,24.3836850441821,14.796942172657138,14.451326206513047,31.355381834066726,-0.045481519869741444,-0.2223445029876841,0.023915864966657957
Arnoldi_highacc_N2000,140,13.786792148104876,24.3390825282969,14.793875745419465,14.451326206513047,31.355381834066726,-0.045984295760251585,-0.2237669865702869,0.023703674943828686
Arnoldi_highacc_N2000,141,13.786390515337965,24.336614533159388,14.791666020135692,14.451326206513047,31.355381834066726,-0.04601208786466965,-0.22384569698595247,0.02355076681261667
Arnoldi_highacc_N2000,142,13.790044412060182,24.359099170580755,14.789984640570431,14.451326206513047,31.355381834066726,-0.04575924624515312,-0.22312860677348567,0.023434419043475395
Arnoldi_highacc_N2000,143,13.789504867742798,24.35576969640777,14.78780204430593,14.451326206513047,31.355381834066726,-0.0457965815256439,-0.22323479186766204,0.023283388180749685
Arnoldi_highacc_N2000,144,13.800382673635331,24.422899209176293,14.787085365345908,14.451326206513047,31.355381834066726,-0.04504386127443046,-0.22109386712549897,0.02323379557244637
Arnoldi_highacc_N2000,145,13.817012681435836,24.525625366159705,14.78715230163133,14.451326206513047,31.355381834066726,-0.04389310129829696,-0.21781767812780026,0.023238427416227787
Arnoldi_highacc_N2000,146,13.833187587994406,24.625752291089828,14.787206281925366,14.451326206513047,31.355381834066726,-0.04277383332749439,-0.21462438501276193,0.02324216273389097
Arnoldi_highacc_N2000,147,13.846748402227648,24.70990935138312,14.786965878354403,14.451326206513047,31.355381834066726,-0.04183545479811548,-0.2119404100339639,0.023225527335345
Arnoldi_highacc_N2000,148,13.848070811060564,24.718151129601527,14.785209579197353,14.451326206513047,31.355381834066726,-0.04174394701439941,-0.21167755952038952,0.023103995295174314
Arnoldi_highacc_N2000,149,13.857705011207823,24.778224379216343,14.78452337956769,14.451326206513047,31.355381834066726,-0.04107728154649814,-0.20976167630988596,0.0230565117895183
Arnoldi_highacc_N2000,150,13.86136830511038,24.801137224656316,14.783112790499535,14.451326206513047,31.355381834066726,-0.040823789662763205,-0.20903092949387755,0.02295890212740172
Arnoldi_highacc_N2000,151,13.873909397059762,24.879601552122136,14.782854599392554,14.451326206513047,31.355381834066726,-0.039955973673409244,-0.20652850972169762,0.022941035870471953
Arnoldi_highacc_N2000,152,13.88627534413693,24.95712394829268,14.782610371796068,14.451326206513047,31.355381834066726,-0.03910027732412923,-0.20405613044783663,0.02292413585776752
Arnoldi_highacc_N2000,153,13.905613492426783,25.078418721435145,14.783307935848299,14.451326206513047,31.355381834066726,-0.03776211998040135,-0.20018774275655096,0.02297240575647875
Arnoldi_highacc_N2000,154,13.915087558615529,25.13807574887096,14.782775818945241,14.451326206513047,31.355381834066726,-0.037106535430349724,-0.19828513389177868,0.02293558443672902
Arnoldi_highacc_N2000,155,13.924105586195553,25.194975088752642,14.782215635385912,14.451326206513047,31.355381834066726,-0.03648250774934974,-0.19647047444407068,0.022896820966074184
Arnoldi_highacc_N2000,156,13.940385586735983,25.29773925682572,14.782617504108305,14.451326206513047,31.355381834066726,-0.035355967506067926,-0.19319307317953147,0.02292462939809287
Arnoldi_highacc_N2000,157,13.940262338576915,25.29695730937015,14.780979600593856,14.451326206513047,31.355381834066726,-0.035364496007695215,-0.19321801140097333,0.022811290076078853
Arnoldi_highacc_N2000,158,13.921938593541075,25.180115637876096,14.777149741186806,14.451326206513047,31.355381834066726,-0.0366324588765689,-0.19694437876311813,0.022546272225653193
Arnoldi_highacc_N2000,159,13.9009629728646,25.046051988652028,14.772984632761396,14.451326206513047,31.355381834066726,-0.038083925709213096,-0.20121999721782344,0.022258055880254226
Arnoldi_highacc_N2000,160,13.889238920897066,24.971092246554516,14.769897328618043,14.451326206513047,31.355381834066726,-0.03889520432821275,-0.20361064717049188,0.022044421221453045
Arnoldi_highacc_N2000,161,13.885736609948218,24.94869049596551,14.767805331649985,14.451326206513047,31.355381834066726,-0.039137556545497124,-0.20432509391866271,0.021899659630844455
Arnoldi_highacc_N2000,162,13.885769876951672,24.94890353446752,14.766158523812063,14.451326206513047,31.355381834066726,-0.03913525454200078,-0.20431829959853182,0.021785704149223695
Arnoldi_highacc_N2000,163,13.886762752204136,24.955272337569504,14.76464428940794,14.451326206513047,31.355381834066726,-0.03906654975752107,-0.20411518285335267,0.02168092245773848
Arnoldi_highacc_N2000,164,13.892641423911327,24.993013608256682,14.76375873492215,14.451326206513047,31.355381834066726,-0.03865975860055854,-0.20291152120168135,0.021619644034351293
Arnoldi_highacc_N2000,165,13.876135895738555,24.88641236869228,14.760146300630794,14.451326206513047,31.355381834066726,-0.03980190486014079,-0.206311296083344,0.021369671523888623
Arnoldi_highacc_N2000,166,13.856898488743933,24.761881711939505,14.756191354333355,14.451326206513047,31.355381834066726,-0.0411330911277341,-0.2102828840363083,0.021095997935671063
Arnoldi_highacc_N2000,167,13.82972610759018,24.5854322404426,14.751279979309563,14.451326206513047,31.355381834066726,-0.04301336016086324,-0.21591029027969832,0.020756141582447374
Arnoldi_highacc_N2000,168,13.807814651987051,24.44300914338348,14.746948945754886,14.451326206513047,31.355381834066726,-0.04452958471285298,-0.22045251202054092,0.020456443582915273
Arnoldi_highacc_N2000,169,13.7921205316555,24.34092319613827,14.743332694691683,14.451326206513047,31.355381834066726,-0.045615583333829215,-0.22370828316010005,0.020206206960232617
Arnoldi_highacc_N2000,170,13.784187130869173,24.28929936995179,14.740644874360433,14.451326206513047,31.355381834066726,-0.04616455722542628,-0.2253546935422052,0.02002021570290161
Arnoldi_highacc_N2000,171,13.782479216224289,24.278179437129385,14.738727651168658,14.451326206513047,31.355381834066726,-0.046282741163735985,-0.2257093354624106,0.01988754807334447
Arnoldi_highacc_N2000,172,13.78449495181689,24.29131667412207,14.737288110988777,14.451326206513047,31.355381834066726,-0.04614325669263647,-0.22529035676643405,0.01978793505794994
Arnoldi_highacc_N2000,173,13.79367309242904,24.35114625164724,14.736778766706596,14.451326206513047,31.355381834066726,-0.04550814954184685,-0.22338224485627486,0.019752689553495746
Arnoldi_highacc_N2000,174,13.802415242846301,24.40823774485952,14.73623913332486,14.451326206513047,31.355381834066726,-0.044903211953951236,-0.2215614571677559,0.01971534810994761
Arnoldi_highacc_N2000,175,13.81208920324483,24.471509900420568,14.735844689985958,14.451326206513047,31.355381834066726,-0.04423379516408124,-0.2195435530039385,0.019688053498140713
Arnoldi_highacc_N2000,176,13.82713163852296,24.569940093651923,14.736175610868473,14.451326206513047,31.355381834066726,-0.0431928917159706,-0.2164043728226143,0.019710952495629673
Arnoldi_highacc_N2000,177,13.836192350132615,24.629411501618698,14.7357613949187,14.451326206513047,31.355381834066726,-0.042565910393967704,-0.21450768381778895,0.01968228966262365
Arnoldi_highacc_N2000,178,13.850119772094608,24.720877433565313,14.736002906143822,14.451326206513047,31.355381834066726,-0.04160216341580343,-0.2115906110029639,0.01969900170840204
Arnoldi_highacc_N2000,179,13.867821115323517,24.83721593511244,14.73677139814748,14.451326206513047,31.355381834066726,-0.040377269383522076,-0.20788029096403748,0.01975217966540586
Arnoldi_highacc_N2000,180,13.884544260749708,24.947334345011413,14.737445383741377,14.451326206513047,31.355381834066726,-0.03922006448846864,-0.20436834489743488,0.019798817986641275
Arnoldi_highacc_N2000,181,13.905891928019493,25.08797188413601,14.738766789806158,14.451326206513047,31.355381834066726,-0.037742852849569804,-0.19988306897673797,0.019890256381007134
Arnoldi_highacc_N2000,182,13.92922150796141,25.241837628001697,14.740392378155047,14.451326206513047,31.355381834066726,-0.036128497211303005,-0.19497591317554416,0.02000274352064113
Arnoldi_highacc_N2000,183,13.93454439366476,25.277155168594184,14.73971071143121,14.451326206513047,31.355381834066726,-0.03576016522382415,-0.19384955021879918,0.019955573682102025
Arnoldi_highacc_N2000,184,13.941883632822949,25.325908389617364,14.739301561787883,14.451326206513047,31.355381834066726,-0.035252306010537506,-0.19229469047315226,0.019927261426363026
Arnoldi_highacc_N2000,185,13.936237606580185,25.288236189485154,14.73729505630978,14.451326206513047,31.355381834066726,-0.035642998612868945,-0.19349614929548686,0.01978841565889296
Arnoldi_highacc_N2000,186,13.93330778942966,25.268666763427635,14.73562196500631,14.451326206513047,31.355381834066726,-0.035845735518026105,-0.19412026627039983,0.019672641419244567
Arnoldi_highacc_N2000,187,13.933036134846812,25.266850380083238,14.734282080628015,14.451326206513047,31.355381834066726,-0.035864533417884294,-0.19417819518844046,0.01957992436621099
Arnoldi_highacc_N2000,188,13.937381381064851,25.29592097786507,14.733528096371172,14.451326206513047,31.355381834066726,-0.03556385193329637,-0.19325106255342187,0.01952775031338926
Arnoldi_highacc_N2000,189,13.936401383794651,25.289346362997428,14.732123797350583,14.451326206513047,31.355381834066726,-0.035631665589717615,-0.19346074314039208,0.019430575908734565
Arnoldi_highacc_N2000,190,13.932885056837458,25.265705558754384,14.730413700738636,14.451326206513047,31.355381834066726,-0.035874987683963085,-0.1942147063473513,0.01931224098310143
Arnoldi_highacc_N2000,191,13.934360514114134,25.275630076218693,14.729325443952261,14.451326206513047,31.355381834066726,-0.03577288928443964,-0.19389818915368962,0.019236936006186294
Arnoldi_highacc_N2000,192,13.937794635750073,25.29875526572208,14.72849309183008,14.451326206513047,31.355381834066726,-0.03553525561768376,-0.1931606701648996,0.019179339069387093
Arnoldi_highacc_N2000,193,13.939517163735879,25.310377330221037,14.727459327411367,14.451326206513047,31.355381834066726,-0.035416060468312006,-0.1927900140344636,0.019107804844504195
Arnoldi_highacc_N2000,194,13.939726097482904,25.311789702398112,14.726247474200571,14.451326206513047,31.355381834066726,-0.035401602712391234,-0.19274497002305435,0.01902394726676509
Arnoldi_highacc_N2000,195,13.94011183667994,25.314401192705517,14.725065977735817,14.451326206513047,31.355381834066726,-0.03537491040806404,-0.19266168319461688,0.01894219030910801
Arnoldi_highacc_N2000,196,13.944155654464437,25.341797067262743,14.724350955293074,14.451326206513047,31.355381834066726,-0.03509508710833985,-0.19178796158911374,0.018892712328158406
Arnoldi_highacc_N2000,197,13.932462697578359,25.26218242058564,14.721717044925597,14.451326206513047,31.355381834066726,-0.03590421401607016,-0.19432706786115425,0.018710451521791044
Arnoldi_highacc_N2000,198,13.92759341953985,25.22902592917214,14.71990034878009,14.451326206513047,31.355381834066726,-0.03624115735046907,-0.1953845096613838,0.018584740142811272
Arnoldi_highacc_N2000,199,13.92718264986921,25.226227419040438,14.718634494525228,14.451326206513047,31.355381834066726,-0.03626958170853633,-0.1954737610105305,0.01849714581155246
Arnoldi_highacc_N2000,200,13.93176740634161,25.25747285349359,14.718001805936739,14.451326206513047,31.355381834066726,-0.03595232664094714,-0.1944772675020635,0.0184533651522934
Arnoldi_highacc_N2000,201,13.926099390740072,25.21869469795541,14.716109476666727,14.451326206513047,31.355381834066726,-0.03634454085855877,-0.19571399795374142,0.018322420127389105
Arnoldi_highacc_N2000,202,13.924896233727209,25.210459190226526,14.714766133341186,14.451326206513047,31.355381834066726,-0.0364277966785209,-0.19597664848603175,0.018229463722811142
Arnoldi_highacc_N2000,203,13.911154058587535,25.11599412664118,14.711904821969917,14.451326206513047,31.355381834066726,-0.037378724983874664,-0.19898937096172212,0.018031467266957847
Arnoldi_highacc_N2000,204,13.897238315203612,25.02018879161689,14.7090101545233,14.451326206513047,31.355381834066726,-0.038341663830113615,-0.20204483797951495,0.017831162644029053
Arnoldi_highacc_N2000,205,13.889801092124529,24.968981187948966,14.706883537512516,14.451326206513047,31.355381834066726,-0.0388563033152933,-0.20367797400505958,0.017684005422581386
Arnoldi_highacc_N2000,206,13.887652403470168,24.95418284417266,14.705403677915742,14.451326206513047,31.355381834066726,-0.039004987845948476,-0.20414992946886543,0.017581602392186358
Arnoldi_highacc_N2000,207,13.891457443846244,24.98038923283162,14.704673863862956,14.451326206513047,31.355381834066726,-0.03874168741789774,-0.20331414348489482,0.017531100864343407
Arnoldi_highacc_N2000,208,13.8931597819922,24.992136920531845,14.70369134187826,14.451326206513047,31.355381834066726,-0.038623889361053085,-0.20293948092258274,0.017463112503230006
Arnoldi_highacc_N2000,209,13.896222908343425,25.01329876665207,14.702889578143994,14.451326206513047,31.355381834066726,-0.03841192775230848,-0.2022645777677682,0.017407632215621194
Arnoldi_highacc_N2000,210,13.904461748741591,25.07022319198393,14.702758082681127,14.451326206513047,31.355381834066726,-0.0378418181111288,-0.20044911828355252,0.017398533018704056
Arnoldi_highacc_N2000,211,13.916571578142348,25.153924559422574,14.703145169594565,14.451326206513047,31.355381834066726,-0.03700384454194185,-0.19777967646710162,0.017425318582043128
Arnoldi_highacc_N2000,212,13.92879919365807,25.238557153734458,14.703568931729402,14.451326206513047,31.355381834066726,-0.03615772043257034,-0.19508053554259425,0.017454641990066792
Arnoldi_highacc_N2000,213,13.94497981946112,25.35058091524505,14.704533660039852,14.451326206513047,31.355381834066726,-0.03503805670262447,-0.19150782314178777,0.01752139906804453
Arnoldi_highacc_N2000,214,13.955945144447378,25.426717438661605,14.704840068327876,14.451326206513047,31.355381834066726,-0.034279280322549614,-0.18907964274776579,0.01754260184788946
Arnoldi_highacc_N2000,215,13.959830553935259,25.453784513448117,14.70426141279808,14.451326206513047,31.355381834066726,-0.034010418528666,-0.18821640737306197,0.017502560157491933
Arnoldi_highacc_N2000,216,13.963712697062682,25.48086666483639,14.70369343018498,14.451326206513047,31.355381834066726,-0.03374178275974439,-0.18735269116856496,0.017463257009463592
Arnoldi_highacc_N2000,217,13.965847533468255,25.49578692654385,14.702917010285004,14.451326206513047,31.355381834066726,-0.033594056774249016,-0.1868768474430311,0.017409530459465274
Arnoldi_highacc_N2000,218,13.970696653740934,25.529700143980456,14.702490754325375,14.451326206513047,31.355381834066726,-0.033258508312925546,-0.1857952717946759,0.017380034484249005
Arnoldi_highacc_N2000,219,13.98043290952325,25.597795293197585,14.70270009099709,14.451326206513047,31.355381834066726,-0.0325847808194635,-0.1836235505387368,0.0173945201216725
Arnoldi_highacc_N2000,220,13.99030593045041,25.666938671166246,14.702944273934856,14.451326206513047,31.355381834066726,-0.031901589478677786,-0.1814183986979916,0.017411417044091618
Arnoldi_highacc_N2000,221,13.978329523304009,25.582485210136298,14.700504248515436,14.451326206513047,31.355381834066726,-0.032730330521212915,-0.18411182662296083,0.017242572649843583
Arnoldi_highacc_N2000,222,13.971172422729461,25.53200290119154,14.6986323696924,14.451326206513047,31.355381834066726,-0.03322558614497162,-0.18572183122159439,0.017113042750906464
Arnoldi_highacc_N2000,223,13.969013321822343,25.516771640854195,14.697367252811418,14.451326206513047,31.355381834066726,-0.033374991180624675,-0.1862075934559039,0.01702549944429899
Arnoldi_highacc_N2000,224,13.968977556001427,25.516519127706044,14.696367768648937,14.451326206513047,31.355381834066726,-0.03337746609679537,-0.18621564671927948,0.016956337337776857
Arnoldi_highacc_N2000,225,13.964021195361038,25.481435487721058,14.69476826954064,14.451326206513047,31.355381834066726,-0.033720435355779704,-0.18733455001220217,0.01684565551623056
Arnoldi_highacc_N2000,226,13.96353414374188,25.477987151444083,14.693717936122663,14.451326206513047,31.355381834066726,-0.033754138256966645,-0.18744452591028637,0.016772974753028105
Arnoldi_highacc_N2000,227,13.964944884318426,25.48798358922511,14.69290880751142,14.451326206513047,31.355381834066726,-0.03365651811080249,-0.1871257150013991,0.01671698483212533
Arnoldi_highacc_N2000,228,13.961949955519312,25.46670900202408,14.69156103024943,14.451326206513047,31.355381834066726,-0.03386376059888386,-0.18780421374568537,0.016623721608893728
Arnoldi_highacc_N2000,229,13.954992243316138,25.41716967398463,14.689731395782607,14.451326206513047,31.355381834066726,-0.03434521898572996,-0.18938414437136267,0.016497114926525825
Arnoldi_highacc_N2000,230,13.950073808824289,25.382121425505684,14.688146591842496,14.451326206513047,31.355381834066726,-0.03468556383862187,-0.19050191894238921,0.01638744997830841
Arnoldi_highacc_N2000,231,13.94977531189582,25.37999410963271,14.687130332643287,14.451326206513047,31.355381834066726,-0.03470621916977995,-0.1905697642610726,0.016317127076127185
Arnoldi_highacc_N2000,232,13.954085685577763,25.41071455590576,14.68669705499454,14.451326206513047,31.355381834066726,-0.03440795078801718,-0.1895900139127713,0.016287145215462217
Arnoldi_highacc_N2000,233,13.960441457936424,25.4560451709609,14.68653391014754,14.451326206513047,31.355381834066726,-0.03396814531495291,-0.1881443094625742,0.016275855950749235
Arnoldi_highacc_N2000,234,13.962927165455982,25.473816131902545,14.685893404564652,14.451326206513047,31.355381834066726,-0.03379613981981452,-0.18757754994946443,0.01623153437266462
Arnoldi_highacc_N2000,235,13.967378746450764,25.50566506538465,14.68550868854543,14.451326206513047,31.355381834066726,-0.033488100202469485,-0.18656180937737857,0.01620491286999246
Arnoldi_highacc_N2000,236,13.967309182920435,25.50516610436299,14.684567277749005,14.451326206513047,31.355381834066726,-0.03349291384582206,-0.18657772246765134,0.016139769312718155
Arnoldi_highacc_N2000,237,13.964869431076684,25.487632756380783,14.683337650269799,14.451326206513047,31.355381834066726,-0.033661739309235314,-0.18713690392093396,0.01605468179468451
Arnoldi_highacc_N2000,238,13.959152492377562,25.446459787325203,14.681709029170316,14.451326206513047,31.355381834066726,-0.03405733889763469,-0.1884500108469943,0.01594198479537734
Arnoldi_highacc_N2000,239,13.952535157857328,25.39873015874235,14.679969105951415,14.451326206513047,31.355381834066726,-0.03451524389719463,-0.1899722257201998,0.015821585934121484
Arnoldi_highacc_N2000,240,13.948803229452428,25.37179843311345,14.678578167672963,14.451326206513047,31.355381834066726,-0.03477348513758805,-0.19083114447843474,0.015725336063447035
Arnoldi_highacc_N2000,241,13.941632892183012,25.319940864970178,14.676768640497318,14.451326206513047,31.355381834066726,-0.03526965671152876,-0.19248500946460215,0.01560012076141963
Arnoldi_highacc_N2000,242,13.936040316787427,25.27945942078874,14.675147185792245,14.451326206513047,31.355381834066726,-0.03565665063275552,-0.19377606196702954,0.015487919660849158
Arnoldi_highacc_N2000,243,13.933206693573823,25.258937757206912,14.673862207446193,14.451326206513047,31.355381834066726,-0.0358527311289751,-0.1944305481311729,0.015399001984527367
Arnoldi_highacc_N2000,244,13.93467525302518,25.269573874381027,14.673113617667457,14.451326206513047,31.355381834066726,-0.03575111004379779,-0.19409133627815187,0.01534720121773003
Arnoldi_highacc_N2000,245,13.93200627076976,25.250197083071598,14.671857092802313,14.451326206513047,31.355381834066726,-0.0359357977476998,-0.1947093096586698,0.015260252459727562
Arnoldi_highacc_N2000,246,13.933196370469362,25.2588385359895,14.671081963006573,14.451326206513047,31.355381834066726,-0.03585344546510679,-0.19443371253905464,0.015206615182105932
Arnoldi_highacc_N2000,247,13.938459439505,25.297055309787126,14.670827498492164,14.451326206513047,31.355381834066726,-0.03548925265951743,-0.19321488592741046,0.015189006797188676
Arnoldi_highacc_N2000,248,13.941713875368869,25.320730017919008,14.670328543233142,14.451326206513047,31.355381834066726,-0.03526405285312162,-0.19245984144231476,0.015154480190295146
Arnoldi_highacc_N2000,249,13.947570798025556,25.363355168968756,14.670168269756443,14.451326206513047,31.355381834066726,-0.03485876668263527,-0.19110042087217718,0.015143389618093814
Arnoldi_highacc_N2000,250,13.954489506313138,25.413752186083883,14.670154634313494,14.451326206513047,31.355381834066726,-0.034380007280991984,-0.1894931364390987,0.01514244607542139
Arnoldi_highacc_N2000,251,13.960384252975174,25.456756107148955,14.670021651455514,14.451326206513047,31.355381834066726,-0.033972103772497375,-0.1881216359645502,0.01513324395403265
Arnoldi_highacc_N2000,252,13.968422194328353,25.515426147514596,14.67017409536135,14.451326206513047,31.355381834066726,-0.03341589590352299,-0.18625050453722064,0.015143792737144873
Arnoldi_highacc_N2000,253,13.979019560331785,25.592805667788607,14.670670783210703,14.451326206513047,31.355381834066726,-0.032682581476044595,-0.18378268192598582,0.015178162444274506
Arnoldi_highacc_N2000,254,13.993047919020867,25.695239486749504,14.671633165571055,14.451326206513047,31.355381834066726,-0.0317118498982909,-0.1805158163045439,0.015244757187663447
Arnoldi_highacc_N2000,255,14.009582754357767,25.81601017275868,14.67294727878424,14.451326206513047,31.355381834066726,-0.030567675647387334,-0.17666414303683192,0.015335690932733367
Arnoldi_highacc_N2000,256,14.025211944587893,25.930337444940147,14.674159604266285,14.451326206513047,31.355381834066726,-0.029486170046670795,-0.173017966033264,0.015419581190604466
Arnoldi_highacc_N2000,257,14.040017092239903,26.038795478263538,14.675280774490384,14.451326206513047,31.355381834066726,-0.028461686380573902,-0.16955897344636606,0.015497163705044828
Arnoldi_highacc_N2000,258,14.047796608122166,26.095988759756032,14.67550411162598,14.451326206513047,31.355381834066726,-0.02792336098599826,-0.1677349394800389,0.015512618143786603
Arnoldi_highacc_N2000,259,14.052425511306254,26.13009336449307,14.675338480424902,14.451326206513047,31.355381834066726,-0.027603051063023742,-0.1666472600214528,0.015501156828837986
Arnoldi_highacc_N2000,260,14.050726488542052,26.117536847433612,14.674393971580805,14.451326206513047,31.355381834066726,-0.02772061970274041,-0.16704771813502028,0.015435798893476278
Arnoldi_highacc_N2000,261,14.046511935420263,26.0863305733023,14.673144064551,14.451326206513047,31.355381834066726,-0.028012257512417003,-0.16804296272481536,0.015349308075128947
Arnoldi_highacc_N2000,262,14.043675618024144,26.06531315077062,14.672061112966698,14.451326206513047,31.355381834066726,-0.028208524440143004,-0.16871325985731092,0.015274370206532963
Arnoldi_highacc_N2000,263,14.043022292857135,26.06046943405461,14.671246755058233,14.451326206513047,31.355381834066726,-0.028253733105262965,-0.16886773785862003,0.015218018429759797
Arnoldi_highacc_N2000,264,14.03940300193625,26.033581860773364,14.670071614955683,14.451326206513047,31.355381834066726,-0.028504180079413553,-0.16972524849024098,0.015136701318391824
Arnoldi_highacc_N2000,265,14.039422456894538,26.03372640172272,14.669343027108525,14.451326206513047,31.355381834066726,-0.028502833839074784,-0.16972063872499804,0.015086284641282303
Arnoldi_highacc_N2000,266,14.042931287829395,26.059796904434886,14.66905324001915,14.451326206513047,31.355381834066726,-0.028260030453093807,-0.16888918647701934,0.015066232011839558
Arnoldi_highacc_N2000,267,14.041589187744085,26.049798846665176,14.668167247934372,14.451326206513047,31.355381834066726,-0.02835290082818126,-0.16920804905131742,0.015004923307564519
Arnoldi_highacc_N2000,268,14.04302849890479,26.060524149296395,14.667627613068433,14.451326206513047,31.355381834066726,-0.028253303660410116,-0.16886599285541534,0.014967581761312796
Arnoldi_highacc_N2000,269,14.044872431228479,26.07427835168555,14.667143285507175,14.451326206513047,31.355381834066726,-0.02812570759778324,-0.16842733762034462,0.014934067358943277
Arnoldi_highacc_N2000,270,14.043660021650146,26.06521604419389,14.666285432286086,14.451326206513047,31.355381834066726,-0.028209603674932644,-0.16871635682411698,0.014874705802167836
Arnoldi_highacc_N2000,271,14.038444706129376,26.02614319666533,14.66494109373924,14.451326206513047,31.355381834066726,-0.028570492042286753,-0.1699624857258581,0.014781680530463628
Arnoldi_highacc_N2000,272,14.034993693191739,26.000272719883284,14.663808965633804,14.451326206513047,31.355381834066726,-0.028809294549981962,-0.17078755865652603,0.014703339754727386
Arnoldi_highacc_N2000,273,14.0351996465362,26.001816651576632,14.66312628584932,14.451326206513047,31.355381834066726,-0.02879504303136579,-0.17073831888960123,0.014656099814618883
Arnoldi_highacc_N2000,274,14.03674472397613,26.013407319013577,14.662613633665398,14.451326206513047,31.355381834066726,-0.028688127069615942,-0.17036866408844833,0.014620625410637154
Arnoldi_highacc_N2000,275,14.039582690842987,26.034711498653312,14.662267519170769,14.451326206513047,31.355381834066726,-0.028491746002141383,-0.16968922156874064,0.014596675048595412
Arnoldi_highacc_N2000,276,14.044918098046598,26.074774473047132,14.662242606269428,14.451326206513047,31.355381834066726,-0.028122547554375016,-0.16841151509379373,0.01459495113059757
Arnoldi_highacc_N2000,277,14.038664427974783,26.02759335892822,14.660793672499928,14.451326206513047,31.355381834066726,-0.028555287773677215,-0.16991623649596313,0.014494688099454608
Arnoldi_highacc_N2000,278,14.022115422644829,25.902244185120285,14.658125688388296,14.451326206513047,31.355381834066726,-0.029700442556945216,-0.17391392896455699,0.014310069464908145
Arnoldi_highacc_N2000,279,14.007471596538016,25.791257962584154,14.655663889455628,14.451326206513047,31.355381834066726,-0.03071376312680495,-0.177453551703756,0.01413971839141578
Arnoldi_highacc_N2000,280,13.992214035593518,25.6754728645974,14.653117542579112,14.451326206513047,31.355381834066726,-0.03176955279804091,-0.18114622234637462,0.013963516786100964
Arnoldi_highacc_N2000,281,13.97854137815483,25.5716447122924,14.650743034281417,14.451326206513047,31.355381834066726,-0.03271567063133195,-0.18445755667661687,0.013799206032626658
Arnoldi_highacc_N2000,282,13.966523698949766,25.48032540698338,14.648551934033073,14.451326206513047,31.355381834066726,-0.03354726760958351,-0.18736995320848768,0.013647586712916259
Arnoldi_highacc_N2000,283,13.952202403007519,25.371312684261202,14.646079990376627,14.451326206513047,31.355381834066726,-0.03453826980118811,-0.1908466362002329,0.013476533646843248
Arnoldi_highacc_N2000,284,13.940808661549635,25.284559932948888,14.643941305669893,14.451326206513047,31.355381834066726,-0.035326691659159075,-0.19361339412942705,0.013328541367368543
Arnoldi_highacc_N2000,285,13.932960941754201,25.224803275338644,14.642218126516543,14.451326206513047,31.355381834066726,-0.035869736614569256,-0.19551918044472302,0.013209301158634381
Arnoldi_highacc_N2000,286,13.927920560038581,25.18641428037778,14.640830768905676,14.451326206513047,31.355381834066726,-0.03621851994722619,-0.19674349961149382,0.013113299062284136
Arnoldi_highacc_N2000,287,13.925386432177708,25.167108087591966,14.639749387892385,14.451326206513047,31.355381834066726,-0.03639387602352393,-0.19735922143200876,0.013038469873748907
Arnoldi_highacc_N2000,288,13.92116871650706,25.134923995782575,14.638461884890395,14.451326206513047,31.355381834066726,-0.03668573267462823,-0.19838565102485217,0.01294937749678702
Arnoldi_highacc_N2000,289,13.91995921243539,25.125693700864954,14.63754478197735,14.451326206513047,31.355381834066726,-0.036769427697104715,-0.1986800277594896,0.01288591599159788
Arnoldi_highacc_N2000,290,13.92171758831533,25.139113584798107,14.637001281617168,14.451326206513047,31.355381834066726,-0.036647751952276056,-0.19825203475962208,0.012848306961643439
Arnoldi_highacc_N2000,291,13.925706040349251,25.16956179362624,14.636745376057995,14.451326206513047,31.355381834066726,-0.036371759840761506,-0.19728096673087775,0.012830598859596845
Arnoldi_highacc_N2000,292,13.930302245933168,25.204678815189613,14.636573976500534,14.451326206513047,31.355381834066726,-0.03605371251982803,-0.1961609988175794,0.012818738387069172
Arnoldi_highacc_N2000,293,13.936290022032308,25.25045269684279,14.636588445836226,14.451326206513047,31.355381834066726,-0.03563937157882559,-0.19470115750882377,0.012819739633285988
Arnoldi_highacc_N2000,294,13.943378344084527,25.304673943616276,14.636753465868408,14.451326206513047,31.355381834066726,-0.035148875277591696,-0.19297190901615904,0.012831158656690695
Arnoldi_highacc_N2000,295,13.952592753694482,25.375174273901173,14.637204507987777,14.451326206513047,31.355381834066726,-0.034511258391897004,-0.1907234806392384,0.012862369779664725
Arnoldi_highacc_N2000,296,13.954305258488501,25.38832641802046,14.636704737499747,14.451326206513047,31.355381834066726,-0.034392756825359284,-0.19030402651844708,0.01282778676071626
Arnoldi_highacc_N2000,297,13.957369256480868,25.411871194219504,14.636380096699144,14.451326206513047,31.355381834066726,-0.034180734900964134,-0.18955312588124082,0.012805322331087892
Arnoldi_highacc_N2000,298,13.959718388467062,25.429945816568676,14.635970952089275,14.451326206513047,31.355381834066726,-0.03401818013245199,-0.188976681861365,0.012777010423653127
Arnoldi_highacc_N2000,299,13.964144866055507,25.464013346235134,14.635830262424967,14.451326206513047,31.355381834066726,-0.033711877615631713,-0.1878901848176758,0.01276727500821115
Arnoldi_highacc_N2000,300,13.968875065864875,25.500451435651925,14.635735182864693,14.451326206513047,31.355381834066726,-0.033384558188904234,-0.18672808481169847,0.012760695711687354
Arnoldi_highacc_N2000,301,13.974731188350834,25.545589723485243,14.635791269617513,14.451326206513047,31.355381834066726,-0.03297932738847296,-0.18528851414812975,0.012764576791667091
Arnoldi_highacc_N2000,302,13.977955466567161,25.57049130283463,14.635519961440036,14.451326206513047,31.355381834066726,-0.03275621442498076,-0.1844943417320142,0.012745802862298893
Arnoldi_highacc_N2000,303,13.983550371068183,25.61370738632554,14.63555616252659,14.451326206513047,31.355381834066726,-0.032369059334778696,-0.18311607487755166,0.01274830789789478
Arnoldi_highacc_N2000,304,13.991392488961244,25.674289993592804,14.635889607391924,14.451326206513047,31.355381834066726,-0.031826402018696076,-0.1811839470027304,0.012771381549445397
Arnoldi_highacc_N2000,305,13.998928257961287,25.732571009384344,14.636192705834546,14.451326206513047,31.355381834066726,-0.03130494337245455,-0.1793252225228321,0.012792355295265706
Arnoldi_highacc_N2000,306,14.00749065159866,25.798830974625297,14.636638017052181,14.451326206513047,31.355381834066726,-0.0307124445585039,-0.17721202978317413,0.01282316985244005
Arnoldi_highacc_N2000,307,14.01582638085663,25.863406566814966,14.637063598593972,14.451326206513047,31.355381834066726,-0.03013563042125099,-0.17515255582966258,0.01285261915942468
Arnoldi_highacc_N2000,308,14.026130839843516,25.94324897041493,14.637755732204843,14.451326206513047,31.355381834066726,-0.029422584515315976,-0.17260618583096532,0.012900513283533427
Arnoldi_highacc_N2000,309,14.030981332313011,25.980949907103156,14.637754034581244,14.451326206513047,31.355381834066726,-0.02908694110098978,-0.1714038105294066,0.012900395811712864
Arnoldi_highacc_N2000,310,14.036363388801552,26.022815143163015,14.637826687167925,14.451326206513047,31.355381834066726,-0.02871451462527191,-0.17006862551136373,0.012905423210973163
Arnoldi_highacc_N2000,311,14.042973363477893,26.0742579014028,14.638063491808138,14.451326206513047,31.355381834066726,-0.028257118910727623,-0.16842798982999904,0.01292180957142405
Arnoldi_highacc_N2000,312,14.04748054711731,26.109398072343318,14.638039860098845,14.451326206513047,31.355381834066726,-0.02794523171262497,-0.16730728362630867,0.012920174309098937
Arnoldi_highacc_N2000,313,14.053128508798522,26.153455914118418,14.63816759612537,14.451326206513047,31.355381834066726,-0.027554405182208187,-0.16590217103644278,0.01292901336128699
Arnoldi_highacc_N2000,314,14.05917712600342,26.200677503695385,14.638353581277713,14.451326206513047,31.355381834066726,-0.027135854170456008,-0.16439615877268324,0.012941883124911742
Arnoldi_highacc_N2000,315,14.063650303975699,26.23565460564088,14.638346333739422,14.451326206513047,31.355381834066726,-0.0268263200897525,-0.16328065323903684,0.012941381611196888
Arnoldi_highacc_N2000,316,14.063198939358083,26.23211543057884,14.637729312310094,14.451326206513047,31.355381834066726,-0.026857553528896145,-0.16339352620868433,0.01289868508490509
Arnoldi_highacc_N2000,317,14.064256166067619,26.2404086981171,14.637301125613462,14.451326206513047,31.355381834066726,-0.02678439576507379,-0.1631290335744645,0.012869055506933227
Arnoldi_highacc_N2000,318,14.06681923868405,26.260522487373013,14.637064200656413,14.451326206513047,31.355381834066726,-0.02660703677533101,-0.16248755552255129,0.012852660820821853
Arnoldi_highacc_N2000,319,14.066828189548971,26.260592862875317,14.636513542980099,14.451326206513047,31.355381834066726,-0.026606417395158267,-0.16248531107524472,0.012814556520327569
Arnoldi_highacc_N2000,320,14.063585831695848,26.235046303306422,14.63556615642422,14.451326206513047,31.355381834066726,-0.026830781429765835,-0.16330005349184445,0.012748999453637598
Arnoldi_highacc_N2000,321,14.062947817383092,26.230019199806105,14.634937197686694,14.451326206513047,31.355381834066726,-0.02687493061743473,-0.1634603801473105,0.012705476891864534
Arnoldi_highacc_N2000,322,14.058943365084996,26.19839939717956,14.633898148217554,14.451326206513047,31.355381834066726,-0.027152029912051113,-0.16446881317465736,0.012633576953112057
Arnoldi_highacc_N2000,323,14.050517680793574,26.13170670373274,14.632327039290145,14.451326206513047,31.355381834066726,-0.02773506873983878,-0.16659580667771084,0.012524859669662913
Arnoldi_highacc_N2000,324,14.042591941743238,26.068921568952444,14.630809832209106,14.451326206513047,31.355381834066726,-0.02828351245615069,-0.16859817855481174,0.012419872275471056
Arnoldi_highacc_N2000,325,14.037245486217259,26.02656497005027,14.629596847162492,14.451326206513047,31.355381834066726,-0.028653475423533536,-0.16994903433855968,0.012335936377181863
Arnoldi_highacc_N2000,326,14.032487123365975,25.9888393781286,14.628452376408816,14.451326206513047,31.355381834066726,-0.02898274367084079,-0.17115219595595968,0.012256741517324622
Arnoldi_highacc_N2000,327,14.028149295066681,25.954420461030153,14.627356870770338,14.451326206513047,31.355381834066726,-0.029282911851761004,-0.1722498996063439,0.012180934935781654
Arnoldi_highacc_N2000,328,14.02488462608323,25.928502054136658,14.626390349147773,14.451326206513047,31.355381834066726,-0.029508819767532782,-0.1730765011457752,0.012114053764548388
Arnoldi_highacc_N2000,329,14.023783608877503,25.91975966386439,14.625688728277568,14.451326206513047,31.355381834066726,-0.02958500773741133,-0.173355317405087,0.012065503142952965
Arnoldi_highacc_N2000,330,14.025071438530366,25.92998575739113,14.625285102395486,14.451326206513047,31.355381834066726,-0.02949589275692719,-0.1730291822114269,0.0120375731193472
Arnoldi_highacc_N2000,331,14.021799478495524,25.90393653440518,14.624321597346833,14.451326206513047,31.355381834066726,-0.02972230519742472,-0.17385995579676555,0.011970900688396326
Arnoldi_highacc_N2000,332,14.012629033439854,25.830710938073793,14.622647916419567,14.451326206513047,31.355381834066726,-0.030356879832625798,-0.17619529958938457,0.011855085648077569
Arnoldi_highacc_N2000,333,14.004956116385063,25.769416563843276,14.621146428142678,14.451326206513047,31.355381834066726,-0.03088782882271451,-0.17815012745768763,0.011751185960572643
Arnoldi_highacc_N2000,334,13.997417774884699,25.709143989186742,14.619656382980475,14.451326206513047,31.355381834066726,-0.031409465480322224,-0.18007236763245243,0.01164807811144446
Arnoldi_highacc_N2000,335,13.99079123687354,25.65612918052532,14.61827121521703,14.451326206513047,31.355381834066726,-0.03186800734121893,-0.1817631398559252,0.01155222754772107
Arnoldi_highacc_N2000,336,13.986315748695073,25.62031764172185,14.617142519050098,14.451326206513047,31.355381834066726,-0.03217770128311119,-0.18290525762674312,0.011474124254583655
Arnoldi_highacc_N2000,337,13.983885280033116,25.600866369309802,14.616262173740711,14.451326206513047,31.355381834066726,-0.032345884370754883,-0.1835256063922273,0.011413206294750315
Arnoldi_highacc_N2000,338,13.982993375040516,25.593725967586373,14.615571877544156,14.451326206513047,31.355381834066726,-0.032407602235250764,-0.18375333130915597,0.01136543931567232
Arnoldi_highacc_N2000,339,13.984368880697081,25.604738312929054,14.615165816132652,14.451326206513047,31.355381834066726,-0.03231242026807982,-0.1834021206174489,0.011337340758785524
Arnoldi_highacc_N2000,340,13.987083070579327,25.626476232062046,14.614931680196783,14.451326206513047,31.355381834066726,-0.032124604295797436,-0.18270884508191151,0.011321139066807663
Arnoldi_highacc_N2000,341,13.991716762947382,25.663591519718803,14.614945931577704,14.451326206513047,31.355381834066726,-0.03180396297182219,-0.18152514756378937,0.011322125231033557
Arnoldi_highacc_N2000,342,13.996837510661816,25.704636387727547,14.615028246563933,14.451326206513047,31.355381834066726,-0.03144961848874449,-0.1802161260941752,0.01132782124709823
Arnoldi_highacc_N2000,343,14.003884024599515,25.761120609326642,14.61536493817743,14.451326206513047,31.355381834066726,-0.030962015217113767,-0.17841470578623536,0.011351119566483351
Arnoldi_highacc_N2000,344,14.012056124207712,25.82665289954011,14.61585545480084,14.451326206513047,31.355381834066726,-0.03039652389185988,-0.17632472038722902,0.01138506223834615
Arnoldi_highacc_N2000,345,14.019751360580402,25.88842893276652,14.61629180028419,14.451326206513047,31.355381834066726,-0.029864030454045003,-0.17435453123267403,0.011415256386420427
Arnoldi_highacc_N2000,346,14.025479083548852,25.934490362602705,14.616481362013852,14.451326206513047,31.355381834066726,-0.029467684617919015,-0.17288551930738655,0.0114283736413321
Arnoldi_highacc_N2000,347,14.030137509654947,25.972002841821226,14.616540259522152,14.451326206513047,31.355381834066726,-0.02914533177365232,-0.1716891543765738,0.011432449219411103
Arnoldi_highacc_N2000,348,14.0359131353178,26.01853024711343,14.616747649013277,14.451326206513047,31.355381834066726,-0.028745671176395166,-0.17020528135157204,0.01144680011621888
Arnoldi_highacc_N2000,349,14.040338568237308,26.054232652464528,14.616788553884172,14.451326206513047,31.355381834066726,-0.028439440948368536,-0.16906664411411032,0.011449630643349081
Arnoldi_highacc_N2000,350,14.046032611827242,26.100184684586726,14.616996849004765,14.451326206513047,31.355381834066726,-0.028045425651186517,-0.16760112115012993,0.0114640442077249
Arnoldi_highacc_N2000,351,14.053380059569546,26.15948818514837,14.617424478901121,14.451326206513047,31.355381834066726,-0.02753699842192687,-0.16570978712410916,0.011493635256341804
Arnoldi_highacc_N2000,352,14.061778035772296,26.22729713981978,14.617995891765064,14.451326206513047,31.355381834066726,-0.026955876932954845,-0.16354719331389006,0.011533175770186505
Arnoldi_highacc_N2000,353,14.064558772597895,26.249824726357073,14.617855327134166,14.451326206513047,31.355381834066726,-0.026763456058506246,-0.16282873334881898,0.011523449006781554
Arnoldi_highacc_N2000,354,14.069022494317958,26.285992133279027,14.617931584151114,14.451326206513047,31.355381834066726,-0.026454576329665098,-0.1616752660712284,0.01152872582469144
Arnoldi_highacc_N2000,355,14.072519716432586,26.31436457338641,14.617890362671142,14.451326206513047,31.355381834066726,-0.026212576248520147,-0.16077039939610607,0.011525873388909244
Arnoldi_highacc_N2000,356,14.077306230357134,26.353208665072184,14.618017069562233,14.451326206513047,31.355381834066726,-0.025881360008837506,-0.1595315660790271,0.011534641227187933
Arnoldi_highacc_N2000,357,14.081471754734284,26.38705125719249,14.61807005071605,14.451326206513047,31.355381834066726,-0.025593114880492623,-0.1584522428451593,0.011538307406544695
Arnoldi_highacc_N2000,358,14.084625326033766,26.412705282072043,14.617999821625197,14.451326206513047,31.355381834066726,-0.025374894680185996,-0.15763407309633226,0.01153344770786732
Arnoldi_highacc_N2000,359,14.087752129880242,26.438163520292893,14.617930220566784,14.451326206513047,31.355381834066726,-0.025158526728774982,-0.15682214746405723,0.011528631467653865
Arnoldi_highacc_N2000,360,14.07953301195579,26.37089006308415,14.616480789712561,14.451326206513047,31.355381834066726,-0.02572727161813654,-0.15896766294732434,0.01142833403934107
Arnoldi_highacc_N2000,361,14.072997785523624,26.317385875984698,14.61522625329265,14.451326206513047,31.355381834066726,-0.02617949491852965,-0.1606740426489844,0.011341522877376905
Arnoldi_highacc_N2000,362,14.064005072705456,26.24363354490084,14.613676421714658,14.451326206513047,31.355381834066726,-0.02680177087366761,-0.16302618530424387,0.011234277939725824
Arnoldi_highacc_N2000,363,14.05683332069865,26.184803752313623,14.612336556792664,14.451326206513047,31.355381834066726,-0.027298040344325095,-0.16490241162158062,0.01114156223302553
Arnoldi_highacc_N2000,364,14.047932682212318,26.11168379725336,14.610787429221832,14.451326206513047,31.355381834066726,-0.027913944958139807,-0.16723438625506512,0.011034366011122058
Arnoldi_highacc_N2000,365,14.03928308511566,26.040571900521154,14.60926225927907,14.451326206513047,31.355381834066726,-0.028512478059742632,-0.16950231898535462,0.010928827604406569
Arnoldi_highacc_N2000,366,14.032467340717687,25.984526768420352,14.607949698404616,14.451326206513047,31.355381834066726,-0.02898411258660705,-0.17128973565268765,0.010838001277763737
Arnoldi_highacc_N2000,367,14.027522724198644,25.943862003229512,14.606858089444632,14.451326206513047,31.355381834066726,-0.029326269178215607,-0.17258663471154903,0.010762464337805139
Arnoldi_highacc_N2000,368,14.023646975165027,25.91197398588134,14.605893728163025,14.451326206513047,31.355381834066726,-0.02959446248990416,-0.17360362176394487,0.010695732657416359
Arnoldi_highacc_N2000,369,14.016588195022855,25.853777782657968,14.604544600278803,14.451326206513047,31.355381834066726,-0.03008291455591528,-0.17545964136311115,0.010602375974095926
Arnoldi_highacc_N2000,370,14.011241999312013,25.80969251456585,14.603397056666845,14.451326206513047,31.355381834066726,-0.030452859544661922,-0.1768656286454673,0.010522968479201695
Arnoldi_highacc_N2000,371,14.006760486716802,25.77271894403562,14.602351551469047,14.451326206513047,31.355381834066726,-0.030762970362947315,-0.17804480645697965,0.010450621818220047
Arnoldi_highacc_N2000,372,14.004343664528179,25.752779320011506,14.60155603132439,14.451326206513047,31.355381834066726,-0.03093020914464016,-0.17868072995265372,0.010395573573284727
Arnoldi_highacc_N2000,373,14.001970463419353,25.733183673521356,14.600765733575162,14.451326206513047,31.355381834066726,-0.03109442944351878,-0.17930568316144735,0.010340886706630784
Arnoldi_highacc_N2000,374,14.001526685742265,25.7295192696665,14.60021348163213,14.451326206513047,31.355381834066726,-0.03112513788305894,-0.1794225499843184,0.010302672086384813
Arnoldi_highacc_N2000,375,14.001219160570143,25.726977996969318,14.599679524890492,14.451326206513047,31.355381834066726,-0.031146417948827814,-0.17950359740101487,0.010265723453850508
Arnoldi_highacc_N2000,376,14.002317469575102,25.73605599432779,14.599322455682454,14.451326206513047,31.355381834066726,-0.031070417380487988,-0.1792140778089234,0.010241015049726548
Arnoldi_highacc_N2000,377,14.004957720103086,25.7578818064125,14.59916203828705,14.451326206513047,31.355381834066726,-0.030887717848953385,-0.17851799915167046,0.01022991451866717
Arnoldi_highacc_N2000,378,14.005078696291537,25.758883784644567,14.598688937899684,14.451326206513047,31.355381834066726,-0.030879346562697512,-0.17848604360932144,0.010197177012046341
Arnoldi_highacc_N2000,379,14.005828323937218,25.765095902404546,14.598296025538552,14.451326206513047,31.355381834066726,-0.030827473977789534,-0.17828792394384094,0.010169988340534997
Arnoldi_highacc_N2000,380,14.00674046451475,25.772660356175837,14.597925627125553,14.451326206513047,31.355381834066726,-0.030764355855307315,-0.1780466749674667,0.010144357584734063
Arnoldi_highacc_N2000,381,14.006731603040155,25.77258677831843,14.597442588827512,14.451326206513047,31.355381834066726,-0.03076496904986602,-0.17804902154572866,0.010110932396544517
Arnoldi_highacc_N2000,382,14.006789277948629,25.77306603328363,14.596969446203149,14.451326206513047,31.355381834066726,-0.030760978073006887,-0.17803373692990943,0.010078191967216299
Arnoldi_highacc_N2000,383,14.007512365918892,25.779077700032737,14.596580962527604,14.451326206513047,31.355381834066726,-0.03071094197528618,-0.17784201013860704,0.010051309751010432
Arnoldi_highacc_N2000,384,14.00796682595961,25.78285950917701,14.596161047290469,14.451326206513047,31.355381834066726,-0.03067949433966966,-0.1777213989732165,0.010022252539849725
Arnoldi_highacc_N2000,385,14.009840046110721,25.79845025876205,14.595920890463454,14.451326206513047,31.355381834066726,-0.030549871623778913,-0.17722417174544594,0.01000563421544245
Arnoldi_highacc_N2000,386,14.011918691692632,25.815762962972936,14.595709509280647,14.451326206513047,31.355381834066726,-0.03040603391973665,-0.1766720271629782,0.00999100710234669
Arnoldi_highacc_N2000,387,14.015139701838423,25.842597527992407,14.595645698084397,14.451326206513047,31.355381834066726,-0.030183147099540175,-0.17581620709478452,0.009986591507865003
Arnoldi_highacc_N2000,388,14.018685143590702,25.87215391613224,14.595626894670184,14.451326206513047,31.355381834066726,-0.02993781032548823,-0.17487358141424753,0.009985290352943743
Arnoldi_highacc_N2000,389,14.0234664115029,25.91202084652673,14.59576996515821,14.451326206513047,31.355381834066726,-0.029606957098326028,-0.1736021272630761,0.009995190516152374
Arnoldi_highacc_N2000,390,14.023635849084386,25.91343776182935,14.595335153861798,14.451326206513047,31.355381834066726,-0.029595232390222145,-0.17355693836025493,0.009965102530441021
Arnoldi_highacc_N2000,391,14.025408288572885,25.928260748618513,14.595102460004208,14.451326206513047,31.355381834066726,-0.029472583474602146,-0.17308419697035235,0.009949000627109433
Arnoldi_highacc_N2000,392,14.028706914408342,25.95584946857543,14.5950653225611,14.451326206513047,31.355381834066726,-0.02924432581933099,-0.17220432505225813,0.009946430797698792
Arnoldi_highacc_N2000,393,14.03041596499893,25.970165197974904,14.594831119430665,14.451326206513047,31.355381834066726,-0.029126063276076142,-0.1717477613441447,0.0099302244560048
Arnoldi_highacc_N2000,394,14.033154746666707,25.993113393636516,14.594729360768333,14.451326206513047,31.355381834066726,-0.028936545606303918,-0.1710158871229008,0.009923182980303688
Arnoldi_highacc_N2000,395,14.037484086088512,26.029389660764863,14.59483316915616,14.451326206513047,31.355381834066726,-0.02863696483704182,-0.16985894802643814,0.00993036629250242
Arnoldi_highacc_N2000,396,14.042642852209632,26.072631862539772,14.595047615787733,14.451326206513047,31.355381834066726,-0.028279989563810833,-0.16847984819586528,0.009945205527912917
Arnoldi_highacc_N2000,397,14.048473400694654,26.121526598724916,14.595353411028382,14.451326206513047,31.355381834066726,-0.02787652842801594,-0.16692047518475364,0.009966365886227402
Arnoldi_highacc_N2000,398,14.05580628327319,26.18302025981345,14.595859435174656,14.451326206513047,31.355381834066726,-0.02736910907606528,-0.16495929156996114,0.010001381644576689
Arnoldi_highacc_N2000,399,14.060192296584082,26.21988407739397,14.59599097430897,14.451326206513047,31.355381834066726,-0.027065606598284702,-0.16378361404909392,0.010010483863461933
Arnoldi_highacc_N2000,400,14.06245987653575,26.238976726014148,14.595858159349044,14.451326206513047,31.355381834066726,-0.02690869505125693,-0.16317470267556272,0.010001293360249422
Arnoldi_highacc_N2000,401,14.066068714374513,26.269366440726927,14.595897771097688,14.451326206513047,31.355381834066726,-0.02665897140740637,-0.1622055001675658,0.01000403440616298
Arnoldi_highacc_N2000,402,14.068019059143452,26.285815643932224,14.595731667482971,14.451326206513047,31.355381834066726,-0.026524011837532394,-0.16168089474919303,0.009992540401229228
Arnoldi_highacc_N2000,403,14.071200977527397,26.312656721984585,14.595723441943884,14.451326206513047,31.355381834066726,-0.026303830081306417,-0.16082486696441262,0.009991971212009523
Arnoldi_highacc_N2000,404,14.074149907370794,26.337554125252527,14.59568913602504,14.451326206513047,31.355381834066726,-0.026099770619824752,-0.16003082773377272,0.00998959731785246
Arnoldi_highacc_N2000,405,14.07681834435736,26.360103488287326,14.59562264286041,14.451326206513047,31.355381834066726,-0.025915120647328573,-0.15931167326280726,0.009984996137055675
Arnoldi_highacc_N2000,406,14.080104103114683,26.387882221327477,14.595637187424565,14.451326206513047,31.355381834066726,-0.025687753365573992,-0.15842574136163776,0.00998600258891664
Arnoldi_highacc_N2000,407,14.08469892002871,26.426732374428195,14.595821657319977,14.451326206513047,31.355381834066726,-0.025369802137543706,-0.1571867147311756,0.009998767500093386
Arnoldi_highacc_N2000,408,14.090725871891376,26.47769281795876,14.596194262906412,14.451326206513047,31.355381834066726,-0.02495275031983931,-0.1555614612483684,0.01002455098744328
Arnoldi_highacc_N2000,409,14.097999859986508,26.539203446291843,14.596733601680073,14.451326206513047,31.355381834066726,-0.024449406336651512,-0.15359973650654904,0.010061872044760382
Arnoldi_highacc_N2000,410,14.099708237212575,26.553701030431156,14.596568325743771,14.451326206513047,31.355381834066726,-0.024331190388741056,-0.1531373730049328,0.010050435313353147
Arnoldi_highacc_N2000,411,14.098555861546766,26.543901491281105,14.59605089379712,14.451326206513047,31.355381834066726,-0.02441093225113771,-0.15344990433374617,0.010014630160299581
Arnoldi_highacc_N2000,412,14.095439679348239,26.51735920328542,14.595294284692388,14.451326206513047,31.355381834066726,-0.02462656520786402,-0.1542964029710821,0.009962274473775047
Arnoldi_highacc_N2000,413,14.09143248843295,26.483188879040057,14.594428926463179,14.451326206513047,31.355381834066726,-0.02490385400876885,-0.15538617838591176,0.00990239358693858
Arnoldi_highacc_N2000,414,14.088483072299267,26.45803120388198,14.59368993550936,14.451326206513047,31.355381834066726,-0.02510794712046914,-0.156188518325231,0.009851257037720999
Arnoldi_highacc_N2000,415,14.086993035720221,26.445320412879532,14.593128127448711,14.451326206513047,31.355381834066726,-0.025211054375661707,-0.15659389661307052,0.00981238115514659
Arnoldi_highacc_N2000,416,14.079639447644587,26.382385065544582,14.591860648315873,14.451326206513047,31.355381834066726,-0.0257199065024873,-0.1586010591368122,0.009724674385904374
Arnoldi_highacc_N2000,417,14.073255884654369,26.327732646974578,14.590704113602296,14.451326206513047,31.355381834066726,-0.026161635026153218,-0.16034405875516244,0.00964464472654652
Arnoldi_highacc_N2000,418,14.067430686239016,26.277835112346263,14.58961077070154,14.451326206513047,31.355381834066726,-0.026564725948889974,-0.16193541346716606,0.009568987801698816
Arnoldi_highacc_N2000,419,14.062954594292073,26.239487401026086,14.588676328984365,14.451326206513047,31.355381834066726,-0.026874461670233357,-0.16315841599742115,0.009504326489385862
Arnoldi_highacc_N2000,420,14.059617856822303,26.210893923886466,14.587877729368264,14.451326206513047,31.355381834066726,-0.027105356566804573,-0.1640703320854132,0.00944906515179731
Arnoldi_highacc_N2000,421,14.056567826059416,26.184741372025375,14.587112862918358,14.451326206513047,31.355381834066726,-0.02731641198962886,-0.16490440108190926,0.009396138075141806
Arnoldi_highacc_N2000,422,14.054203269150609,26.16445777262971,14.586430659007664,14.451326206513047,31.355381834066726,-0.027480034128871792,-0.16555129479549904,0.0093489310644533
Arnoldi_highacc_N2000,423,14.050286698910858,26.130812668789424,14.585559367993714,14.451326206513047,31.355381834066726,-0.027751052178273075,-0.1666243196439393,0.009288639641956859
Arnoldi_highacc_N2000,424,14.046950556554847,26.1021400789262,14.584756941653858,14.451326206513047,31.355381834066726,-0.027981905894280606,-0.16753875883064603,0.009233113503498064
Arnoldi_highacc_N2000,425,14.04474530432232,26.083182818427844,14.58409131149255,14.451326206513047,31.355381834066726,-0.028134504500181172,-0.1681433523450443,0.009187053359827117
Arnoldi_highacc_N2000,426,14.043653548882913,26.07379564885332,14.58356216808312,14.451326206513047,31.355381834066726,-0.02821005157619374,-0.16844273219709652,0.00915043779929871
Arnoldi_highacc_N2000,427,14.043411614708184,26.071714769952735,14.58313857423806,14.451326206513047,31.355381834066726,-0.02822679288915507,-0.16850909652688198,0.009121126036557587
Arnoldi_highacc_N2000,428,14.043190852204933,26.06981463447961,14.58271863191476,14.451326206513047,31.355381834066726,-0.028242069168999264,-0.168569696505641,0.009092066951093856
Arnoldi_highacc_N2000,429,14.043612103872674,26.073441901644227,14.582379531377116,14.451326206513047,31.355381834066726,-0.02821291947977902,-0.16845401406286886,0.0090686019394542
Arnoldi_highacc_N2000,430,14.044990231048278,26.08531147673813,14.58216148546247,14.451326206513047,31.355381834066726,-0.02811755610925438,-0.1680754642127437,0.00905351364156855
Arnoldi_highacc_N2000,431,14.046673698805597,26.09981908035855,14.58198381177296,14.451326206513047,31.355381834066726,-0.028001063841813886,-0.16761278116531042,0.009041219012897707
Arnoldi_highacc_N2000,432,14.048144747284999,26.11250653106324,14.581781672338769,14.451326206513047,31.355381834066726,-0.02789927052136837,-0.16720814725678934,0.009027231408486762
Arnoldi_highacc_N2000,433,14.049500178962697,26.124205829547833,14.58156710050672,14.451326206513047,31.355381834066726,-0.02780547762939923,-0.16683502794519856,0.009012383509478493
Arnoldi_highacc_N2000,434,14.050638742583816,26.134041309902635,14.581327348192735,14.451326206513047,31.355381834066726,-0.027726691530127204,-0.16652135036324942,0.008995793176483583
Arnoldi_highacc_N2000,435,14.051681311898122,26.143054373676513,14.581077427810527,14.451326206513047,31.355381834066726,-0.027654548025828198,-0.16623390166236687,0.008978499235523666
Arnoldi_highacc_N2000,436,14.052637274823052,26.151324937229454,14.58081845266651,14.451326206513047,31.355381834066726,-0.027588397493256357,-0.1659701331139018,0.008960578724954822
Arnoldi_highacc_N2000,437,14.054803615575656,26.17006892357599,14.580713148541877,14.451326206513047,31.355381834066726,-0.027438491476213613,-0.16537234143508475,0.008953291911057759
Arnoldi_highacc_N2000,438,14.055537968635148,26.176431904151997,14.58043066467645,14.451326206513047,31.355381834066726,-0.02738767585908628,-0.165169410384534,0.00893374464865502
Arnoldi_highacc_N2000,439,14.056936472783907,26.188554068011097,14.580232807424704,14.451326206513047,31.355381834066726,-0.027290902446821322,-0.1647828048594203,0.008920053361854108
Arnoldi_highacc_N2000,440,14.05723012618851,26.191102641190085,14.579898937712008,14.451326206513047,31.355381834066726,-0.027270582276865435,-0.16470152461246063,0.00889695031180009
Arnoldi_highacc_N2000,441,14.05610422501465,26.181317446870338,14.579390651186834,14.451326206513047,31.355381834066726,-0.02734849216262758,-0.16501359844946667,0.008861778001805161
Arnoldi_highacc_N2000,442,14.055944986449736,26.179933190249255,14.579002174573535,14.451326206513047,31.355381834066726,-0.027359511121208824,-0.16505774578686502,0.008834896274291182
Arnoldi_highacc_N2000,443,14.055136595482237,26.17289870860938,14.578534361631512,14.451326206513047,31.355381834066726,-0.027415449998786378,-0.16528209265264712,0.00880252464726275
Arnoldi_highacc_N2000,444,14.055588123983037,26.176828120027388,14.578223319889668,14.451326206513047,31.355381834066726,-0.027384205219286698,-0.1651567740888739,0.008781001242600861
Arnoldi_highacc_N2000,445,14.050748152092474,26.134572299785695,14.577266552986428,14.451326206513047,31.355381834066726,-0.027719120632681896,-0.1665044157940622,0.008714795076497658
Arnoldi_highacc_N2000,446,14.046707459846395,26.099282914445954,14.576403939313762,14.451326206513047,31.355381834066726,-0.02799872765201953,-0.1676298808107695,0.008655104106939626
Arnoldi_highacc_N2000,447,14.04135089379323,26.052440463433307,14.575381435871996,14.451326206513047,31.355381834066726,-0.028369390245654144,-0.16912380141618705,0.008584349116902475
Arnoldi_highacc_N2000,448,14.036354642750977,26.008725579762835,14.57439967301994,14.451326206513047,31.355381834066726,-0.02871511983274217,-0.17051797623127338,0.00851641328609865
Arnoldi_highacc_N2000,449,14.032839523754419,25.977969646186654,14.573594506915866,14.451326206513047,31.355381834066726,-0.02895835833876761,-0.17149885835667508,0.008460697561979758
Arnoldi_highacc_N2000,450,14.030188350029478,25.954766355333028,14.572893287382973,14.451326206513047,31.355381834066726,-0.02914181373151527,-0.17223886818900364,0.008412174712043911
Arnoldi_highacc_N2000,451,14.028483511981317,25.93984201789352,14.572307355146512,14.451326206513047,31.355381834066726,-0.029259784776096108,-0.172714841899625,0.00837162948954403
Arnoldi_highacc_N2000,452,14.027771203432707,25.93360516811282,14.571843824770378,14.451326206513047,31.355381834066726,-0.02930907496153872,-0.1729137503298812,0.00833955420665926
Arnoldi_highacc_N2000,453,14.027646376401943,25.932511779004148,14.571453784298065,14.451326206513047,31.355381834066726,-0.02931771271761589,-0.17294862118919518,0.008312564263539912
Arnoldi_highacc_N2000,454,14.028822008462509,25.942809548018964,14.571227142335577,14.451326206513047,31.355381834066726,-0.029236361563834877,-0.17262020008849507,0.008296881138043376
Arnoldi_highacc_N2000,455,14.030438979254058,25.956979508335866,14.571057736145452,14.451326206513047,31.355381834066726,-0.029124470740221748,-0.17216828531380376,0.008285158602152629
Arnoldi_highacc_N2000,456,14.031796835930573,25.968888487610926,14.57085775250361,14.451326206513047,31.355381834066726,-0.02903051004366622,-0.17178847876773518,0.008271320173832334
Arnoldi_highacc_N2000,457,14.033957677401055,25.987844721853115,14.570760814202819,14.451326206513047,31.355381834066726,-0.028880984564855237,-0.17118391798316215,0.008264612256551548
Arnoldi_highacc_N2000,458,14.036535419955673,26.010468443125845,14.570718960045816,14.451326206513047,31.355381834066726,-0.028702610447644068,-0.17046239204568658,0.008261716040909863
Arnoldi_highacc_N2000,459,14.037832233927945,26.02186550621996,14.570518026167854,14.451326206513047,31.355381834066726,-0.02861287377201023,-0.1700989117616821,0.008247811858339242
Arnoldi_highacc_N2000,460,14.04000329384199,26.040949801326406,14.570428994881452,14.451326206513047,31.355381834066726,-0.028462641199371627,-0.16949026680218393,0.008241651089069374
Arnoldi_highacc_N2000,461,14.043170587588488,26.06879479527367,14.570468626129063,14.451326206513047,31.355381834066726,-0.028243471435902365,-0.16860222167823607,0.008244393484268631
Arnoldi_highacc_N2000,462,14.043269493851252,26.069666335437727,14.57012497107457,14.451326206513047,31.355381834066726,-0.028236627339979926,-0.16857442612566817,0.008220613310076839
Arnoldi_highacc_N2000,463,14.044487873693877,26.080403295171866,14.56992218077378,14.451326206513047,31.355381834066726,-0.028152318133668083,-0.16823199815617448,0.008206580667128224
Arnoldi_highacc_N2000,464,14.04667883902215,26.099713910224132,14.569843529397685,14.451326206513047,31.355381834066726,-0.028000708150129994,-0.16761613529874037,0.008201138164829772
Arnoldi_highacc_N2000,465,14.046140111682972,26.094955662367873,14.569425814863395,14.451326206513047,31.355381834066726,-0.028037986897525173,-0.16776788748856983,0.008172233237467338
Arnoldi_highacc_N2000,466,14.046724839191254,26.10012061063809,14.569148370014446,14.451326206513047,31.355381834066726,-0.027997525039566467,-0.16760316462544064,0.008153034663925744
Arnoldi_highacc_N2000,467,14.04784647614678,26.11003186733052,14.568939380610455,14.451326206513047,31.355381834066726,-0.027919910228337546,-0.16728707035030535,0.008138573056665346
Arnoldi_highacc_N2000,468,14.050058022016874,26.12957537629051,14.568869161497743,14.451326206513047,31.355381834066726,-0.027766876116555032,-0.16666377993517292,0.008133714048453268
Arnoldi_highacc_N2000,469,14.047244910655904,26.104634034411607,14.56817822029182,14.451326206513047,31.355381834066726,-0.027961537237670833,-0.16745922047583972,0.00808590243614524
Arnoldi_highacc_N2000,470,14.045495191216832,26.089118833643564,14.567616436716975,14.451326206513047,31.355381834066726,-0.028082613975824008,-0.1679540382666148,0.008047028247934606
Arnoldi_highacc_N2000,471,14.044524188090092,26.08050645514076,14.567150341400673,14.451326206513047,31.355381834066726,-0.02814980525729283,-0.16822870813185137,0.008014775476829644
Arnoldi_highacc_N2000,472,14.043948685016078,26.075399679642906,14.566733480281547,14.451326206513047,31.355381834066726,-0.028189628804681486,-0.16839157572264898,0.007985929603920217
Arnoldi_highacc_N2000,473,14.043918710268644,26.07513359786206,14.566384867323965,14.451326206513047,31.355381834066726,-0.028191702991299795,-0.16840006172298716,0.007961806353735388
Arnoldi_highacc_N2000,474,14.043805614970939,26.07412896429262,14.566026848694884,14.451326206513047,31.355381834066726,-0.028199528937243337,-0.168432101950555,0.007937032251762696
Arnoldi_highacc_N2000,475,14.04263617252879,26.06372816625367,14.565539034589762,14.451326206513047,31.355381834066726,-0.0282804517830388,-0.16876380889942869,0.007903276588223478
Arnoldi_highacc_N2000,476,14.042217876974513,26.06000695942841,14.565144268216384,14.451326206513047,31.355381834066726,-0.028309396915706792,-0.1688824873082886,0.00787595962314111
Arnoldi_highacc_N2000,477,14.04211540914641,26.059094952637707,14.56478936536748,14.451326206513047,31.355381834066726,-0.028316487464120074,-0.1689115734407914,0.007851401126306076
Arnoldi_highacc_N2000,478,14.043136058123196,26.068179542541465,14.564575437368928,14.451326206513047,31.355381834066726,-0.028245860798982194,-0.16862184359626797,0.007836597779160334
Arnoldi_highacc_N2000,479,14.044886479863699,26.08376348850847,14.56445470989145,14.451326206513047,31.355381834066726,-0.028124735463114097,-0.16812483335255682,0.007828243703157002
Arnoldi_highacc_N2000,480,14.047416160460871,26.106289790615207,14.56443438451865,14.451326206513047,31.355381834066726,-0.027949687127686425,-0.16740641435112522,0.007826837232047742
Arnoldi_highacc_N2000,481,14.049563601161665,26.1254287660836,14.564367980731458,14.451326206513047,31.355381834066726,-0.027801088952674212,-0.16679602550082584,0.007822242235973088
Arnoldi_highacc_N2000,482,14.050995013713731,26.13819949071879,14.564213439782641,14.451326206513047,31.355381834066726,-0.027702038351254638,-0.16638873578250024,0.007811548342097316
Arnoldi_highacc_N2000,483,14.05296934882402,26.15581997285327,14.564128958672411,14.451326206513047,31.355381834066726,-0.027565418702505808,-0.16582677540747667,0.00780570243501427
Arnoldi_highacc_N2000,484,14.054483213054803,26.1693430030826,14.56398846391899,14.451326206513047,31.355381834066726,-0.027460662626201778,-0.16539549281934257,0.007795980506977163
Arnoldi_highacc_N2000,485,14.055892929322958,26.1819444792566,14.563836605564896,14.451326206513047,31.355381834066726,-0.027363113359926174,-0.16499360084938702,0.007785472242758075
Arnoldi_highacc_N2000,486,14.057554801529621,26.19680734409604,14.563718106191265,14.451326206513047,31.355381834066726,-0.027248115457109902,-0.16451958765069294,0.007777272346642136
Arnoldi_highacc_N2000,487,14.059440269117669,26.213678508458923,14.563629556488339,14.451326206513047,31.355381834066726,-0.027117645245511038,-0.16398152485649178,0.0077711449018899245
Arnoldi_highacc_N2000,488,14.06168858940951,26.233805068865877,14.563588713822174,14.451326206513047,31.355381834066726,-0.02696206642459787,-0.16333963950126107,0.0077683186791902906
Arnoldi_highacc_N2000,489,14.06372276607984,26.252028410539864,14.56352290712365,14.451326206513047,31.355381834066726,-0.02682130587146516,-0.1627584524575049,0.00776376500033869
Arnoldi_highacc_N2000,490,14.0664502561205,26.276468502765557,14.563546795859446,14.451326206513047,31.355381834066726,-0.026632569557462963,-0.16197899799718196,0.00776541804833271
Arnoldi_highacc_N2000,491,14.0683182198652,26.293225528971398,14.563464321603883,14.451326206513047,31.355381834066726,-0.02650331057333892,-0.16144457534863887,0.007759711011180199
Arnoldi_highacc_N2000,492,14.07118042223962,26.318902971974264,14.563509470766974,14.451326206513047,31.355381834066726,-0.02630525246202663,-0.16062565873844573,0.007762835233998621
Arnoldi_highacc_N2000,493,14.074609600262418,26.349675844396987,14.563629168528351,14.451326206513047,31.355381834066726,-0.026067960882430748,-0.1596442363916992,0.007771118055911766
Arnoldi_highacc_N2000,494,14.074143490440337,26.345481133297714,14.563262441191014,14.451326206513047,31.355381834066726,-0.02610021465730377,-0.15977801601273753,0.007745741330475219
Arnoldi_highacc_N2000,495,14.074287502893238,26.346777537729402,14.56297184517573,14.451326206513047,31.355381834066726,-0.026090249312196785,-0.15973667049704426,0.007725632725138095
Arnoldi_highacc_N2000,496,14.07510676596544,26.35415439649651,14.562766219285761,14.451326206513047,31.355381834066726,-0.02603355810887782,-0.15950140438527602,0.007711403865652808
Arnoldi_highacc_N2000,497,14.075019692326302,26.35336947609384,14.562449085874295,14.451326206513047,31.355381834066726,-0.026039583413261222,-0.15952643742128964,0.0076894589308465575
Arnoldi_highacc_N2000,498,14.075623543164978,26.358814147156213,14.562218581867894,14.451326206513047,31.355381834066726,-0.02599779826288494,-0.1593527935125282,0.007673508560402539
Arnoldi_highacc_N2000,499,14.076238773785189,26.364364837199847,14.561990618476198,14.451326206513047,31.355381834066726,-0.025955225656646663,-0.15917576839852995,0.00765773399491019
Arnoldi_highacc_N2000,500,14.075881579718247,26.36113843309914,14.56164303178232,14.451326206513047,31.355381834066726,-0.025979942700732235,-0.15927866633540672,0.007633681759917234
Arnoldi_highacc_N2000,501,14.076066668499358,26.362810803759455,14.56136324826292,14.451326206513047,31.355381834066726,-0.025967134964025886,-0.15922533033493425,0.007614321355522417
Arnoldi_highacc_N2000,502,14.077176610990806,26.372840626041913,14.561199671679066,14.451326206513047,31.355381834066726,-0.025890329383999065,-0.15890545471244824,0.007603002215568361
Arnoldi_highacc_N2000,503,14.076561986071708,26.36727783342883,14.560823124513922,14.451326206513047,31.355381834066726,-0.025932860077052092,-0.15908286580705785,0.007576945979637935
Arnoldi_highacc_N2000,504,14.073901788215263,26.34315957432854,14.560196504309376,14.451326206513047,31.355381834066726,-0.02611693991985889,-0.15985205621998044,0.007533585239205437
Arnoldi_highacc_N2000,505,14.071912285321062,26.325117390297084,14.559650840857598,14.451326206513047,31.355381834066726,-0.026254609145905723,-0.16042746570237595,0.007495826528068474
Arnoldi_highacc_N2000,506,14.069594433662989,26.30408084484708,14.559064758523201,14.451326206513047,31.355381834066726,-0.026414999384486656,-0.16109837271162022,0.0074552709191214464
Arnoldi_highacc_N2000,507,14.06745056709408,26.284613215055188,14.558499345434269,14.451326206513047,31.355381834066726,-0.02656335023743073,-0.16171924315405062,0.00741614557651607
Arnoldi_highacc_N2000,508,14.065297291327552,26.26504803584736,14.557932339289186,14.451326206513047,31.355381834066726,-0.026712352186162414,-0.162343224686515,0.007376909997927627
Arnoldi_highacc_N2000,509,14.063207048116025,26.24604459078211,14.557372580179983,14.451326206513047,31.355381834066726,-0.026856992420674894,-0.16294929113998122,0.007338175898288332
Arnoldi_highacc_N2000,510,14.059434929074925,26.211698591333274,14.556608313264885,14.451326206513047,31.355381834066726,-0.027118014764728006,-0.16404466926774872,0.007285290308123342
Arnoldi_highacc_N2000,511,14.056516591629897,26.185122204287286,14.555945950181181,14.451326206513047,31.355381834066726,-0.02731995729950467,-0.1648922554073987,0.007239456239039413
Arnoldi_highacc_N2000,512,14.054687847675957,26.16846807252389,14.555415541632113,14.451326206513047,31.355381834066726,-0.027446502360339003,-0.16542339649990812,0.007202753133629698
Arnoldi_highacc_N2000,513,14.052877569784616,26.15197224658139,14.554887142765159,14.451326206513047,31.355381834066726,-0.027571769610241992,-0.16594948883167418,0.007166189093803615
Arnoldi_highacc_N2000,514,14.050481342213638,26.130116792855443,14.554286901080724,14.451326206513047,31.355381834066726,-0.027737583289674277,-0.16664651283353796,0.007124653688965538
Arnoldi_highacc_N2000,515,14.049139641992623,26.117879137071363,14.553815203586698,14.451326206513047,31.355381834066726,-0.02783042599503171,-0.16703680167928833,0.007092013259479308
Arnoldi_highacc_N2000,516,14.048549497610397,26.112495453709485,14.553436225710016,14.451326206513047,31.355381834066726,-0.027871262688757444,-0.16720850054075867,0.0070657888236547615
Arnoldi_highacc_N2000,517,14.048795712335533,26.114741858392268,14.553161514969355,14.451326206513047,31.355381834066726,-0.027854225171119434,-0.16713685718796295,0.007046779444395411
Arnoldi_highacc_N2000,518,14.049238280890922,26.118781711209,14.552912175148544,14.451326206513047,31.355381834066726,-0.02782360040014239,-0.1670080163772176,0.007029525677007661
Arnoldi_highacc_N2000,519,14.050075042953036,26.12642264483816,14.552713091945298,14.451326206513047,31.355381834066726,-0.02776569830519575,-0.16676432827067186,0.007015749557058494
Arnoldi_highacc_N2000,520,14.050850937277739,26.13351225137694,14.552507585151986,14.451326206513047,31.355381834066726,-0.027712008123850832,-0.16653822333671522,0.007001528938799955
Arnoldi_highacc_N2000,521,14.05212948186667,26.145198211240217,14.552366257154615,14.451326206513047,31.355381834066726,-0.027623535649376123,-0.16616552942646018,0.006991749352113505
Arnoldi_highacc_N2000,522,14.053259656156063,26.15553512369438,14.552207710390977,14.451326206513047,31.355381834066726,-0.02754533007341424,-0.16583585994551214,0.006980778264659515
Arnoldi_highacc_N2000,523,14.054669240289364,26.168433091762825,14.552085593353402,14.451326206513047,31.355381834066726,-0.02744778995058002,-0.16542451212214004,0.00697232803415262
Arnoldi_highacc_N2000,524,14.056247871595891,26.1828849526202,14.551986217842146,14.451326206513047,31.355381834066726,-0.027338552135035044,-0.16496360684808364,0.006965451467266212
Arnoldi_highacc_N2000,525,14.055320928443289,26.17438150361885,14.551576179361094,14.451326206513047,31.355381834066726,-0.02740269456316632,-0.1652348026844587,0.006937077705910877
Arnoldi_highacc_N2000,526,14.055286921892545,26.174069516291812,14.55127688505301,14.451326206513047,31.355381834066726,-0.027405047741709068,-0.16524475272521053,0.006916367197836619
Arnoldi_highacc_N2000,527,14.055956260478192,26.18021131791601,14.55106593157608,14.451326206513047,31.355381834066726,-0.027358730983227397,-0.16504887561369258,0.006901769681047103
Arnoldi_highacc_N2000,528,14.05663611285697,26.18645322735813,14.550857359661551,14.451326206513047,31.355381834066726,-0.02731168669337732,-0.16484980581842903,0.006887336963139536
Arnoldi_highacc_N2000,529,14.057489815838489,26.194295093965085,14.55067159973043,14.451326206513047,31.355381834066726,-0.0272526123240551,-0.16459970946659844,0.006874482784328108
Arnoldi_highacc_N2000,530,14.055605478997446,26.176948259162987,14.550148231332672,14.451326206513047,31.355381834066726,-0.027383004290447318,-0.1651529425572971,0.00683826684191017
Arnoldi_highacc_N2000,531,14.05464796076797,26.168133028794813,14.549738376272504,14.451326206513047,31.355381834066726,-0.027449262446674196,-0.16543408186584785,0.006809905772876716
Arnoldi_highacc_N2000,532,14.054333379182584,26.16523627694206,14.549408195934594,14.451326206513047,31.355381834066726,-0.027471030800726284,-0.165526466384336,0.006787058019446233
Arnoldi_highacc_N2000,533,14.053565052764792,26.15815529988734,14.549022420386033,14.451326206513047,31.355381834066726,-0.02752419729955219,-0.16575229610288936,0.006760363199673358
Arnoldi_highacc_N2000,534,14.053121700974884,26.154067716686512,14.548677126623282,14.451326206513047,31.355381834066726,-0.027554876268635887,-0.1658826591526031,0.0067364696304731304
Arnoldi_highacc_N2000,535,14.053479577098665,26.157367583724444,14.548431853276004,14.451326206513047,31.355381834066726,-0.027530112027716633,-0.1657774183025508,0.0067194972541130904
Arnoldi_highacc_N2000,536,14.053293115188872,26.155646715867643,14.548119755183276,14.451326206513047,31.355381834066726,-0.027543014781908792,-0.1658323009975187,0.006697900752292576
Arnoldi_highacc_N2000,537,14.054016698047981,26.162324915813343,14.547921630830222,14.451326206513047,31.355381834066726,-0.02749294443896801,-0.1656193168284519,0.006684190982668523
Arnoldi_highacc_N2000,538,14.055187378147338,26.173132814259652,14.547780596156564,14.451326206513047,31.355381834066726,-0.02741193595001501,-0.16527462644950822,0.006674431693338025
Arnoldi_highacc_N2000,539,14.056718370700082,26.18727215965538,14.547686153627891,14.451326206513047,31.355381834066726,-0.027305994631490575,-0.16482368805971115,0.006667896478000513
Arnoldi_highacc_N2000,540,14.058790228460868,26.206411111847075,14.547661451676158,14.451326206513047,31.355381834066726,-0.027162626629746063,-0.16421329995176273,0.006666187157251616
Arnoldi_highacc_N2000,541,14.059332187791501,26.211425147763414,14.547446167525925,14.451326206513047,31.355381834066726,-0.02712512423564824,-0.16405339005358724,0.006651289967391218
Arnoldi_highacc_N2000,542,14.060707645653288,26.224151195352633,14.547336264704413,14.451326206513047,31.355381834066726,-0.02702994557577084,-0.16364752519579137,0.006643684933781058
Arnoldi_highacc_N2000,543,14.06279732143836,26.243487692110744,14.547317824166456,14.451326206513047,31.355381834066726,-0.026885344605921423,-0.16303083690730424,0.006642408889098822
Arnoldi_highacc_N2000,544,14.06460584244514,26.26023510331934,14.547265544201988,14.451326206513047,31.355381834066726,-0.026760198928567295,-0.16249672090459624,0.006638791230503294
Arnoldi_highacc_N2000,545,14.066195451669174,26.274965754175604,14.547187216028364,14.451326206513047,31.355381834066726,-0.02665020146526752,-0.16202692433397178,0.006633371093105224
Arnoldi_highacc_N2000,546,14.067427334729194,26.286390478174816,14.547065345728486,14.451326206513047,31.355381834066726,-0.026564957866000816,-0.16166256187588812,0.006624937936304466
Arnoldi_highacc_N2000,547,14.069192784487045,26.30276738302189,14.547011886798519,14.451326206513047,31.355381834066726,-0.026442792624373684,-0.1611402622294114,0.006621238695888516
Arnoldi_highacc_N2000,548,14.070890295114978,26.318523662284374,14.546951376249055,14.451326206513047,31.355381834066726,-0.02632532862116214,-0.16063775585440168,0.006617051498907503
Arnoldi_highacc_N2000,549,14.07338445053239,26.341675609390585,14.546993131378786,14.451326206513047,31.355381834066726,-0.026152738550066203,-0.15989938350005653,0.0066199408620797135
Arnoldi_highacc_N2000,550,14.074749246178571,26.354360629565424,14.546894086815636,14.451326206513047,31.355381834066726,-0.026058297692066225,-0.15949482710709126,0.006613087196074618
Arnoldi_highacc_N2000,551,14.076973275765903,26.375032021098384,14.546904730390532,14.451326206513047,31.355381834066726,-0.025904399734498196,-0.1588355657515015,0.006613823708055871
Arnoldi_highacc_N2000,552,14.077420912852505,26.379199645612662,14.546693965065947,14.451326206513047,31.355381834066726,-0.0258734242323052,-0.15870264998806632,0.006599239210994966
Arnoldi_highacc_N2000,553,14.077386411114464,26.378878148480457,14.54642410219595,14.451326206513047,31.355381834066726,-0.025875811676720175,-0.1587129033198199,0.0065805652937267044
Arnoldi_highacc_N2000,554,14.077282417642046,26.377908521255765,14.546146221711117,14.451326206513047,31.355381834066726,-0.02588300779636568,-0.1587438271092294,0.006561336575139825
Arnoldi_highacc_N2000,555,14.077075927562722,26.375982021708772,14.545856202183304,14.451326206513047,31.355381834066726,-0.02589729645585426,-0.1588052679029403,0.006541267861468203
Arnoldi_highacc_N2000,556,14.077129816904199,26.376484996391753,14.54559898571451,14.451326206513047,31.355381834066726,-0.02589356743190821,-0.1587892268071679,0.006523469047358085
Arnoldi_highacc_N2000,557,14.07646907476627,26.370311820387357,14.545253952607238,14.451326206513047,31.355381834066726,-0.02593928933510835,-0.1589861045245902,0.006499593514943942
Arnoldi_highacc_N2000,558,14.07654778198748,26.37104724162617,14.545000736983635,14.451326206513047,31.355381834066726,-0.02593384296845071,-0.15896265013826816,0.00648207155052457
Arnoldi_highacc_N2000,559,14.077273565991737,26.377829815458096,14.544828769657475,14.451326206513047,31.355381834066726,-0.025883620311105315,-0.1587463372300784,0.00647017178965121
Arnoldi_highacc_N2000,560,14.076993720852329,26.375211515913552,14.544532703089859,14.451326206513047,31.355381834066726,-0.02590298497946925,-0.15882984122178226,0.006449684634120633
Arnoldi_highacc_N2000,561,14.075976653136573,26.365685988626804,14.544146120737071,14.451326206513047,31.355381834066726,-0.025973363829217815,-0.1591336336404859,0.006422933985269258
Arnoldi_highacc_N2000,562,14.075314393817566,26.35948138354181,14.543803340751413,14.451326206513047,31.355381834066726,-0.026019190718012897,-0.15933151370834256,0.006399214363916885
Arnoldi_highacc_N2000,563,14.074318698444499,26.35014579136891,14.543419740130814,14.451326206513047,31.355381834066726,-0.026088090648637843,-0.15962924863060576,0.006372670044377074
Arnoldi_highacc_N2000,564,14.07407635379135,26.347873378443374,14.543129246465556,14.451326206513047,31.355381834066726,-0.026104860365803284,-0.1597017214500267,0.006352568521436794
Arnoldi_highacc_N2000,565,14.074408304104024,26.3509865976305,14.542910553122018,14.451326206513047,31.355381834066726,-0.02608189013401069,-0.15960243325753715,0.0063374354228953635
Arnoldi_highacc_N2000,566,14.07364877522511,26.34385451629497,14.542557371590444,14.451326206513047,31.355381834066726,-0.02613444786248907,-0.1598298928168967,0.006312996037435011
Arnoldi_highacc_N2000,567,14.072962250373115,26.337404695682274,14.54221340796606,14.451326206513047,31.355381834066726,-0.026181953872815328,-0.16003559340912135,0.0062891945108851715
Arnoldi_highacc_N2000,568,14.070452961932814,26.31379117512231,14.54164654143996,14.451326206513047,31.355381834066726,-0.02635559111582282,-0.1607886864725363,0.00624996859362338
Arnoldi_highacc_N2000,569,14.06727738241609,26.28387935212901,14.540998262653806,14.451326206513047,31.355381834066726,-0.02657533423637407,-0.16174264784196232,0.006205109126963422
Arnoldi_highacc_N2000,570,14.064343522580513,26.25623307816281,14.540378177511064,14.451326206513047,31.355381834066726,-0.026778350886448386,-0.16262435529851643,0.0061622005984393905
Arnoldi_highacc_N2000,571,14.061263531664215,26.227191336011312,14.539739495827195,14.451326206513047,31.355381834066726,-0.02699147948601663,-0.16355056765673895,0.0061180052301567905
Arnoldi_highacc_N2000,572,14.057160785137892,26.188461563209355,14.538976623868395,14.451326206513047,31.355381834066726,-0.027275380525111154,-0.16478575506433987,0.006065216167900595
Arnoldi_highacc_N2000,573,14.053944452416353,26.158098514533325,14.538318960946924,14.451326206513047,31.355381834066726,-0.02749794367783341,-0.16575410712704833,0.006019707339709135
Arnoldi_highacc_N2000,574,14.050265420268701,26.12333901548112,14.537604419620761,14.451326206513047,31.355381834066726,-0.02775252461352591,-0.1668626727709354,0.0059702626509690205
Arnoldi_highacc_N2000,575,14.047341298423802,26.09570910139289,14.536979799288662,14.451326206513047,31.355381834066726,-0.027954867416055754,-0.16774385847087184,0.005927040297312839
Arnoldi_highacc_N2000,576,14.045171194754285,26.075202000326197,14.53644599961071,14.451326206513047,31.355381834066726,-0.028105033818675528,-0.16839788020070498,0.0058901025332401885
Arnoldi_highacc_N2000,577,14.043205907708469,26.056622607009057,14.535936727938564,14.451326206513047,31.355381834066726,-0.02824102736125648,-0.1689904226042854,0.005854862053240796
Arnoldi_highacc_N2000,578,14.04170953053722,26.042472599105587,14.535484523587286,14.451326206513047,31.355381834066726,-0.028344573371488678,-0.16944170104759546,0.005823570506374016
Arnoldi_highacc_N2000,579,14.039889585239607,26.025250118378278,14.534992506978327,14.451326206513047,31.355381834066726,-0.02847050958465045,-0.16999096818197293,0.005789524038809171
Arnoldi_highacc_N2000,580,14.038206640978679,26.00931684397702,14.534516970363585,14.451326206513047,31.355381834066726,-0.028586965627291672,-0.1704991193658933,0.005756617950610329
Arnoldi_highacc_N2000,581,14.036892079468425,25.99686737505946,14.534086437912286,14.451326206513047,31.355381834066726,-0.0286779303935331,-0.17089616345176808,0.005726826051573082
Arnoldi_highacc_N2000,582,14.034829970300079,25.97731872207424,14.533564202441726,14.451326206513047,31.355381834066726,-0.028820623814114568,-0.1715196179224765,0.005690688505226287
Arnoldi_highacc_N2000,583,14.033406726442244,25.963824562137948,14.533119842917863,14.451326206513047,31.355381834066726,-0.028919109159853483,-0.171949979766185,0.005659939803168566
Arnoldi_highacc_N2000,584,14.032578257102177,25.955968358306002,14.532748687571518,14.451326206513047,31.355381834066726,-0.028976437416667323,-0.1722005333672708,0.005634256669244307
Arnoldi_highacc_N2000,585,14.032270116591688,25.953045738376463,14.53244218384819,14.451326206513047,31.355381834066726,-0.02899776006249827,-0.17229374288214788,0.005613047285486162
Arnoldi_highacc_N2000,586,14.032450581635452,25.954757763266144,14.532196936855051,14.451326206513047,31.355381834066726,-0.028985272278250315,-0.17223914221108155,0.0055960767327746805
Arnoldi_highacc_N2000,587,14.032894327272064,25.958968972361674,14.531985247967278,14.451326206513047,31.355381834066726,-0.02895456605584059,-0.17210483642849483,0.005581428327171721
Arnoldi_highacc_N2000,588,14.034114101075929,25.970544932342904,14.531871758492803,14.451326206513047,31.355381834066726,-0.0288701603904758,-0.17173565068416266,0.0055735751050623936
Arnoldi_highacc_N2000,589,14.035998876847607,25.98843326441136,14.531843465072022,14.451326206513047,31.355381834066726,-0.02873973805104864,-0.1711651479180627,0.0055716172625518146
Arnoldi_highacc_N2000,590,14.038532309033814,26.01247978541099,14.53189912082306,14.451326206513047,31.355381834066726,-0.02856443011390826,-0.17039824540904897,0.005575468518155752
Arnoldi_highacc_N2000,591,14.041800991951574,26.043505158160315,14.532050661713898,14.451326206513047,31.355381834066726,-0.028338244442707595,-0.16940877020783748,0.005585954814615538
Arnoldi_highacc_N2000,592,14.045547890637733,26.079075935590147,14.532265844163147,14.451326206513047,31.355381834066726,-0.028078967291765483,-0.16827433090749427,0.0056008449669914745
Arnoldi_highacc_N2000,593,14.045178117154162,26.075553693969624,14.531962459257938,14.451326206513047,31.355381834066726,-0.028104554803824053,-0.16838666382817638,0.005579851398589979
Arnoldi_highacc_N2000,594,14.04551386997248,26.078752068344414,14.531747231206518,14.451326206513047,31.355381834066726,-0.02808132144700132,-0.16828465982797902,0.005564958090644077
Arnoldi_highacc_N2000,595,14.045473943073885,26.078371430991208,14.53148590884035,14.451326206513047,31.355381834066726,-0.028084084300598552,-0.16829679928637314,0.005546875157463189
Arnoldi_highacc_N2000,596,14.046034913448963,26.083720020503307,14.531300074925847,14.451326206513047,31.355381834066726,-0.028045266384023854,-0.16812621965381105,0.005534015859164323
Arnoldi_highacc_N2000,597,14.046854468703085,26.091536814155294,14.531147439972074,14.451326206513047,31.355381834066726,-0.02798855496235846,-0.1678769229399852,0.005523453855954938
Arnoldi_highacc_N2000,598,14.04839535561139,26.106233950056495,14.531086505146616,14.451326206513047,31.355381834066726,-0.027881928976183513,-0.16740819524344563,0.005519237300007985
Arnoldi_highacc_N2000,599,14.050558925173302,26.126872029669617,14.53110569286742,14.451326206513047,31.355381834066726,-0.027732214719443763,-0.1667499962866497,0.005520565048100446
Arnoldi_highacc_N2000,600,14.050955258995062,26.13065919639697,14.530903817749234,14.451326206513047,31.355381834066726,-0.027704789290379596,-0.16662921425479962,0.00550659573377582
Arnoldi_highacc_N2000,601,14.05183586507817,26.139075427431933,14.530763269826611,14.451326206513047,31.355381834066726,-0.027643853285578123,-0.166360800013203,0.0054968701265468095
Arnoldi_highacc_N2000,602,14.05283151644212,26.14859536130552,14.530638099405431,14.451326206513047,31.355381834066726,-0.02757495640028727,-0.16605718598215827,0.005488208608607814
Arnoldi_highacc_N2000,603,14.054270015959014,26.162352488174605,14.53056964674805,14.451326206513047,31.355381834066726,-0.02747541539648337,-0.16561843747825272,0.005483471835220899
Arnoldi_highacc_N2000,604,14.056064061361234,26.17951445880126,14.530547291935122,14.451326206513047,31.355381834066726,-0.02735127139913795,-0.16507110015933638,0.005481924931316763
Arnoldi_highacc_N2000,605,14.058353648860596,26.20142037790356,14.53058913685691,14.451326206513047,31.355381834066726,-0.02719283697819668,-0.1643724666928959,0.005484820507901982
Arnoldi_highacc_N2000,606,14.058737075939804,26.20509563270744,14.530392404264719,14.451326206513047,31.355381834066726,-0.027166304667339575,-0.16425525380665743,0.005471207045069523
Arnoldi_highacc_N2000,607,14.05853008347572,26.203109740642635,14.530122906491599,14.451326206513047,31.355381834066726,-0.02718062809074907,-0.16431858877337271,0.00545255839170244
Arnoldi_highacc_N2000,608,14.05898296390395,26.207454981346338,14.529935962809692,14.451326206513047,31.355381834066726,-0.027149289760843624,-0.16418000839419897,0.005439622299939261
Arnoldi_highacc_N2000,609,14.060054202674163,26.217734050886865,14.52982718617113,14.451326206513047,31.355381834066726,-0.027075162393230174,-0.16385218366557905,0.005432095195713123
Arnoldi_highacc_N2000,610,14.060580842513918,26.22279190997442,14.529651174563465,14.451326206513047,31.355381834066726,-0.0270387200742188,-0.1636908761390332,0.005419915579451705
Arnoldi_highacc_N2000,611,14.061826769210228,26.234757946510868,14.529566102218725,14.451326206513047,31.355381834066726,-0.026952504686197986,-0.1633092498970128,0.005414028760240472
Arnoldi_highacc_N2000,612,14.063439957104539,26.25025507517231,14.529528391678967,14.451326206513047,31.355381834066726,-0.026840875630756447,-0.16281500847002423,0.005411419273801742
Arnoldi_highacc_N2000,613,14.06544593986357,26.269529973273137,14.529541604272557,14.451326206513047,31.355381834066726,-0.026702066034296857,-0.16220028471373793,0.005412333556228218
Arnoldi_highacc_N2000,614,14.068000698739482,26.294080561040463,14.529625972895596,14.451326206513047,31.355381834066726,-0.026525282337118948,-0.16141730627969275,0.005418171679444961
Arnoldi_highacc_N2000,615,14.07043226110774,26.317461175665038,14.529696244226344,14.451326206513047,31.355381834066726,-0.02635702356740393,-0.16067164115756777,0.005423034301030206
Arnoldi_highacc_N2000,616,14.072964885815972,26.341824038137148,14.529780933084945,14.451326206513047,31.355381834066726,-0.026181771505964006,-0.1598946497434291,0.005428894583843786
Arnoldi_highacc_N2000,617,14.075756092812188,26.36868276625696,14.52990019926207,14.451326206513047,31.355381834066726,-0.025988626118729027,-0.15903805905472534,0.005437147541075544
Arnoldi_highacc_N2000,618,14.078319380327684,26.393364859687622,14.52999205756685,14.451326206513047,31.355381834066726,-0.025811252258443395,-0.15825088658266678,0.005443503933801626
Arnoldi_highacc_N2000,619,14.078121304984183,26.391452882111135,14.529738550686632,14.451326206513047,31.355381834066726,-0.025824958636714204,-0.15831186423513505,0.0054259618150648515
Arnoldi_highacc_N2000,620,14.078039568244543,26.39066356064303,14.529499855615777,14.451326206513047,31.355381834066726,-0.025830614639386327,-0.15833703763191526,0.005409444640969928
Arnoldi_highacc_N2000,621,14.07709053069172,26.381488820921252,14.529154457995986,14.451326206513047,31.355381834066726,-0.02589628595143488,-0.15862964257515377,0.005385543885090857
Arnoldi_highacc_N2000,622,14.07503532159119,26.361595717632134,14.52867372407715,14.451326206513047,31.355381834066726,-0.026038501902494307,-0.15926408241053489,0.005352278154875748
Arnoldi_highacc_N2000,623,14.073055503484362,26.34242364264896,14.528201693131336,14.451326206513047,31.355381834066726,-0.026175500962548507,-0.15987552688551,0.0053196146512589975
Arnoldi_highacc_N2000,624,14.071264369943995,26.325072170984804,14.527752234098633,14.451326206513047,31.355381834066726,-0.026299443465455943,-0.1604289078571078,0.005288513074401606
Arnoldi_highacc_N2000,625,14.069916668870581,26.312013707061116,14.527356677621148,14.451326206513047,31.355381834066726,-0.02639270141660552,-0.16084537428678783,0.0052611414358521074
Arnoldi_highacc_N2000,626,14.069253881608413,26.305591424785828,14.527045237852823,14.451326206513047,31.355381834066726,-0.02643856483790659,-0.16105019661391734,0.005239590488632851
Arnoldi_highacc_N2000,627,14.068728457324672,26.300498100418903,14.526750939111935,14.451326206513047,31.355381834066726,-0.02647492304311432,-0.1612126352151718,0.005219225662824987
Arnoldi_highacc_N2000,628,14.068569082471045,26.29895278274412,14.526502202733992,14.451326206513047,31.355381834066726,-0.026485951432574897,-0.16126191918444255,0.00520201365235701
Arnoldi_highacc_N2000,629,14.068223451220327,26.295599402873783,14.526230781944058,14.451326206513047,31.355381834066726,-0.026509868355200507,-0.16136886668991648,0.005183231930454434
Arnoldi_highacc_N2000,630,14.068352328237589,26.29685000001843,14.526018571080957,14.451326206513047,31.355381834066726,-0.02650095034896213,-0.1613289820809117,0.005168547405306493
Arnoldi_highacc_N2000,631,14.068368378729433,26.29700584026674,14.525792855417341,14.451326206513047,31.355381834066726,-0.026499839690216024,-0.16132401195332302,0.0051529283776553065
Arnoldi_highacc_N2000,632,14.067566699548264,26.28921377635955,14.525466402991054,14.451326206513047,31.355381834066726,-0.02655531412693643,-0.16157251997495786,0.0051303385875126764
Arnoldi_highacc_N2000,633,14.066637097493432,26.280173081658365,14.525124296158742,14.451326206513047,31.355381834066726,-0.026619640545255948,-0.16186084989385432,0.005106665546891841
Arnoldi_highacc_N2000,634,14.063395160785246,26.24858014042429,14.52450063177093,14.451326206513047,31.355381834066726,-0.026843975437559786,-0.1628684262455398,0.005063509342478547
Arnoldi_highacc_N2000,635,14.060894597776871,26.22421161543557,14.523965562109462,14.451326206513047,31.355381834066726,-0.027017008899862256,-0.16364559825121586,0.005026483698338868
Arnoldi_highacc_N2000,636,14.057708825071796,26.193136334353404,14.523346927602939,14.451326206513047,31.355381834066726,-0.027237457366636155,-0.1646366651515208,0.0049836755506517515
Arnoldi_highacc_N2000,637,14.055124227028497,26.167922569162133,14.52279998433078,14.451326206513047,31.355381834066726,-0.027416305868591236,-0.16544079393951333,0.004945828278758291
Arnoldi_highacc_N2000,638,14.053135415741236,26.1485190450287,14.522324788930192,14.451326206513047,31.355381834066726,-0.027553927236958382,-0.16605961989532908,0.004912945801828681
Arnoldi_highacc_N2000,639,14.050894430232832,26.12664078142587,14.521818434598897,14.451326206513047,31.355381834066726,-0.0277089985069844,-0.16675737136008909,0.004877907195401927
Arnoldi_highacc_N2000,640,14.048742794350492,26.105625748675827,14.521322409106135,14.451326206513047,31.355381834066726,-0.027857886979335843,-0.16742759227658932,0.004843583321892091
Arnoldi_highacc_N2000,641,14.046441199867385,26.08313278460641,14.520807620293622,14.451326206513047,31.355381834066726,-0.028017152257153045,-0.16814494804627667,0.004807961067909548
Arnoldi_highacc_N2000,642,14.044136784370997,26.06060116945074,14.520291912594544,14.451326206513047,31.355381834066726,-0.028176612742886836,-0.16886353649386457,0.004772275228997018
Arnoldi_highacc_N2000,643,14.04176673899537,26.037415491712967,14.519767646041803,14.451326206513047,31.355381834066726,-0.028340614671966382,-0.16960298460074696,0.004735997136228971
Arnoldi_highacc_N2000,644,14.039976848131195,26.01990364002261,14.519313533617487,14.451326206513047,31.355381834066726,-0.0284644711844136,-0.17016148048458057,0.00470457355490314
Arnoldi_highacc_N2000,645,14.038662679113923,26.007044057487395,14.518917412812698,14.451326206513047,31.355381834066726,-0.028555408791003625,-0.17057160409918898,0.004677162866145028
Arnoldi_highacc_N2000,646,14.037331792797781,25.994014407233596,14.518519124117327,14.451326206513047,31.355381834066726,-0.028647503197919845,-0.1709871515902944,0.004649602164125106
Arnoldi_highacc_N2000,647,14.036304631575844,25.983955526429003,14.518158093518702,14.451326206513047,31.355381834066726,-0.028718580496104058,-0.1713079539602934,0.0046246196404821915
Arnoldi_highacc_N2000,648,14.035339497640823,25.974499902519405,14.51780472687343,14.451326206513047,31.355381834066726,-0.02878536564241024,-0.1716095169889192,0.00460016744556102
Arnoldi_highacc_N2000,649,14.03483125174104,25.96951970454404,14.517507887442841,14.451326206513047,31.355381834066726,-0.02882053514121755,-0.1717683477121972,0.0045796268096119285
Arnoldi_highacc_N2000,650,14.03429313834179,25.964244184613815,14.517207592440402,14.451326206513047,31.355381834066726,-0.02885777140531954,-0.17193659697665026,0.004558847055688429
Arnoldi_highacc_N2000,651,14.034237475537088,25.963698407016288,14.516967442512858,14.451326206513047,31.355381834066726,-0.028861623149021538,-0.17195400316230652,0.0045422292087093944
Arnoldi_highacc_N2000,652,14.034434472138134,25.965630546596206,14.516759227301382,14.451326206513047,31.355381834066726,-0.028847991417356854,-0.17189238249411812,0.004527821173868819
Arnoldi_highacc_N2000,653,14.034885472003772,25.970055245865943,14.51658330365331,14.451326206513047,31.355381834066726,-0.02881678321824812,-0.17175126798646667,0.004515647644217748
Arnoldi_highacc_N2000,654,14.035128531626219,25.972441376265525,14.516382034697132,14.451326206513047,31.355381834066726,-0.02879996402677923,-0.17167516843799968,0.004501720274971437
Arnoldi_highacc_N2000,655,14.0349197055826,25.97038966479243,14.516125029082946,14.451326206513047,31.355381834066726,-0.028814414329861034,-0.1717406025470133,0.0044839360515366265
Arnoldi_highacc_N2000,656,14.035190165930866,25.973047274105195,14.515928110075095,14.451326206513047,31.355381834066726,-0.028795699068410296,-0.171655844870426,0.0044703096891503735
Arnoldi_highacc_N2000,657,14.03398746192677,25.96121104613477,14.515549136113796,14.451326206513047,31.355381834066726,-0.02887892354116167,-0.17203333119902697,0.004444085524261762
Arnoldi_highacc_N2000,658,14.03248091109081,25.946374309457138,14.515132761725514,14.451326206513047,31.355381834066726,-0.02898317354662358,-0.1725065111065832,0.0044152733320565905
Arnoldi_highacc_N2000,659,14.031068929418085,25.93246318927361,14.514727791015659,14.451326206513047,31.355381834066726,-0.029080879573914566,-0.17295017083482847,0.004387250249325767
Arnoldi_highacc_N2000,660,14.029726695308208,25.91923358368097,14.514331227826693,14.451326206513047,31.355381834066726,-0.02917375922320741,-0.17337209539191567,0.004359808948555237
Arnoldi_highacc_N2000,661,14.028728517006071,25.909392852215106,14.513976895276869,14.451326206513047,31.355381834066726,-0.029242830967064856,-0.17368594044467062,0.004335289915162704
Arnoldi_highacc_N2000,662,14.028297692598061,25.905145205350273,14.513692766638988,14.451326206513047,31.355381834066726,-0.02927264306886461,-0.17382140831705412,0.00431562883812236
Arnoldi_highacc_N2000,663,14.028460680872305,25.9067522244835,14.513482804705184,14.451326206513047,31.355381834066726,-0.02926136463864201,-0.1737701565370014,0.004301099933937151
Arnoldi_highacc_N2000,664,14.02920553434769,25.914096548528914,14.513346222845204,14.451326206513047,31.355381834066726,-0.029209822415821665,-0.17353592803727275,0.004291648769523012
Arnoldi_highacc_N2000,665,14.030559166038673,25.927443579102512,14.513287117112236,14.451326206513047,31.355381834066726,-0.029116154078975734,-0.17311025850965445,0.004287558782754815
Arnoldi_highacc_N2000,666,14.032511774142394,25.94669669792915,14.513304992263997,14.451326206513047,31.355381834066726,-0.028981037891311148,-0.17249622934781791,0.004288795703955342
Arnoldi_highacc_N2000,667,14.03503603959052,25.97158686041222,14.513397084702397,14.451326206513047,31.355381834066726,-0.02880636427229151,-0.17170242104355965,0.00429516829821309
Arnoldi_highacc_N2000,668,14.037782159433961,25.99867240342392,14.51351906816708,14.451326206513047,31.355381834066726,-0.028616338816897364,-0.1708385966718764,0.004303609285769457
Arnoldi_highacc_N2000,669,14.04090861712942,26.02951414264634,14.513691508878313,14.451326206513047,31.355381834066726,-0.02839999481837567,-0.16985497799404828,0.004315541803849082
Arnoldi_highacc_N2000,670,14.044255085249223,26.062535613432914,14.5138940052581,14.451326206513047,31.355381834066726,-0.0281684265822165,-0.16880184233263862,0.004329554108110514
Arnoldi_highacc_N2000,671,14.04776476208139,26.097178945391622,14.514119341037802,14.451326206513047,31.355381834066726,-0.02792556466200142,-0.16769698154216756,0.0043451468486300476
Arnoldi_highacc_N2000,672,14.05052090926239,26.124413744807914,14.5142493191883,14.451326206513047,31.355381834066726,-0.02773484533689495,-0.16682839701781324,0.004354141050867353
Arnoldi_highacc_N2000,673,14.050798162240602,26.127159987500168,14.514067159488395,14.451326206513047,31.355381834066726,-0.027715660040386565,-0.16674081260545343,0.00434153600014036
Arnoldi_highacc_N2000,674,14.051404163135631,26.133163836554175,14.513926629316707,14.451326206513047,31.355381834066726,-0.027673726110837862,-0.16654933513961423,0.004331811621237019
Arnoldi_highacc_N2000,675,14.052569098729698,26.144705634510213,14.513856975091553,14.451326206513047,31.355381834066726,-0.027593115129020688,-0.1661812389060197,0.004326991702002026
Arnoldi_highacc_N2000,676,14.053109951159026,26.15006926749137,14.51370983731499,14.451326206513047,31.355381834066726,-0.027555689330059464,-0.16601017950034758,0.004316810091369135
Arnoldi_highacc_N2000,677,14.05315771471712,26.150543334185652,14.51350179106388,14.451326206513047,31.355381834066726,-0.02755238419685501,-0.1659950603512079,0.004302413748214503
Arnoldi_highacc_N2000,678,14.053752926070171,26.156451253609383,14.513362516487124,14.451326206513047,31.355381834066726,-0.027511196879888702,-0.16580664231646683,0.004292776253719776
Arnoldi_highacc_N2000,679,14.053628091980897,26.155210935234777,14.513134085936452,14.451326206513047,31.355381834066726,-0.027519835124399258,-0.16584619911029475,0.004276969361853382
Arnoldi_highacc_N2000,680,14.05353417762809,26.154277418692107,14.512909851179566,14.451326206513047,31.355381834066726,-0.02752633379112814,-0.1658759712415228,0.004261452809691947
Arnoldi_highacc_N2000,681,14.053959459183066,26.158505036758136,14.512750689122736,14.451326206513047,31.355381834066726,-0.027496905242571597,-0.16574114213663735,0.004250439145301861
Arnoldi_highacc_N2000,682,14.054730012724324,26.166166401825958,14.512635335682019,14.451326206513047,31.355381834066726,-0.027443584631698454,-0.16549680242142145,0.004242456940826697
Arnoldi_highacc_N2000,683,14.055914004597671,26.177940053981057,14.51257267805816,14.451326206513047,31.355381834066726,-0.02736165499725331,-0.16512131178898692,0.004238121171018186
Arnoldi_highacc_N2000,684,14.056251643240456,26.18130127840232,14.512404732858547,14.451326206513047,31.355381834066726,-0.02733829114552372,-0.16501411410155167,0.004226499732458694
Arnoldi_highacc_N2000,685,14.05616121272229,26.180400329478502,14.512184003801844,14.451326206513047,31.355381834066726,-0.027344548738555182,-0.1650428475715692,0.004211225767042006
Arnoldi_highacc_N2000,686,14.05586888305555,26.177486108074525,14.511938571254937,14.451326206513047,31.355381834066726,-0.027364777308761308,-0.1651357892368756,0.0041942423744177545
Arnoldi_highacc_N2000,687,14.055632766365111,26.175131296570964,14.511700385531949,14.451326206513047,31.355381834066726,-0.027381116064600426,-0.16521088994896463,0.004177760446075347
Arnoldi_highacc_N2000,688,14.055136379695623,26.170177564753033,14.511430248450319,14.451326206513047,31.355381834066726,-0.02741546493074559,-0.16536887660159563,0.004159067553964982
Arnoldi_highacc_N2000,689,14.05509232861881,26.169737903442783,14.511216405235762,14.451326206513047,31.355381834066726,-0.02741851316840789,-0.16538289847868762,0.0041442700736852795
Arnoldi_highacc_N2000,690,14.055115773270929,26.16997199212482,14.511011330346866,14.451326206513047,31.355381834066726,-0.02741689085002802,-0.16537543281670725,0.0041300793422627356
Arnoldi_highacc_N2000,691,14.055659785736145,26.17540409810298,14.510871614639154,14.451326206513047,31.355381834066726,-0.027379246383531175,-0.165202189639287,0.004120411322475764
Arnoldi_highacc_N2000,692,14.056667517076697,26.1854674535867,14.51079068614082,14.451326206513047,31.355381834066726,-0.027309513590419224,-0.16488124456080017,0.004114811248325027
Arnoldi_highacc_N2000,693,14.057360346777644,26.192390990279176,14.51067100030103,14.451326206513047,31.355381834066726,-0.02726157129840766,-0.1646604360013919,0.004106529251359509
Arnoldi_highacc_N2000,694,14.056883727217976,26.187621632002582,14.510406339403385,14.451326206513047,31.355381834066726,-0.027294552324014402,-0.16481254252976504,0.004088215299140628
Arnoldi_highacc_N2000,695,14.056872892858792,26.187513206067763,14.510199651203973,14.451326206513047,31.355381834066726,-0.027295302037848912,-0.16481600049865194,0.0040739129301774705
Arnoldi_highacc_N2000,696,14.055656801610494,26.175326487000234,14.509844415021453,14.451326206513047,31.355381834066726,-0.02737945287846513,-0.16520466484763105,0.0040493313673891675
Arnoldi_highacc_N2000,697,14.05413382204151,26.16005402386162,14.509451442164151,14.451326206513047,31.355381834066726,-0.027484839716131096,-0.1656917411402891,0.004022138509675881
Arnoldi_highacc_N2000,698,14.05320067615706,26.150696306103004,14.50913063841351,14.451326206513047,31.355381834066726,-0.027549411359668593,-0.1659901817017256,0.003999939595468485
Arnoldi_highacc_N2000,699,14.052048678359377,26.139136823555695,14.508782911380916,14.451326206513047,31.355381834066726,-0.027629127074421722,-0.16635884194029268,0.003975877649345017
Arnoldi_highacc_N2000,700,14.051326783273582,26.13189220616915,14.508488069755217,14.451326206513047,31.355381834066726,-0.027679080627159947,-0.16658989055022136,0.003955475257101856
Arnoldi_highacc_N2000,701,14.050368604248606,26.122270322461368,14.508164180986016,14.451326206513047,31.355381834066726,-0.027745384508982573,-0.16689675601142678,0.0039330628663930825
Arnoldi_highacc_N2000,702,14.049839522894153,26.116956720579882,14.5078932498407,14.451326206513047,31.355381834066726,-0.02778199577544294,-0.1670662198026702,0.003914315026821525
Arnoldi_highacc_N2000,703,14.04980239539395,26.116583821186907,14.50768351845685,14.451326206513047,31.355381834066726,-0.027784564916826404,-0.16707811247854154,0.0038998020761861264
Arnoldi_highacc_N2000,704,14.049998323347344,26.118552191911288,14.507503179659418,14.451326206513047,31.355381834066726,-0.02777100713322966,-0.1670153363103291,0.0038873230279068056
Arnoldi_highacc_N2000,705,14.048753044477996,26.106022220183007,14.507144959645426,14.451326206513047,31.355381834066726,-0.027857177693049063,-0.16741494782820474,0.0038625349905410805
Arnoldi_highacc_N2000,706,14.047789929272282,26.09632911766829,14.506821306978686,14.451326206513047,31.355381834066726,-0.027923823147725728,-0.16772408463176888,0.0038401389376034483
Arnoldi_highacc_N2000,707,14.047260469957541,26.0909998629879,14.506551177373105,14.451326206513047,31.355381834066726,-0.027960460568207078,-0.16789404762914498,0.003821446562819183
Arnoldi_highacc_N2000,708,14.04658136982256,26.084160584813684,14.506262707527872,14.451326206513047,31.355381834066726,-0.028007452804440384,-0.16811216897783113,0.003801485083774974
Arnoldi_highacc_N2000,709,14.046418852194474,26.082523783819532,14.506038346415245,14.451326206513047,31.355381834066726,-0.02801869866698361,-0.16816437057444425,0.0037859597880740147
Arnoldi_highacc_N2000,710,14.046311202693508,26.081439155921498,14.505821113411335,14.451326206513047,31.355381834066726,-0.02802614777576631,-0.16819896201727133,0.0037709277418239884
Arnoldi_highacc_N2000,711,14.045508118724017,26.073339708973595,14.505518072939203,14.451326206513047,31.355381834066726,-0.028081719420749898,-0.16845727323767887,0.003749958007434174
Arnoldi_highacc_N2000,712,14.044951959797308,26.06772919753251,14.505245592287379,14.451326206513047,31.355381834066726,-0.02812020439567621,-0.1686362062027046,0.0037311029454190326
Arnoldi_highacc_N2000,713,14.044894352016456,26.067148022327956,14.505035118236172,14.451326206513047,31.355381834066726,-0.02812419072745145,-0.16865474130483257,0.0037165386038355264
Arnoldi_highacc_N2000,714,14.044643986026772,26.064620716031616,14.504801032994761,14.451326206513047,31.355381834066726,-0.028141515503468988,-0.16873534329876505,0.0037003404198027276
Arnoldi_highacc_N2000,715,14.044520281723306,26.06337156527199,14.504582953753403,14.451326206513047,31.355381834066726,-0.028150075569285636,-0.16877518177900544,0.0036852498157818763
Arnoldi_highacc_N2000,716,14.043413204508479,26.052178994707354,14.504243593746455,14.451326206513047,31.355381834066726,-0.02822668287847008,-0.16913214029489487,0.003661766849436941
Arnoldi_highacc_N2000,717,14.042562054048414,26.043571763686554,14.503935679983513,14.451326206513047,31.355381834066726,-0.028285580618919757,-0.16940664599431038,0.003640459894037701
Arnoldi_highacc_N2000,718,14.041959304833904,26.037474986271093,14.503658475822206,14.451326206513047,31.355381834066726,-0.028327289539325836,-0.16960108717342678,0.0036212779755517618
Arnoldi_highacc_N2000,719,14.04183909375112,26.03625898667855,14.503441245370762,14.451326206513047,31.355381834066726,-0.028335607881951712,-0.16963986838167286,0.0036062461059268177
Arnoldi_highacc_N2000,720,14.04203805791331,26.038271981837493,14.503264097035679,14.451326206513047,31.355381834066726,-0.028321839999381898,-0.16957566903083748,0.0035939878306272257
Arnoldi_highacc_N2000,721,14.042748411120288,26.04545904824037,14.503151404420075,14.451326206513047,31.355381834066726,-0.02827268511928114,-0.16934645586287442,0.0035861897493997146
Arnoldi_highacc_N2000,722,14.043742599504046,26.05551986897888,14.503075037978697,14.451326206513047,31.355381834066726,-0.02820388946900299,-0.1690255916236267,0.0035809053595598312
Arnoldi_highacc_N2000,723,14.044105773611033,26.05919854396829,14.502920217327716,14.451326206513047,31.355381834066726,-0.028178758619294326,-0.16890826965928654,0.003570192110909303
Arnoldi_highacc_N2000,724,14.043732348749973,26.055412168263008,14.502674181963487,14.451326206513047,31.355381834066726,-0.02820459879864697,-0.1690290264635034,0.003553167004651676
Arnoldi_highacc_N2000,725,14.04305461677079,26.048535615836904,14.502390691838375,14.451326206513047,31.355381834066726,-0.02825149636150713,-0.16924833657946672,0.0035335501112911294
Arnoldi_highacc_N2000,726,14.04247222755891,26.04262433412903,14.502119080917797,14.451326206513047,31.355381834066726,-0.028291796414495876,-0.16943686184569237,0.0035147552327660426
Arnoldi_highacc_N2000,727,14.041730032279283,26.035086806532448,14.501827846974903,14.451326206513047,31.355381834066726,-0.02834315469601424,-0.1696772520803408,0.0034946024842409315
Arnoldi_highacc_N2000,728,14.040080594583253,26.01831655977105,14.501425201408118,14.451326206513047,31.355381834066726,-0.028457292158033876,-0.17021209636481308,0.0034667402962983685
Arnoldi_highacc_N2000,729,14.038464464829518,26.00187827303389,14.501026329191534,14.451326206513047,31.355381834066726,-0.028569124783679456,-0.17073635363025333,0.0034391392158934293
Arnoldi_highacc_N2000,730,14.037163973482969,25.988647969906022,14.500665850588966,14.451326206513047,31.355381834066726,-0.02865911592552799,-0.17115830043344907,0.0034141948891640616
Arnoldi_highacc_N2000,731,14.03622927527879,25.97913760697604,14.500350212478388,14.451326206513047,31.355381834066726,-0.028723794986177578,-0.17146160922363737,0.003392353425891579
Arnoldi_highacc_N2000,732,14.035703890615359,25.97379135548824,14.500085136244628,14.451326206513047,31.355381834066726,-0.028760150449747047,-0.17163211429087252,0.003374010733326794
Arnoldi_highacc_N2000,733,14.03557528050428,25.972482489026827,14.49986945953694,14.451326206513047,31.355381834066726,-0.028769049986664307,-0.1716738572512465,0.003359086379353609
Arnoldi_highacc_N2000,734,14.035202677059132,25.96868813145306,14.499623774179916,14.451326206513047,31.355381834066726,-0.0287948333258419,-0.17179486861681836,0.0033420854928250536
Arnoldi_highacc_N2000,735,14.035329366521474,25.96997828754753,14.49944041877618,14.451326206513047,31.355381834066726,-0.028786066693594393,-0.1717537223759179,0.003329397702021892
Arnoldi_highacc_N2000,736,14.03597124971271,25.976514991689722,14.499321941203288,14.451326206513047,31.355381834066726,-0.028741649788041026,-0.1715452508549272,0.003321199314469159
Arnoldi_highacc_N2000,737,14.03682806424967,25.985242626754054,14.499231068162203,14.451326206513047,31.355381834066726,-0.028682360105923475,-0.1712669051753715,0.0033149110998246132
Arnoldi_highacc_N2000,738,14.036530334022608,25.98220573231714,14.498996550621667,14.451326206513047,31.355381834066726,-0.028702962383029947,-0.1713637591844531,0.0032986830016428757
Arnoldi_highacc_N2000,739,14.03658856462592,25.982799774254083,14.498806551560957,14.451326206513047,31.355381834066726,-0.028698932953309827,-0.17134481373068422,0.003285535484384235
Arnoldi_highacc_N2000,740,14.036796978402133,25.98492655655399,14.49863565933797,14.451326206513047,31.355381834066726,-0.028684511178225958,-0.171276985428954,0.003273710118286645
Arnoldi_highacc_N2000,741,14.036873117974729,25.985703945411885,14.498448682885616,14.451326206513047,31.355381834066726,-0.028679242487207074,-0.1712521925923683,0.00326077175888066
Arnoldi_highacc_N2000,742,14.035770549351009,25.974431192805955,14.498116097943557,14.451326206513047,31.355381834066726,-0.028755537811799712,-0.1716117083101352,0.0032377576121299235
Arnoldi_highacc_N2000,743,14.034569937501242,25.96214987925718,14.49777137534475,14.451326206513047,31.355381834066726,-0.028838617512071455,-0.17200338950903651,0.003213903566218745
Arnoldi_highacc_N2000,744,14.03388968770075,25.9551913981948,14.497490671663403,14.451326206513047,31.355381834066726,-0.028885689302630423,-0.17222531253007337,0.0031944794886403405
Arnoldi_highacc_N2000,745,14.0335890261406,25.952115486032916,14.497257081630302,14.451326206513047,31.355381834066726,-0.02890649442154155,-0.17232341091006315,0.003178315571933795
Arnoldi_highacc_N2000,746,14.033768092067037,25.953947466051808,14.497083456578673,14.451326206513047,31.355381834066726,-0.028894103453136432,-0.1722649845758349,0.0031663011001028165
Arnoldi_highacc_N2000,747,14.03428238778696,25.959209841291717,14.496952183405318,14.451326206513047,31.355381834066726,-0.02885851532007703,-0.17209715452778263,0.0031572172851311196
Arnoldi_highacc_N2000,748,14.034565351918884,25.96210696213772,14.4967924764588,14.451326206513047,31.355381834066726,-0.02883893482428853,-0.17200475824119502,0.0031461659155727073
Arnoldi_highacc_N2000,749,14.035273077403295,25.969353441179074,14.49668645225765,14.451326206513047,31.355381834066726,-0.02878996177681199,-0.1717736502585303,0.003138829273963832
Arnoldi_highacc_N2000,750,14.035144985021358,25.968040423176213,14.496476520941394,14.451326206513047,31.355381834066726,-0.028798825488010975,-0.1718155256217394,0.0031243024884456
Arnoldi_highacc_N2000,751,14.035252204191396,25.96913972490394,14.496296192655109,14.451326206513047,31.355381834066726,-0.028791406157182356,-0.1717804661945079,0.0031118241675144537
Arnoldi_highacc_N2000,752,14.034928454047936,25.965817792909192,14.496062607784108,14.451326206513047,31.355381834066726,-0.028813808955294697,-0.17188641075012925,0.003095660608013884
Arnoldi_highacc_N2000,753,14.033984017172498,25.956118175229967,14.495752467763799,14.451326206513047,31.355381834066726,-0.028879161910583467,-0.17219575533826265,0.0030741996004996284
Arnoldi_highacc_N2000,754,14.033199135471591,25.9480549033774,14.495461984649403,14.451326206513047,31.355381834066726,-0.028933473998601626,-0.17245291284619024,0.003054098807655768
Arnoldi_highacc_N2000,755,14.03275720536868,25.94351423072872,14.49521396833572,14.451326206513047,31.355381834066726,-0.0289640545900709,-0.1725977260292256,0.003036936624051456
Arnoldi_highacc_N2000,756,14.031559034142807,25.93119075670409,14.494872774684742,14.451326206513047,31.355381834066726,-0.029046965404535326,-0.17299075182906581,0.0030133267735711075
Arnoldi_highacc_N2000,757,14.030338980710274,25.91863676921427,14.494528768259402,14.451326206513047,31.355381834066726,-0.029131390419589183,-0.17339112926845585,0.0029895222852892402
Arnoldi_highacc_N2000,758,14.029463897007275,25.90963118272516,14.49422710403407,14.451326206513047,31.355381834066726,-0.02919194428782894,-0.1736783395003952,0.0029686477841520983
Arnoldi_highacc_N2000,759,14.028903998403932,25.903868296026197,14.493964398454313,14.451326206513047,31.355381834066726,-0.02923068804015607,-0.17386213208596987,0.0029504691356319994
Arnoldi_highacc_N2000,760,14.028762969515178,25.902416626258777,14.493753811857928,14.451326206513047,31.355381834066726,-0.02924044692918386,-0.17390842939388027,0.0029358970061695885
Arnoldi_highacc_N2000,761,14.028209876376573,25.896719101789515,14.493492346293195,14.451326206513047,31.355381834066726,-0.029278719758313906,-0.17409013741770257,0.002917804163962784
Arnoldi_highacc_N2000,762,14.027764932828749,25.89213416380589,14.49324440570866,14.451326206513047,31.355381834066726,-0.029309508873545706,-0.17423636233079373,0.0029006472206489693
Arnoldi_highacc_N2000,763,14.027643064198204,25.890878184165032,14.493036768567796,14.451326206513047,31.355381834066726,-0.029317941914832283,-0.17427641860079876,0.002886279187023754
Arnoldi_highacc_N2000,764,14.027301154914271,25.88735236210404,14.492802056958997,14.451326206513047,31.355381834066726,-0.0293416012855396,-0.17438886571050555,0.002870037659744859
Arnoldi_highacc_N2000,765,14.026656690891128,25.880702141278736,14.49253004620619,14.451326206513047,31.355381834066726,-0.029386196778986594,-0.17460095755682706,0.0028512151137085814
Arnoldi_highacc_N2000,766,14.026331038857881,25.877341248994934,14.49229764081904,14.451326206513047,31.355381834066726,-0.029408731183690594,-0.1747081446515844,0.0028351331718972244
Arnoldi_highacc_N2000,767,14.026429018544048,25.878352502141247,14.492118186787202,14.451326206513047,31.355381834066726,-0.029401951204831425,-0.17467589330948102,0.002822715347451722
Arnoldi_highacc_N2000,768,14.026982346450806,25.88406353553792,14.491996090480287,14.451326206513047,31.355381834066726,-0.029363662130261342,-0.17449375445284407,0.0028142665514609097
Arnoldi_highacc_N2000,769,14.027529289619453,25.88971100800652,14.491873713687736,14.451326206513047,31.355381834066726,-0.029325814865530677,-0.17431364271003433,0.002805798346480866
Arnoldi_highacc_N2000,770,14.028323170938478,25.897909828950368,14.491782894554236,14.451326206513047,31.355381834066726,-0.029270880023725854,-0.17405216220926292,0.0027995138621226207
Arnoldi_highacc_N2000,771,14.029448403416817,25.909532028738365,14.491734478400065,14.451326206513047,31.355381834066726,-0.029193016410223604,-0.1736815017641278,0.0027961635707044906
Arnoldi_highacc_N2000,772,14.030589158955154,25.921319187679057,14.491688739803514,14.451326206513047,31.355381834066726,-0.02911407863509934,-0.17330558036718646,0.00279299856038658
Arnoldi_highacc_N2000,773,14.032146948601245,25.9374159930756,14.491696583971718,14.451326206513047,31.355381834066726,-0.02900628301663294,-0.17279221377890097,0.002793541359579663
Arnoldi_highacc_N2000,774,14.034074856078204,25.95733863804087,14.491752437803108,14.451326206513047,31.355381834066726,-0.02887287605803209,-0.17215683178704067,0.002797406321908457
Arnoldi_highacc_N2000,775,14.035533919151417,25.97242883624794,14.491749583612359,14.451326206513047,31.355381834066726,-0.028771912101343094,-0.1716755683699046,0.0027972088181840342
Arnoldi_highacc_N2000,776,14.035988271324964,25.977134001242053,14.491620858214029,14.451326206513047,31.355381834066726,-0.028740471929897655,-0.17152550912269104,0.00278830130364243
Arnoldi_highacc_N2000,777,14.036035829415283,25.977626874107003,14.491441761718248,14.451326206513047,31.355381834066726,-0.028737181014611434,-0.17150979019866205,0.0027759082199058953
Arnoldi_highacc_N2000,778,14.036374207521876,25.981134225047903,14.491299311907987,14.451326206513047,31.355381834066726,-0.02871376599361219,-0.1713979321782603,0.0027660510062339585
Arnoldi_highacc_N2000,779,14.03696708904908,25.987280664321208,14.491189182667775,14.451326206513047,31.355381834066726,-0.028672739895472,-0.17120190716074232,0.002758430304947529
Arnoldi_highacc_N2000,780,14.036831494067519,25.985873488529354,14.490988551230034,14.451326206513047,31.355381834066726,-0.028682122770069353,-0.17124678544668703,0.002744547050575324
Arnoldi_highacc_N2000,781,14.037080296346902,25.9884556894267,14.490836101955297,14.451326206513047,31.355381834066726,-0.028664906199366572,-0.17116443272934453,0.0027339978959470277
Arnoldi_highacc_N2000,782,14.037770296486375,25.99561698375494,14.490739335059379,14.451326206513047,31.355381834066726,-0.02861715970678778,-0.17093604149602656,0.00272730183950656
Arnoldi_highacc_N2000,783,14.03880595959036,26.006366810554923,14.490686645316732,14.451326206513047,31.355381834066726,-0.028545494097058668,-0.17059320316425716,0.0027236558251619793
Arnoldi_highacc_N2000,784,14.03968216969113,26.015466505676986,14.4906145139408,14.451326206513047,31.355381834066726,-0.028484862284569683,-0.1703029915772888,0.002718664492539562
Arnoldi_highacc_N2000,785,14.040715278557776,26.026198423336883,14.490562768881194,14.451326206513047,31.355381834066726,-0.028413373422448415,-0.16996072441190424,0.0027150838481843948
Arnoldi_highacc_N2000,786,14.041714548905366,26.036583285598994,14.490507412020975,14.451326206513047,31.355381834066726,-0.028344226111446644,-0.1696295256940233,0.0027112532751678957
Arnoldi_highacc_N2000,787,14.042573725736396,26.045516914206527,14.49043504512509,14.451326206513047,31.355381834066726,-0.028284772963773405,-0.16934461037534498,0.0027062456450825056
Arnoldi_highacc_N2000,788,14.043476501013728,26.054907246917956,14.490368763294862,14.451326206513047,31.355381834066726,-0.02822230289947403,-0.16904512964310184,0.002701659088161717
Arnoldi_highacc_N2000,789,14.043502093442847,26.055173762139162,14.490193210906497,14.451326206513047,31.355381834066726,-0.028220531959647997,-0.16903662981928796,0.0026895112488661273
Arnoldi_highacc_N2000,790,14.043432233497722,26.054445902453686,14.490006076921173,14.451326206513047,31.355381834066726,-0.02822536611425266,-0.16905984304913566,0.0026765619885248714
Arnoldi_highacc_N2000,791,14.043321623850453,26.05329297891014,14.48981414144836,14.451326206513047,31.355381834066726,-0.02823302005865114,-0.16909661260753708,0.00266328047580623
Arnoldi_highacc_N2000,792,14.042695430179897,26.04676044713216,14.489558540479514,14.451326206513047,31.355381834066726,-0.028276351283869308,-0.1693049510616037,0.00264559345074065
Arnoldi_highacc_N2000,793,14.041930418274365,26.038775629384286,14.489285864801126,14.451326206513047,31.355381834066726,-0.02832928842573434,-0.16955960647578844,0.002626724893316091
Arnoldi_highacc_N2000,794,14.041556382867633,26.034871390864236,14.489061560336367,14.451326206513047,31.355381834066726,-0.02835517085350515,-0.16968412221413,0.002611203517523091
Arnoldi_highacc_N2000,795,14.041536453438935,26.034663346116265,14.4888814103104,14.451326206513047,31.355381834066726,-0.028356549926153073,-0.16969075727120161,0.0025987375318140523
Arnoldi_highacc_N2000,796,14.04147839513174,26.034057011434307,14.488696795780655,14.451326206513047,31.355381834066726,-0.02836056743336072,-0.1697100947707469,0.002585962612259467
Arnoldi_highacc_N2000,797,14.041846905241972,26.037905634722147,14.488565684382035,14.451326206513047,31.355381834066726,-0.028335067343959568,-0.16958735273851117,0.0025768899917438027
Arnoldi_highacc_N2000,798,14.042096226400426,26.040510781228846,14.488420085481193,14.451326206513047,31.355381834066726,-0.02831781486796589,-0.16950426822943118,0.0025668148679274133
Arnoldi_highacc_N2000,799,14.042561825047786,26.045376779161874,14.48830191932394,14.451326206513047,31.355381834066726,-0.028285596465259737,-0.169349079625485,0.0025586380296521456
Arnoldi_highacc_N2000,800,14.043109598249092,26.05110341487237,14.488194500338365,14.451326206513047,31.355381834066726,-0.02824769176409399,-0.1691664431728084,0.002551204872027722
Arnoldi_highacc_N2000,801,14.042871823827861,26.048614920060874,14.48798952815122,14.451326206513047,31.355381834066726,-0.028264145231259117,-0.16924580737333586,0.0025370212473405478
Arnoldi_highacc_N2000,802,14.04290130019353,26.04892346179038,14.487817997035473,14.451326206513047,31.355381834066726,-0.02826210553156325,-0.16923596722113685,0.00252515167126873
Arnoldi_highacc_N2000,803,14.042948397156906,26.049416631332072,14.487648954579843,14.451326206513047,31.355381834066726,-0.028258846525247613,-0.1692202388353592,0.0025134543050053084
Arnoldi_highacc_N2000,804,14.041885295474533,26.038269391788806,14.487342813298572,14.451326206513047,31.355381834066726,-0.028332410824273256,-0.1695757516338401,0.0024922700014406093
Arnoldi_highacc_N2000,805,14.041195569010068,26.031036694481756,14.487082576045085,14.451326206513047,31.355381834066726,-0.02838013837914321,-0.1698064200832095,0.0024742621556714285
Arnoldi_highacc_N2000,806,14.0406876489443,26.02570923645389,14.486844853300141,14.451326206513047,31.355381834066726,-0.028415285330953027,-0.16997632578093183,0.002457812264391822
Arnoldi_highacc_N2000,807,14.03998781911047,26.018364787805634,14.486583507977363,14.451326206513047,31.355381834066726,-0.028463712016769158,-0.17021055825455061,0.002439727742663937
Arnoldi_highacc_N2000,808,14.039706881305335,26.01541638140359,14.486374057875713,14.451326206513047,31.355381834066726,-0.028483152295198988,-0.17030459016325603,0.002425234256138411
Arnoldi_highacc_N2000,809,14.039468753396187,26.012916380720373,14.486170105178397,14.451326206513047,31.355381834066726,-0.028499630222950725,-0.17038432131424142,0.0024111211779059274
Arnoldi_highacc_N2000,810,14.039377538354318,26.011958506288558,14.485984612493954,14.451326206513047,31.355381834066726,-0.02850594210329765,-0.17041487027827204,0.0023982854919770416
Arnoldi_highacc_N2000,811,14.039006553295822,26.008060211206537,14.485764615545504,14.451326206513047,31.355381834066726,-0.02853161345367712,-0.17053919646580343,0.0023830621868418164
Arnoldi_highacc_N2000,812,14.038948472313951,26.007449831333926,14.485583643223386,14.451326206513047,31.355381834066726,-0.02853563252992252,-0.17055866297639616,0.0023705393000470623
Arnoldi_highacc_N2000,813,14.03920319502078,26.010127026772206,14.485441946696735,14.451326206513047,31.355381834066726,-0.028518006278657453,-0.1704732806502472,0.0023607342119447063
Arnoldi_highacc_N2000,814,14.03986637435487,26.01709729729546,14.485351801276353,14.451326206513047,31.355381834066726,-0.02847211572684144,-0.1702509816343991,0.0023544963470530375
Arnoldi_highacc_N2000,815,14.040571844505191,26.02451463123254,14.485267470489598,14.451326206513047,31.355381834066726,-0.02842329874352523,-0.17001442467022837,0.002348660842023921
Arnoldi_highacc_N2000,816,14.041428912236386,26.03352807422392,14.485202728862237,14.451326206513047,31.355381834066726,-0.028363991540923405,-0.16972696387517006,0.002344180863755124
Arnoldi_highacc_N2000,817,14.04225457084579,26.042214790875583,14.485134592095527,14.451326206513047,31.355381834066726,-0.02830685778049164,-0.16944992318411314,0.0023394659493080417
Arnoldi_highacc_N2000,818,14.041193298881975,26.031025997448516,14.484832310631852,14.451326206513047,31.355381834066726,-0.028380295467015988,-0.1698067612378252,0.0023185487366345903
Arnoldi_highacc_N2000,819,14.040514030821674,26.02386423007377,14.484576991558441,14.451326206513047,31.355381834066726,-0.028427299323312224,-0.17003516755775608,0.0023008812181133207
Arnoldi_highacc_N2000,820,14.038670140444179,26.004396392039773,14.484178906560508,14.451326206513047,31.355381834066726,-0.028554892483354816,-0.17065604464153775,0.0022733346115082187
Arnoldi_highacc_N2000,821,14.036871845370992,25.985403363110635,14.48378598932224,14.451326206513047,31.355381834066726,-0.0286793305485876,-0.1712617788988863,0.0022461456025097246
Arnoldi_highacc_N2000,822,14.035451113547152,25.970397104614758,14.483438812213466,14.451326206513047,31.355381834066726,-0.02877764206709722,-0.17174036527283926,0.002222121709905525
Arnoldi_highacc_N2000,823,14.032186866353534,25.93585260666505,14.482868209370576,14.451326206513047,31.355381834066726,-0.029003520795939906,-0.17284207400445403,0.0021826372477367277
Arnoldi_highacc_N2000,824,14.028612137340989,25.897998290834263,14.482259555802829,14.451326206513047,31.355381834066726,-0.029250884184009705,-0.17404934094290544,0.002140519759068256
Arnoldi_highacc_N2000,825,14.024648007099929,25.85599117049107,14.481603469048359,14.451326206513047,31.355381834066726,-0.02952519328093355,-0.17538905099859844,0.0020951199981678412
Arnoldi_highacc_N2000,826,14.0211479371681,25.818901068540534,14.481001509512316,14.451326206513047,31.355381834066726,-0.02976739042476736,-0.17657194528280196,0.0020534657217754194
Arnoldi_highacc_N2000,827,14.018096409707027,25.786563503061277,14.480452302686226,14.451326206513047,31.355381834066726,-0.029978549415815386,-0.17760326952724548,0.002015461816926713
Arnoldi_highacc_N2000,828,14.015307945591463,25.757008721577762,14.479933930175216,14.451326206513047,31.355381834066726,-0.03017150500173993,-0.17854584396757345,0.001979591578887492
Arnoldi_highacc_N2000,829,14.012934912021317,25.731856145935332,14.47946504205296,14.451326206513047,31.355381834066726,-0.030335713707310263,-0.17934802127083632,0.0019471455517508962
Arnoldi_highacc_N2000,830,14.01100309877696,25.71138004221954,14.479049193677628,14.451326206513047,31.355381834066726,-0.030469390936427518,-0.1800010544191536,0.0019183697584853803
Arnoldi_highacc_N2000,831,14.009478071959226,25.69521513729368,14.478682625905973,14.451326206513047,31.355381834066726,-0.030574919439205855,-0.18051659286838717,0.0018930040746431662
Arnoldi_highacc_N2000,832,14.008208151254394,25.68175216578528,14.478347091503043,14.451326206513047,31.355381834066726,-0.030662795159861846,-0.18094596003666616,0.001869785831684999
Arnoldi_highacc_N2000,833,14.007150773660616,25.67054029368853,14.47803754013321,14.451326206513047,31.355381834066726,-0.030735963364542002,-0.18130353412573594,0.0018483655574894372
Arnoldi_highacc_N2000,834,14.006467184170846,25.66329153798217,14.47777405503806,14.451326206513047,31.355381834066726,-0.030783266254256123,-0.18153471471682928,0.001830132968218051
Arnoldi_highacc_N2000,835,14.006119381438321,25.65960317499311,14.477552264399888,14.451326206513047,31.355381834066726,-0.030807333438648422,-0.18165234565523028,0.0018147855436978248
Arnoldi_highacc_N2000,836,14.005958489611404,25.65789660333944,14.47735389600231,14.451326206513047,31.355381834066726,-0.030818466799325372,-0.18170677240923055,0.0018010588867292095
Arnoldi_highacc_N2000,837,14.006114754504964,25.65955423711671,14.477195353621012,14.451326206513047,31.355381834066726,-0.030807653612263716,-0.18165390640408863,0.0017900881025234995
Arnoldi_highacc_N2000,838,14.006280277692284,25.661310727092808,14.477038297472014,14.451326206513047,31.355381834066726,-0.030796199771629666,-0.18159788763240234,0.0017792201623252292
Arnoldi_highacc_N2000,839,14.006320114104145,25.661733669219743,14.476865855173518,14.451326206513047,31.355381834066726,-0.030793443179515392,-0.1815843989710563,0.0017672875344105711
Arnoldi_highacc_N2000,840,14.006636819766392,25.665096519529506,14.476728354866,14.451326206513047,31.355381834066726,-0.030771527844014636,-0.18147714943005058,0.00175777281544612
Arnoldi_highacc_N2000,841,14.00693311331262,25.668243869010197,14.476588673130443,14.451326206513047,31.355381834066726,-0.030751024982063162,-0.18137677273882266,0.0017481071464576958
Arnoldi_highacc_N2000,842,14.007523997838016,25.674521087374917,14.476486364205801,14.451326206513047,31.355381834066726,-0.030710137072057393,-0.18117657685545124,0.0017410275938145447
Arnoldi_highacc_N2000,843,14.007784509926946,25.6772905161761,14.47634303432097,14.451326206513047,31.355381834066726,-0.030692110208279805,-0.1810882529812328,0.001731109480917245
Arnoldi_highacc_N2000,844,14.008323802808198,25.683024215227274,14.476235055189175,14.451326206513047,31.355381834066726,-0.030654792326616564,-0.18090539126130487,0.0017236375624060222
Arnoldi_highacc_N2000,845,14.008247835498453,25.68221577140186,14.476050466339117,14.451326206513047,31.355381834066726,-0.0306600490974249,-0.18093117451694155,0.0017108644198293656
Arnoldi_highacc_N2000,846,14.008543450766473,25.685361786937076,14.47591258227118,14.451326206513047,31.355381834066726,-0.03063959317083417,-0.18083084036850527,0.0017013231454876768
Arnoldi_highacc_N2000,847,14.009176733765841,25.69210169806666,14.47581748496962,14.451326206513047,31.355381834066726,-0.030595771379649143,-0.1806158880784884,0.0016947426213059112
Arnoldi_highacc_N2000,848,14.009792838190004,25.69866132410132,14.475720697510498,14.451326206513047,31.355381834066726,-0.030553138308098596,-0.18040668552214986,0.0016880451419370283
Arnoldi_highacc_N2000,849,14.010621725851827,25.70748790883382,14.4756512007113,14.451326206513047,31.355381834066726,-0.030495781104338995,-0.18012518409508355,0.001683236116231992
Arnoldi_highacc_N2000,850,14.011402316615918,25.715803659923548,14.475576140818704,14.451326206513047,31.355381834066726,-0.030441765939714243,-0.17985997440528495,0.0016780421366952986
Arnoldi_highacc_N2000,851,14.01239724731753,25.726404524827252,14.475528676639318,14.451326206513047,31.355381834066726,-0.03037291892267274,-0.17952188683359457,0.001674757719839118
Arnoldi_highacc_N2000,852,14.013160515045316,25.734541880996154,14.475452529998282,14.451326206513047,31.355381834066726,-0.0303201024740729,-0.17926236659518813,0.0016694885396997229
Arnoldi_highacc_N2000,853,14.01366549059436,25.739928856060693,14.475344374509639,14.451326206513047,31.355381834066726,-0.03028515927634645,-0.1790905627532497,0.0016620044176822884
Arnoldi_highacc_N2000,854,14.014454347757036,25.748345023348644,14.475272385510452,14.451326206513047,31.355381834066726,-0.030230572095114507,-0.1788221505447016,0.001657022937217592
Arnoldi_highacc_N2000,855,14.015614191148991,25.76071924237987,14.475247829574501,14.451326206513047,31.355381834066726,-0.030150313482487513,-0.17842750636219057,0.0016553237204398107
Arnoldi_highacc_N2000,856,14.016214200755073,25.767126513450265,14.475153192654421,14.451326206513047,31.355381834066726,-0.030108794136961204,-0.1782231627791878,0.0016487750536442747
Arnoldi_highacc_N2000,857,14.016719471719217,25.772524582619152,14.475047094879622,14.451326206513047,31.355381834066726,-0.030073830497159323,-0.17805100511906252,0.0016414333209006859
Arnoldi_highacc_N2000,858,14.016821543614308,25.773615889753223,14.474890897912143,14.451326206513047,31.355381834066726,-0.030066767346439992,-0.17801620065902288,0.0016306248341744734
Arnoldi_highacc_N2000,859,14.017167422579156,25.777314371093336,14.474765503295426,14.451326206513047,31.355381834066726,-0.030042833282541218,-0.17789824702159995,0.0016219478023972603
Arnoldi_highacc_N2000,860,14.017766402318317,25.78372004199101,14.474672259154039,14.451326206513047,31.355381834066726,-0.030001385201541494,-0.1776939544720283,0.001615495512824996
Arnoldi_highacc_N2000,861,14.01865534304283,25.793227433294124,14.474616009745569,14.451326206513047,31.355381834066726,-0.02993987245787977,-0.17739074045430633,0.0016116031774319746
Arnoldi_highacc_N2000,862,14.019368253655694,25.800856245636442,14.474538090126726,14.451326206513047,31.355381834066726,-0.029890540610914604,-0.17714743892531554,0.0016062113111264863
Arnoldi_highacc_N2000,863,14.019519139274358,25.80247232884813,14.474390118215403,14.451326206513047,31.355381834066726,-0.029880099657848564,-0.1770958980695786,0.001595971980202214
Arnoldi_highacc_N2000,864,14.019902075526543,25.80657440821651,14.474271500167118,14.451326206513047,31.355381834066726,-0.029853601311142317,-0.1769650727015417,0.0015877638720611358
Arnoldi_highacc_N2000,865,14.020571470329974,25.81374569870774,14.474189249306106,14.451326206513047,31.355381834066726,-0.029807280662513584,-0.17673636266607845,0.0015820722933203766
Arnoldi_highacc_N2000,866,14.02038159685779,25.811709144719174,14.473999917394174,14.451326206513047,31.355381834066726,-0.029820419489322337,-0.17680131336574922,0.0015689709412904044
Arnoldi_highacc_N2000,867,14.02013877518569,25.80910359764305,14.473804186068088,14.451326206513047,31.355381834066726,-0.02983722221515048,-0.17688441064997032,0.0015554267638710738
Arnoldi_highacc_N2000,868,14.020134078874602,25.8090531979375,14.473638279224302,14.451326206513047,31.355381834066726,-0.029837547189552168,-0.17688601802014406,0.0015439463750530613
Arnoldi_highacc_N2000,869,14.020182450548498,25.809572473472358,14.473479239836934,14.451326206513047,31.355381834066726,-0.02983419997607118,-0.1768694570502409,0.0015329411991200472
Arnoldi_highacc_N2000,870,14.019747369406707,25.804897987072213,14.473260310256782,14.451326206513047,31.355381834066726,-0.029864306634489517,-0.17701853788187874,0.0015177917535243118
Arnoldi_highacc_N2000,871,14.01956368405641,25.802924236412,14.473072715589074,14.451326206513047,31.355381834066726,-0.029877017256869243,-0.17708148562943474,0.0015048106149750408
Arnoldi_highacc_N2000,872,14.0197443888299,25.804865984255198,14.472930764980166,14.451326206513047,31.355381834066726,-0.029864512883851342,-0.17701955853017398,0.0014949879449391082
Arnoldi_highacc_N2000,873,14.020126801087644,25.80897584259266,14.472814377782353,14.451326206513047,31.355381834066726,-0.029838050796408312,-0.1768884850717415,0.001486934206745783
Arnoldi_highacc_N2000,874,14.020651238099173,25.814613317797814,14.472716184599056,14.451326206513047,31.355381834066726,-0.029801760908266885,-0.17670869216617305,0.0014801394543546738
Arnoldi_highacc_N2000,875,14.020359898010398,25.811477936660665,14.472516471206358,14.451326206513047,31.355381834066726,-0.029821921001853616,-0.17680868715758288,0.001466319726680955
Arnoldi_highacc_N2000,876,14.020310427470166,25.8109454695739,14.472347008334742,14.451326206513047,31.355381834066726,-0.029825344254468943,-0.1768256688384179,0.00145459326855562
Arnoldi_highacc_N2000,877,14.01923861088297,25.79939387256067,14.472051200083332,14.451326206513047,31.355381834066726,-0.029899511605747237,-0.17719407758797034,0.0014341239879385329
Arnoldi_highacc_N2000,878,14.018108866208323,25.78721290619561,14.471748160994254,14.451326206513047,31.355381834066726,-0.029977687453313306,-0.177582558469164,0.0014131543492529918
Arnoldi_highacc_N2000,879,14.017270393674302,25.778171647022255,14.471480854214654,14.451326206513047,31.355381834066726,-0.030035707909155124,-0.17787090639046188,0.0013946573078202483
Arnoldi_highacc_N2000,880,14.01640780748188,25.76886681518249,14.471210541435523,14.451326206513047,31.355381834066726,-0.030095396977140698,-0.17816766029028694,0.0013759522578291128
Arnoldi_highacc_N2000,881,14.01545991007296,25.758637229861368,14.470929673497144,14.451326206513047,31.355381834066726,-0.03016098939373784,-0.17849390684583072,0.0013565168140251787
Arnoldi_highacc_N2000,882,14.014034808007773,25.74324538285757,14.470590132084942,14.451326206513047,31.355381834066726,-0.03025960332334005,-0.1789847905826403,0.0013330212948354267
Arnoldi_highacc_N2000,883,14.012671257557516,25.728513872348362,14.470257901632472,14.451326206513047,31.355381834066726,-0.030353958016519893,-0.17945461456970468,0.0013100316779848958
Arnoldi_highacc_N2000,884,14.011499520605897,25.715852384995042,14.469948999553417,14.451326206513047,31.355381834066726,-0.03043503963732581,-0.1798584204432968,0.0012886563332835763
Arnoldi_highacc_N2000,885,14.010458323654925,25.704598821993883,14.46965600793565,14.451326206513047,31.355381834066726,-0.03050708817709945,-0.18021732415752081,0.001268381957521884
Arnoldi_highacc_N2000,886,14.009246487016329,25.691494163961945,14.46934193989438,14.451326206513047,31.355381834066726,-0.03059094460807878,-0.18063526383056605,0.001246649139593374
Arnoldi_highacc_N2000,887,14.00839700079449,25.68230776132919,14.469072325204031,14.451326206513047,31.355381834066726,-0.03064972718690228,-0.18092824073262925,0.0012279923958111807
Arnoldi_highacc_N2000,888,14.007826986377875,25.6761430263108,14.468837231543382,14.451326206513047,31.355381834066726,-0.030689170931266607,-0.18112484924631328,0.0012117244313842863
Arnoldi_highacc_N2000,889,14.007585598568294,25.67353230200564,14.468642997613856,14.451326206513047,31.355381834066726,-0.030705874436960916,-0.18120811164506118,0.0011982838705145616
Arnoldi_highacc_N2000,890,14.00739054547494,25.67142205550499,14.46845469447367,14.451326206513047,31.355381834066726,-0.03071937168216638,-0.1812754125796126,0.0011852537072274372
Arnoldi_highacc_N2000,891,14.007476734051348,25.672354589330013,14.46830165813531,14.451326206513047,31.355381834066726,-0.03071340762217799,-0.18124567178965964,0.0011746639290872078
Arnoldi_highacc_N2000,892,14.00778008136515,25.67563717069774,14.468176075921532,14.451326206513047,31.355381834066726,-0.030692416655019233,-0.18114098222200903,0.001165973916005804
Arnoldi_highacc_N2000,893,14.008039629206129,25.67844690404645,14.468045335419962,14.451326206513047,31.355381834066726,-0.03067445651507979,-0.18105137293695622,0.0011569269607505223
Arnoldi_highacc_N2000,894,14.00849738678455,25.683403125133058,14.467939785808458,14.451326206513047,31.355381834066726,-0.03064278069710441,-0.1808933068954442,0.0011496231597016775
Arnoldi_highacc_N2000,895,14.00789069488042,25.676825181148175,14.46770185008368,14.451326206513047,31.355381834066726,-0.030684762442963587,-0.18110309365612515,0.001133158530685782
Arnoldi_highacc_N2000,896,14.00740981778146,25.671610152411617,14.467479547806152,14.451326206513047,31.355381834066726,-0.030718038080928455,-0.18126941370810717,0.0011177757018469936
Arnoldi_highacc_N2000,897,14.007168272049174,25.668990317025024,14.46728706147658,14.451326206513047,31.355381834066726,-0.030734752514526682,-0.18135296668157938,0.0011044560710517515
Arnoldi_highacc_N2000,898,14.00718645523021,25.66918755313785,14.467127113707267,14.451326206513047,31.355381834066726,-0.030733494278377578,-0.18134667633838186,0.0010933880370854394
Arnoldi_highacc_N2000,899,14.00744353027737,25.671976408109902,14.46699729252417,14.451326206513047,31.355381834066726,-0.030715705250333562,-0.18125773291594768,0.0010844046966471564
Arnoldi_highacc_N2000,900,14.007908547416445,25.677021819582496,14.466893881687314,14.451326206513047,31.355381834066726,-0.0306835270867222,-0.18109682237436045,0.001077248894101589
Arnoldi_highacc_N2000,901,14.007453179061185,25.672074856473788,14.466675920144677,14.451326206513047,31.355381834066726,-0.030715037575707947,-0.18125459315625964,0.001062166434573513
Arnoldi_highacc_N2000,902,14.007077307897442,25.66799040786941,14.466467916012506,14.451326206513047,31.355381834066726,-0.030741047033827743,-0.18138485623600753,0.0010477730059567632
Arnoldi_highacc_N2000,903,14.006571562637811,25.662492045057174,14.466243909289059,14.451326206513047,31.355381834066726,-0.030776043493834473,-0.18156021250630697,0.0010322722332078342
Arnoldi_highacc_N2000,904,14.006074097663111,25.657081854377285,14.46602100179567,14.451326206513047,31.355381834066726,-0.030810466976329498,-0.18173275675113612,0.0010168475247622193
Arnoldi_highacc_N2000,905,14.005680438306177,25.65279954160151,14.465811050805609,14.451326206513047,31.355381834066726,-0.03083770733830796,-0.18186933020440924,0.0010023193778598892
Arnoldi_highacc_N2000,906,14.005612025094962,25.652055306848016,14.465641690380581,14.451326206513047,31.355381834066726,-0.030842441382106955,-0.1818930656753224,0.0009906000088132061
Arnoldi_highacc_N2000,907,14.005813443935185,25.654246618651303,14.465506266384757,14.451326206513047,31.355381834066726,-0.03082850364121417,-0.18182317936952383,0.000981228966052956
Arnoldi_highacc_N2000,908,14.006315466107443,25.659708544683955,14.465408861132216,14.451326206513047,31.355381834066726,-0.03079376481066784,-0.18164898515745662,0.0009744887367377256
Arnoldi_highacc_N2000,909,14.006610197813343,25.6629169697965,14.465285804755666,14.451326206513047,31.355381834066726,-0.030773370024633127,-0.18154666061459113,0.0009659735060390713
Arnoldi_highacc_N2000,910,14.006113428031902,25.65750303007846,14.465064374433616,14.451326206513047,31.355381834066726,-0.030807745401283095,-0.18171932442543834,0.0009506510146022644
Arnoldi_highacc_N2000,911,14.005815846581186,25.65425941239061,14.464867750292376,14.451326206513047,31.355381834066726,-0.030828337383393536,-0.18182277134581123,0.0009370450563371913
Arnoldi_highacc_N2000,912,14.004926113097257,25.644552385567735,14.464597932717805,14.451326206513047,31.355381834066726,-0.0308899049842638,-0.18213235222970042,0.0009183742734128252
Arnoldi_highacc_N2000,913,14.004356816658898,25.638341124987843,14.464367670266416,14.451326206513047,31.355381834066726,-0.030929299046111372,-0.18233044455760644,0.0009024406180445712
Arnoldi_highacc_N2000,914,14.003822529250334,25.632510008927063,14.46414179533636,14.451326206513047,31.355381834066726,-0.030966270560069984,-0.18251641314480585,0.0008868105695059062
Arnoldi_highacc_N2000,915,14.003556735760242,25.6296089545746,14.463949323111002,14.451326206513047,31.355381834066726,-0.030984662885195982,-0.18260893488055813,0.0008734919146913099
Arnoldi_highacc_N2000,916,14.002508174850647,25.618151484230903,14.463660135170738,14.451326206513047,31.355381834066726,-0.031057220994715546,-0.1829743416998509,0.0008534807450497075
Arnoldi_highacc_N2000,917,14.000487859568763,25.596047771727772,14.46325202573396,14.451326206513047,31.355381834066726,-0.03119702237024422,-0.18367928328276975,0.000825240469316805
Arnoldi_highacc_N2000,918,13.998624500394637,25.57565720217565,14.462862581036271,14.451326206513047,31.355381834066726,-0.03132596272820842,-0.1843295885369054,0.0007982917524915542
Arnoldi_highacc_N2000,919,13.996862260598515,25.55636833511186,14.462485086267638,14.451326206513047,31.355381834066726,-0.03144790584754149,-0.18494475779766792,0.0007721699444831422
Arnoldi_highacc_N2000,920,13.995408521986707,25.540455380535054,14.462144950314212,14.451326206513047,31.355381834066726,-0.031548501363207915,-0.18545226093256886,0.0007486332843479247
Arnoldi_highacc_N2000,921,13.994150760524324,25.526685479429627,14.461828610491741,14.451326206513047,31.355381834066726,-0.031635535691020455,-0.18589141683818972,0.0007267432641553283
Arnoldi_highacc_N2000,922,13.993232394386617,25.516631112401647,14.461553871885451,14.451326206513047,31.355381834066726,-0.031699084608578856,-0.1862120752527862,0.0007077319566556614
Arnoldi_highacc_N2000,923,13.992525368715434,25.508889471116074,14.461305184572176,14.451326206513047,31.355381834066726,-0.03174800923051868,-0.18645897517339768,0.0006905233413547645
Arnoldi_highacc_N2000,924,13.991843508299375,25.5014210035164,14.46105961912952,14.451326206513047,31.355381834066726,-0.031795192472133645,-0.18669716291543184,0.0006735307526368387
Arnoldi_highacc_N2000,925,13.99133790942647,25.495882214157735,14.460835914530223,14.451326206513047,31.355381834066726,-0.03183017880250086,-0.18687380848740973,0.0006580508862149248
Arnoldi_highacc_N2000,926,13.991160365723479,25.493937214970174,14.460653085803266,14.451326206513047,31.355381834066726,-0.03184246443639036,-0.1869358392800135,0.0006453995402868637
Arnoldi_highacc_N2000,927,13.991299069345184,25.49545674835617,14.460509948212001,14.451326206513047,31.355381834066726,-0.031832866450729906,-0.18688737763492697,0.000635494733681664
Arnoldi_highacc_N2000,928,13.991372697952285,25.496263697109576,14.460358930101648,14.451326206513047,31.355381834066726,-0.03182777151300247,-0.186861642060802,0.0006250446124820648
Arnoldi_highacc_N2000,929,13.991720433463712,25.50007500061294,14.460242526728315,14.451326206513047,31.355381834066726,-0.031803708980162354,-0.1867400902479893,0.0006169897549783484
Arnoldi_highacc_N2000,930,13.991972303989316,25.50283680230293,14.460114415186458,14.451326206513047,31.355381834066726,-0.031786280093567126,-0.18665200962104608,0.0006081247179550315
Arnoldi_highacc_N2000,931,13.992531661454441,25.508970367275815,14.460025265322974,14.451326206513047,31.355381834066726,-0.03174757378681495,-0.18645639519653218,0.0006019557434117736
Arnoldi_highacc_N2000,932,13.993119723463087,25.515420678940558,14.459940121412147,14.451326206513047,31.355381834066726,-0.031706881188762547,-0.1862506789434539,0.0005960639719847105
Arnoldi_highacc_N2000,933,13.994001840000585,25.525096669366416,14.459892527653972,14.451326206513047,31.355381834066726,-0.031645840663838194,-0.18594208788635677,0.0005927705885612587
Arnoldi_highacc_N2000,934,13.994496609884663,25.530527886135488,14.459796506655305,14.451326206513047,31.355381834066726,-0.03161160367568862,-0.1857688730679944,0.000586126146570625
Arnoldi_highacc_N2000,935,13.994773344214908,25.533567388569978,14.459673448161418,14.451326206513047,31.355381834066726,-0.03159245426847924,-0.1856719358834761,0.0005776107693568767
Arnoldi_highacc_N2000,936,13.995230496303158,25.53858925234007,14.459573359518481,14.451326206513047,31.355381834066726,-0.031560820349092356,-0.18551177633585303,0.0005706848553261489
Arnoldi_highacc_N2000,937,13.995888655071074,25.545820100722207,14.45949895132806,14.451326206513047,31.355381834066726,-0.03151527720941711,-0.1852811668532321,0.0005655359721469665
Arnoldi_highacc_N2000,938,13.996824874019302,25.556106264635485,14.45946011582125,14.451326206513047,31.355381834066726,-0.03145049291662287,-0.18495311586767202,0.000562848640461596
Arnoldi_highacc_N2000,939,13.997235111676497,25.560617545088345,14.459355384571824,14.451326206513047,31.355381834066726,-0.03142210537271629,-0.18480924007382157,0.0005556014682692902
Arnoldi_highacc_N2000,940,13.997883362075392,25.567746795541503,14.45928096363635,14.451326206513047,31.355381834066726,-0.03137724787039222,-0.1845818707982412,0.0005504517031605842
Arnoldi_highacc_N2000,941,13.998167887003996,25.570878159877346,14.459161187444384,14.451326206513047,31.355381834066726,-0.03135755937090516,-0.18448200391247294,0.0005421634540230506
Arnoldi_highacc_N2000,942,13.998753319735782,25.57732130956375,14.459079547962151,14.451326206513047,31.355381834066726,-0.03131704871303061,-0.18427651607244275,0.0005365141813496899
Arnoldi_highacc_N2000,943,13.999457481998496,25.585072786724766,14.45901327014088,14.451326206513047,31.355381834066726,-0.031268322232661155,-0.18402930246164903,0.0005319279018397693
Arnoldi_highacc_N2000,944,13.999914698348226,25.59010886648942,14.458916291382897,14.451326206513047,31.355381834066726,-0.031236683866521172,-0.18386868953110636,0.000525217185010292
Arnoldi_highacc_N2000,945,14.000628652844933,25.59797330823596,14.45885201299474,14.451326206513047,31.355381834066726,-0.031187279785089186,-0.18361787320272738,0.0005207692618758695
Arnoldi_highacc_N2000,946,14.001637043824962,25.609081245516755,14.458825413772303,14.451326206513047,31.355381834066726,-0.03111750134637573,-0.1832636138497532,0.0005189286541657552
Arnoldi_highacc_N2000,947,14.00291012289302,25.623105473559974,14.458832954662615,14.451326206513047,31.355381834066726,-0.03102940707392865,-0.18281634683455833,0.000519450467195537
Arnoldi_highacc_N2000,948,14.003961120571454,25.634689915285023,14.458812836256877,14.451326206513047,31.355381834066726,-0.03095668034536309,-0.18244689058662125,0.0005180583177519293
Arnoldi_highacc_N2000,949,14.004860385826237,25.644606838540028,14.45877399622749,14.451326206513047,31.355381834066726,-0.03089445316690672,-0.18213061559091284,0.000515370673114237
Arnoldi_highacc_N2000,950,14.005342236769515,25.649924744291322,14.458682951170454,14.451326206513047,31.355381834066726,-0.03086111014105625,-0.18196101453870953,0.0005090705553440371
Arnoldi_highacc_N2000,951,14.005997623867431,25.65715892596478,14.458614109216724,14.451326206513047,31.355381834066726,-0.030815758794851007,-0.1817302987492562,0.0005043068435056423
Arnoldi_highacc_N2000,952,14.006792210619508,25.665931189361803,14.458563235884371,14.451326206513047,31.355381834066726,-0.030760775138629962,-0.18145052976275663,0.0005007865207598192
Arnoldi_highacc_N2000,953,14.007302599148282,25.67156948283068,14.458476959882145,14.451326206513047,31.355381834066726,-0.030725457374607457,-0.18127071076075196,0.0004948164110969429
Arnoldi_highacc_N2000,954,14.007920585820509,25.6783978912538,14.45840458534047,14.451326206513047,31.355381834066726,-0.03068269405562929,-0.18105293607507747,0.0004898082519397104
Arnoldi_highacc_N2000,955,14.008221370294155,25.68172361741828,14.458292715236382,14.451326206513047,31.355381834066726,-0.030661880431374466,-0.18094687051408115,0.0004820670867007335
Arnoldi_highacc_N2000,956,14.008799880235834,25.688120325182158,14.458216039499439,14.451326206513047,31.355381834066726,-0.030621848815354454,-0.18074286382082103,0.00047676129428777543
Arnoldi_highacc_N2000,957,14.008314636957945,25.68274710604378,14.458006835367158,14.451326206513047,31.355381834066726,-0.030655426583301525,-0.18091422895254905,0.00046228482830180424
Arnoldi_highacc_N2000,958,14.007847292084563,25.677570464836478,14.457799907928601,14.451326206513047,31.355381834066726,-0.03068776582100908,-0.18107932473210925,0.0004479659045158829
Arnoldi_highacc_N2000,959,14.0072438849574,25.67088355836525,14.457576190565325,14.451326206513047,31.355381834066726,-0.03072952026752418,-0.18129258657362068,0.00043248515485461
Arnoldi_highacc_N2000,960,14.006790098874918,25.665853855136838,14.457371030185973,14.451326206513047,31.355381834066726,-0.03076092126671264,-0.1814529961407894,0.0004182885076805018
Arnoldi_highacc_N2000,961,14.006089912076913,25.658088552206305,14.45713543364324,14.451326206513047,31.355381834066726,-0.030809372653664877,-0.18170065068926938,0.00040198574491903026
Arnoldi_highacc_N2000,962,14.005593285918833,25.652580143630885,14.456925022538218,14.451326206513047,31.355381834066726,-0.03084373809189409,-0.18187632734358572,0.0003874257590731395
Arnoldi_highacc_N2000,963,14.00433689077557,25.638629252306938,14.456621011346975,14.451326206513047,31.355381834066726,-0.03093067787342759,-0.18232125547100497,0.0003663888530550377
Arnoldi_highacc_N2000,964,14.002548589462302,25.618755076540964,14.45625185332873,14.451326206513047,31.355381834066726,-0.031054424392446805,-0.18295509166126886,0.0003408439298438794
Arnoldi_highacc_N2000,965,14.001013312358317,25.60169151456459,14.455913197902358,14.451326206513047,31.355381834066726,-0.03116066219249679,-0.18349929048706137,0.00031740971892561874
Arnoldi_highacc_N2000,966,13.999772314861834,25.58789819499835,14.455610297308922,14.451326206513047,31.355381834066726,-0.031246536490727193,-0.18393919326481206,0.0002964496638339734
Arnoldi_highacc_N2000,967,13.998731874458217,25.57633255717041,14.45533186103788,14.451326206513047,31.355381834066726,-0.03131853267908729,-0.18430804981036922,0.0002771824860633482
Arnoldi_highacc_N2000,968,13.99772106138377,25.5650929126665,14.455056960789458,14.451326206513047,31.355381834066726,-0.031388478721409145,-0.18466650962959227,0.000258159993283503
Arnoldi_highacc_N2000,969,13.997026561146745,25.557370457778088,14.454820982176214,14.451326206513047,31.355381834066726,-0.031436536610844334,-0.1849127976489594,0.0002418307920827574
Arnoldi_highacc_N2000,970,13.99648980576427,25.55140106307889,14.4546045278681,14.451326206513047,31.355381834066726,-0.03147367890317133,-0.18510317628095269,0.00022685262986971955
Arnoldi_highacc_N2000,971,13.995926868852273,25.545138281773312,14.454384871990204,14.451326206513047,31.355381834066726,-0.03151263289977709,-0.18530291173111313,0.00021165292606699707
Arnoldi_highacc_N2000,972,13.995569739355881,25.54116470735498,14.454190790013598,14.451326206513047,31.355381834066726,-0.03153734547572259,-0.1854296387612402,0.00019822288000533798
Arnoldi_highacc_N2000,973,13.994584825561917,25.530195419207644,14.453919142070099,14.451326206513047,31.355381834066726,-0.03160549934477856,-0.1857794762534253,0.00017942543957547607
Arnoldi_highacc_N2000,974,13.993889608347818,25.522452362519907,14.453683152476058,14.451326206513047,31.355381834066726,-0.03165360684745096,-0.1860264213146819,0.0001630954785277407
Arnoldi_highacc_N2000,975,13.99332585119616,25.5161722738167,14.453463432242895,14.451326206513047,31.355381834066726,-0.03169261760283784,-0.18622670874018482,0.00014789132148198284
Arnoldi_highacc_N2000,976,13.993046809124449,25.513063748935313,14.453279102982009,14.451326206513047,31.355381834066726,-0.03171192670068277,-0.18632584721975548,0.00013513614190524624
Arnoldi_highacc_N2000,977,13.992746192674819,25.50971372303826,14.45309220739988,14.451326206513047,31.355381834066726,-0.03173272869804511,-0.18643268775879857,0.00012220337854097678
Arnoldi_highacc_N2000,978,13.992562767223967,25.5076692488373,14.452920016065853,14.451326206513047,31.355381834066726,-0.0317454213359546,-0.18649789105346037,0.00011028811681577258
Arnoldi_highacc_N2000,979,13.992310286882082,25.504853965846277,14.45273936814718,14.451326206513047,31.355381834066726,-0.03176289242049571,-0.18658767733021253,9.778767802613021e-05
Arnoldi_highacc_N2000,980,13.99196829181197,25.50103895270734,14.452547707901966,14.451326206513047,31.355381834066726,-0.03178655772741806,-0.18670934745239842,8.452521045220401e-05
Arnoldi_highacc_N2000,981,13.991046499453127,25.49074662381183,14.452284367617482,14.451326206513047,31.355381834066726,-0.03185034373194601,-0.18703759505435644,6.630264176055551e-05
Arnoldi_highacc_N2000,982,13.99031752355994,25.482606200712368,14.452044757439541,14.451326206513047,31.355381834066726,-0.03190078726098756,-0.18729721310469755,4.972214426734071e-05
Arnoldi_highacc_N2000,983,13.989354377230708,25.471844715330406,14.451776231273534,14.451326206513047,31.355381834066726,-0.03196743486934324,-0.18764042325722935,3.11407239762466e-05
Arnoldi_highacc_N2000,984,13.988206532853065,25.459012960250245,14.451484893858543,14.451326206513047,31.355381834066726,-0.03204686317656155,-0.18804965938607213,1.0980815409545283e-05
Arnoldi_highacc_N2000,985,13.987257138661572,25.448398434452496,14.451217837685652,14.451326206513047,31.355381834066726,-0.03211255916722186,-0.1883881826371657,-7.498884589952719e-06
Arnoldi_highacc_N2000,986,13.986569103595379,25.44070560996343,14.450982975619194,14.451326206513047,31.355381834066726,-0.03216016968105025,-0.18863352567045347,-2.3750823208030136e-05
Arnoldi_highacc_N2000,987,13.986174840671666,25.43629736487799,14.450784540262227,14.451326206513047,31.355381834066726,-0.03218745180852277,-0.1887741154138273,-3.748211361915347e-05
Arnoldi_highacc_N2000,988,13.98598500541214,25.434174604634286,14.450611634560364,14.451326206513047,31.355381834066726,-0.03220058799109961,-0.1888418154423244,-4.9446808027959735e-05
Arnoldi_highacc_N2000,989,13.98588894966093,25.433100262420883,14.450450570892635,14.451326206513047,31.355381834066726,-0.03220723483788975,-0.1888760788494514,-6.059205971126732e-05
Arnoldi_highacc_N2000,990,13.986065243380764,25.43507207797752,14.450323750740353,14.451326206513047,31.355381834066726,-0.03219503570008643,-0.18881319281709272,-6.936773541532696e-05
Arnoldi_highacc_N2000,991,13.985984674711503,25.43417039060067,14.45016503467636,14.451326206513047,31.355381834066726,-0.03220061087485657,-0.1888419498381879,-8.035053808165513e-05
Arnoldi_highacc_N2000,992,13.986191986712502,25.436490542354107,14.45004252154444,14.451326206513047,31.355381834066726,-0.032186265340195155,-0.18876795451050488,-8.882817744634043e-05
Arnoldi_highacc_N2000,993,13.985544183913756,25.42923158430925,14.449813702361462,14.451326206513047,31.355381834066726,-0.032231091869573035,-0.18899946047918587,-0.00010466196181377243
Arnoldi_highacc_N2000,994,13.984817493598326,25.421085369838327,14.449575129755848,14.451326206513047,31.355381834066726,-0.032281377241658984,-0.18925926323056147,-0.0001211706615832423
Arnoldi_highacc_N2000,995,13.984321876793315,25.415529087656967,14.44936516700368,14.451326206513047,31.355381834066726,-0.03231567283487506,-0.18943646669154188,-0.00013569962239744367
Arnoldi_highacc_N2000,996,13.983494179912354,25.406243674109103,14.449114148234523,14.451326206513047,31.355381834066726,-0.0323729476392171,-0.1897326012944309,-0.00015306956931928462
Arnoldi_highacc_N2000,997,13.982873184390847,25.399276422096648,14.448888648459212,14.451326206513047,31.355381834066726,-0.03241591916395002,-0.18995480404256918,-0.00016867365797445922
Arnoldi_highacc_N2000,998,13.982511700893824,25.39522060125165,14.44869537438033,14.451326206513047,31.355381834066726,-0.0324409330271663,-0.19008415411288437,-0.00018204779928991812
Arnoldi_highacc_N2000,999,13.982188919813531,25.39159802038218,14.448507005289002,14.451326206513047,31.355381834066726,-0.03246326876823809,-0.19019968709821503,-0.00019508252625102598
Arnoldi_highacc_N2000,1000,13.982052195887249,25.390063387698937,14.448341924119587,14.451326206513047,31.355381834066726,-0.03247272976332796,-0.1902486302969094,-0.00020650578021790133
Arnoldi_highacc_N2000,1001,13.982071457340762,25.390279615851707,14.448196487665477,14.451326206513047,31.355381834066726,-0.03247139691309416,-0.19024173425099566,-0.00021656966307762667
Arnoldi_highacc_N2000,1002,13.98236724815499,25.39360018207647,14.44808591924713,14.451326206513047,31.355381834066726,-0.03245092883909176,-0.1901358332531276,-0.00022422075452531776
Arnoldi_highacc_N2000,1003,13.982429079948787,25.394294709070518,14.447946281551769,14.451326206513047,31.355381834066726,-0.03244665021490783,-0.19011368308453055,-0.00023388337602916627
Arnoldi_highacc_N2000,1004,13.982656930277233,25.396854379153986,14.447827662354463,14.451326206513047,31.355381834066726,-0.03243088347314375,-0.190032048930081,-0.0002420915636799323
Arnoldi_highacc_N2000,1005,13.983156407573219,25.40246556497467,14.447743463325976,14.451326206513047,31.355381834066726,-0.03239632074244016,-0.18985309445743645,-0.00024791795132657416
Arnoldi_highacc_N2000,1006,13.983726619971454,25.408872899170802,14.44766851300281,14.451326206513047,31.355381834066726,-0.03235686329818299,-0.18964874886119906,-0.00025310434889968023
Arnoldi_highacc_N2000,1007,13.984125314540973,25.413355205604475,14.447572293351246,14.451326206513047,31.355381834066726,-0.032329274510564374,-0.1895057971198555,-0.0002597625372340032
Arnoldi_highacc_N2000,1008,13.983878031706032,25.410572271421433,14.44739549553717,14.451326206513047,31.355381834066726,-0.03234638593905249,-0.18959455171381226,-0.000271996557250532
Arnoldi_highacc_N2000,1009,13.983835549088212,25.41009412725999,14.4472443686691,14.451326206513047,31.355381834066726,-0.03234932564280098,-0.18960980090337642,-0.00028245420424506147
Arnoldi_highacc_N2000,1010,13.983360075980888,25.404738431505884,14.447039490933841,14.451326206513047,31.355381834066726,-0.03238222733642613,-0.1897806071714183,-0.0002966312930693698
Arnoldi_highacc_N2000,1011,13.982542228842851,25.395519962109805,14.44679227931667,14.451326206513047,31.355381834066726,-0.032438820560214056,-0.19007460676118132,-0.0003137377934444189
Arnoldi_highacc_N2000,1012,13.981997060101214,25.389374899435232,14.446578764720424,14.451326206513047,31.355381834066726,-0.032476545038496944,-0.19027058787559073,-0.0003285125340595025
Arnoldi_highacc_N2000,1013,13.98171777805894,25.386226800211105,14.446398323033648,14.451326206513047,31.355381834066726,-0.0324958707417773,-0.19037098847797493,-0.00034099870205528204
Arnoldi_highacc_N2000,1014,13.981490285900879,25.383661826386952,14.446224441577614,14.451326206513047,31.355381834066726,-0.03251161269893817,-0.19045279178171803,-0.0003530309165073599
Arnoldi_highacc_N2000,1015,13.98098993275696,25.378016893835554,14.44601675089986,14.451326206513047,31.355381834066726,-0.03254623603639303,-0.1906328225203412,-0.0003674026547676871
Arnoldi_highacc_N2000,1016,13.980105710912413,25.368033931595285,14.445761609487471,14.451326206513047,31.355381834066726,-0.032607422243936306,-0.19095120366119603,-0.00038505787953685693
Arnoldi_highacc_N2000,1017,13.979133898745557,25.357057603859413,14.445495604316568,14.451326206513047,31.355381834066726,-0.0326746695092024,-0.1913012656631183,-0.0004034648525096002
Arnoldi_highacc_N2000,1018,13.97840239356608,25.348795027862376,14.445259173204924,14.451326206513047,31.355381834066726,-0.03272528805929417,-0.19156477946884273,-0.00041982536560471266
Arnoldi_highacc_N2000,1019,13.977772854146563,25.34168275584873,14.445035342232297,14.451326206513047,31.355381834066726,-0.03276885080298432,-0.19179160726036143,-0.0004353139767833049
Arnoldi_highacc_N2000,1020,13.976993581356213,25.332874685018567,14.444792993856089,14.451326206513047,31.355381834066726,-0.03282277476672398,-0.19207251823369212,-0.00045208395157625734
Arnoldi_highacc_N2000,1021,13.976083055749617,25.322578407775264,14.444534406087106,14.451326206513047,31.355381834066726,-0.03288578113676809,-0.1924008917581413,-0.00046997765664437234
Arnoldi_highacc_N2000,1022,13.975072883011844,25.3111505344969,14.444263464515014,14.451326206513047,31.355381834066726,-0.03295568286919996,-0.19276535465445813,-0.0004887262177258966
Arnoldi_highacc_N2000,1023,13.973964638411369,25.29860797569928,14.443980352076617,14.451326206513047,31.355381834066726,-0.03303237095890455,-0.1931653676048344,-0.0005083169759962443
Arnoldi_highacc_N2000,1024,13.973031119177845,25.28804157153937,14.443718629459388,14.451326206513047,31.355381834066726,-0.033096968437377,-0.19350235613891853,-0.0005264276056705221
Arnoldi_highacc_N2000,1025,13.971957521612893,25.27588402955304,14.443439572094853,14.451326206513047,31.355381834066726,-0.033171259028400284,-0.19389008995924537,-0.0005457377617452977
Arnoldi_highacc_N2000,1026,13.971129086661591,25.266502311446967,14.443190625398103,14.451326206513047,31.355381834066726,-0.033228584905587145,-0.19418929595060347,-0.0005629643258123489
Arnoldi_highacc_N2000,1027,13.970463862618416,25.258967904641757,14.442961819781202,14.451326206513047,31.355381834066726,-0.03327461694677621,-0.19442958665556384,-0.0005787971714371306
Arnoldi_highacc_N2000,1028,13.969925804043202,25.25287275626198,14.442748779290726,14.451326206513047,31.355381834066726,-0.033311849417175514,-0.19462397588073846,-0.0005935391049753426
Arnoldi_highacc_N2000,1029,13.969512625369495,25.248191453423633,14.442551287469405,14.451326206513047,31.355381834066726,-0.03334044047295839,-0.19477327410530224,-0.0006072051047942686
Arnoldi_highacc_N2000,1030,13.96931940630661,25.24600214901395,14.44238126560689,14.451326206513047,31.355381834066726,-0.03335381080728781,-0.19484309639039732,-0.0006189702438607178
Arnoldi_highacc_N2000,1031,13.969188271223954,25.24451594486534,14.44221912586066,14.451326206513047,31.355381834066726,-0.03336288506668669,-0.19489049508439102,-0.0006301899578103666
Arnoldi_highacc_N2000,1032,13.969306655227452,25.245857669476344,14.442088363970507,14.451326206513047,31.355381834066726,-0.033354693153930304,-0.19484770419706895,-0.0006392383931085899
Arnoldi_highacc_N2000,1033,13.969384998874032,25.24674590318916,14.441952797530448,14.451326206513047,31.355381834066726,-0.03334927194583768,-0.1948193762463038,-0.0006486192926967828
Arnoldi_highacc_N2000,1034,13.969713357217957,25.250468794170036,14.441848833257035,14.451326206513047,31.355381834066726,-0.03332655027038502,-0.1947006441255924,-0.0006558133918352799
Arnoldi_highacc_N2000,1035,13.970284399911476,25.25694337357894,14.441775739984108,14.451326206513047,31.355381834066726,-0.033287035371519794,-0.19449415391465608,-0.0006608712856149284
Arnoldi_highacc_N2000,1036,13.97107633211388,25.26592285278065,14.441730939555296,14.451326206513047,31.355381834066726,-0.033232235404299704,-0.19420777630811856,-0.0006639713767880044
Arnoldi_highacc_N2000,1037,13.972094204796072,25.277464629256485,14.441715234356323,14.451326206513047,31.355381834066726,-0.033161800852643565,-0.1938396807595804,-0.0006650581420265711
Arnoldi_highacc_N2000,1038,13.97277559681582,25.285196446754675,14.441657270518224,14.451326206513047,31.355381834066726,-0.033114650023023426,-0.19359309414363338,-0.0006690691121805049
Arnoldi_highacc_N2000,1039,13.973625401053097,25.294840272125292,14.441621010364237,14.451326206513047,31.355381834066726,-0.03305584543823083,-0.19328552890900627,-0.0006715782351128073
Arnoldi_highacc_N2000,1040,13.974415887769194,25.30381430411064,14.44157762877318,14.451326206513047,31.355381834066726,-0.03300114549548503,-0.19299932502755332,-0.000674580145832784
Arnoldi_highacc_N2000,1041,13.975388630143868,25.314858362187557,14.441557774920806,14.451326206513047,31.355381834066726,-0.032933833861883116,-0.19264710293900209,-0.0006759539887652574
Arnoldi_highacc_N2000,1042,13.975659900174719,25.31794171168982,14.441449679664636,14.451326206513047,31.355381834066726,-0.03291506257217765,-0.19254876736399365,-0.0006834339428279747
Arnoldi_highacc_N2000,1043,13.976141975169462,25.32342146378317,14.441368372185364,14.451326206513047,31.355381834066726,-0.03288170404245838,-0.192374004635147,-0.0006890602416264474
Arnoldi_highacc_N2000,1044,13.976828242859785,25.331222768780243,14.441313163303095,14.451326206513047,31.355381834066726,-0.03283421582715438,-0.19212520189249957,-0.0006928805748941661
Arnoldi_highacc_N2000,1045,13.977493347729707,25.338785979312995,14.441255633711183,14.451326206513047,31.355381834066726,-0.03278819203249238,-0.1918839925660504,-0.000696861496166686
Arnoldi_highacc_N2000,1046,13.978375103544288,25.348813277023755,14.441225907860414,14.451326206513047,31.355381834066726,-0.03272717646880086,-0.1915641974583453,-0.000698918459683012
Arnoldi_highacc_N2000,1047,13.979202783243455,25.35822907389523,14.441189725464794,14.451326206513047,31.355381834066726,-0.03266990285340117,-0.19126390461160833,-0.0007014222019072918
Arnoldi_highacc_N2000,1048,13.97935274519335,25.359936936034476,14.441068473878591,14.451326206513047,31.355381834066726,-0.03265952581618317,-0.19120943670085913,-0.0007098125450820192
Arnoldi_highacc_N2000,1049,13.978568220148755,25.35099009128413,14.440831147798784,14.451326206513047,31.355381834066726,-0.032713813224368615,-0.19149477351473343,-0.0007262349880063244
Arnoldi_highacc_N2000,1050,13.977926878101103,25.343675079684576,14.440611485877117,14.451326206513047,31.355381834066726,-0.032758192683975805,-0.191728067168699,-0.0007414351100247607
Arnoldi_highacc_N2000,1051,13.976886488744325,25.331799772500265,14.440342574392012,14.451326206513047,31.355381834066726,-0.03283018534000683,-0.19210679982924053,-0.000760043193550219
Arnoldi_highacc_N2000,1052,13.975942748430107,25.32102553407134,14.440085449540483,14.451326206513047,31.355381834066726,-0.032895490094790716,-0.19245041670770635,-0.0007778356679470414
Arnoldi_highacc_N2000,1053,13.975015284517573,25.310434105642155,14.439830244623984,14.451326206513047,31.355381834066726,-0.03295966855836426,-0.19278820332708907,-0.0007954952870610282
Arnoldi_highacc_N2000,1054,13.974252203276341,25.30171885243527,14.439595247265151,14.451326206513047,31.355381834066726,-0.03301247210250457,-0.19306615411885453,-0.0008117565876139692
Arnoldi_highacc_N2000,1055,13.973748964956318,25.295971246067257,14.439392395130948,14.451326206513047,31.355381834066726,-0.03304729508780239,-0.19324945937721266,-0.000825793509298817
Arnoldi_highacc_N2000,1056,13.973424438124525,25.292264384007257,14.439211790814719,14.451326206513047,31.355381834066726,-0.033069751631039715,-0.1933676802963396,-0.0008382909308951791
Arnoldi_highacc_N2000,1057,13.973319619084021,25.291067045434172,14.43905866696751,14.451326206513047,31.355381834066726,-0.03307700487818156,-0.19340586635892437,-0.0008488867644554229
Arnoldi_highacc_N2000,1058,13.973035293711412,25.2878175769736,14.43888329752339,14.451326206513047,31.355381834066726,-0.03309667956883254,-0.19350949987478352,-0.0008610219444115147
Arnoldi_highacc_N2000,1059,13.97296072862347,25.286965345516176,14.438734194119316,14.451326206513047,31.355381834066726,-0.033101839308975194,-0.19353667962535825,-0.0008713395721463354
Arnoldi_highacc_N2000,1060,13.972796307874255,25.28508536313969,14.438574020779047,14.451326206513047,31.355381834066726,-0.033113216863316246,-0.19359663687245657,-0.0008824232151269512
Arnoldi_highacc_N2000,1061,13.972403661748713,25.280593337140775,14.438385546746753,14.451326206513047,31.355381834066726,-0.03314038711191012,-0.19373989859456492,-0.0008954652037721869
Arnoldi_highacc_N2000,1062,13.972151002193241,25.277702411983427,14.43821456325145,14.451326206513047,31.355381834066726,-0.03315787059763736,-0.19383209728545148,-0.0009072968857133629
Arnoldi_highacc_N2000,1063,13.971525472844787,25.270539929907454,14.437997357394817,14.451326206513047,31.355381834066726,-0.03320115585322673,-0.19406052639895668,-0.0009223270534314251
Arnoldi_highacc_N2000,1064,13.970629898566813,25.26027917192273,14.437746775059166,14.451326206513047,31.355381834066726,-0.03326312762420307,-0.19438776712716802,-0.0009396668001142025
Arnoldi_highacc_N2000,1065,13.96994400676214,25.252420291351086,14.437522026475687,14.451326206513047,31.355381834066726,-0.03331058982904655,-0.19463840609604527,-0.0009552189079461945
Arnoldi_highacc_N2000,1066,13.96915975195159,25.243430695633425,14.437285099493344,14.451326206513047,31.355381834066726,-0.033364858537630236,-0.1949251063430789,-0.0009716137342034405
Arnoldi_highacc_N2000,1067,13.968625059028648,25.237301635257005,14.437079031731447,14.451326206513047,31.355381834066726,-0.03340185811229219,-0.19512057710496775,-0.0009858731702547094
Arnoldi_highacc_N2000,1068,13.96833130747638,25.23393435937789,14.436902943771742,14.451326206513047,31.355381834066726,-0.03342218507385065,-0.19522796778823015,-0.0009980580699095016
Arnoldi_highacc_N2000,1069,13.968241460856035,25.232904384923586,14.436752389275629,14.451326206513047,31.355381834066726,-0.0334284022624367,-0.19526081619874402,-0.001008476110022998
Arnoldi_highacc_N2000,1070,13.96819655065502,25.23238942226361,14.43660759891173,14.451326206513047,31.355381834066726,-0.03343150994960493,-0.19527723962049354,-0.0010184952848606753
Arnoldi_highacc_N2000,1071,13.968396334443092,25.234680260631876,14.436493634044428,14.451326206513047,31.355381834066726,-0.03341768535072604,-0.19520417916853058,-0.0010263814031084286
Arnoldi_highacc_N2000,1072,13.968677454856444,25.237904394648016,14.436390111932655,14.451326206513047,31.355381834066726,-0.03339823243620912,-0.19510135363021622,-0.0010335449056336778
Arnoldi_highacc_N2000,1073,13.968780839564406,25.239090701327118,14.436264512595534,14.451326206513047,31.355381834066726,-0.03339107844172549,-0.19506351940177724,-0.0010422361036127512
Arnoldi_highacc_N2000,1074,13.968414456571237,25.23488301797614,14.436080438242708,14.451326206513047,31.355381834066726,-0.03341643133930275,-0.19519771273972616,-0.0010549736441121298
Arnoldi_highacc_N2000,1075,13.9681536025372,25.231886751308465,14.435909574563286,14.451326206513047,31.355381834066726,-0.033434481864929914,-0.19529327102964056,-0.0010667970350577288
Arnoldi_highacc_N2000,1076,13.968111987297776,25.231408724778305,14.43576618214989,14.451326206513047,31.355381834066726,-0.03343736154800042,-0.19530851646765468,-0.0010767194747941548
Arnoldi_highacc_N2000,1077,13.967671297424681,25.22634274967741,14.435573194224908,14.451326206513047,31.355381834066726,-0.03346785631829329,-0.1954700828337638,-0.0010900738148889708
Arnoldi_highacc_N2000,1078,13.96721174905324,25.221058312033236,14.435377913490187,14.451326206513047,31.355381834066726,-0.03349965605520842,-0.19563861650597802,-0.0011035868123765312
Arnoldi_highacc_N2000,1079,13.966651897922217,25.214617829392694,14.435170228036519,14.451326206513047,31.355381834066726,-0.033538396522555296,-0.19584401928737694,-0.0011179581891415894
Arnoldi_highacc_N2000,1080,13.966282223256243,25.210364806166165,14.434986183717841,14.451326206513047,31.355381834066726,-0.033563977196653376,-0.19597965862511602,-0.001130693651343988
Arnoldi_highacc_N2000,1081,13.965592792610654,25.20242779585433,14.43476253057912,14.451326206513047,31.355381834066726,-0.03361168428150757,-0.196232789342957,-0.001146169956807293
Arnoldi_highacc_N2000,1082,13.964681681857073,25.19193296738862,14.434511472848028,14.451326206513047,31.355381834066726,-0.03367473114243651,-0.1965674951526725,-0.0011635425998093112
Arnoldi_highacc_N2000,1083,13.963813864376878,25.181934374391673,14.434265678877285,14.451326206513047,31.355381834066726,-0.03373478220403417,-0.19688637479667936,-0.0011805510021684112
Arnoldi_highacc_N2000,1084,13.963116721289575,25.17390142410072,14.43404091351255,14.451326206513047,31.355381834066726,-0.03378302297289788,-0.1971425652756684,-0.0011961042712263874
Arnoldi_highacc_N2000,1085,13.962644493853233,25.168459923176567,14.433844017987507,14.451326206513047,31.355381834066726,-0.03381570007322721,-0.1973161080809498,-0.001209729008653917
Arnoldi_highacc_N2000,1086,13.962391906100898,25.165549237520448,14.433674499256504,14.451326206513047,31.355381834066726,-0.03383317859033532,-0.1974089369825885,-0.0012214593321259789
Arnoldi_highacc_N2000,1087,13.962363686710315,25.16522404371914,14.433533107974709,14.451326206513047,31.355381834066726,-0.0338351313101189,-0.19741930821018286,-0.0012312432979554855
Arnoldi_highacc_N2000,1088,13.962459747749458,25.16633118790524,14.433407445174588,14.451326206513047,31.355381834066726,-0.03382848409741538,-0.19738399866772666,-0.0012399388874346385
Arnoldi_highacc_N2000,1089,13.96266009377675,25.16864064434851,14.433295062697054,14.451326206513047,31.355381834066726,-0.03381462059281873,-0.1973103444397063,-0.0012477155077896
Arnoldi_highacc_N2000,1090,13.963045690483646,25.17308584421322,14.433206208168437,14.451326206513047,31.355381834066726,-0.03378793814849586,-0.19716857611782038,-0.0012538640458093545
Arnoldi_highacc_N2000,1091,13.963366371520113,25.176784056034037,14.43310943800292,14.451326206513047,31.355381834066726,-0.033765747725839554,-0.19705063107602852,-0.001260560328498933
Arnoldi_highacc_N2000,1092,13.963898653577212,25.18292272477549,14.433039601796148,14.451326206513047,31.355381834066726,-0.03372891497779327,-0.19685485387982216,-0.00126539284046173
Arnoldi_highacc_N2000,1093,13.964478268964498,25.189608825567287,14.43297604633568,14.451326206513047,31.355381834066726,-0.03368880686736774,-0.19664161773340305,-0.0012697907385895242
Arnoldi_highacc_N2000,1094,13.964812043515403,25.193461327747055,14.432881777474282,14.451326206513047,31.355381834066726,-0.03366571040230046,-0.19651875199379396,-0.0012763139365334862
Arnoldi_highacc_N2000,1095,13.96492478252802,25.19476331319949,14.432759976915818,14.451326206513047,31.355381834066726,-0.0336579091105017,-0.19647722848566618,-0.0012847422673817033
Arnoldi_highacc_N2000,1096,13.964861636015943,25.19403368953888,14.432616337920866,14.451326206513047,31.355381834066726,-0.03366227871029993,-0.19650049797300562,-0.0012946817700197225
Arnoldi_highacc_N2000,1097,13.964887641743246,25.194334226426605,14.432484001264053,14.451326206513047,31.355381834066726,-0.03366047917114819,-0.1964909131148363,-0.0013038391757084608
Arnoldi_highacc_N2000,1098,13.964715439326286,25.192343109185714,14.432327049089698,14.451326206513047,31.355381834066726,-0.03367239519978804,-0.1965544147252274,-0.0013146999210899703
Arnoldi_highacc_N2000,1099,13.964400982462436,25.188705485327542,14.432152477502012,14.451326206513047,31.355381834066726,-0.03369415492338404,-0.19667042746834823,-0.001326779891135085
Arnoldi_highacc_N2000,1100,13.96397641815347,25.183792082610445,14.43196428624152,14.451326206513047,31.355381834066726,-0.03372353384009378,-0.19682712792707965,-0.001339802312593311
Arnoldi_highacc_N2000,1101,13.963527033456863,25.178589782923012,14.431773060486606,14.451326206513047,31.355381834066726,-0.03375463027305674,-0.19699304201847753,-0.00135303471439379
Arnoldi_highacc_N2000,1102,13.963005622162243,25.172551411665435,14.431572934224716,14.451326206513047,31.355381834066726,-0.03379071078824057,-0.19718562048202593,-0.0013668830117077881
Arnoldi_highacc_N2000,1103,13.962348772849923,25.164941150388394,14.43135604299734,14.451326206513047,31.355381834066726,-0.033836163316467584,-0.19742833037206375,-0.0013818914077730977
Arnoldi_highacc_N2000,1104,13.961724671351657,25.15770849779006,14.43114319652802,14.451326206513047,31.355381834066726,-0.03387934976796327,-0.19765899739556259,-0.0013966199154739902
Arnoldi_highacc_N2000,1105,13.961155806138311,25.15111450224456,14.430937194195504,14.451326206513047,31.355381834066726,-0.03391871398998806,-0.1978692960798649,-0.001410874823955826
Arnoldi_highacc_N2000,1106,13.960801138364523,25.147003235136374,14.430757815649496,14.451326206513047,31.355381834066726,-0.03394325622014187,-0.19800041446744962,-0.0014232874249479192
Arnoldi_highacc_N2000,1107,13.960541423565056,25.143992128407156,14.430590332894145,14.451326206513047,31.355381834066726,-0.03396122791324159,-0.19809644604330964,-0.0014348768633813285
Arnoldi_highacc_N2000,1108,13.960400887273744,25.1423625310051,14.430437815318896,14.451326206513047,31.355381834066726,-0.03397095271560945,-0.19814841789970986,-0.0014454307442548799
Arnoldi_highacc_N2000,1109,13.96007845635548,25.138621873630022,14.430262732670098,14.451326206513047,31.355381834066726,-0.033993264226238704,-0.19826771663428994,-0.0014575460786052732
Arnoldi_highacc_N2000,1110,13.95997223412058,25.137389512259077,14.430114701632116,14.451326206513047,31.355381834066726,-0.03400061457134775,-0.1983070196597631,-0.0014677895009643578
Arnoldi_highacc_N2000,1111,13.960048110619399,25.138269867477533,14.429989599656642,14.451326206513047,31.355381834066726,-0.03399536408445577,-0.1982789429734987,-0.0014764462826109873
Arnoldi_highacc_N2000,1112,13.960277140671183,25.140927442413002,14.429883904501398,14.451326206513047,31.355381834066726,-0.033979515708430524,-0.1981941863932876,-0.001483760154966559
Arnoldi_highacc_N2000,1113,13.960667572878506,25.145458251433563,14.429798745498555,14.451326206513047,31.355381834066726,-0.03395249865810973,-0.1980496877855354,-0.0014896529707279836
Arnoldi_highacc_N2000,1114,13.96026647675534,25.14079786652435,14.429614729562045,14.451326206513047,31.355381834066726,-0.03398025362796057,-0.19819831888605516,-0.0015023864689467782
Arnoldi_highacc_N2000,1115,13.959693336607653,25.1341352125094,14.4294094024726,14.451326206513047,31.355381834066726,-0.03401991366604262,-0.19841080725727667,-0.0015165946520927728
Arnoldi_highacc_N2000,1116,13.958969535142453,25.12571724271554,14.42918542512106,14.451326206513047,31.355381834066726,-0.0340699991360443,-0.19867927695215729,-0.0015320933923702765
Arnoldi_highacc_N2000,1117,13.958460953818834,25.119802156029085,14.428988087983123,14.451326206513047,31.355381834066726,-0.03410519184544347,-0.19886792356847852,-0.001545748688439103
Arnoldi_highacc_N2000,1118,13.957935359929289,25.11368733840648,14.42878866498156,14.451326206513047,31.355381834066726,-0.034141561787,-0.19906294009402958,-0.0015595483216847403
Arnoldi_highacc_N2000,1119,13.95741578746067,25.107640898056104,14.428590010864239,14.451326206513047,31.355381834066726,-0.034177515059467464,-0.19925577590073007,-0.0015732947498313702
Arnoldi_highacc_N2000,1120,13.956907270272213,25.101721507555165,14.428392752204406,14.451326206513047,31.355381834066726,-0.034212703330854494,-0.1994445597762467,-0.001586944615387945
Arnoldi_highacc_N2000,1121,13.956474853692672,25.09668699587204,14.42820497415391,14.451326206513047,31.355381834066726,-0.034242625607423534,-0.19960512269682495,-0.0015999384436229547
Arnoldi_highacc_N2000,1122,13.956137103698039,25.09275399576249,14.428029020367287,14.451326206513047,31.355381834066726,-0.03426599716445622,-0.19973055571276987,-0.0016121140587955051
Arnoldi_highacc_N2000,1123,13.955475080543273,25.08503974027589,14.42781286682511,14.451326206513047,31.355381834066726,-0.034311807711205004,-0.19997658223311093,-0.001627071408666888
Arnoldi_highacc_N2000,1124,13.95503132629647,25.079868761143377,14.427623780827897,14.451326206513047,31.355381834066726,-0.034342514529420935,-0.20014149743522447,-0.0016401557439390617
Arnoldi_highacc_N2000,1125,13.954571943901813,25.074514054354527,14.427432794608091,14.451326206513047,31.355381834066726,-0.034374302781107514,-0.20031227216273972,-0.0016533715704367088
Arnoldi_highacc_N2000,1126,13.954291638622587,25.07124651242954,14.42726413621048,14.451326206513047,31.355381834066726,-0.03439369929013515,-0.20041648208568946,-0.0016650423607296155
Arnoldi_highacc_N2000,1127,13.954146984036562,25.069560065410965,14.427112492183278,14.451326206513047,31.355381834066726,-0.034403709069442456,-0.2004702670157375,-0.001675535793998991
Arnoldi_highacc_N2000,1128,13.954044525483448,25.068365283496522,14.426966240724523,14.451326206513047,31.355381834066726,-0.03441079897604685,-0.20050837154021006,-0.0016856560733882432
Arnoldi_highacc_N2000,1129,13.953889422300056,25.066555979445287,14.426813537321252,14.451326206513047,31.355381834066726,-0.03442153177531907,-0.20056607468223556,-0.0016962228131524274
Arnoldi_highacc_N2000,1130,13.953907425111012,25.06676599943105,14.426682608686063,14.451326206513047,31.355381834066726,-0.03442028602038292,-0.20055937662998818,-0.0017052827868404962
Arnoldi_highacc_N2000,1131,13.954064109434917,25.06859406992628,14.426569238065904,14.451326206513047,31.355381834066726,-0.0344094438096636,-0.20050107498005432,-0.0017131277844925571
Arnoldi_highacc_N2000,1132,13.9543548084129,25.071986100706937,14.426472914433852,14.451326206513047,31.355381834066726,-0.034389328079534154,-0.20039289480229067,-0.0017197931680480475
Arnoldi_highacc_N2000,1133,13.954519027022016,25.073903132497236,14.426360906416907,14.451326206513047,31.355381834066726,-0.03437796451284348,-0.20033175595855265,-0.0017275438765535767
Arnoldi_highacc_N2000,1134,13.954871032466063,25.078012503592003,14.426272723292794,14.451326206513047,31.355381834066726,-0.03435360651005424,-0.2002006980394843,-0.0017336459548578731
Arnoldi_highacc_N2000,1135,13.955071395247282,25.08035267417127,14.426165688916381,14.451326206513047,31.355381834066726,-0.0343397418461226,-0.20012606426236587,-0.0017410524983738893
Arnoldi_highacc_N2000,1136,13.95465967507449,25.075538928521226,14.425982324927984,14.451326206513047,31.355381834066726,-0.03436823197684893,-0.20027958641290186,-0.0017537408832166547
Arnoldi_highacc_N2000,1137,13.95444687781752,25.073050858142963,14.425823791105033,14.451326206513047,31.355381834066726,-0.03438295707916329,-0.200358937077213,-0.0017647110752035747
Arnoldi_highacc_N2000,1138,13.953993786747546,25.06775017877878,14.425635429485842,14.451326206513047,31.355381834066726,-0.034414309985014296,-0.20052798873769778,-0.0017777452851092525
Arnoldi_highacc_N2000,1139,13.953526186215285,25.06227812775526,14.42544530200595,14.451326206513047,31.355381834066726,-0.03444666691375417,-0.20070250586054703,-0.0017909016886928735
Arnoldi_highacc_N2000,1140,13.953263741416547,25.059206807176977,14.425280744627315,14.451326206513047,31.355381834066726,-0.03446482751680106,-0.2008004578036787,-0.0018022886974894334
Arnoldi_highacc_N2000,1141,13.95301952504612,25.056348076072005,14.42511854578317,14.451326206513047,31.355381834066726,-0.03448172675268694,-0.20089162974730548,-0.0018135125008849262
Arnoldi_highacc_N2000,1142,13.952846446696839,25.054321681364197,14.424965315744046,14.451326206513047,31.355381834066726,-0.03449370339391749,-0.20095625644260556,-0.0018241156826921344
Arnoldi_highacc_N2000,1143,13.95286672776331,25.054559140139133,14.424836384120818,14.451326206513047,31.355381834066726,-0.0344922999887088,-0.2009486833001003,-0.0018330374675432962
Arnoldi_highacc_N2000,1144,13.952831780941944,25.05414982685046,14.424700689064117,14.451326206513047,31.355381834066726,-0.034494718231911276,-0.20096173730438066,-0.0018424272671202554
Arnoldi_highacc_N2000,1145,13.95259645350894,25.05139210955673,14.424540091217798,14.451326206513047,31.355381834066726,-0.03451100237287111,-0.20104968766991355,-0.0018535402849861795
Arnoldi_highacc_N2000,1146,13.951574352306446,25.039399668358566,14.424282093930515,14.451326206513047,31.355381834066726,-0.03458172952883508,-0.20143215602133174,-0.0018713931300189833
Arnoldi_highacc_N2000,1147,13.950724043469554,25.029422168740112,14.424045162328149,14.451326206513047,31.355381834066726,-0.03464056903081162,-0.20175036294578433,-0.0018877882759716959
Arnoldi_highacc_N2000,1148,13.949560943272722,25.01576547721479,14.42376965360134,14.451326206513047,31.355381834066726,-0.03472105300717553,-0.20218590832034217,-0.001906852874118011
Arnoldi_highacc_N2000,1149,13.948199301973986,24.99976938412595,14.423469656569582,14.451326206513047,31.355381834066726,-0.03481527559126767,-0.20269606294622072,-0.0019276120091255185
Arnoldi_highacc_N2000,1150,13.946639422436007,24.981435094071806,14.423145234433909,14.451326206513047,31.355381834066726,-0.034923215825657765,-0.2032807884058299,-0.0019500613076215182
Arnoldi_highacc_N2000,1151,13.945220735866188,24.964758463433725,14.422837808441288,14.451326206513047,31.355381834066726,-0.03502138581708593,-0.203812647042613,-0.0019713345103869206
Arnoldi_highacc_N2000,1152,13.944020244820242,24.9506464448829,14.422556905250593,14.451326206513047,31.355381834066726,-0.03510445715799891,-0.20426271391232956,-0.001990772393573657
Arnoldi_highacc_N2000,1153,13.942953678701945,24.938107272849283,14.422292306670075,14.451326206513047,31.355381834066726,-0.03517826118837339,-0.2046626188504985,-0.0020090820335843316
Arnoldi_highacc_N2000,1154,13.942104758862182,24.92812673516932,14.422054419254033,14.451326206513047,31.355381834066726,-0.03523700457480254,-0.2049809226661809,-0.0020255433197418713
Arnoldi_highacc_N2000,1155,13.941333633443898,24.919059159121655,14.421826083510696,14.451326206513047,31.355381834066726,-0.035290364758308504,-0.20527010989712108,-0.0020413436511491105
Arnoldi_highacc_N2000,1156,13.940741202572687,24.91209243370402,14.42161984026162,14.451326206513047,31.355381834066726,-0.03533135967204484,-0.20549229585085949,-0.0020556152305273
Arnoldi_highacc_N2000,1157,13.94017327092847,24.905412168933022,14.421416639435451,14.451326206513047,31.355381834066726,-0.035370659293138464,-0.20570534587226733,-0.0020696762809295395
Arnoldi_highacc_N2000,1158,13.939474619429614,24.89719073396436,14.421197239400838,14.451326206513047,31.355381834066726,-0.035419004440765234,-0.20596754758973226,-0.0020848582809396203
Arnoldi_highacc_N2000,1159,13.938771475845915,24.88891411420544,14.420977258251359,14.451326206513047,31.355381834066726,-0.03546766043078658,-0.20623150928545392,-0.0021000804928207875
Arnoldi_highacc_N2000,1160,13.93795898729808,24.879346495606228,14.420743722260948,14.451326206513047,31.355381834066726,-0.03552388285191418,-0.20653664409930644,-0.002116240669891984
Arnoldi_highacc_N2000,1161,13.937358536414198,24.872275666138272,14.420536391980304,14.451326206513047,31.355381834066726,-0.03556543273289403,-0.2067621501864393,-0.0021305874694646006
Arnoldi_highacc_N2000,1162,13.936925874474685,24.867180359410384,14.420349911080823,14.451326206513047,31.355381834066726,-0.03559537198783369,-0.20692465201004495,-0.002143491537701419
Arnoldi_highacc_N2000,1163,13.936615082518307,24.86351982727641,14.420178654800328,14.451326206513047,31.355381834066726,-0.03561687810789058,-0.20704139535424487,-0.002155342095778105
Arnoldi_highacc_N2000,1164,13.93607454012965,24.857149705655768,14.419978875575302,14.451326206513047,31.355381834066726,-0.035654282452718955,-0.20724455415021656,-0.002169166378904181
Arnoldi_highacc_N2000,1165,13.9356212743976,24.85180723019455,14.419789960619015,14.451326206513047,31.355381834066726,-0.03568564744480165,-0.2074149387907064,-0.0021822388785202526
Arnoldi_highacc_N2000,1166,13.935237619671721,24.847284391259105,14.419609747867556,14.451326206513047,31.355381834066726,-0.03571219550830777,-0.20755918321290412,-0.0021947092046954507
Arnoldi_highacc_N2000,1167,13.935010672413137,24.844608746799473,14.419449136291524,14.451326206513047,31.355381834066726,-0.03572789975962291,-0.20764451607454146,-0.0022058231726272914
Arnoldi_highacc_N2000,1168,13.934849342227784,24.842706348624187,14.419296818339184,14.451326206513047,31.355381834066726,-0.03573906345373981,-0.20770518821641978,-0.0022163632400344817
Arnoldi_highacc_N2000,1169,13.934847882401504,24.842689133241183,14.419164631088856,14.451326206513047,31.355381834066726,-0.03573916447050869,-0.20770573725719035,-0.0022255103071229234
Arnoldi_highacc_N2000,1170,13.934860836736407,24.842841939362735,14.419034398554217,14.451326206513047,31.355381834066726,-0.03573826805901556,-0.20770086389534262,-0.0022345221121834423
Arnoldi_highacc_N2000,1171,13.935072199813344,24.845335164915134,14.418929252630837,14.451326206513047,31.355381834066726,-0.03572364219880611,-0.20762134881988942,-0.002241797978901629
Arnoldi_highacc_N2000,1172,13.935171753696173,24.846509985036228,14.41881023986488,14.451326206513047,31.355381834066726,-0.03571675328899912,-0.20758388092594665,-0.002250033400637753
Arnoldi_highacc_N2000,1173,13.935337336155804,24.8484643613601,14.418699698547222,14.451326206513047,31.355381834066726,-0.03570529534685143,-0.2075215510734762,-0.002257682616777425
Arnoldi_highacc_N2000,1174,13.935465213559311,24.84997418623252,14.418584600649925,14.451326206513047,31.355381834066726,-0.035696446511687116,-0.2074733990566898,-0.002265647138209701
Arnoldi_highacc_N2000,1175,13.935728504845127,24.853083112025647,14.418486723324765,14.451326206513047,31.355381834066726,-0.035678227333595575,-0.20737424779106078,-0.0022724200339122556
Arnoldi_highacc_N2000,1176,13.936093858208565,24.85739776987164,14.418401928255536,14.451326206513047,31.355381834066726,-0.03565294568413189,-0.20723664277419876,-0.0022782876662677622
Arnoldi_highacc_N2000,1177,13.93629456737434,24.859769205354073,14.418296607418599,14.451326206513047,31.355381834066726,-0.03563905705115064,-0.20716101188266683,-0.002285575636619547
Arnoldi_highacc_N2000,1178,13.936276918653952,24.85956056535701,14.418164048000133,14.451326206513047,31.355381834066726,-0.035640278303797984,-0.20716766592369132,-0.0022947484569248748
Arnoldi_highacc_N2000,1179,13.936390646649542,24.86090517154531,14.418048118892594,14.451326206513047,31.355381834066726,-0.03563240857655187,-0.2071247831358046,-0.0023027704962783496
Arnoldi_highacc_N2000,1180,13.936048622678856,24.85685796116707,14.417875323989767,14.451326206513047,31.355381834066726,-0.03565607588333044,-0.2072538585972248,-0.0023147275236374927
Arnoldi_highacc_N2000,1181,13.935224485910071,24.847097309815254,14.417642761219335,14.451326206513047,31.355381834066726,-0.03571310433573732,-0.20756514969881207,-0.0023308203560258992
Arnoldi_highacc_N2000,1182,13.934331166666013,24.83651352939208,14.417401596102614,14.451326206513047,31.355381834066726,-0.03577492006332471,-0.2079026924045327,-0.002347508451863943
Arnoldi_highacc_N2000,1183,13.933623044835825,24.828123581118952,14.417183251236732,14.451326206513047,31.355381834066726,-0.03582392053705763,-0.2081702684244175,-0.0023626174365177868
Arnoldi_highacc_N2000,1184,13.933118606275137,24.822146826819562,14.416990146336254,14.451326206513047,31.355381834066726,-0.035858826576370496,-0.2083608817721043,-0.002375979871059734
Arnoldi_highacc_N2000,1185,13.932728395570546,24.817522907362015,14.416811274566662,14.451326206513047,31.355381834066726,-0.0358858282991892,-0.20850834989996883,-0.00238835740423804
Arnoldi_highacc_N2000,1186,13.932464676166234,24.81439754965154,14.41664822411148,14.451326206513047,31.355381834066726,-0.035904077102139456,-0.20860802521972774,-0.0023996401372448186
Arnoldi_highacc_N2000,1187,13.932254746205766,24.811909158382697,14.416491971384529,14.451326206513047,31.355381834066726,-0.03591860379384011,-0.20868738611802626,-0.0024104524824038773
Arnoldi_highacc_N2000,1188,13.931982946796602,24.808686280898552,14.416328084378161,14.451326206513047,31.355381834066726,-0.03593741171536097,-0.20879017158245466,-0.002421793102913415
Arnoldi_highacc_N2000,1189,13.931633012867206,24.804535390356307,14.416154529046912,14.451326206513047,31.355381834066726,-0.03596162637389094,-0.20892255365849546,-0.0024338027502474715
Arnoldi_highacc_N2000,1190,13.931395534486763,24.80171809130055,14.415995063252396,14.451326206513047,31.355381834066726,-0.035978059355684405,-0.2090124042324947,-0.0024448374326175915
Arnoldi_highacc_N2000,1191,13.931211621971125,24.799535832018368,14.415842376466172,14.451326206513047,31.355381834066726,-0.035990785697406255,-0.2090820018312014,-0.0024554030225186385
Arnoldi_highacc_N2000,1192,13.931024400189173,24.79731370232717,14.415689373972388,14.451326206513047,31.355381834066726,-0.03600374103308106,-0.20915287099500102,-0.0024659904586886807
Arnoldi_highacc_N2000,1193,13.930983466849806,24.79682782832995,14.415554781652625,14.451326206513047,31.355381834066726,-0.036006573530166924,-0.20916836670797917,-0.0024753039512940547
Arnoldi_highacc_N2000,1194,13.930777029177117,24.794376255984748,14.41539960596831,14.451326206513047,31.355381834066726,-0.03602085856323168,-0.20924655336053455,-0.002486041767470842
Arnoldi_highacc_N2000,1195,13.930533896330246,24.79148799889077,14.415239937965575,14.451326206513047,31.355381834066726,-0.036037682821669706,-0.20933866696033898,-0.0024970904422050738
Arnoldi_highacc_N2000,1196,13.93034072205792,24.789192753419506,14.415086595242562,14.451326206513047,31.355381834066726,-0.036051050056590934,-0.20941186796562125,-0.002507701421489763
Arnoldi_highacc_N2000,1197,13.930326064727156,24.789018593085196,14.414955699830593,14.451326206513047,31.355381834066726,-0.0360520643116534,-0.20941742236566754,-0.002516759096204073
Arnoldi_highacc_N2000,1198,13.930489759904958,24.79096370076319,14.414847347432783,14.451326206513047,31.355381834066726,-0.03604073696525883,-0.2093553881130379,-0.00252425684390288
Arnoldi_highacc_N2000,1199,13.930374157510041,24.78958918602486,14.414704119178332,14.451326206513047,31.355381834066726,-0.03604873639681723,-0.20939922475791128,-0.0025341679242012953
Arnoldi_highacc_N2000,1200,13.930281341279413,24.78848533905036,14.41456385650831,14.451326206513047,31.355381834066726,-0.03605515907590578,-0.2094344291442058,-0.002543873792577421
Arnoldi_highacc_N2000,1201,13.930332007000917,24.7890879437194,14.414441704617108,14.451326206513047,31.355381834066726,-0.036051653119374145,-0.20941521060391724,-0.0025523264348787105
Arnoldi_highacc_N2000,1202,13.930233333326804,24.78791380367823,14.414300977429429,14.451326206513047,31.355381834066726,-0.03605848112067335,-0.209452656808444,-0.002562064446855464
Arnoldi_highacc_N2000,1203,13.930280036856505,24.7884695802563,14.414178595061763,14.451326206513047,31.355381834066726,-0.036055249339103,-0.20943493173078387,-0.0025705330376212406
Arnoldi_highacc_N2000,1204,13.929915301851246,24.784125712832164,14.414004899412165,14.451326206513047,31.355381834066726,-0.03608048819954027,-0.2095734683127054,-0.0025825523946765325
Arnoldi_highacc_N2000,1205,13.929507107752091,24.77926270222838,14.413825842830072,14.451326206513047,31.355381834066726,-0.03610873433372349,-0.20972856164339804,-0.0025949427164735895
Arnoldi_highacc_N2000,1206,13.929260345298179,24.776322742299826,14.413666957763166,14.451326206513047,31.355381834066726,-0.036125809752988534,-0.2098223241733558,-0.0026059372137699176
Arnoldi_highacc_N2000,1207,13.929207156488435,24.775689037430844,14.413532370298341,14.451326206513047,31.355381834066726,-0.03612949030167895,-0.20984253457526816,-0.002615250370424271
Arnoldi_highacc_N2000,1208,13.929250784232217,24.776208899874263,14.413410053737458,14.451326206513047,31.355381834066726,-0.03612647135773162,-0.20982595488741204,-0.002623714407505403
Arnoldi_highacc_N2000,1209,13.929128013225503,24.77474526953652,14.413267024571825,14.451326206513047,31.355381834066726,-0.03613496684146504,-0.2098726336472335,-0.0026336117112953188
Arnoldi_highacc_N2000,1210,13.929082526201727,24.77420290260097,14.413133784767307,14.451326206513047,31.355381834066726,-0.036138114443500034,-0.2098899310585175,-0.0026428316128194753
Arnoldi_highacc_N2000,1211,13.928594287452471,24.76837645699097,14.412945400671862,14.451326206513047,31.355381834066726,-0.03617189949147963,-0.21007575069359105,-0.0026558673780324948
Arnoldi_highacc_N2000,1212,13.928196932828437,24.763633896328745,14.412768347119965,14.451326206513047,31.355381834066726,-0.03619939555781681,-0.21022700258034285,-0.002668119094544029
Arnoldi_highacc_N2000,1213,13.927978199238362,24.76102316051144,14.41261361886889,14.451326206513047,31.355381834066726,-0.0362145314413301,-0.2103102653462413,-0.00267882594932419
Arnoldi_highacc_N2000,1214,13.927748546760576,24.758281340917296,14.412457611994709,14.451326206513047,31.355381834066726,-0.036230422887866195,-0.2103977086951583,-0.002689621282012162
Arnoldi_highacc_N2000,1215,13.927576639523028,24.756228558798494,14.412308905848422,14.451326206513047,31.355381834066726,-0.03624231849073964,-0.21046317694968847,-0.00269991142038164
Arnoldi_highacc_N2000,1216,13.927205586822781,24.751795416172484,14.412135436333735,14.451326206513047,31.355381834066726,-0.03626799452177961,-0.2106045607366718,-0.0027119151293982357
Arnoldi_highacc_N2000,1217,13.926662871956859,24.74530819489946,14.411940660245119,14.451326206513047,31.355381834066726,-0.0363055491972583,-0.21081145412764862,-0.0027253932064849103
Arnoldi_highacc_N2000,1218,13.926303952425677,24.74101783288551,14.411768760560147,14.451326206513047,31.355381834066726,-0.03633038563967563,-0.2109482842908613,-0.0027372882867367355
Arnoldi_highacc_N2000,1219,13.925776050449842,24.734704487593806,14.41157588429116,14.451326206513047,31.355381834066726,-0.036366915295728684,-0.21114963235050588,-0.0027506349004820904
Arnoldi_highacc_N2000,1220,13.925435274986832,24.730628976385702,14.411406310412646,14.451326206513047,31.355381834066726,-0.03639049620852111,-0.21127961039477502,-0.0027623690400406936
Arnoldi_highacc_N2000,1221,13.925205941062266,24.72788593848681,14.411250701903418,14.451326206513047,31.355381834066726,-0.03640636561187469,-0.21136709259841738,-0.0027731368067497528
Arnoldi_highacc_N2000,1222,13.925027354378367,24.72574946876092,14.411101519065284,14.451326206513047,31.355381834066726,-0.036418723417749925,-0.21143522985591265,-0.0027834599311469537
Arnoldi_highacc_N2000,1223,13.92472974718415,24.72218764276962,14.410937561383571,14.451326206513047,31.355381834066726,-0.03643931718125395,-0.21154882521922702,-0.002794805442234953
Arnoldi_highacc_N2000,1224,13.924427192317493,24.718565634400328,14.41077305207185,14.451326206513047,31.355381834066726,-0.03646025331281264,-0.2116643399461233,-0.0028061891249067466
Arnoldi_highacc_N2000,1225,13.924215854966736,24.71603527480527,14.410619998812072,14.451326206513047,31.355381834066726,-0.036474877392826975,-0.21174503931723754,-0.002816780073971962
Arnoldi_highacc_N2000,1226,13.923772371098789,24.71072239680918,14.410438077860375,14.451326206513047,31.355381834066726,-0.03650556550142059,-0.21191448002200095,-0.0028293686038478347
Arnoldi_highacc_N2000,1227,13.923500981011731,24.707471071404537,14.410277639878952,14.451326206513047,31.355381834066726,-0.036524345098751604,-0.21201817276035925,-0.0028404705594144136
Arnoldi_highacc_N2000,1228,13.923404105261113,24.70631044238006,14.410139098179991,14.451326206513047,31.355381834066726,-0.036531048687697944,-0.21205518806543885,-0.0028500573403770183
Arnoldi_highacc_N2000,1229,13.922751173061242,24.698480153719967,14.409931375268286,14.451326206513047,31.355381834066726,-0.03657623016035595,-0.21230491516815866,-0.002864431309155857
Arnoldi_highacc_N2000,1230,13.922222152472191,24.692135253137494,14.409739012864547,14.451326206513047,31.355381834066726,-0.03661283722198413,-0.21250726960338928,-0.0028777423645559154
Arnoldi_highacc_N2000,1231,13.921820285759622,24.687314950288336,14.409562480147917,14.451326206513047,31.355381834066726,-0.03664064551492733,-0.21266100087908119,-0.002889958040412024
Arnoldi_highacc_N2000,1232,13.921589719105356,24.684549265920072,14.409407359363536,14.451326206513047,31.355381834066726,-0.03665660022046591,-0.21274920533415367,-0.0029006920576339977
Arnoldi_highacc_N2000,1233,13.92150687242491,24.68355544602639,14.409270804362613,14.451326206513047,31.355381834066726,-0.03666233302860142,-0.21278090068708996,-0.002910141363460432
Arnoldi_highacc_N2000,1234,13.921481187818802,24.68324728036616,14.409141530790382,14.451326206513047,31.355381834066726,-0.03666411034687247,-0.21279072884551775,-0.002919086810430735
Arnoldi_highacc_N2000,1235,13.921614913220388,24.684851794077396,14.409032413210259,14.451326206513047,31.355381834066726,-0.03665485684309885,-0.21273955696951488,-0.002926637507063296
Arnoldi_highacc_N2000,1236,13.921736356487076,24.686309339721245,14.408921913375876,14.451326206513047,31.355381834066726,-0.03664645323605601,-0.2126930722654994,-0.0029342838526515125
Arnoldi_highacc_N2000,1237,13.921664719727888,24.685449118330453,14.40878732849799,14.451326206513047,31.355381834066726,-0.03665141034228723,-0.21272050683463795,-0.002943596830295398
Arnoldi_highacc_N2000,1238,13.921720084504976,24.686114000936183,14.408668796954117,14.451326206513047,31.355381834066726,-0.03664757922144081,-0.2126993020982629,-0.0029517989525213234
Arnoldi_highacc_N2000,1239,13.921922638237888,24.688546630825364,14.408568929602401,14.451326206513047,31.355381834066726,-0.036633562948469235,-0.21262171956707082,-0.0029587095536861693
Arnoldi_highacc_N2000,1240,13.922195180276159,24.69182033195335,14.408478064225323,14.451326206513047,31.355381834066726,-0.03661470363864699,-0.21251731321203715,-0.0029649972379983285
Arnoldi_highacc_N2000,1241,13.92248425923143,24.69529348177672,14.40838947831978,14.451326206513047,31.355381834066726,-0.03659470001052731,-0.21240654594912353,-0.0029711271878919716
Arnoldi_highacc_N2000,1242,13.922583564513335,24.696487205881088,14.408277181677922,14.451326206513047,31.355381834066726,-0.0365878283033576,-0.21236847516080765,-0.002978897868606853
Arnoldi_highacc_N2000,1243,13.922755131948383,24.698549899730242,14.408174130967577,14.451326206513047,31.355381834066726,-0.036575956214069984,-0.2123026907968962,-0.0029860287511897263
Arnoldi_highacc_N2000,1244,13.922345442999355,24.693619218043214,14.407998469085351,14.451326206513047,31.355381834066726,-0.03660430578857783,-0.2124599423243412,-0.0029981841672197637
Arnoldi_highacc_N2000,1245,13.922058063332134,24.690160229875993,14.407838091177993,14.451326206513047,31.355381834066726,-0.036624191829700545,-0.21257025793732037,-0.0030092819657931385
Arnoldi_highacc_N2000,1246,13.921820306344136,24.687297973175543,14.407683974205204,14.451326206513047,31.355381834066726,-0.03664064409052425,-0.21266154232083057,-0.0030199465214599767
Arnoldi_highacc_N2000,1247,13.921556274949642,24.684118483976384,14.407526651397024,14.451326206513047,31.355381834066726,-0.03665891448250908,-0.21276294402647666,-0.0030308329138873393
Arnoldi_highacc_N2000,1248,13.92098767358737,24.677266797855097,14.407331476485663,14.451326206513047,31.355381834066726,-0.03669826044661976,-0.2129814610950152,-0.0030443385886311284
Arnoldi_highacc_N2000,1249,13.920085943962222,24.666393350767816,14.407095069019963,14.451326206513047,31.355381834066726,-0.03676065815408694,-0.2133282419808237,-0.0030606974654789143
Arnoldi_highacc_N2000,1250,13.919336497215061,24.65735568536628,14.406877398627707,14.451326206513047,31.355381834066726,-0.03681251822121512,-0.21361647528792752,-0.0030757597780408166
Arnoldi_highacc_N2000,1251,13.918710559268606,24.6498067279448,14.406674985934492,14.451326206513047,31.355381834066726,-0.03685583175088784,-0.2138572300477142,-0.0030897662913754406
Arnoldi_highacc_N2000,1252,13.91817384896184,24.643332991271812,14.40648363546873,14.451326206513047,31.355381834066726,-0.036892970924074786,-0.21406369338173598,-0.0031030073228923956
Arnoldi_highacc_N2000,1253,13.917799664273556,24.638819450408196,14.40631251594873,14.451326206513047,31.355381834066726,-0.03691886368180081,-0.21420764126562725,-0.0031148484174434296
Arnoldi_highacc_N2000,1254,13.917128963151201,24.630723964640627,14.406104588257781,14.451326206513047,31.355381834066726,-0.036965274724826885,-0.21446582615428242,-0.00312923655649573
Arnoldi_highacc_N2000,1255,13.916587791271823,24.624191381671384,14.40591270905178,14.451326206513047,31.355381834066726,-0.03700272262902924,-0.21467416624096397,-0.0031425141756747164
Arnoldi_highacc_N2000,1256,13.91588921137129,24.61575478579459,14.405701306659447,14.451326206513047,31.355381834066726,-0.03705106282220943,-0.21494322996729465,-0.0031571427564230834
Arnoldi_highacc_N2000,1257,13.915334859926022,24.609059586789098,14.405507764469183,14.451326206513047,31.355381834066726,-0.03708942272339405,-0.2151567562780544,-0.003170535450456691
Arnoldi_highacc_N2000,1258,13.914045687877255,24.593470593387643,14.405223565112637,14.451326206513047,31.355381834066726,-0.037178630594723205,-0.2156539274968248,-0.0031902014210731474
Arnoldi_highacc_N2000,1259,13.91293908331698,24.580089003822827,14.404961604054632,14.451326206513047,31.355381834066726,-0.03725520519725186,-0.21608069919540054,-0.003208328550324907
Arnoldi_highacc_N2000,1260,13.911999678310458,24.56872886321631,14.404720106482394,14.451326206513047,31.355381834066726,-0.03732020995827497,-0.21644300193075341,-0.003225039651353795
Arnoldi_highacc_N2000,1261,13.911226359565175,24.559376862605035,14.404499039848313,14.451326206513047,31.355381834066726,-0.037373721915186904,-0.2167412601583447,-0.0032403369763827974
Arnoldi_highacc_N2000,1262,13.910608928075314,24.551909714540738,14.404297242511568,14.451326206513047,31.355381834066726,-0.03741644681676601,-0.21697940581716055,-0.0032543009084026694
Arnoldi_highacc_N2000,1263,13.910144818237326,24.5462965563226,14.404114489340975,14.451326206513047,31.355381834066726,-0.037448562197137075,-0.21715842319439566,-0.0032669470259964143
Arnoldi_highacc_N2000,1264,13.909760452639185,24.541647187650693,14.403941693251259,14.451326206513047,31.355381834066726,-0.037475159451440795,-0.21730670296009938,-0.0032789041354856535
Arnoldi_highacc_N2000,1265,13.909490924739027,24.538386606448828,14.403783271052161,14.451326206513047,31.355381834066726,-0.03749381018953271,-0.21741069088852324,-0.0032898666033473497
Arnoldi_highacc_N2000,1266,13.909120538919126,24.533904162288106,14.40361232743241,14.451326206513047,31.355381834066726,-0.03751944007391894,-0.21755364702232008,-0.003301695525987894
Arnoldi_highacc_N2000,1267,13.908887838771467,24.531087822208637,14.403458621117363,14.451326206513047,31.355381834066726,-0.03753554241250947,-0.21764346701221446,-0.003312331665041971
Arnoldi_highacc_N2000,1268,13.908585428663823,24.527426520253023,14.403296280388147,14.451326206513047,31.355381834066726,-0.03755646852706269,-0.2177602349079138,-0.003323565286572284
Arnoldi_highacc_N2000,1269,13.908387010067424,24.525023989104827,14.40314699803191,14.451326206513047,31.355381834066726,-0.037570198657679355,-0.21783685751646342,-0.0033338952974034746
Arnoldi_highacc_N2000,1270,13.908356699443825,24.524656969042425,14.403018867655296,14.451326206513047,31.355381834066726,-0.037572296086189755,-0.2178485626860686,-0.0033427616377504936
Arnoldi_highacc_N2000,1271,13.90753084129572,24.514643620924254,14.402791756568064,14.451326206513047,31.355381834066726,-0.03762944365426085,-0.2181679129070661,-0.003358477225647897
Arnoldi_highacc_N2000,1272,13.906863190488087,24.506548177585735,14.402584172966927,14.451326206513047,31.355381834066726,-0.037675643622214844,-0.21842609644255487,-0.003372841554441697
Arnoldi_highacc_N2000,1273,13.906234683276104,24.498925846466832,14.402381421110274,14.451326206513047,31.355381834066726,-0.03771913493941313,-0.21866919126944104,-0.0033868715371405734
Arnoldi_highacc_N2000,1274,13.905572104217512,24.490887915819098,14.40217442727394,14.451326206513047,31.355381834066726,-0.03776498395348444,-0.21892554058421806,-0.0034011950555067425
Arnoldi_highacc_N2000,1275,13.90499486394815,24.483884302913612,14.401978003363649,14.451326206513047,31.355381834066726,-0.03780492771097165,-0.2191489029703803,-0.003414787158230312
Arnoldi_highacc_N2000,1276,13.904356714384784,24.476139102895235,14.401774013946184,14.451326206513047,31.355381834066726,-0.03784908625768544,-0.21939591638770575,-0.00342890277741635
Arnoldi_highacc_N2000,1277,13.903889118490136,24.470463798548728,14.401591205993762,14.451326206513047,31.355381834066726,-0.03788144286551269,-0.2195769157573368,-0.003441552685792205
Arnoldi_highacc_N2000,1278,13.903550962693629,24.466359234884884,14.401424555475332,14.451326206513047,31.355381834066726,-0.037904842503142834,-0.21970782035564676,-0.003453084535260473
Arnoldi_highacc_N2000,1279,13.903166514473233,24.46169130687635,14.40125218093528,14.451326206513047,31.355381834066726,-0.03793144547472499,-0.21985669202409708,-0.003465012474439771
Arnoldi_highacc_N2000,1280,13.902891620877043,24.4583532489265,14.401093523616693,14.451326206513047,31.355381834066726,-0.03795046750718497,-0.2199631508759623,-0.003475991212053235
Arnoldi_highacc_N2000,1281,13.902774392505641,24.456929690592784,14.400954665901443,14.451326206513047,31.355381834066726,-0.03795857945274111,-0.22000855164133168,-0.0034855998606482066
Arnoldi_highacc_N2000,1282,13.902622929916001,24.455089864347435,14.400811618433297,14.451326206513047,31.355381834066726,-0.03796906033093012,-0.22006722821095806,-0.0034954984309318
Arnoldi_highacc_N2000,1283,13.902454235317755,24.453040160396103,14.400666505208685,14.451326206513047,31.355381834066726,-0.037980733626227406,-0.2201325982951809,-0.003505539947020915
Arnoldi_highacc_N2000,1284,13.902379373146607,24.452130449307155,14.400533242529002,14.451326206513047,31.355381834066726,-0.03798591392387474,-0.22016161121212643,-0.0035147614314561862
Arnoldi_highacc_N2000,1285,13.902422420432487,24.45265359510984,14.400414900186453,14.451326206513047,31.355381834066726,-0.03798293514633801,-0.2201449268098936,-0.0035229504613665447
Arnoldi_highacc_N2000,1286,13.902423121818684,24.452662121552766,14.400291369527793,14.451326206513047,31.355381834066726,-0.03798288661195527,-0.22014465488072457,-0.003531498511344461
Arnoldi_highacc_N2000,1287,13.902559442768684,24.45431940825702,14.400185028633379,14.451326206513047,31.355381834066726,-0.037973453501938086,-0.2200917999445919,-0.003538857067430879
Arnoldi_highacc_N2000,1288,13.902765300886523,24.456822447118945,14.400087609949061,14.451326206513047,31.355381834066726,-0.037959208572794736,-0.2200119718986389,-0.0035455982261955164
Arnoldi_highacc_N2000,1289,13.903059016823178,24.460394187887587,14.40000145566123,14.451326206513047,31.355381834066726,-0.03793888407575843,-0.2198980603287673,-0.0035515599134898664
Arnoldi_highacc_N2000,1290,13.90337221047515,24.464203622626364,14.399917951659193,14.451326206513047,31.355381834066726,-0.037917211763647034,-0.21977656811543891,-0.0035573382068342495
Arnoldi_highacc_N2000,1291,13.903745586469924,24.46874579425887,14.399842253629716,14.451326206513047,31.355381834066726,-0.037891374965733894,-0.2196317071261344,-0.003562576344040134
Arnoldi_highacc_N2000,1292,13.904194744163965,24.474210609193488,14.399776360786992,14.451326206513047,31.355381834066726,-0.037860294240849406,-0.21945742077990077,-0.003567135983880927
Arnoldi_highacc_N2000,1293,13.904799084131943,24.481563644256777,14.39973039470306,14.451326206513047,31.355381834066726,-0.037818475243800824,-0.2192229144644554,-0.0035703167358254934
Arnoldi_highacc_N2000,1294,13.90553129298903,24.49047298211753,14.399700966210444,14.451326206513047,31.355381834066726,-0.037767808000765554,-0.218938773837245,-0.003572353122811344
Arnoldi_highacc_N2000,1295,13.906204030431082,24.49866141643464,14.399664235957184,14.451326206513047,31.355381834066726,-0.03772125604889356,-0.21867762459146506,-0.0035748947755797713
Arnoldi_highacc_N2000,1296,13.906221967866697,24.498880008136013,14.399544936270386,14.451326206513047,31.355381834066726,-0.03772001481778724,-0.21867065316619172,-0.003583150051607243
Arnoldi_highacc_N2000,1297,13.905640666180775,24.49178838801128,14.399350910917693,14.451326206513047,31.355381834066726,-0.03776023961637084,-0.21889682231834118,-0.003596576179418642
Arnoldi_highacc_N2000,1298,13.905000996436321,24.48398215398664,14.399149634604342,14.451326206513047,31.355381834066726,-0.03780450335627347,-0.21914578225976203,-0.0036105040577652475
Arnoldi_highacc_N2000,1299,13.904455890316344,24.477329157102073,14.398960078847864,14.451326206513047,31.355381834066726,-0.03784222350127524,-0.21935796264141952,-0.003623620899345677
Arnoldi_highacc_N2000,1300,13.904061517328882,24.472515672772236,14.398789284316656,14.451326206513047,31.355381834066726,-0.03786951324491715,-0.21951147645781346,-0.0036354395053868824
Arnoldi_highacc_N2000,1301,13.903776204389418,24.469032985930326,14.398632133254726,14.451326206513047,31.355381834066726,-0.03788925627302317,-0.21962254787962998,-0.0036463140133514093
Arnoldi_highacc_N2000,1302,13.903604875143708,24.46694146885938,14.398489295876352,14.451326206513047,31.355381834066726,-0.03790111188013226,-0.2196892514867497,-0.003656198045884617
Arnoldi_highacc_N2000,1303,13.903544984978282,24.466210290519804,14.398360510472951,14.451326206513047,31.355381834066726,-0.03790525614790189,-0.21971257055661284,-0.003665109712645213
Arnoldi_highacc_N2000,1304,13.903637694366854,24.467342177810725,14.398251011282053,14.451326206513047,31.355381834066726,-0.037898840862048776,-0.2196764718958818,-0.0036726868159043715
Arnoldi_highacc_N2000,1305,13.903844192733168,24.469863515932328,14.398155992207014,14.451326206513047,31.355381834066726,-0.03788455162911866,-0.21959606024167372,-0.0036792619269827975
Arnoldi_highacc_N2000,1306,13.904165362323633,24.473785291033312,14.398075622160018,14.451326206513047,31.355381834066726,-0.037862327399599785,-0.2194709852187721,-0.0036848233575288753
Arnoldi_highacc_N2000,1307,13.904527937573388,24.478213479711652,14.398000679310412,14.451326206513047,31.355381834066726,-0.03783723798949491,-0.21932975942532543,-0.0036900092379480924
Arnoldi_highacc_N2000,1308,13.904733239291636,24.480722046859483,14.397906061458425,14.451326206513047,31.355381834066726,-0.03782303156197995,-0.21924975506878125,-0.003696556585273525
Arnoldi_highacc_N2000,1309,13.90507599994543,24.484910397793005,14.39782897229891,14.451326206513047,31.355381834066726,-0.037799313278350066,-0.21911617828902183,-0.0037018909856194114
Arnoldi_highacc_N2000,1310,13.905528199250803,24.490436487934197,14.397765935920408,14.451326206513047,31.355381834066726,-0.03776802208064882,-0.21893993772622353,-0.0037062529644165125
Arnoldi_highacc_N2000,1311,13.905770565362323,24.493399946416464,14.397676567944298,14.451326206513047,31.355381834066726,-0.03775125087861128,-0.21884542576977697,-0.0037124370318738554
Arnoldi_highacc_N2000,1312,13.905871733342481,24.494637501302993,14.397569572473246,14.451326206513047,31.355381834066726,-0.03774425027681786,-0.218805957110359,-0.00371984088322445
Arnoldi_highacc_N2000,1313,13.906067033936012,24.497026804499498,14.39747457723609,14.451326206513047,31.355381834066726,-0.037730735905144336,-0.21872975637361947,-0.0037264143447737993
Arnoldi_highacc_N2000,1314,13.906052951711132,24.49685442890374,14.397353393848721,14.451326206513047,31.355381834066726,-0.03773171036414403,-0.21873525385397766,-0.0037347999687392117
Arnoldi_highacc_N2000,1315,13.906192724232774,24.498565370818024,14.397251675622385,14.451326206513047,31.355381834066726,-0.03772203841295805,-0.2186806877216519,-0.003741838646358311
Arnoldi_highacc_N2000,1316,13.906369682702026,24.500731910433895,14.397154791265494,14.451326206513047,31.355381834066726,-0.03770979327595655,-0.2186115914616434,-0.00374854283083982
Arnoldi_highacc_N2000,1317,13.906573979848067,24.503233669424915,14.397061509755044,14.451326206513047,31.355381834066726,-0.03769565636262958,-0.2185318042339114,-0.003754997706269048
Arnoldi_highacc_N2000,1318,13.906566536774273,24.503142473821846,14.396941741243344,14.451326206513047,31.355381834066726,-0.037696171406971415,-0.21853471268527555,-0.003763285423948985
Arnoldi_highacc_N2000,1319,13.906315713984045,24.500067474323163,14.396791600919418,14.451326206513047,31.355381834066726,-0.03771352779258225,-0.21863278195819832,-0.00377367480425781
Arnoldi_highacc_N2000,1320,13.906201286196612,24.498664563532323,14.396658591387382,14.451326206513047,31.355381834066726,-0.03772144594388525,-0.21867752422280426,-0.003782878771432504
Arnoldi_highacc_N2000,1321,13.906200792894893,24.498658515070765,14.396539967856928,14.451326206513047,31.355381834066726,-0.03772148007927963,-0.2186777171230722,-0.0037910872589276504
Arnoldi_highacc_N2000,1322,13.905834715147856,24.49416653643212,14.396375714894798,14.451326206513047,31.355381834066726,-0.03774681185449566,-0.21882097733474545,-0.0038024532027712866
Arnoldi_highacc_N2000,1323,13.90544319598685,24.48936104305503,14.39620832858759,14.451326206513047,31.355381834066726,-0.037773904119621456,-0.2189742363000651,-0.003814035967205209
Arnoldi_highacc_N2000,1324,13.905167070627856,24.485971626512477,14.39605537033863,14.451326206513047,31.355381834066726,-0.037793011387359236,-0.2190823331033664,-0.0038246203417307847
Arnoldi_highacc_N2000,1325,13.904621331111858,24.479268543513644,14.395868884987964,14.451326206513047,31.355381834066726,-0.03783077536197297,-0.2192961108540028,-0.003837524717979771
Arnoldi_highacc_N2000,1326,13.903429314459226,24.464610903492385,14.395602616424855,14.451326206513047,31.355381834066726,-0.03791326029350095,-0.21976357893009982,-0.0038559499171140483
Arnoldi_highacc_N2000,1327,13.902174462492086,24.4491755602398,14.39532849527386,14.451326206513047,31.355381834066726,-0.038000093290639594,-0.220255849868922,-0.0038749184980648188
Arnoldi_highacc_N2000,1328,13.900901349180314,24.433511417903002,14.395051974000435,14.451326206513047,31.355381834066726,-0.03808818993267637,-0.22075541777148155,-0.0038940531622108036
Arnoldi_highacc_N2000,1329,13.899310557795125,24.41392554108912,14.394736484390176,14.451326206513047,31.355381834066726,-0.03819826919892888,-0.2213800594013469,-0.003915884349587671
Arnoldi_highacc_N2000,1330,13.897714060794117,24.394264511473718,14.394420058978376,14.451326206513047,31.355381834066726,-0.038308743281251445,-0.22200709783830325,-0.003937780292373681
Arnoldi_highacc_N2000,1331,13.89623082427782,24.375996646998903,14.394117199571626,14.451326206513047,31.355381834066726,-0.038411379987052754,-0.2225897048233334,-0.003958737497437206
Arnoldi_highacc_N2000,1332,13.894670277778118,24.35676998352865,14.393804696323032,14.451326206513047,31.355381834066726,-0.03851936637372768,-0.22320289025899484,-0.003980362035152863
Arnoldi_highacc_N2000,1333,13.89327589338036,24.339590203762924,14.39351224480588,14.451326206513047,31.355381834066726,-0.0386158547082813,-0.2237507955550184,-0.004000599037139623
Arnoldi_highacc_N2000,1334,13.891755932061008,24.320855548153066,14.393204263045952,14.451326206513047,31.355381834066726,-0.03872103268970891,-0.22434828965376682,-0.0040219106977807785
Arnoldi_highacc_N2000,1335,13.890362768248002,24.30368256109283,14.392911546242287,14.451326206513047,31.355381834066726,-0.03881743656248138,-0.22489597831375874,-0.004042166057010947
Arnoldi_highacc_N2000,1336,13.889054163847845,24.287549871746542,14.392628986873818,14.451326206513047,31.355381834066726,-0.03890798910980168,-0.2254104893291775,-0.00406171854405819
Arnoldi_highacc_N2000,1337,13.887914550117564,24.27350039340983,14.392366990789851,14.451326206513047,31.355381834066726,-0.03898684787431891,-0.2258585616381375,-0.00407984809702955
Arnoldi_highacc_N2000,1338,13.886928490419486,24.26134362924628,14.392123763008744,14.451326206513047,31.355381834066726,-0.039055081037420177,-0.22624627065178893,-0.004096678924708013
Arnoldi_highacc_N2000,1339,13.886027922263333,24.250239515986348,14.39189098570566,14.451326206513047,31.355381834066726,-0.03911739837378665,-0.22660040804736253,-0.004112786602284322
Arnoldi_highacc_N2000,1340,13.885260466927148,24.240776196334718,14.391674590293794,14.451326206513047,31.355381834066726,-0.03917050459568057,-0.22690221651206915,-0.004127760689006376
Arnoldi_highacc_N2000,1341,13.884630125718822,24.233003245183433,14.39147514761068,14.451326206513047,31.355381834066726,-0.039214122821393485,-0.2271501149810599,-0.004141561684172043
Arnoldi_highacc_N2000,1342,13.884034330999457,24.225654903796638,14.391279977670687,14.451326206513047,31.355381834066726,-0.03925535050602606,-0.22738447160365446,-0.004155067014908143
Arnoldi_highacc_N2000,1343,13.883195813300349,24.21530688142305,14.39105470976257,14.451326206513047,31.355381834066726,-0.03931337408719265,-0.22771449540717087,-0.004170655058863298
Arnoldi_highacc_N2000,1344,13.88246420477439,24.206277412268747,14.390842612210209,14.451326206513047,31.355381834066726,-0.039363999788633725,-0.22800246731585586,-0.004185331743157138
Arnoldi_highacc_N2000,1345,13.881795057614767,24.19801759826549,14.390638219804211,14.451326206513047,31.355381834066726,-0.039410303300855445,-0.22826589303482708,-0.004199475248263641
Arnoldi_highacc_N2000,1346,13.881258747584901,24.19139717359526,14.390450306381533,14.451326206513047,31.355381834066726,-0.03944741477576102,-0.22847703460871277,-0.004212478443956063
Arnoldi_highacc_N2000,1347,13.880835495291944,24.186171983401366,14.390276478670662,14.451326206513047,31.355381834066726,-0.039476702903847624,-0.22864367873448185,-0.00422450693936103
Arnoldi_highacc_N2000,1348,13.880477074536952,24.181746522770066,14.390110768568224,14.451326206513047,31.355381834066726,-0.039501504832049235,-0.22878481752382013,-0.004235973714110289
Arnoldi_highacc_N2000,1349,13.880102395047352,24.177119106716944,14.389943069294612,14.451326206513047,31.355381834066726,-0.039527431828938336,-0.22893239716669006,-0.004247578135131318
Arnoldi_highacc_N2000,1350,13.879790188526933,24.173262687041248,14.389783211441006,14.451326206513047,31.355381834066726,-0.03954903583371672,-0.22905538784484872,-0.004258639947128407
Arnoldi_highacc_N2000,1351,13.87960596367891,24.170987000832838,14.389639423233348,14.451326206513047,31.355381834066726,-0.039561783788152824,-0.22912796505728558,-0.004268589774957627
Arnoldi_highacc_N2000,1352,13.879271387348082,24.166852173237153,14.389476898079925,14.451326206513047,31.355381834066726,-0.03958493573462803,-0.22925983484657939,-0.004279836158237611
Arnoldi_highacc_N2000,1353,13.879091307906451,24.164626655014086,14.389333753133538,14.451326206513047,31.355381834066726,-0.03959739683605617,-0.2293308120789679,-0.004289741473801133
Arnoldi_highacc_N2000,1354,13.87880057565385,24.161032199148796,14.389176832586466,14.451326206513047,31.355381834066726,-0.03961751486871606,-0.22944544808896172,-0.004300600030644256
Arnoldi_highacc_N2000,1355,13.878380099601864,24.15583145216349,14.38900376268044,14.451326206513047,31.355381834066726,-0.039646610887031385,-0.22961131266088206,-0.004312576087620125
Arnoldi_highacc_N2000,1356,13.878080925890275,24.15213083745617,14.38884586861308,14.451326206513047,31.355381834066726,-0.03966731305009337,-0.22972933433661555,-0.0043235020099267685
Arnoldi_highacc_N2000,1357,13.877837364733217,24.14911765378348,14.388694985341468,14.451326206513047,31.355381834066726,-0.03968416694665465,-0.22982543215129483,-0.004333942800581951
Arnoldi_highacc_N2000,1358,13.877726638952401,24.147747769825614,14.388560818992806,14.451326206513047,31.355381834066726,-0.03969182892723926,-0.2298691211092261,-0.0043432268169237565
Arnoldi_highacc_N2000,1359,13.877659478127653,24.1469167234344,14.388432216461158,14.451326206513047,31.355381834066726,-0.03969647630864834,-0.22989562521610035,-0.004352125829361096
Arnoldi_highacc_N2000,1360,13.877719532884136,24.14765987350595,14.388319721292639,14.451326206513047,31.355381834066726,-0.03969232065153942,-0.22987192433835366,-0.004359910247684481
Arnoldi_highacc_N2000,1361,13.877725100583724,24.147728793027095,14.388200492988863,14.451326206513047,31.355381834066726,-0.03969193537896936,-0.22986972632585587,-0.004368160584163766
Arnoldi_highacc_N2000,1362,13.877459748927066,24.144442060429807,14.3880473851001,14.451326206513047,31.355381834066726,-0.039710297130193174,-0.22997454828639463,-0.004378755313434687
Arnoldi_highacc_N2000,1363,13.877335934706661,24.142908417001237,14.387912073017182,14.451326206513047,31.355381834066726,-0.03971886480202037,-0.23002345993533213,-0.004388118612067927
Arnoldi_highacc_N2000,1364,13.87730083968258,24.14247366258499,14.387787994400437,14.451326206513047,31.355381834066726,-0.039721293300524936,-0.23003732531954427,-0.004396704579540501
Arnoldi_highacc_N2000,1365,13.877025318656052,24.139058513921658,14.387633869550273,14.451326206513047,31.355381834066726,-0.03974035874978473,-0.23014624278326407,-0.0044073696803043835
Arnoldi_highacc_N2000,1366,13.876824805875891,24.136572802729013,14.38748919248762,14.451326206513047,31.355381834066726,-0.039754233793313304,-0.2302255182073619,-0.004417381014944968
Arnoldi_highacc_N2000,1367,13.876712260330368,24.13517745662402,14.387355620231846,14.451326206513047,31.355381834066726,-0.0397620216976146,-0.23027001921558996,-0.004426623921365083
Arnoldi_highacc_N2000,1368,13.876342211583756,24.13058675249664,14.387189901010549,14.451326206513047,31.355381834066726,-0.039787628257270384,-0.23041642802514217,-0.004438091327119306
Arnoldi_highacc_N2000,1369,13.876076632906608,24.127291805479892,14.38703727642444,14.451326206513047,31.355381834066726,-0.03980600571781293,-0.2305215119636566,-0.004448652612909132
Arnoldi_highacc_N2000,1370,13.8756338477986,24.12179560189441,14.386862576878315,14.451326206513047,31.355381834066726,-0.039836645473755115,-0.23069679937092116,-0.004460741437396855
Arnoldi_highacc_N2000,1371,13.875282908831933,24.117439034786873,14.386699359933836,14.451326206513047,31.355381834066726,-0.039860929678654525,-0.23083574097688184,-0.004472035691096934
Arnoldi_highacc_N2000,1372,13.874860925695463,24.112198753245835,14.386527315387543,14.451326206513047,31.355381834066726,-0.03989012998390258,-0.2310028664027105,-0.004483940795433683
Arnoldi_highacc_N2000,1373,13.87455687782414,24.10842279245628,14.38637002435166,14.451326206513047,31.355381834066726,-0.03991116942810153,-0.23112329104973078,-0.004494824989287964
Arnoldi_highacc_N2000,1374,13.874146301859103,24.10332187353119,14.386199477836747,14.451326206513047,31.355381834066726,-0.03993958038216697,-0.23128597186006455,-0.004506626433146823
Arnoldi_highacc_N2000,1375,13.873857285978321,24.099731001291346,14.386044144446068,14.451326206513047,31.355381834066726,-0.03995957964567064,-0.231400493579457,-0.004517375162257225
Arnoldi_highacc_N2000,1376,13.873387023979703,24.093885319212696,14.385866236079291,14.451326206513047,31.355381834066726,-0.039992120742030804,-0.2315869267126775,-0.004529686030078903
Arnoldi_highacc_N2000,1377,13.8730580818091,24.08979623953979,14.38570597875567,14.451326206513047,31.355381834066726,-0.04001488281700592,-0.23171733748855466,-0.004540775484522815
Arnoldi_highacc_N2000,1378,13.872765132768334,24.086153937951387,14.385550266164314,14.451326206513047,31.355381834066726,-0.040035154246532846,-0.2318334994159609,-0.004551550453486277
Arnoldi_highacc_N2000,1379,13.872583235338594,24.083892214767197,14.38540851199116,14.451326206513047,31.355381834066726,-0.04004774114874109,-0.23190563131332256,-0.004561359530599874
Arnoldi_highacc_N2000,1380,13.872418405152766,24.08184228349838,14.385268972979514,14.451326206513047,31.355381834066726,-0.040059147035195516,-0.23197100864725734,-0.004571015323407587
Arnoldi_highacc_N2000,1381,13.872303800633944,24.080416766982445,14.385135814963148,14.451326206513047,31.355381834066726,-0.04006707741592216,-0.23201647186385846,-0.0045802295653714934
Arnoldi_highacc_N2000,1382,13.872316720893465,24.080577482855087,14.385018778436212,14.451326206513047,31.355381834066726,-0.04006618336237045,-0.23201134624065625,-0.004588328235712411
Arnoldi_highacc_N2000,1383,13.872130796711096,24.078263532935228,14.384876876330328,14.451326206513047,31.355381834066726,-0.040079048907007184,-0.23208514377666156,-0.004598147549445737
Arnoldi_highacc_N2000,1384,13.872038213611056,24.07711116984669,14.38474676086417,14.451326206513047,31.355381834066726,-0.040085455453971575,-0.23212189546077866,-0.004607151253624755
Arnoldi_highacc_N2000,1385,13.871966602561915,24.076219663859657,14.38461937303444,14.451326206513047,31.355381834066726,-0.04009041078112404,-0.23215032777239114,-0.0046159662113600996
Arnoldi_highacc_N2000,1386,13.871651849410716,24.072298879197735,14.384461606078073,14.451326206513047,31.355381834066726,-0.04011219100715324,-0.23227537120776282,-0.004626883337865451
Arnoldi_highacc_N2000,1387,13.871488237990276,24.070260811695604,14.38432281179565,14.451326206513047,31.355381834066726,-0.04012351255772252,-0.23234037017709178,-0.004636487597048261
Arnoldi_highacc_N2000,1388,13.871353432861337,24.06858126263329,14.384187709311622,14.451326206513047,31.355381834066726,-0.040132840776255015,-0.23239393511440307,-0.004645836391899194
Arnoldi_highacc_N2000,1389,13.871233517907854,24.067086920812514,14.384054559358177,14.451326206513047,31.355381834066726,-0.04014113862738437,-0.23244159333871317,-0.0046550500759266955
Arnoldi_highacc_N2000,1390,13.87098409740374,24.06397740033509,14.3839052601118,14.451326206513047,31.355381834066726,-0.040158397977879214,-0.2325407635702823,-0.0046653812555183735
Arnoldi_highacc_N2000,1391,13.870837894898072,24.062154560029466,14.383768957116764,14.451326206513047,31.355381834066726,-0.04016851486982248,-0.23259889841664685,-0.0046748131230914215
Arnoldi_highacc_N2000,1392,13.87063948853354,24.05968008266974,14.383626188467678,14.451326206513047,31.355381834066726,-0.04018224415402084,-0.23267781556627115,-0.00468469239970907
Arnoldi_highacc_N2000,1393,13.870456036255328,24.057391634715422,14.383485364277655,14.451326206513047,31.355381834066726,-0.04019493864832465,-0.2327507997820727,-0.00469443712403475
Arnoldi_highacc_N2000,1394,13.870380530154023,24.056449682771056,14.38335816215683,14.451326206513047,31.355381834066726,-0.04020016350452308,-0.23278084093894175,-0.0047032392311222295
Arnoldi_highacc_N2000,1395,13.870361431625751,24.056211391059612,14.383238147536858,14.451326206513047,31.355381834066726,-0.040201485080688396,-0.23278844064583432,-0.00471154397895345
Arnoldi_highacc_N2000,1396,13.87033979983664,24.055941429021985,14.383117920312593,14.451326206513047,31.355381834066726,-0.040202981952934085,-0.23279705039707435,-0.004719863438534322
Arnoldi_highacc_N2000,1397,13.870274407309205,24.05512509698386,14.382992295647473,14.451326206513047,31.355381834066726,-0.040207506972056856,-0.23282308522715373,-0.004728556389155256
Arnoldi_highacc_N2000,1398,13.8700472053302,24.05228745991153,14.382846465028459,14.451326206513047,31.355381834066726,-0.04022322884946507,-0.23291358443036383,-0.004738647547359662
Arnoldi_highacc_N2000,1399,13.869965706152264,24.051269568642457,14.382718976038394,14.451326206513047,31.355381834066726,-0.040228868413389615,-0.23294604747847655,-0.004747469505167788
Arnoldi_highacc_N2000,1400,13.869985477009017,24.051516516730786,14.382604318090474,14.451326206513047,31.355381834066726,-0.04022750031357164,-0.23293817169850248,-0.004755403583070508
Arnoldi_highacc_N2000,1401,13.86968762345928,24.047793526388105,14.382449914340969,14.451326206513047,31.355381834066726,-0.04024811112433606,-0.23305690698810547,-0.004766087983055581
Arnoldi_highacc_N2000,1402,13.8692555280701,24.042390270383798,14.382278793888592,14.451326206513047,31.355381834066726,-0.04027801117523827,-0.23322923006912874,-0.0047779291421251036
Arnoldi_highacc_N2000,1403,13.868958440306375,24.03867515904257,14.38212455498242,14.451326206513047,31.355381834066726,-0.04029856899529433,-0.23334771407805868,-0.004788602135313922
Arnoldi_highacc_N2000,1404,13.868664011316262,24.034992470314602,14.381970696950969,14.451326206513047,31.355381834066726,-0.04031894283406217,-0.23346516405036186,-0.004799248772809513
Arnoldi_highacc_N2000,1405,13.868510790437533,24.03307597221796,14.381834576710252,14.451326206513047,31.355381834066726,-0.0403295453819903,-0.23352628587330065,-0.004808667994185546
Arnoldi_highacc_N2000,1406,13.868479767807411,24.032687923053714,14.381713885290177,14.451326206513047,31.355381834066726,-0.04033169207978664,-0.23353866171252025,-0.00481701957509591
Arnoldi_highacc_N2000,1407,13.86856841780311,24.033796856449012,14.381608369555355,14.451326206513047,31.355381834066726,-0.04032555769499516,-0.2335032951077962,-0.004824321031952789
Arnoldi_highacc_N2000,1408,13.86873615402712,24.035895307877514,14.38151296278295,14.451326206513047,31.355381834066726,-0.04031395071708781,-0.23343637034701328,-0.004830922970836636
Arnoldi_highacc_N2000,1409,13.86892362492629,24.038241108605995,14.381420191153072,14.451326206513047,31.355381834066726,-0.04030097814304916,-0.2333615570106331,-0.0048373425636512426
Arnoldi_highacc_N2000,1410,13.869193560540523,24.041619110380555,14.381337996934517,14.451326206513047,31.355381834066726,-0.04028229919203973,-0.23325382425226845,-0.004843030222858456
Arnoldi_highacc_N2000,1411,13.869594688793319,24.046638969083805,14.381272599788797,14.451326206513047,31.355381834066726,-0.040254541998889226,-0.23309372865114278,-0.004847555561556478
Arnoldi_highacc_N2000,1412,13.870054543715403,24.052394519368303,14.381214851447286,14.451326206513047,31.355381834066726,-0.04022272104934363,-0.23291017004181197,-0.004851551619820347
Arnoldi_highacc_N2000,1413,13.87055864394092,24.058704825682543,14.381162929076192,14.451326206513047,31.355381834066726,-0.04018783842208074,-0.2327089189026093,-0.0048551445337406485
Arnoldi_highacc_N2000,1414,13.870943095838488,24.063519381709746,14.381096004056202,14.451326206513047,31.355381834066726,-0.04016123519604635,-0.23255537090715891,-0.004859775597978869
Arnoldi_highacc_N2000,1415,13.87127162760382,24.067634933520136,14.381022167532986,14.451326206513047,31.355381834066726,-0.04013850152021362,-0.2324241158699162,-0.004864884923044294
Arnoldi_highacc_N2000,1416,13.871670902680354,24.072637262169007,14.38095747704289,14.451326206513047,31.355381834066726,-0.0401108725627859,-0.23226457934520273,-0.004869361362726903
Arnoldi_highacc_N2000,1417,13.871789595552006,24.074125301741674,14.380857458143353,14.451326206513047,31.355381834066726,-0.04010265927703233,-0.23221712211503592,-0.0048762824506676655
Arnoldi_highacc_N2000,1418,13.872038765269846,24.077249180354272,14.380774054882178,14.451326206513047,31.355381834066726,-0.04008541728039623,-0.23211749396733453,-0.004882053772965963
Arnoldi_highacc_N2000,1419,13.872229917773684,24.07964644698825,14.380683469824154,14.451326206513047,31.355381834066726,-0.04007218994740918,-0.23204103925705022,-0.004888322059815836
Arnoldi_highacc_N2000,1420,13.87239388724917,24.08170335878061,14.380589593815643,14.451326206513047,31.355381834066726,-0.04006084362021789,-0.23197543929710565,-0.004894818073203819
Arnoldi_highacc_N2000,1421,13.87269374560939,24.085464966388294,14.380513043078418,14.451326206513047,31.355381834066726,-0.040040094080976064,-0.2318554724082446,-0.004900115215911053
Arnoldi_highacc_N2000,1422,13.872977791607621,24.08902910400686,14.380434653481736,14.451326206513047,31.355381834066726,-0.040020438722417784,-0.2317418033214695,-0.004905539603649733
Arnoldi_highacc_N2000,1423,13.873390848426318,24.094212137403318,14.380372784260611,14.451326206513047,31.355381834066726,-0.03999185609873366,-0.23157650367932547,-0.004909820817722402
Arnoldi_highacc_N2000,1424,13.873734378967713,24.098524200453095,14.380302277735636,14.451326206513047,31.355381834066726,-0.039968084540574524,-0.23143898141687633,-0.0049146997142311515
Arnoldi_highacc_N2000,1425,13.873939221004854,24.101096559931488,14.380214385878665,14.451326206513047,31.355381834066726,-0.03995390992198151,-0.2313569425665123,-0.00492078163748962
Arnoldi_highacc_N2000,1426,13.874226456508541,24.10470393575689,14.380137061826657,14.451326206513047,31.355381834066726,-0.03993403385665829,-0.23124189450731486,-0.004926132291879575
Arnoldi_highacc_N2000,1427,13.874134101828693,24.103543106864418,14.380012036215994,14.451326206513047,31.355381834066726,-0.03994042459744767,-0.23127891618667495,-0.004934783789249158
Arnoldi_highacc_N2000,1428,13.874146522172872,24.10369923077106,14.379900266487514,14.451326206513047,31.355381834066726,-0.03993956513693855,-0.23127393701252652,-0.004942518008716857
Arnoldi_highacc_N2000,1429,13.87428062315563,24.10538493754965,14.379803936712936,14.451326206513047,31.355381834066726,-0.0399302856437735,-0.2312201756905464,-0.004949183817321675
Arnoldi_highacc_N2000,1430,13.874381608431039,24.106654715811654,14.379703559379791,14.451326206513047,31.355381834066726,-0.039923297684747144,-0.2311796793486832,-0.004956129708080049
Arnoldi_highacc_N2000,1431,13.874598630232798,24.109383634742766,14.37961795547014,14.451326206513047,31.355381834066726,-0.0399082802532216,-0.23109264743353852,-0.004962053310414409
Arnoldi_highacc_N2000,1432,13.874779790191045,24.111662250548104,14.379527965134749,14.451326206513047,31.355381834066726,-0.039895744382419274,-0.23101997678907318,-0.004968280443765735
Arnoldi_highacc_N2000,1433,13.874782483376057,24.111696142305057,14.379415614870897,14.451326206513047,31.355381834066726,-0.03989555801993784,-0.23101889589785227,-0.004976054835004702
Arnoldi_highacc_N2000,1434,13.874575716094116,24.109092697846577,14.379277076053432,14.451326206513047,31.355381834066726,-0.039909865861238125,-0.23110192612444166,-0.004985641416574125
Arnoldi_highacc_N2000,1435,13.874444857754726,24.107444863101332,14.37914811285003,14.451326206513047,31.355381834066726,-0.03991892097061143,-0.23115447961442837,-0.004994565386703834
Arnoldi_highacc_N2000,1436,13.87443423987108,24.107311152626913,14.379034329374598,14.451326206513047,31.355381834066726,-0.03991965570481467,-0.23115874396927266,-0.005002438953033096
Arnoldi_highacc_N2000,1437,13.87431010439703,24.10574729504572,14.37890638615385,14.451326206513047,31.355381834066726,-0.03992824560668784,-0.2312086192216127,-0.005011292342605686
Arnoldi_highacc_N2000,1438,13.874223211934387,24.104652444512446,14.378783194884587,14.451326206513047,31.355381834066726,-0.03993425837405606,-0.2312435366893402,-0.005019816907583558
Arnoldi_highacc_N2000,1439,13.874156178846524,24.103807661712185,14.378662582536027,14.451326206513047,31.355381834066726,-0.03993889691635348,-0.23127047888397625,-0.005028163016918896
Arnoldi_highacc_N2000,1440,13.87379858942139,24.09929811313165,14.378505676136983,14.451326206513047,31.355381834066726,-0.03996364131835671,-0.23141429944417227,-0.005039020594749553
Arnoldi_highacc_N2000,1441,13.873505055766756,24.095595912375188,14.378356801278365,14.451326206513047,31.355381834066726,-0.03998395320187796,-0.23153237170290136,-0.00504932240764141
Arnoldi_highacc_N2000,1442,13.873186485198623,24.09157688427866,14.378204841051591,14.451326206513047,31.355381834066726,-0.040005997584765786,-0.23166054836226393,-0.005059837721225914
Arnoldi_highacc_N2000,1443,13.872883164934848,24.08774949154262,14.378054824573397,14.451326206513047,31.355381834066726,-0.04002698668012221,-0.23178261330015223,-0.005070218531682386
Arnoldi_highacc_N2000,1444,13.871931802801733,24.07573040804267,14.377824425833662,14.451326206513047,31.355381834066726,-0.04009281884801601,-0.23216593133989277,-0.005086161617904528
Arnoldi_highacc_N2000,1445,13.87110209423223,24.06524781650392,14.377608948559807,14.451326206513047,31.355381834066726,-0.04015023285678214,-0.2325002468840065,-0.005101072171494956
Arnoldi_highacc_N2000,1446,13.870284656061573,24.054918145026473,14.377394921407067,14.451326206513047,31.355381834066726,-0.04020679778092649,-0.23282968543245447,-0.00511588237989256
Arnoldi_highacc_N2000,1447,13.869588980796541,24.046126811731995,14.377195901456803,14.451326206513047,31.355381834066726,-0.040254936979716306,-0.23311006260473713,-0.005129654122874477
Arnoldi_highacc_N2000,1448,13.869010560618623,24.038816928670478,14.377011393728482,14.451326206513047,31.355381834066726,-0.04029496238428143,-0.23334319269705112,-0.0051424216520053
Arnoldi_highacc_N2000,1449,13.868525801908714,24.032690230792603,14.37683852128707,14.451326206513047,31.355381834066726,-0.04032850662118965,-0.23353858811306924,-0.005154384044864068
Arnoldi_highacc_N2000,1450,13.867683724811558,24.02203936357254,14.376621335236184,14.451326206513047,31.355381834066726,-0.040386776504875224,-0.23387827038121795,-0.005169412842068026
Arnoldi_highacc_N2000,1451,13.866846434663183,24.011446773251294,14.376404672081856,14.451326206513047,31.355381834066726,-0.04044471514223004,-0.2342160940561871,-0.005184405455979838
Arnoldi_highacc_N2000,1452,13.865529520391362,23.994770863033516,14.376128967696072,14.451326206513047,31.355381834066726,-0.040535842714398924,-0.2347479297170005,-0.005203483593297053
Arnoldi_highacc_N2000,1453,13.86424026815565,23.978442274981376,14.37585647993736,14.451326206513047,31.355381834066726,-0.040625056134488496,-0.23526868842242948,-0.005222339147093185
Arnoldi_highacc_N2000,1454,13.863074908049159,23.96368222791145,14.375599017259828,14.451326206513047,31.355381834066726,-0.04070569649163201,-0.23573942251037772,-0.005240154998306571
Arnoldi_highacc_N2000,1455,13.861820772286471,23.947792177356327,14.375330531097552,14.451326206513047,31.355381834066726,-0.04079247992899726,-0.23624619517987389,-0.005258733650427496
Arnoldi_highacc_N2000,1456,13.86062503532888,23.93264000106113,14.3750690504672,14.451326206513047,31.355381834066726,-0.04087522229744868,-0.23672943523019063,-0.0052768275351419485
Arnoldi_highacc_N2000,1457,13.859311165008902,23.91598427202018,14.374792951609034,14.451326206513047,31.355381834066726,-0.040966139234842665,-0.23726062726379735,-0.00529593296908068
Arnoldi_highacc_N2000,1458,13.85776737443292,23.896402968271712,14.374488610126336,14.451326206513047,31.355381834066726,-0.04107296614843675,-0.23788512304739493,-0.005316992730541245
Arnoldi_highacc_N2000,1459,13.856297987071246,23.87776328464523,14.374193123697088,14.451326206513047,31.355381834066726,-0.04117464452318767,-0.2384795882567527,-0.005337439741772311
Arnoldi_highacc_N2000,1460,13.854786794486253,23.858587879593824,14.373892338016676,14.451326206513047,31.355381834066726,-0.04127921572747694,-0.23909113893576797,-0.005358253449532705
Arnoldi_highacc_N2000,1461,13.853363114270001,23.840521232305573,14.373602023616844,14.451326206513047,31.355381834066726,-0.04137773126825897,-0.23966732861139878,-0.005378342567699674
Arnoldi_highacc_N2000,1462,13.85205487324522,23.823918677122776,14.373325638488842,14.451326206513047,31.355381834066726,-0.04146825867080232,-0.24019682480030366,-0.005397467810881668
Arnoldi_highacc_N2000,1463,13.850787974407762,23.807838224325707,14.373054153754538,14.451326206513047,31.355381834066726,-0.04155592528488001,-0.2407096698641006,-0.0054162539575940425
Arnoldi_highacc_N2000,1464,13.849660644004558,23.7935291032074,14.372799645881297,14.451326206513047,31.355381834066726,-0.04163393407017029,-0.2411660228179262,-0.005433865342847088
Arnoldi_highacc_N2000,1465,13.848626201580739,23.780397944071733,14.372556443053616,14.451326206513047,31.355381834066726,-0.041705515211515845,-0.24158480767614157,-0.005450694443803336
Arnoldi_highacc_N2000,1466,13.847716411415343,23.768848752466297,14.37232851004695,14.451326206513047,31.355381834066726,-0.04176847069064594,-0.24195313971134222,-0.005466466906718444
Arnoldi_highacc_N2000,1467,13.846923200300557,23.75877903441197,14.372114914872125,14.451326206513047,31.355381834066726,-0.04182335915579099,-0.24227428770780476,-0.005481247223194117
Arnoldi_highacc_N2000,1468,13.846247588337837,23.750201892046626,14.371915845129852,14.451326206513047,31.355381834066726,-0.041870110018173104,-0.24254783380623005,-0.005495022411673563
Arnoldi_highacc_N2000,1469,13.845477609037212,23.740423163017997,14.371705039694472,14.451326206513047,31.355381834066726,-0.04192339089285695,-0.2428597014492515,-0.005509609684313271
Arnoldi_highacc_N2000,1470,13.8447789589597,23.73154934545739,14.371503028150235,14.451326206513047,31.355381834066726,-0.04197173594212979,-0.24314270924700596,-0.005523588439020666
Arnoldi_highacc_N2000,1471,13.844168238841123,23.723791717886275,14.371311902840596,14.451326206513047,31.355381834066726,-0.04201399643157212,-0.2433901190094565,-0.005536813890228944
Arnoldi_highacc_N2000,1472,13.8436802893757,23.717593406771442,14.371136045114875,14.451326206513047,31.355381834066726,-0.04204776146174655,-0.24358779834717387,-0.005548982858198196
Arnoldi_highacc_N2000,1473,13.843305006349404,23.712826075017436,14.370974258351733,14.451326206513047,31.355381834066726,-0.04207373022204804,-0.2437398402447733,-0.005560178146494237
Arnoldi_highacc_N2000,1474,13.842687155260247,23.704972639581612,14.37078226210412,14.451326206513047,31.355381834066726,-0.04211648415897586,-0.24399030555491955,-0.005573463864695437
Arnoldi_highacc_N2000,1475,13.84217687397375,23.698486185508788,14.370603635859448,14.451326206513047,31.355381834066726,-0.04215179450206857,-0.2441971744780011,-0.005585824408089138
Arnoldi_highacc_N2000,1476,13.841529300403028,23.690250982671998,14.370407926969364,14.451326206513047,31.355381834066726,-0.04219660516937123,-0.24445981528653504,-0.005599367032986493
Arnoldi_highacc_N2000,1477,13.840990878333537,23.68340353476709,14.370225771079745,14.451326206513047,31.355381834066726,-0.04223386279277526,-0.24467819718796247,-0.00561197182004999
Arnoldi_highacc_N2000,1478,13.84056158437131,23.677943684734764,14.370057220284254,14.451326206513047,31.355381834066726,-0.042263568991091786,-0.24485232519128966,-0.005623635164512827
Arnoldi_highacc_N2000,1479,13.840175380774017,23.673031134027678,14.369894070147357,14.451326206513047,31.355381834066726,-0.042290293430895694,-0.24500899847733298,-0.00563492479527514
Arnoldi_highacc_N2000,1480,13.839916582925598,23.669739149477582,14.369746892422224,14.451326206513047,31.355381834066726,-0.042308201672998924,-0.24511398793552286,-0.005645109170261166
Arnoldi_highacc_N2000,1481,13.839599891004633,23.665709490651626,14.369592514201397,14.451326206513047,31.355381834066726,-0.042330116057633184,-0.24524250363491001,-0.005655791803717861
Arnoldi_highacc_N2000,1482,13.838986748298138,23.657902388908138,14.369401189077154,14.451326206513047,31.355381834066726,-0.04237254418483294,-0.24549149125001238,-0.0056690310816574115
Arnoldi_highacc_N2000,1483,13.838330274926323,23.64954118282804,14.369204459046712,14.451326206513047,31.355381834066726,-0.04241797069880367,-0.2457581506108948,-0.0056826443672224084
Arnoldi_highacc_N2000,1484,13.837777571855353,23.64250126916055,14.36902060906831,14.451326206513047,31.355381834066726,-0.04245621653611099,-0.24598267071735516,-0.0056953663815050345
Arnoldi_highacc_N2000,1485,13.837342054695753,23.636953804534055,14.368851364735287,14.451326206513047,31.355381834066726,-0.042486353366003024,-0.24615959296489318,-0.005707077717240195
Arnoldi_highacc_N2000,1486,13.837026546154481,23.632934864844497,14.368697141222006,14.451326206513047,31.355381834066726,-0.042508185863364384,-0.2462877668047407,-0.005717749645274832
Arnoldi_highacc_N2000,1487,13.836802506814054,23.630080858967222,14.368554421218633,14.451326206513047,31.355381834066726,-0.04252368889313657,-0.24637878804927152,-0.005727625555716081
Arnoldi_highacc_N2000,1488,13.83654636513423,23.62681703375754,14.36840773282913,14.451326206513047,31.355381834066726,-0.042541413334213005,-0.24648287943705796,-0.005737776069752405
Arnoldi_highacc_N2000,1489,13.836360557930979,23.624449186301952,14.368269920475152,14.451326206513047,31.355381834066726,-0.042554270784151964,-0.24655839589761708,-0.005747312381645791
Arnoldi_highacc_N2000,1490,13.83590501715817,23.61864021478633,14.368098406177108,14.451326206513047,31.355381834066726,-0.042585793204052994,-0.24674365824098016,-0.005759180793969552
Arnoldi_highacc_N2000,1491,13.835465256343392,23.613031397892687,14.367928873927648,14.451326206513047,31.355381834066726,-0.04261622368555303,-0.24692253716273346,-0.0057709120528891475
Arnoldi_highacc_N2000,1492,13.83504434631654,23.60766201296757,14.367761711097476,14.451326206513047,31.355381834066726,-0.04264534973397498,-0.24709378001200039,-0.005782479353203528
Arnoldi_highacc_N2000,1493,13.83463577166037,23.602448965966563,14.367596108272663,14.451326206513047,31.355381834066726,-0.04267362220186694,-0.2472600368615771,-0.005793938704577004
Arnoldi_highacc_N2000,1494,13.834192445156477,23.596790986632925,14.367426186394313,14.451326206513047,31.355381834066726,-0.042704299421213995,-0.24744048369407237,-0.005805696924959069
Arnoldi_highacc_N2000,1495,13.833771187365139,23.591413693487777,14.36725903503004,14.451326206513047,31.355381834066726,-0.04273344953417373,-0.2476119787558645,-0.005817263431858487
Arnoldi_highacc_N2000,1496,13.833332897060743,23.58581762887512,14.367089775277558,14.451326206513047,31.355381834066726,-0.04276377825958849,-0.24779045097611274,-0.005828975834586341
Arnoldi_highacc_N2000,1497,13.832960787381005,23.58106603671075,14.366928801102288,14.451326206513047,31.355381834066726,-0.04278952743128528,-0.2479419908996102,-0.005840114893588203
Arnoldi_highacc_N2000,1498,13.832476793304261,23.574883325590744,14.366753880888062,14.451326206513047,31.355381834066726,-0.0428230187572596,-0.2481391727152464,-0.00585221898782332
Arnoldi_highacc_N2000,1499,13.832037037738365,23.56926492395793,14.366584488423184,14.451326206513047,31.355381834066726,-0.04285344887554853,-0.24831835731783058,-0.005863940573957171
Arnoldi_highacc_N2000,1500,13.83170711663866,23.5650496272723,14.36642884335231,14.451326206513047,31.355381834066726,-0.04287627869026526,-0.24845279346368715,-0.005874710870651757
Arnoldi_highacc_N2000,1501,13.831496753383991,23.562361826889468,14.366288221902579,14.451326206513047,31.355381834066726,-0.04289083536497192,-0.24853851400751767,-0.005884441565794978
Arnoldi_highacc_N2000,1502,13.831347821826643,23.56045871938415,14.366155376632008,14.451326206513047,31.355381834066726,-0.04290114110129119,-0.24859920877166974,-0.005893634166437458
Arnoldi_highacc_N2000,1503,13.831260526605135,23.5593430999043,14.36603035588625,14.451326206513047,31.355381834066726,-0.042907181738687426,-0.24863478861202234,-0.005902285327166316
Arnoldi_highacc_N2000,1504,13.831286926675892,23.559680497671145,14.365919749075506,14.451326206513047,31.355381834066726,-0.042905354911835704,-0.24862402817004683,-0.005909939075283578
Arnoldi_highacc_N2000,1505,13.831428609081625,23.561491264856354,14.36582381633906,14.451326206513047,31.355381834066726,-0.04289555080086981,-0.2485662783650918,-0.0059165774097226015
Arnoldi_highacc_N2000,1506,13.831280863457808,23.55960170344128,14.365691503612924,14.451326206513047,31.355381834066726,-0.04290577447319619,-0.24862654111121532,-0.005925733159461046
Arnoldi_highacc_N2000,1507,13.830780316527807,23.55319504872764,14.365515091656281,14.451326206513047,31.355381834066726,-0.04294041122022187,-0.24883086503709012,-0.00593794047899157
Arnoldi_highacc_N2000,1508,13.8303300441183,23.547431108102884,14.36534495510401,14.451326206513047,31.355381834066726,-0.04297156908096577,-0.24901469123494221,-0.005949713554336996
Arnoldi_highacc_N2000,1509,13.82990151321874,23.541944503418154,14.365177545951648,14.451326206513047,31.355381834066726,-0.04300122247702343,-0.24918967250972832,-0.005961297899605423
Arnoldi_highacc_N2000,1510,13.829421941040808,23.53580259170966,14.36500378173195,14.451326206513047,31.355381834066726,-0.04303440781732223,-0.24938555313210428,-0.005973322001560798
Arnoldi_highacc_N2000,1511,13.8290392250166,23.530900843813953,14.364842121769673,14.451326206513047,31.355381834066726,-0.0430608909247366,-0.24954188189000776,-0.005984508515515778
Arnoldi_highacc_N2000,1512,13.828499301509126,23.52398239676878,14.364660864851517,14.451326206513047,31.355381834066726,-0.04309825244434796,-0.24976252812808533,-0.005997051095730592
Arnoldi_highacc_N2000,1513,13.828067078520228,23.5184437779135,14.364493038635526,14.451326206513047,31.355381834066726,-0.04312816132487019,-0.24993916826229226,-0.006008664300885102
Arnoldi_highacc_N2000,1514,13.827741019031448,23.514265396319196,14.364338504822403,14.451326206513047,31.355381834066726,-0.04315072392460118,-0.2500724270953824,-0.006019357700986613
Arnoldi_highacc_N2000,1515,13.827506125130837,23.511255090523694,14.364195434191489,14.451326206513047,31.355381834066726,-0.043166978066072656,-0.25016843312750264,-0.006029257874082804
Arnoldi_highacc_N2000,1516,13.827391988381493,23.509792339836753,14.364067590396603,14.451326206513047,31.355381834066726,-0.043174876078179866,-0.25021508383310337,-0.006038104383604394
Arnoldi_highacc_N2000,1517,13.82725271455122,23.508006986327562,14.363936660984598,14.451326206513047,31.355381834066726,-0.043184513521019555,-0.2502720231336241,-0.00604716441104648
Arnoldi_highacc_N2000,1518,13.82720670093535,23.50741710316664,14.3638175436853,14.451326206513047,31.355381834066726,-0.04318769756206969,-0.2502908359538296,-0.006055407066259913
Arnoldi_highacc_N2000,1519,13.827040241941638,23.505282264487832,14.363683357239285,14.451326206513047,31.355381834066726,-0.04319921615844846,-0.2503589211932347,-0.006064692473294367
Arnoldi_highacc_N2000,1520,13.826955653983706,23.50419734030353,14.363559535841066,14.451326206513047,31.355381834066726,-0.04320506945915758,-0.2503935220853572,-0.006073260641810505
Arnoldi_highacc_N2000,1521,13.826937644656338,23.503966329655597,14.363444185633027,14.451326206513047,31.355381834066726,-0.043206315665015135,-0.25040088958128365,-0.00608124262259145
Arnoldi_highacc_N2000,1522,13.826923902091352,23.503790014038128,14.363329467283315,14.451326206513047,31.355381834066726,-0.04320726662029703,-0.25040651271859393,-0.006089180880165374
Arnoldi_highacc_N2000,1523,13.826998254857337,23.50474401251873,14.363225965701545,14.451326206513047,31.355381834066726,-0.043202121572367004,-0.25037608736815004,-0.00609634296205946
Arnoldi_highacc_N2000,1524,13.827113847696062,23.506227359696286,14.363127789314538,14.451326206513047,31.355381834066726,-0.043194122802076095,-0.2503287797899676,-0.006103136552184313
Arnoldi_highacc_N2000,1525,13.826831596642513,23.502602211962362,14.362979636579496,14.451326206513047,31.355381834066726,-0.04321365395440873,-0.2504443946388988,-0.006113388395712348
Arnoldi_highacc_N2000,1526,13.826633029264723,23.500051686217194,14.362842025764264,14.451326206513047,31.355381834066726,-0.04322739438037052,-0.250525737157981,-0.006122910761567585
Arnoldi_highacc_N2000,1527,13.826553800997324,23.49903401508507,14.36271948128144,14.451326206513047,31.355381834066726,-0.04323287680227886,-0.25055819318538675,-0.006131390570345904
Arnoldi_highacc_N2000,1528,13.826318025471872,23.496004104424998,14.362577341003625,14.451326206513047,31.355381834066726,-0.043249191950250926,-0.2506548244647029,-0.006141226365053139
Arnoldi_highacc_N2000,1529,13.826159945445651,23.493972479228233,14.362445009911436,14.451326206513047,31.355381834066726,-0.043260130740501876,-0.25071961797311926,-0.00615038338568211
Arnoldi_highacc_N2000,1530,13.826087343024478,23.49303933851788,14.362323500384608,14.451326206513047,31.355381834066726,-0.04326515466841937,-0.25074937811813325,-0.006158791577780986
Arnoldi_highacc_N2000,1531,13.82596365691836,23.491449163398656,14.362195643312836,14.451326206513047,31.355381834066726,-0.04327371347501957,-0.25080009270128334,-0.006167639006033974
Arnoldi_highacc_N2000,1532,13.825818056444309,23.48957678479499,14.36206510304063,14.451326206513047,31.355381834066726,-0.04328378870769857,-0.25085980744542435,-0.006176672105857519
Arnoldi_highacc_N2000,1533,13.825606389886273,23.486853947481,14.361926331225161,14.451326206513047,31.355381834066726,-0.04329843556813275,-0.2509466454028889,-0.006186274810376474
Arnoldi_highacc_N2000,1534,13.825509457309595,23.48560700242902,14.361802038491994,14.451326206513047,31.355381834066726,-0.04330514308931752,-0.25098641353770473,-0.006194875594234708
Arnoldi_highacc_N2000,1535,13.825495515315104,23.48542763938916,14.361688280142195,14.451326206513047,31.355381834066726,-0.04330610784468261,-0.2509921338647863,-0.0062027474219254
Arnoldi_highacc_N2000,1536,13.825427234109986,23.484548941588812,14.361567765457984,14.451326206513047,31.355381834066726,-0.04331083275394995,-0.2510201576919238,-0.006211086773102484
Arnoldi_highacc_N2000,1537,13.825363266559416,23.48372558938953,14.361447876721996,14.451326206513047,31.355381834066726,-0.0433152591678068,-0.25104641641215375,-0.006219382810038778
Arnoldi_highacc_N2000,1538,13.825177797882445,23.481337364290027,14.361312787227833,14.451326206513047,31.355381834066726,-0.04332809319247143,-0.25112258276573673,-0.0062287307060196005
Arnoldi_highacc_N2000,1539,13.825003448586878,23.47909189310767,14.361179155218906,14.451326206513047,31.355381834066726,-0.04334015778039054,-0.2511941963469152,-0.006237977747226564
Arnoldi_highacc_N2000,1540,13.82461298035571,23.47406014510322,14.361018499755344,14.451326206513047,31.355381834066726,-0.04336717732348222,-0.25135467112700494,-0.006249094752078991
Arnoldi_highacc_N2000,1541,13.824280716749453,23.46977796488873,14.360865147515556,14.451326206513047,31.355381834066726,-0.04339016923450194,-0.2514912403525736,-0.006259706389903581
Arnoldi_highacc_N2000,1542,13.824022171115526,23.466445566478644,14.360721064511164,14.451326206513047,31.355381834066726,-0.0434080600239168,-0.2515975187078404,-0.006269676617018554
Arnoldi_highacc_N2000,1543,13.823787848828442,23.463424875655075,14.360580066662532,14.451326206513047,31.355381834066726,-0.043424274610989036,-0.25169385594396637,-0.006279433358138179
Arnoldi_highacc_N2000,1544,13.823635714737991,23.461463548495306,14.360449442487987,14.451326206513047,31.355381834066726,-0.04343480195555774,-0.2517564074756348,-0.006288472263819131
Arnoldi_highacc_N2000,1545,13.823427455580218,23.458777841521147,14.3603118332579,14.451326206513047,31.355381834066726,-0.04344921303138546,-0.25184206125553044,-0.006297994519985857
Arnoldi_highacc_N2000,1546,13.823103707651569,23.454601123364977,14.360159799435067,14.451326206513047,31.355381834066726,-0.04347161567623772,-0.2519752670375003,-0.006308514926255832
Arnoldi_highacc_N2000,1547,13.822870563936597,23.45159313105647,14.360019156743503,14.451326206513047,31.355381834066726,-0.04348774870871103,-0.2520711992868483,-0.006318247091287206
Arnoldi_highacc_N2000,1548,13.822756606159153,23.450122849770587,14.359893541863935,14.451326206513047,31.355381834066726,-0.043495634336356226,-0.25211809016171194,-0.006326939364769461
Arnoldi_highacc_N2000,1549,13.822622891126786,23.448397245676006,14.35976551435326,14.451326206513047,31.355381834066726,-0.04350488712260274,-0.2521731239069144,-0.0063357985870197385
Arnoldi_highacc_N2000,1550,13.82259839421135,23.448081103620385,14.359651311234243,14.451326206513047,31.355381834066726,-0.04350658225529054,-0.25218320645214676,-0.006343701191762354
Arnoldi_highacc_N2000,1551,13.822688991361835,23.449250307496893,14.359551731450743,14.451326206513047,31.355381834066726,-0.043500313131669,-0.25214591767401306,-0.006350591893838892
Arnoldi_highacc_N2000,1552,13.822857407527676,23.451423966161617,14.35946211147613,14.451326206513047,31.355381834066726,-0.04348865910328192,-0.25207659437008306,-0.006356793399038643
Arnoldi_highacc_N2000,1553,13.82312949361997,23.45493573500962,14.359385766052316,14.451326206513047,31.355381834066726,-0.043469831343918866,-0.2519645954517925,-0.006362076334509268
Arnoldi_highacc_N2000,1554,13.823483086409677,23.459499792063383,14.359319925315035,14.451326206513047,31.355381834066726,-0.043445363500299906,-0.251819036482748,-0.006366632368768054
Arnoldi_highacc_N2000,1555,13.823884758791067,23.464685077426317,14.359260363207177,14.451326206513047,31.355381834066726,-0.043417568654647,-0.251653665019872,-0.0063707539356752186
Arnoldi_highacc_N2000,1556,13.824340114338941,23.470564028609534,14.359207809930151,14.451326206513047,31.355381834066726,-0.043386059051904166,-0.2514661708533418,-0.0063743905068988655
Arnoldi_highacc_N2000,1557,13.824671140903765,23.47483961687254,14.359139593109358,14.451326206513047,31.355381834066726,-0.04336315274143178,-0.25132981186126724,-0.006379110960912443
Arnoldi_highacc_N2000,1558,13.824937587288565,23.47828217251415,14.35906332100461,14.451326206513047,31.355381834066726,-0.043344715237427535,-0.2512200203218171,-0.006384388822864878
Arnoldi_highacc_N2000,1559,13.82510922150042,23.480500550613954,14.358975163986864,14.451326206513047,31.355381834066726,-0.04333283852733174,-0.2511492708054647,-0.006390489094665988
Arnoldi_highacc_N2000,1560,13.825389980660225,23.484129432030084,14.358900972212323,14.451326206513047,31.355381834066726,-0.043313410610765934,-0.2510335368802542,-0.006395623002342045
Arnoldi_highacc_N2000,1561,13.825529349844405,23.48593162435296,14.358808994871834,14.451326206513047,31.355381834066726,-0.04330376656964547,-0.2509760605486817,-0.006401987632077368
Arnoldi_highacc_N2000,1562,13.825730769045888,23.48853644505058,14.358724994197996,14.451326206513047,31.355381834066726,-0.04328982880375432,-0.25089298643045205,-0.006407800294018464
Arnoldi_highacc_N2000,1563,13.825369875538861,23.483863824822247,14.3585703232238,14.451326206513047,31.355381834066726,-0.04331480184096004,-0.25104200774529556,-0.006418503185364575
Arnoldi_highacc_N2000,1564,13.825041257688857,23.4796084441298,14.35841971535834,14.451326206513047,31.355381834066726,-0.04333754147366278,-0.25117772226840257,-0.006428924918519616
Arnoldi_highacc_N2000,1565,13.824829054278986,23.476860525665355,14.358283729068885,14.451326206513047,31.355381834066726,-0.04335222548306366,-0.251265360125246,-0.006438334870762795
Arnoldi_highacc_N2000,1566,13.824678711060317,23.474913467302876,14.358155564949694,14.451326206513047,31.355381834066726,-0.043362628903242585,-0.2513274565899863,-0.006447203546022059
Arnoldi_highacc_N2000,1567,13.824507720805181,23.472698482681622,14.35802487009691,14.451326206513047,31.355381834066726,-0.04337446105294926,-0.251398097879988,-0.00645624734248171
Arnoldi_highacc_N2000,1568,13.824431273336014,23.4717081488806,14.35790612622541,14.451326206513047,31.355381834066726,-0.04337975104973399,-0.2514296820528825,-0.006464464157312621
Arnoldi_highacc_N2000,1569,13.82443577373507,23.471766452860525,14.3577976621571,14.451326206513047,31.355381834066726,-0.043379439632014134,-0.25142782259602015,-0.006471969632364531
Arnoldi_highacc_N2000,1570,13.824544264228498,23.473172014147178,14.357702426099188,14.451326206513047,31.355381834066726,-0.04337193232840215,-0.2513829958006046,-0.006478559758180791
Arnoldi_highacc_N2000,1571,13.824741710451832,23.475730179026353,14.357618563801356,14.451326206513047,31.355381834066726,-0.04335826948386371,-0.25130140965081016,-0.006484362844806406
Arnoldi_highacc_N2000,1572,13.82431618609651,23.470209984350884,14.357456455998657,14.451326206513047,31.355381834066726,-0.043387714833670425,-0.2514774621927528,-0.006495580348333977
Arnoldi_highacc_N2000,1573,13.8239379126242,23.465302145344708,14.357300264011,14.451326206513047,31.355381834066726,-0.043413890526261226,-0.2516339852111025,-0.006506388490467402
Arnoldi_highacc_N2000,1574,13.82333741086945,23.45750656860082,14.35711638509525,14.451326206513047,31.355381834066726,-0.04345544392739333,-0.251882605265712,-0.0065191125071509225
Arnoldi_highacc_N2000,1575,13.822620986006653,23.448202424593294,14.356918088653147,14.451326206513047,31.355381834066726,-0.04350501895272722,-0.2521793372288807,-0.006532834184958787
Arnoldi_highacc_N2000,1576,13.822012098638497,23.440294645904313,14.356733104376657,14.451326206513047,31.355381834066726,-0.043547152619869904,-0.2524315356786023,-0.006545634690175196
Arnoldi_highacc_N2000,1577,13.821344238177558,23.431618350967536,14.356540770055865,14.451326206513047,31.355381834066726,-0.04359336709537173,-0.2527082439956208,-0.00655894380229703
Arnoldi_highacc_N2000,1578,13.820392052880745,23.419240059718444,14.356313211203647,14.451326206513047,31.355381834066726,-0.04365925622438352,-0.2531030180511433,-0.006574690374546982
Arnoldi_highacc_N2000,1579,13.819496541381472,23.407597213443076,14.356092561172382,14.451326206513047,31.355381834066726,-0.043721223651211755,-0.2534743369633793,-0.0065899588715770665
Arnoldi_highacc_N2000,1580,13.81871838761603,23.397480049954236,14.355886352314133,14.451326206513047,31.355381834066726,-0.04377507018088811,-0.2537969981110693,-0.006604228071185575
Arnoldi_highacc_N2000,1581,13.818052868634133,23.388827149062468,14.35569406063962,14.451326206513047,31.355381834066726,-0.043821122631188286,-0.25407296033463783,-0.006617534232278763
Arnoldi_highacc_N2000,1582,13.817411398070572,23.380485552691663,14.355504724273256,14.451326206513047,31.355381834066726,-0.043865510983813825,-0.25433899429381424,-0.0066306358925456
Arnoldi_highacc_N2000,1583,13.816848325752675,23.373162901012304,14.355325112248941,14.451326206513047,31.355381834066726,-0.043904474350210144,-0.2545725316086558,-0.006643064649723193
Arnoldi_highacc_N2000,1584,13.816402136008126,23.367360242017742,14.355160060392762,14.451326206513047,31.355381834066726,-0.04393534969951532,-0.2547575926302459,-0.006654485875278567
Arnoldi_highacc_N2000,1585,13.816047939513917,23.362753727134297,14.355006515916532,14.451326206513047,31.355381834066726,-0.04395985931815845,-0.2549045056835719,-0.006665110815442273
Arnoldi_highacc_N2000,1586,13.815631250365644,23.357332789690947,14.354845183064151,14.451326206513047,31.355381834066726,-0.04398869329106291,-0.25507739266903545,-0.006676274694111617
Arnoldi_highacc_N2000,1587,13.815222974541506,23.352020303996778,14.354684915699554,14.451326206513047,31.355381834066726,-0.044016945080435355,-0.2552468208623288,-0.006687364843368996
Arnoldi_highacc_N2000,1588,13.814883428210859,23.347601745592907,14.354533260619489,14.451326206513047,31.355381834066726,-0.044040440939970636,-0.2553877395227123,-0.0066978590414722245
Arnoldi_highacc_N2000,1589,13.814654694530354,23.34462516578505,14.354395524245126,14.451326206513047,31.355381834066726,-0.044056268807754956,-0.25548266995040125,-0.0067073900957432715
Arnoldi_highacc_N2000,1590,13.814429901194254,23.341699290980674,14.354258330962738,14.451326206513047,31.355381834066726,-0.044071824012369934,-0.2555759832712168,-0.006716883569243723
Arnoldi_highacc_N2000,1591,13.81409860455058,23.337385529529477,14.354107834466499,14.451326206513047,31.355381834066726,-0.04409474901170493,-0.2557135596998511,-0.0067272975958935066
Arnoldi_highacc_N2000,1592,13.813776379712609,23.33318910751181,14.353958503636932,14.451326206513047,31.355381834066726,-0.04411704626203106,-0.25584739388627165,-0.00673763096097245
Arnoldi_highacc_N2000,1593,13.81335475927589,23.327696192605814,14.353796770643799,14.451326206513047,31.355381834066726,-0.04414622146925378,-0.25602257640948456,-0.006748822528502098
Arnoldi_highacc_N2000,1594,13.813011535058553,23.3232243245262,14.353644854951408,14.451326206513047,31.355381834066726,-0.044169971830461625,-0.2561651952461257,-0.006759334760405193
Arnoldi_highacc_N2000,1595,13.812703828011957,23.319214643881825,14.353497414568825,14.451326206513047,31.355381834066726,-0.044191264481544264,-0.2562930737923222,-0.006769537310709358
Arnoldi_highacc_N2000,1596,13.812378238026618,23.314970948551046,14.353347767929318,14.451326206513047,31.355381834066726,-0.04421379459266944,-0.25642841564059676,-0.006779892529141791
Arnoldi_highacc_N2000,1597,13.811790033746437,23.307299417397054,14.35316536621378,14.451326206513047,31.355381834066726,-0.04425449703559926,-0.2566730795772246,-0.00679251432681844
Arnoldi_highacc_N2000,1598,13.811183982257335,23.29939328678785,14.352980725785436,14.451326206513047,31.355381834066726,-0.044296434466146575,-0.25692522546564156,-0.006805291038499121
Arnoldi_highacc_N2000,1599,13.810595254205976,23.291711821376296,14.352798219666063,14.451326206513047,31.355381834066726,-0.04433717315289029,-0.2571702062300987,-0.006817920060691597
Arnoldi_highacc_N2000,1600,13.809967604143898,23.28352033341694,14.352610853453447,14.451326206513047,31.355381834066726,-0.044380605157199736,-0.2574314528640164,-0.006830885390650845
Arnoldi_highacc_N2000,1601,13.809429615978754,23.276498673313135,14.35243462331505,14.451326206513047,31.355381834066726,-0.04441783275537695,-0.25765539081957906,-0.0068430801287585165
Arnoldi_highacc_N2000,1602,13.808631260281416,23.266072130675383,14.352226037874683,14.451326206513047,31.355381834066726,-0.044473077214323434,-0.2579879188268261,-0.00685751378262435
Arnoldi_highacc_N2000,1603,13.807880282777829,23.256263147592573,14.352023266624855,14.451326206513047,31.355381834066726,-0.04452504320643072,-0.2583007513458086,-0.006871545107288302
Arnoldi_highacc_N2000,1604,13.807150518031387,23.24672965791179,14.351823078157945,14.451326206513047,31.355381834066726,-0.04457554132238308,-0.2586047977047793,-0.006885397709052903
Arnoldi_highacc_N2000,1605,13.806488185205735,23.238076323003195,14.351631218224233,14.451326206513047,31.355381834066726,-0.044621373297676334,-0.2588807737702084,-0.006898673994631888
Arnoldi_highacc_N2000,1606,13.805920387274082,23.230657773018926,14.35145108767209,14.451326206513047,31.355381834066726,-0.04466066366615459,-0.25911736951710534,-0.0069111386327950376
Arnoldi_highacc_N2000,1607,13.805454049889445,23.224564680990923,14.351283595574479,14.451326206513047,31.355381834066726,-0.044692933187856124,-0.2593116931601803,-0.00692272871769232
Arnoldi_highacc_N2000,1608,13.805102732636744,23.219974408235146,14.351130489211744,14.451326206513047,31.355381834066726,-0.04471724356931734,-0.25945808821223454,-0.006933323341365384
Arnoldi_highacc_N2000,1609,13.8048591121239,23.216791243934054,14.35099091050408,14.451326206513047,31.355381834066726,-0.04473410157316851,-0.25955960712589143,-0.006942981881050204
Arnoldi_highacc_N2000,1610,13.80471211737887,23.21487053816574,14.350863521287739,14.451326206513047,31.355381834066726,-0.04474427328633378,-0.2596208631417957,-0.006951796934736031
Arnoldi_highacc_N2000,1611,13.804456008875194,23.21152279503279,14.350722482681402,14.451326206513047,31.355381834066726,-0.04476199543169371,-0.259727630877895,-0.006961556496199214
Arnoldi_highacc_N2000,1612,13.804160842610738,23.207663474012563,14.350576587541358,14.451326206513047,31.355381834066726,-0.04478242028822507,-0.2598507140870439,-0.006971652119117057
Arnoldi_highacc_N2000,1613,13.803931429306672,23.20466362130624,14.350438978799703,14.451326206513047,31.355381834066726,-0.04479829518446555,-0.2599463867445226,-0.006981174341485334
Arnoldi_highacc_N2000,1614,13.803757553407506,23.202389753173986,14.350308396784328,14.451326206513047,31.355381834066726,-0.04481032701439465,-0.26001890597405347,-0.00699021032984439
Arnoldi_highacc_N2000,1615,13.80300587374217,23.192547944263225,14.350105718937739,14.451326206513047,31.355381834066726,-0.04486234159455104,-0.2603327853891677,-0.007004235191209569
Arnoldi_highacc_N2000,1616,13.802175662032584,23.181674306269727,14.34989326259894,14.451326206513047,31.355381834066726,-0.04491979041950478,-0.2606795723634435,-0.007018936702736125
Arnoldi_highacc_N2000,1617,13.80143070055032,23.171916674165285,14.349691307202058,14.451326206513047,31.355381834066726,-0.04497134011616361,-0.2609907671738298,-0.007032911572169988
Arnoldi_highacc_N2000,1618,13.80079928598593,23.163646236151095,14.349503408908017,14.451326206513047,31.355381834066726,-0.045015032615756186,-0.26125453171855634,-0.00704591372099393
Arnoldi_highacc_N2000,1619,13.80004526035465,23.153765790208904,14.349300256267293,14.451326206513047,31.355381834066726,-0.04506720953159794,-0.2615696433633285,-0.007059971437069321
Arnoldi_highacc_N2000,1620,13.799387529309561,23.145146834793117,14.349109011906311,14.451326206513047,31.355381834066726,-0.04511272307379404,-0.26184452298244454,-0.007073205126368783
Arnoldi_highacc_N2000,1621,13.798678400330191,23.13585169864239,14.348911351460677,14.451326206513047,31.355381834066726,-0.04516179324003597,-0.2621409676629755,-0.007086882794619403
Arnoldi_highacc_N2000,1622,13.798080112260571,23.128009361019245,14.348727431958684,14.451326206513047,31.355381834066726,-0.04520319345902419,-0.2623910790366672,-0.0070996096197816294
Arnoldi_highacc_N2000,1623,13.79752245221852,23.12069862860992,14.348548553635457,14.451326206513047,31.355381834066726,-0.04524178230783175,-0.2626242362167652,-0.007111987606457128
Arnoldi_highacc_N2000,1624,13.79677947284552,23.11095341870136,14.348346619421639,14.451326206513047,31.355381834066726,-0.04529319484688747,-0.2629350348528695,-0.007125961010069522
Arnoldi_highacc_N2000,1625,13.796150952274255,23.10270945950509,14.348158860094001,14.451326206513047,31.355381834066726,-0.04533668708851868,-0.2631979549231751,-0.007138953542723928
Arnoldi_highacc_N2000,1626,13.795607115475846,23.095575868500298,14.347981622916635,14.451326206513047,31.355381834066726,-0.045374319399258685,-0.2634254626295887,-0.00715121796571416
Arnoldi_highacc_N2000,1627,13.795136506183946,23.08940236808628,14.347813514239672,14.451326206513047,31.355381834066726,-0.0454068845275504,-0.2636223506932292,-0.007162850716546895
Arnoldi_highacc_N2000,1628,13.794573742686204,23.082017347153293,14.347633912293334,14.451326206513047,31.355381834066726,-0.04544582652427096,-0.2638578771164783,-0.007175278776350599
Arnoldi_highacc_N2000,1629,13.794104529460961,23.075859738180384,14.347465969460833,14.451326206513047,31.355381834066726,-0.045478295047819424,-0.2640542583631011,-0.007186900051111216
Arnoldi_highacc_N2000,1630,13.793621391312492,23.069517982286072,14.34729629178673,14.451326206513047,31.355381834066726,-0.04551172714543907,-0.2642565125065165,-0.007198641373096369
Arnoldi_highacc_N2000,1631,13.793247149746458,23.06460557840339,14.347140231884186,14.451326206513047,31.355381834066726,-0.04553762383898026,-0.2644131811099696,-0.00720944037523041
Arnoldi_highacc_N2000,1632,13.792562107082539,23.055606916368973,14.346945426376815,14.451326206513047,31.355381834066726,-0.045585027285150514,-0.2647001705040723,-0.007222920488030279
Arnoldi_highacc_N2000,1633,13.791679814460915,23.04401102978216,14.346726131416595,14.451326206513047,31.355381834066726,-0.045646079994709175,-0.2650699917567102,-0.007238095217123343
Arnoldi_highacc_N2000,1634,13.790910862332883,23.033904704203263,14.346520802666962,14.451326206513047,31.355381834066726,-0.04569928979130803,-0.26539230725688107,-0.007252303515150727
Arnoldi_highacc_N2000,1635,13.790235168142893,23.02502372289125,14.346327002894853,14.451326206513047,31.355381834066726,-0.04574604634363647,-0.26567554352423095,-0.007265714033281719
Arnoldi_highacc_N2000,1636,13.78964850933493,23.017312633523886,14.346144249682107,14.451326206513047,31.355381834066726,-0.045786641843286784,-0.2659214690692673,-0.007278360153792355
Arnoldi_highacc_N2000,1637,13.789151920343583,23.010785157545918,14.345972712737167,14.451326206513047,31.355381834066726,-0.04582100470965974,-0.2661296462814764,-0.00729023013323152
Arnoldi_highacc_N2000,1638,13.788730690486984,23.005247884026307,14.34581059293933,14.451326206513047,31.355381834066726,-0.04585015288959696,-0.26630624350963056,-0.007301448466796222
Arnoldi_highacc_N2000,1639,13.788196860964478,22.998227679797147,14.345634420501543,14.451326206513047,31.355381834066726,-0.04588709271884709,-0.26653013503378137,-0.00731363921214851
Arnoldi_highacc_N2000,1640,13.787768327528292,22.992592109641343,14.345471393088006,14.451326206513047,31.355381834066726,-0.04591674629043363,-0.26670986718265544,-0.0073249203507241125
Arnoldi_highacc_N2000,1641,13.78742648085915,22.98809634101387,14.345319230970327,14.451326206513047,31.355381834066726,-0.04594040132833516,-0.2668532482663643,-0.007335449634715407
Arnoldi_highacc_N2000,1642,13.78718048550256,22.984861064538347,14.34517912436805,14.451326206513047,31.355381834066726,-0.045957423666152075,-0.2669564291650261,-0.007345144703546814
Arnoldi_highacc_N2000,1643,13.787014770266136,22.98268149753439,14.3450491583968,14.451326206513047,31.355381834066726,-0.04596889079616186,-0.26702594090037957,-0.0073541380630069465
Arnoldi_highacc_N2000,1644,13.78648442082471,22.975700246931126,14.344873552875526,14.451326206513047,31.355381834066726,-0.046005589811452745,-0.2672485900978988,-0.007366289578982939
Arnoldi_highacc_N2000,1645,13.785994662662347,22.96925250994677,14.34470300739009,14.451326206513047,31.355381834066726,-0.046039479999478695,-0.2674542242381072,-0.007378090951604379
Arnoldi_highacc_N2000,1646,13.785603402184302,22.964101386796976,14.344544778800584,14.451326206513047,31.355381834066726,-0.046066554364312326,-0.2676185061842514,-0.007389040022107965
Arnoldi_highacc_N2000,1647,13.785162852775171,22.958299715971823,14.344380401284832,14.451326206513047,31.355381834066726,-0.04609703941480771,-0.2678035356906965,-0.00740041458478843
Arnoldi_highacc_N2000,1648,13.784706377893947,22.952286976019238,14.344214042029776,14.451326206513047,31.355381834066726,-0.046128626472957304,-0.2679952967090889,-0.007411926279471583
Arnoldi_highacc_N2000,1649,13.784318137842792,22.94717264485557,14.344056225715224,14.451326206513047,31.355381834066726,-0.04615549183089103,-0.2681584052685934,-0.007422846821454821
Arnoldi_highacc_N2000,1650,13.783903802262387,22.941713237421936,14.34389516156159,14.451326206513047,31.355381834066726,-0.0461841629420738,-0.26833251915636314,-0.007433992106761662
Arnoldi_highacc_N2000,1651,13.783593853944431,22.937629221225695,14.343747190606573,14.451326206513047,31.355381834066726,-0.04620561068420668,-0.26846276844555544,-0.007444231371511714
Arnoldi_highacc_N2000,1652,13.783379324362267,22.934802412230496,14.343611237580285,14.451326206513047,31.355381834066726,-0.04622045565961577,-0.26855292231483885,-0.007453639022016908
Arnoldi_highacc_N2000,1653,13.783158054064831,22.931886179101873,14.343474485997437,14.451326206513047,31.355381834066726,-0.04623576707770113,-0.2686459281389763,-0.007463101930880396
Arnoldi_highacc_N2000,1654,13.782983113773085,22.929580294355976,14.343343611211935,14.451326206513047,31.355381834066726,-0.046247872561256495,-0.2687194684568108,-0.0074721581782884955
Arnoldi_highacc_N2000,1655,13.782869353408513,22.92808069393533,14.34322050004445,14.451326206513047,31.355381834066726,-0.046255744528365006,-0.26876729439076313,-0.007480677200399348
Arnoldi_highacc_N2000,1656,13.782808965742962,22.92728457957146,14.343104189207438,14.451326206513047,31.355381834066726,-0.04625992322204943,-0.26879268442964327,-0.00748872565459318
Arnoldi_highacc_N2000,1657,13.782805853395551,22.927243544556795,14.342995190377692,14.451326206513047,31.355381834066726,-0.04626013858964728,-0.2687939931368656,-0.007496268133960645
Arnoldi_highacc_N2000,1658,13.782901531387669,22.92850503707195,14.34289878350301,14.451326206513047,31.355381834066726,-0.04625351788295571,-0.26875376104778337,-0.0075029392777231484
Arnoldi_highacc_N2000,1659,13.783023838803533,22.930117866408207,14.342805855138483,14.451326206513047,31.355381834066726,-0.04624505447868978,-0.2687023239661113,-0.007509369716230939
Arnoldi_highacc_N2000,1660,13.783150171618441,22.931784087796917,14.342713543572685,14.451326206513047,31.355381834066726,-0.046236312525660524,-0.2686491840809864,-0.007515757473622782
Arnoldi_highacc_N2000,1661,13.783108410096187,22.931233013545683,14.342600061128293,14.451326206513047,31.355381834066726,-0.046239202331181326,-0.2686667591899151,-0.007523610209265934
Arnoldi_highacc_N2000,1662,13.78284519728191,22.927757667309823,14.342458764738595,14.451326206513047,31.355381834066726,-0.04625741607921492,-0.2687775965018079,-0.007533387608770912
Arnoldi_highacc_N2000,1663,13.782514710297686,22.923392693404057,14.34230906566228,14.451326206513047,31.355381834066726,-0.0462802850518961,-0.26891680622117486,-0.007543746455715214
Arnoldi_highacc_N2000,1664,13.782131804283924,22.918333933670993,14.342152826083266,14.451326206513047,31.355381834066726,-0.04630678130616994,-0.2690781424715141,-0.007554557891065882
Arnoldi_highacc_N2000,1665,13.781840939616005,22.914491062972594,14.342008144327743,14.451326206513047,31.355381834066726,-0.046326908501678685,-0.26920070103956906,-0.007564569550442758
Arnoldi_highacc_N2000,1666,13.78164406342494,22.91188989248633,14.341875308390645,14.451326206513047,31.355381834066726,-0.04634053190123745,-0.26928365874360954,-0.00757376150522945
Arnoldi_highacc_N2000,1667,13.781528527438352,22.91036333544515,14.34175276793229,14.451326206513047,31.355381834066726,-0.046348526737485456,-0.2693323443902796,-0.007582241035523318
Arnoldi_highacc_N2000,1668,13.781446441453834,22.909278603951797,14.341634511504743,14.451326206513047,31.355381834066726,-0.04635420690713529,-0.26936693913701537,-0.007590424120304359
Arnoldi_highacc_N2000,1669,13.781442234232406,22.909223004470125,14.341526162606861,14.451326206513047,31.355381834066726,-0.04635449803760789,-0.26936871234079796,-0.0075979216258158806
Arnoldi_highacc_N2000,1670,13.781512107154562,22.91014644510043,14.341427272912727,14.451326206513047,31.355381834066726,-0.0463496629850212,-0.26933926155511806,-0.007604764575225615
Arnoldi_highacc_N2000,1671,13.78159066500991,22.911184849084975,14.341329579683508,14.451326206513047,31.355381834066726,-0.04634422695415281,-0.26930614430621835,-0.007611524731893744
Arnoldi_highacc_N2000,1672,13.78156878713411,22.91089555107609,14.341219274728621,14.451326206513047,31.355381834066726,-0.04634574085505618,-0.2693153707289873,-0.007619157592249334
Arnoldi_highacc_N2000,1673,13.781418356682599,22.908905513704305,14.341092831169833,14.451326206513047,31.355381834066726,-0.046356150311556064,-0.2693788378997052,-0.0076279072085115975
Arnoldi_highacc_N2000,1674,13.78132194883312,22.907630018620928,14.340973255298307,14.451326206513047,31.355381834066726,-0.04636282152277226,-0.2694195165650178,-0.007636181595915041
Arnoldi_highacc_N2000,1675,13.781151448979024,22.90537353425003,14.340844410397821,14.451326206513047,31.355381834066726,-0.04637461973780527,-0.2694914813837796,-0.007645097379743076
Arnoldi_highacc_N2000,1676,13.781074448650932,22.904354449053848,14.34072740539988,14.451326206513047,31.355381834066726,-0.04637994799121205,-0.26952398250915505,-0.007653193868346895
Arnoldi_highacc_N2000,1677,13.78107973240359,22.904424381434456,14.34062086605604,14.451326206513047,31.355381834066726,-0.046379582367145226,-0.26952175219408575,-0.007660566156697256
Arnoldi_highacc_N2000,1678,13.781138995929238,22.90520882810348,14.34052124251859,14.451326206513047,31.355381834066726,-0.04637548146147049,-0.26949673426659965,-0.007667459886450919
Arnoldi_highacc_N2000,1679,13.781281297861625,22.907092490886882,14.340432239934056,14.451326206513047,31.355381834066726,-0.04636563448062227,-0.2694366596423016,-0.007673618669614658
Arnoldi_highacc_N2000,1680,13.781485770273264,22.909799314156583,14.340351241351012,14.451326206513047,31.355381834066726,-0.046351485439301295,-0.2693503324119708,-0.00767922359347333
Arnoldi_highacc_N2000,1681,13.781767489083562,22.91352890526101,14.340280189777268,14.451326206513047,31.355381834066726,-0.04633199111703137,-0.26923138660789275,-0.007684140206158505
Arnoldi_highacc_N2000,1682,13.782089625418166,22.917794062019937,14.34021441915087,14.451326206513047,31.355381834066726,-0.04630969999094361,-0.269095360302058,-0.007688691388898254
Arnoldi_highacc_N2000,1683,13.782344227361731,22.921166120328326,14.340140180972044,14.451326206513047,31.355381834066726,-0.04629208209623091,-0.268987817095401,-0.007693828507648796
Arnoldi_highacc_N2000,1684,13.782680245496147,22.925616656526653,14.340076441845104,14.451326206513047,31.355381834066726,-0.04626883038011754,-0.268845878584753,-0.007698239115092651
Arnoldi_highacc_N2000,1685,13.782680078631802,22.92561444461091,14.33997014955644,14.451326206513047,31.355381834066726,-0.0462688419267633,-0.26884594912816895,-0.007705594307768122
Arnoldi_highacc_N2000,1686,13.782617606541011,22.924786075749832,14.339856069113722,14.451326206513047,31.355381834066726,-0.04627316485809143,-0.26887236784204277,-0.007713488423580546
Arnoldi_highacc_N2000,1687,13.78259319339622,22.92446232268518,14.339746866717615,14.451326206513047,31.355381834066726,-0.046274854194034876,-0.26888269312101293,-0.0077210449892926875
Arnoldi_highacc_N2000,1688,13.782640604098217,22.925091092470037,14.339646825579216,14.451326206513047,31.355381834066726,-0.046271573477696476,-0.2688626401110325,-0.007727967616113888
Arnoldi_highacc_N2000,1689,13.782782557418095,22.926973731753932,14.339558856737517,14.451326206513047,31.355381834066726,-0.04626175062006743,-0.2688025981286431,-0.007734054866546267
Arnoldi_highacc_N2000,1690,13.782998860198363,22.9298425680943,14.339480437417835,14.451326206513047,31.355381834066726,-0.0462467829432482,-0.2687111039042847,-0.007739481311051138
Arnoldi_highacc_N2000,1691,13.783258196834751,22.933282539938226,14.339407610421844,14.451326206513047,31.355381834066726,-0.046228837418202134,-0.2686013947684774,-0.007744520779052232
Arnoldi_highacc_N2000,1692,13.783543574904765,22.937068471122927,14.339338223892407,14.451326206513047,31.355381834066726,-0.04620908988320526,-0.2684806521411116,-0.00774932217433223
Arnoldi_highacc_N2000,1693,13.78381814949929,22.940711845105174,14.339267590139254,14.451326206513047,31.355381834066726,-0.046190089924959196,-0.2683644560124366,-0.007754209874751059
Arnoldi_highacc_N2000,1694,13.784126049180191,22.944797931972516,14.339201328386642,14.451326206513047,31.355381834066726,-0.04616878394400619,-0.2682341406844662,-0.0077587950423450855
Arnoldi_highacc_N2000,1695,13.783879742628573,22.94152524796167,14.339065084224911,14.451326206513047,31.355381834066726,-0.046185827815834885,-0.26833851460114067,-0.00776822283878282
Arnoldi_highacc_N2000,1696,13.783573515139048,22.937455175662976,14.338921359266077,14.451326206513047,31.355381834066726,-0.04620701808482115,-0.2684683191852543,-0.007778168289932423
Arnoldi_highacc_N2000,1697,13.783029534905896,22.93022065951317,14.338747937131563,14.451326206513047,31.355381834066726,-0.046244660320930026,-0.2686990456419784,-0.007790168720345243
Arnoldi_highacc_N2000,1698,13.78256417666435,22.92403145034599,14.33858431349531,14.451326206513047,31.355381834066726,-0.046276862088082515,-0.2688964346962701,-0.007801491116221879
Arnoldi_highacc_N2000,1699,13.782165592030646,22.91872995339739,14.338429039164728,14.451326206513047,31.355381834066726,-0.04630444326838444,-0.2690655124315264,-0.007812235758503403
Arnoldi_highacc_N2000,1700,13.781489204754223,22.909727275873028,14.338239140693641,14.451326206513047,31.355381834066726,-0.04635124778077016,-0.2693526298894481,-0.007825376315181242
Arnoldi_highacc_N2000,1701,13.780571761144856,22.897508654807414,14.33801934416065,14.451326206513047,31.355381834066726,-0.04641473286139576,-0.26974231167135954,-0.00784058575200739
Arnoldi_highacc_N2000,1702,13.77972095147331,22.886176638568408,14.337807706429267,14.451326206513047,31.355381834066726,-0.04647360702002919,-0.2701037174516806,-0.007855230617700557
Arnoldi_highacc_N2000,1703,13.778963000525849,22.876081148763795,14.337607504622856,14.451326206513047,31.355381834066726,-0.04652605555912034,-0.27042568737244377,-0.007869084142529363
Arnoldi_highacc_N2000,1704,13.778278408728271,22.866962217174276,14.337416359129243,14.451326206513047,31.355381834066726,-0.046573427806331065,-0.27071651245752093,-0.00788231099042424
Arnoldi_highacc_N2000,1705,13.77769243771369,22.85915683167045,14.337237445493994,14.451326206513047,31.355381834066726,-0.046613975712191606,-0.2709654453375328,-0.007894691420614003
Arnoldi_highacc_N2000,1706,13.777152112196402,22.85195869025758,14.337064201435856,14.451326206513047,31.355381834066726,-0.04665136504999808,-0.2711950117147169,-0.00790667952853308
Arnoldi_highacc_N2000,1707,13.776521985069405,22.843561285904347,14.336879760185049,14.451326206513047,31.355381834066726,-0.04669496846175374,-0.27146282552727613,-0.007919442457566145
Arnoldi_highacc_N2000,1708,13.7758828015082,22.83504144170814,14.336694165276082,14.451326206513047,31.355381834066726,-0.04673919855884455,-0.271734544246611,-0.007932285217207333
Arnoldi_highacc_N2000,1709,13.775193940948265,22.825856890332794,14.33650236583995,14.451326206513047,31.355381834066726,-0.04678686619502483,-0.27202746210753675,-0.007945557316486775
Arnoldi_highacc_N2000,1710,13.774575400204833,22.81760938712238,14.336319274164454,14.451326206513047,31.355381834066726,-0.04682966785451217,-0.2722904952051421,-0.007958226857875506
Arnoldi_highacc_N2000,1711,13.773989317746945,22.80979365564512,14.336140199548566,14.451326206513047,31.355381834066726,-0.046870223472004466,-0.2725397580436118,-0.00797061842757152
Arnoldi_highacc_N2000,1712,13.773282594658458,22.800365302657237,14.33594609943123,14.451326206513047,31.355381834066726,-0.046919127155887086,-0.2728404513356845,-0.00798404972893192
Arnoldi_highacc_N2000,1713,13.772649508125072,22.791918848090866,14.335761113552245,14.451326206513047,31.355381834066726,-0.04696293535205804,-0.2731098294797961,-0.0079968503450374
Arnoldi_highacc_N2000,1714,13.772084017363076,22.784373730347145,14.335584519141939,14.451326206513047,31.355381834066726,-0.047002066069468704,-0.2733504617828454,-0.00800907028996024
Arnoldi_highacc_N2000,1715,13.771483202132675,22.776355272583892,14.335403507949943,14.451326206513047,31.355381834066726,-0.04704364116242661,-0.273606190059595,-0.008021595866465088
Arnoldi_highacc_N2000,1716,13.770973427559046,22.769551676705724,14.335233827107936,14.451326206513047,31.355381834066726,-0.04707891644210299,-0.2738231734123787,-0.008033337407662183
Arnoldi_highacc_N2000,1717,13.770382359043099,22.761660466587465,14.335054002551086,14.451326206513047,31.355381834066726,-0.047119817083850345,-0.2740748434497592,-0.00804578087162395
Arnoldi_highacc_N2000,1718,13.769867865768262,22.754791252218563,14.33488370744636,14.451326206513047,31.355381834066726,-0.04715541888727549,-0.2742939195370878,-0.008057564918450642
Arnoldi_highacc_N2000,1719,13.76941726588349,22.74877467331263,14.33472138809828,14.451326206513047,31.355381834066726,-0.0471865994085877,-0.27448580298911435,-0.008068797060453416
Arnoldi_highacc_N2000,1720,13.768999043888869,22.743189697824686,14.334563123354963,14.451326206513047,31.355381834066726,-0.04721553945108934,-0.2746639215499886,-0.00807974863272133
Arnoldi_highacc_N2000,1721,13.768641933902769,22.738420457134453,14.334412522367558,14.451326206513047,31.355381834066726,-0.04724025067696552,-0.27481602432824437,-0.008090169889930054
Arnoldi_highacc_N2000,1722,13.768384686722683,22.73498488317588,14.334274474973174,14.451326206513047,31.355381834066726,-0.04725805161622947,-0.27492559320470566,-0.008099722466102688
Arnoldi_highacc_N2000,1723,13.76796780407561,22.729414675665645,14.334116445644,14.451326206513047,31.355381834066726,-0.04728689897882553,-0.27510324077856435,-0.00811065774822948
Arnoldi_highacc_N2000,1724,13.767550521070818,22.723838070605705,14.33395837646571,14.451326206513047,31.355381834066726,-0.04731577404529546,-0.2752810923859679,-0.008121595787827484
Arnoldi_highacc_N2000,1725,13.767099701109393,22.717811777542007,14.333796122107522,14.451326206513047,31.355381834066726,-0.04734696979542824,-0.2754732856463016,-0.008132823432672584
Arnoldi_highacc_N2000,1726,13.766655426069141,22.71187193312444,14.333634690641789,14.451326206513047,31.355381834066726,-0.04737771265140582,-0.27566272184736595,-0.00814399413516908
Arnoldi_highacc_N2000,1727,13.766150455061142,22.70511858814421,14.333465679512692,14.451326206513047,31.355381834066726,-0.04741265553490195,-0.27587810257581535,-0.00815568933370533
Arnoldi_highacc_N2000,1728,13.76556773631718,22.697322907268298,14.333286964360886,14.451326206513047,31.355381834066726,-0.047452978390786216,-0.2761267259514504,-0.008168056029277235
Arnoldi_highacc_N2000,1729,13.764809639275127,22.68717589094571,14.333086422040063,14.451326206513047,31.355381834066726,-0.047505437039301955,-0.2764503391791982,-0.008181933116954632
Arnoldi_highacc_N2000,1730,13.764013916767276,22.676522553826807,14.332881164377964,14.451326206513047,31.355381834066726,-0.04756049928732541,-0.2767901002184763,-0.008196136495880954
Arnoldi_highacc_N2000,1731,13.763309795801996,22.6670953891486,14.332687220119121,14.451326206513047,31.355381834066726,-0.04760922291000318,-0.2770907556124401,-0.00820955701217624
Arnoldi_highacc_N2000,1732,13.762661871089843,22.658419871377863,14.332500224458386,14.451326206513047,31.355381834066726,-0.0476540578755208,-0.2773674391437282,-0.008222496700760057
Arnoldi_highacc_N2000,1733,13.762087357535032,22.650726896584676,14.332322343226835,14.451326206513047,31.355381834066726,-0.04769381295035625,-0.2776127869705829,-0.008234805690883784
Arnoldi_highacc_N2000,1734,13.761530695527707,22.643271814375236,14.332146671467248,14.451326206513047,31.355381834066726,-0.04773233273735504,-0.27785054781970575,-0.008246961790405497
Arnoldi_highacc_N2000,1735,13.761053132705289,22.636875800119256,14.33198086275395,14.451326206513047,31.355381834066726,-0.04776537903467015,-0.2780545323952988,-0.008258435388809451
Arnoldi_highacc_N2000,1736,13.760561831662466,22.630294399017284,14.331813337109633,14.451326206513047,31.355381834066726,-0.047799375986631656,-0.2782644294119195,-0.00827002779506496
Arnoldi_highacc_N2000,1737,13.760144371738281,22.62470188292555,14.331655044516834,14.451326206513047,31.355381834066726,-0.04782826329553459,-0.2784427884611356,-0.008280981294455722
Arnoldi_highacc_N2000,1738,13.759815220770689,22.62029230249423,14.331507830561046,14.451326206513047,31.355381834066726,-0.04785103981880237,-0.27858342079196335,-0.008291168176523471
Arnoldi_highacc_N2000,1739,13.759561593828348,22.61689435243003,14.331370128142549,14.451326206513047,31.355381834066726,-0.047868590245574015,-0.27869178975019143,-0.00830069688112327
Arnoldi_highacc_N2000,1740,13.759133025546783,22.61114970555534,14.331210517799095,14.451326206513047,31.355381834066726,-0.047898246228384234,-0.27887500062305176,-0.008311741565962098
Arnoldi_highacc_N2000,1741,13.758743441415554,22.605927020742637,14.331055797474942,14.451326206513047,31.355381834066726,-0.047925204593703905,-0.27904156484607234,-0.00832244787221673
Arnoldi_highacc_N2000,1742,13.758079222187218,22.597016493497684,14.330866805001309,14.451326206513047,31.355381834066726,-0.04797116710391533,-0.27932574340566085,-0.008335525735862794
Arnoldi_highacc_N2000,1743,13.757439307669502,22.588430801409277,14.33068080499666,14.451326206513047,31.355381834066726,-0.0480154477815896,-0.2795995621757158,-0.008348396527234472
Arnoldi_highacc_N2000,1744,13.75688055236525,22.580933739049648,14.330504891056394,14.451326206513047,31.355381834066726,-0.048054112420133355,-0.27983866187475004,-0.008360569385126703
Arnoldi_highacc_N2000,1745,13.75637739666698,22.574182119871256,14.330335904343912,14.451326206513047,31.355381834066726,-0.048088929688187405,-0.2800539875631477,-0.008372262894086914
Arnoldi_highacc_N2000,1746,13.755893581835437,22.567689056859436,14.330169330149284,14.451326206513047,31.355381834066726,-0.04812240861078798,-0.2802610672614968,-0.008383789462115866
Arnoldi_highacc_N2000,1747,13.755439710278592,22.561597059538947,14.330006499178584,14.451326206513047,31.355381834066726,-0.048153815524614355,-0.2804553559916653,-0.008395057007279052
Arnoldi_highacc_N2000,1748,13.755065012673814,22.556567567988754,14.329853587020494,14.451326206513047,31.355381834066726,-0.048179743775033985,-0.28061575880789663,-0.008405638192417651
Arnoldi_highacc_N2000,1749,13.754505335251714,22.549051169148076,14.329677558919663,14.451326206513047,31.355381834066726,-0.04821847222210533,-0.2808554751947184,-0.008417818949970013
Arnoldi_highacc_N2000,1750,13.753956020713074,22.541672720139754,14.329502809793297,14.451326206513047,31.355381834066726,-0.048256483580425676,-0.2810907920231776,-0.00842991120530136
Arnoldi_highacc_N2000,1751,13.753490930204816,22.535425395407813,14.32933857079687,14.451326206513047,31.355381834066726,-0.04828866682102329,-0.2812900345253102,-0.008441276182749159
Arnoldi_highacc_N2000,1752,13.752997035892887,22.528789586020096,14.3291707326038,14.451326206513047,31.355381834066726,-0.04832284322150518,-0.2815016667555549,-0.008452890216691194
Arnoldi_highacc_N2000,1753,13.752558077738977,22.52289139521488,14.32900976249666,14.451326206513047,31.355381834066726,-0.04835321816063796,-0.2816897745208,-0.008464028994187354
Arnoldi_highacc_N2000,1754,13.75216418517529,22.517598210799562,14.32885444271818,14.451326206513047,31.355381834066726,-0.0483804746600109,-0.2818585871489903,-0.008474776781363488
Arnoldi_highacc_N2000,1755,13.751788151172285,22.512544250672377,14.328701375386675,14.451326206513047,31.355381834066726,-0.0484064953862496,-0.282019770328131,-0.008485368704161266
Arnoldi_highacc_N2000,1756,13.751465361037175,22.508205531941023,14.328555005113662,14.451326206513047,31.355381834066726,-0.04842883175389484,-0.2821581427056168,-0.008495497205235939
Arnoldi_highacc_N2000,1757,13.750747157245922,22.498543092925747,14.328359272097911,14.451326206513047,31.355381834066726,-0.04847852987716671,-0.28246630157500674,-0.008509041499576393
Arnoldi_highacc_N2000,1758,13.750111451211016,22.489990264801232,14.328173760603901,14.451326206513047,31.355381834066726,-0.04852251933708351,-0.28273907223268124,-0.008521878487085976
Arnoldi_highacc_N2000,1759,13.749460200477058,22.481226435211834,14.327986286603302,14.451326206513047,31.355381834066726,-0.04856758445599723,-0.28301857224437865,-0.008534851275736657
Arnoldi_highacc_N2000,1760,13.748600426071494,22.46964999058934,14.327772893211545,14.451326206513047,31.355381834066726,-0.048627078954514354,-0.28338777344510896,-0.008549617629267642
Arnoldi_highacc_N2000,1761,13.747810252618319,22.459010075600514,14.327568060580576,14.451326206513047,31.355381834066726,-0.04868175722015475,-0.28372710641975213,-0.008563791596974247
Arnoldi_highacc_N2000,1762,13.746991080571242,22.447977076252418,14.327359578310347,14.451326206513047,31.355381834066726,-0.04873844212473518,-0.28407897581832886,-0.008578218111693414
Arnoldi_highacc_N2000,1763,13.746158996871284,22.436767853956713,14.327149437171112,14.451326206513047,31.355381834066726,-0.048796020487306704,-0.2844364653987468,-0.008592759416500432
Arnoldi_highacc_N2000,1764,13.745398471220287,22.42652206340292,14.32694811190508,14.451326206513047,31.355381834066726,-0.048848647190221584,-0.2847632287788904,-0.008606690682264873
Arnoldi_highacc_N2000,1765,13.744728953813945,22.417502185044352,14.32675805170199,14.451326206513047,31.355381834066726,-0.04889497632270219,-0.2850508948135858,-0.008619842430441782
Arnoldi_highacc_N2000,1766,13.744083198198373,22.408801216682473,14.326570917325482,14.451326206513047,31.355381834066726,-0.048939661191505536,-0.28532839002662214,-0.008632791717852108
Arnoldi_highacc_N2000,1767,13.743496576708024,22.40089644334601,14.326391124797674,14.451326206513047,31.355381834066726,-0.04898025410885901,-0.2855804926282838,-0.008645232965474555
Arnoldi_highacc_N2000,1768,13.742801077969082,22.39152093927701,14.326197752438667,14.451326206513047,31.355381834066726,-0.04902838109243154,-0.28587950043876476,-0.008658613907558605
Arnoldi_highacc_N2000,1769,13.742181737177491,22.38317170975743,14.326013825633401,14.451326206513047,31.355381834066726,-0.04907123811349247,-0.2861457778377697,-0.008671341238091242
Arnoldi_highacc_N2000,1770,13.74150510233652,22.374047474430977,14.325822739481199,14.451326206513047,31.355381834066726,-0.04911805975680063,-0.2864367720720207,-0.008684563979691015
Arnoldi_highacc_N2000,1771,13.740870805494612,22.36549326096962,14.325636891853579,14.451326206513047,31.355381834066726,-0.04916195170366025,-0.28670958691148346,-0.008697424226907356
Arnoldi_highacc_N2000,1772,13.74031253962185,22.357964099407237,14.325460500416538,14.451326206513047,31.355381834066726,-0.049200582474620926,-0.28694971033279054,-0.008709630126526537
Arnoldi_highacc_N2000,1773,13.739700527736858,22.349707749930587,14.32527739043237,14.451326206513047,31.355381834066726,-0.04924293235145901,-0.28721302555951433,-0.00872230093483511
Arnoldi_highacc_N2000,1774,13.739139534810679,22.342139009613515,14.32510062296298,14.451326206513047,31.355381834066726,-0.049281751828520286,-0.2874544112443428,-0.008734532855066155
Arnoldi_highacc_N2000,1775,13.73857710714308,22.334549508418284,14.324923662617666,14.451326206513047,31.355381834066726,-0.04932067058653338,-0.28769645904447466,-0.00874677812188702
Arnoldi_highacc_N2000,1776,13.738058920068251,22.327556301986235,14.324752214523146,14.451326206513047,31.355381834066726,-0.049356527992796516,-0.2879194895426857,-0.008758641953072448
Arnoldi_highacc_N2000,1777,13.73763042187351,22.321773416155978,14.324591983280838,14.451326206513047,31.355381834066726,-0.049386179125752654,-0.2881039199495887,-0.008769729602746837
Arnoldi_highacc_N2000,1778,13.737215617359455,22.316174462788073,14.32443347645843,14.451326206513047,31.355381834066726,-0.049414882686112924,-0.2882824842993241,-0.008780697926355599
Arnoldi_highacc_N2000,1779,13.736866212298274,22.311457986151634,14.324283184350474,14.451326206513047,31.355381834066726,-0.049439060748125215,-0.2884329043025439,-0.008791097809785502
Arnoldi_highacc_N2000,1780,13.736539401936694,22.30704589466164,14.324135751513937,14.451326206513047,31.355381834066726,-0.04946167530660308,-0.2885736167171891,-0.008801299837919782
Arnoldi_highacc_N2000,1781,13.736287506837273,22.303645063491302,14.323997765186176,14.451326206513047,31.355381834066726,-0.049479105893652404,-0.28868207756095543,-0.00881084818841644
Arnoldi_highacc_N2000,1782,13.736099554468973,22.30110737369201,14.323867872838013,14.451326206513047,31.355381834066726,-0.04949211178429623,-0.2887630107102541,-0.00881983645332075
Arnoldi_highacc_N2000,1783,13.735924498463822,22.29874343830213,14.323739654873481,14.451326206513047,31.355381834066726,-0.049504225274964814,-0.28883840240544667,-0.008828708854559197
Arnoldi_highacc_N2000,1784,13.7354743569694,22.292660485978843,14.323576913228953,14.451326206513047,31.355381834066726,-0.04953537407667267,-0.28903240266847896,-0.008839970218547722
Arnoldi_highacc_N2000,1785,13.735116427926014,22.287823609509854,14.323425737531009,14.451326206513047,31.355381834066726,-0.049560141979512216,-0.28918666251754044,-0.008850431244462137
Arnoldi_highacc_N2000,1786,13.734827048400202,22.28391288168367,14.323283194877428,14.451326206513047,31.355381834066726,-0.04958016640645247,-0.2893113852157643,-0.008860294882687728
Arnoldi_highacc_N2000,1787,13.734599553551684,22.280838284219783,14.323148472810088,14.451326206513047,31.355381834066726,-0.0495959085497871,-0.28940944166681176,-0.00886961735354023
Arnoldi_highacc_N2000,1788,13.734382743043849,22.27790761676102,14.323015138064443,14.451326206513047,31.355381834066726,-0.049610911360237625,-0.28950290783712573,-0.00887884382478163
Arnoldi_highacc_N2000,1789,13.73423294394498,22.27588265164924,14.322890298233823,14.451326206513047,31.355381834066726,-0.04962127712852273,-0.28956748893910356,-0.008887482466580771
Arnoldi_highacc_N2000,1790,13.73406283700701,22.27358266240318,14.322762948938026,14.451326206513047,31.355381834066726,-0.04963304815462369,-0.2896408412349944,-0.00889629475785265
Arnoldi_highacc_N2000,1791,13.73390503555869,22.271448719939215,14.322637202789455,14.451326206513047,31.355381834066726,-0.04964396766789631,-0.2897088978919108,-0.008904996114861282
Arnoldi_highacc_N2000,1792,13.733834277728663,22.27049185450315,14.322522508350191,14.451326206513047,31.355381834066726,-0.049648863954162084,-0.2897394146765932,-0.008912932717884726
Arnoldi_highacc_N2000,1793,13.733839407597827,22.270561228418234,14.322417491246672,14.451326206513047,31.355381834066726,-0.049648508978494744,-0.2897372021723586,-0.008920199670551854
Arnoldi_highacc_N2000,1794,13.733738322654276,22.269193673213767,14.322299105524227,14.451326206513047,31.355381834066726,-0.04965550383433753,-0.2897808168606346,-0.008928391702255584
Arnoldi_highacc_N2000,1795,13.733669156110206,22.268257824878503,14.322184817451582,14.451326206513047,31.355381834066726,-0.049660290007113694,-0.2898106633584453,-0.008936300185602482
Arnoldi_highacc_N2000,1796,13.733599686664588,22.267317708696364,14.322070557058753,14.451326206513047,31.355381834066726,-0.049665097140011084,-0.28984064596835624,-0.008944206753566986
Arnoldi_highacc_N2000,1797,13.733580865280635,22.267062982232208,14.32196277510208,14.451326206513047,31.355381834066726,-0.04966639953839893,-0.28984876981980556,-0.00895166502799338
Arnoldi_highacc_N2000,1798,13.733593720009234,22.26723697702472,14.32185908203193,14.451326206513047,31.355381834066726,-0.04966551001944301,-0.2898432206992931,-0.008958840360462393
Arnoldi_highacc_N2000,1799,13.733638984503116,22.267849723841806,14.321759579375062,14.451326206513047,31.355381834066726,-0.049662377815987355,-0.28982367870103803,-0.008965725725545558
Arnoldi_highacc_N2000,1800,13.733701126676632,22.26869106692597,14.321662303070642,14.451326206513047,31.355381834066726,-0.04965807771420933,-0.2897968462073814,-0.008972457031934292
Arnoldi_highacc_N2000,1801,13.733747227661231,22.269315359928818,14.321563076514451,14.451326206513047,31.355381834066726,-0.04965488762743523,-0.28977693597295495,-0.00897932329145769
Arnoldi_highacc_N2000,1802,13.733735532844703,22.26915694392602,14.32145660386789,14.451326206513047,31.355381834066726,-0.04965569688302613,-0.28978198824766926,-0.008986690964503002
Arnoldi_highacc_N2000,1803,13.733793821252968,22.269946540722273,14.321359082416926,14.451326206513047,31.355381834066726,-0.04965166345333031,-0.2897568060699994,-0.008993439234493646
Arnoldi_highacc_N2000,1804,13.733866862359434,22.270936131025945,14.321263519718737,14.451326206513047,31.355381834066726,-0.04964660916935509,-0.2897252456090581,-0.009000051963098816
Arnoldi_highacc_N2000,1805,13.733916169358206,22.271604312965874,14.321165030916982,14.451326206513047,31.355381834066726,-0.049643197233449184,-0.28970393564882657,-0.009006867171637357
Arnoldi_highacc_N2000,1806,13.733957598781814,22.272165851297906,14.321065626007078,14.451326206513047,31.355381834066726,-0.049640330408424596,-0.2896860268147067,-0.009013745772845505
Arnoldi_highacc_N2000,1807,13.734041245132959,22.273299708985682,14.32097166396011,14.451326206513047,31.355381834066726,-0.04963454226483489,-0.2896498653131891,-0.0090202477399055
Arnoldi_highacc_N2000,1808,13.734161155866587,22.274925316168336,14.32088240045369,14.451326206513047,31.355381834066726,-0.0496262447057102,-0.28959802071466834,-0.009026424578290003
Arnoldi_highacc_N2000,1809,13.734286603968373,22.276626276658835,14.320793935549782,14.451326206513047,31.355381834066726,-0.04961756397288381,-0.28954377291441824,-0.009032546155136642
Arnoldi_highacc_N2000,1810,13.734417069302069,22.278395563494385,14.320706203915123,14.451326206513047,31.355381834066726,-0.049608536058640434,-0.28948734601951026,-0.009038616991363404
Arnoldi_highacc_N2000,1811,13.734592630120925,22.280776614429875,14.320624308356411,14.451326206513047,31.355381834066726,-0.04959638763597334,-0.2894114084676064,-0.009044283983966096
Arnoldi_highacc_N2000,1812,13.734677666198444,22.281930334391014,14.320530999704125,14.451326206513047,31.355381834066726,-0.04959050332637414,-0.28937461350949545,-0.009050740737550661
Arnoldi_highacc_N2000,1813,13.734677477287676,22.2819277704683,14.320426965064366,14.451326206513047,31.355381834066726,-0.04959051639858393,-0.2893746952792767,-0.009057939705885688
Arnoldi_highacc_N2000,1814,13.734735314783348,22.28271279768048,14.320330365750037,14.451326206513047,31.355381834066726,-0.04958651417104811,-0.28934965883684594,-0.009064624166048618
Arnoldi_highacc_N2000,1815,13.734826173214008,22.28394615508334,14.320238044259774,14.451326206513047,31.355381834066726,-0.04958022696741284,-0.2893103240454732,-0.009071012610191604
Arnoldi_highacc_N2000,1816,13.73497330699432,22.28594355088882,14.320152967981263,14.451326206513047,31.355381834066726,-0.04957004563331182,-0.28924662219626424,-0.009076899701611118
Arnoldi_highacc_N2000,1817,13.73519237416394,22.288917564741862,14.320077153181765,14.451326206513047,31.355381834066726,-0.049554886666827364,-0.2891517736031653,-0.009082145919045733
Arnoldi_highacc_N2000,1818,13.735428452199514,22.29212297231146,14.320003616624389,14.451326206513047,31.355381834066726,-0.04953855058581998,-0.2890495452971424,-0.009087234487134633
Arnoldi_highacc_N2000,1819,13.735650267602812,22.295135346098316,14.319928371657372,14.451326206513047,31.355381834066726,-0.049523201447607426,-0.2889534733117079,-0.009092441273414383
Arnoldi_highacc_N2000,1820,13.73592125120858,22.29881573443361,14.319859510024262,14.451326206513047,31.355381834066726,-0.049504449977887936,-0.2888360967045669,-0.0090972063470226
Arnoldi_highacc_N2000,1821,13.736130600646048,22.30165989202101,14.319782900220916,14.451326206513047,31.355381834066726,-0.049489963457102534,-0.288745389546145,-0.00910250757697553
Arnoldi_highacc_N2000,1822,13.736397718391006,22.30528908760991,14.319713767077749,14.451326206513047,31.355381834066726,-0.0494714794964514,-0.28862964560119464,-0.009107291438482741
Arnoldi_highacc_N2000,1823,13.73662859230826,22.308426642197794,14.31964012352122,14.451326206513047,31.355381834066726,-0.0494555035289896,-0.2885295812931123,-0.00911238741067775
Arnoldi_highacc_N2000,1824,13.736917501640876,22.312353121332702,14.319573998009101,14.451326206513047,31.355381834066726,-0.04943551163838474,-0.2884043562470361,-0.009116963150729109
Arnoldi_highacc_N2000,1825,13.73723378461138,22.316652144915118,14.319511489195023,14.451326206513047,31.355381834066726,-0.04941362555222324,-0.2882672498451697,-0.00912128862322799
Arnoldi_highacc_N2000,1826,13.737437748077923,22.319425609093265,14.319434764508674,14.451326206513047,31.355381834066726,-0.04939951172878391,-0.2881787972728864,-0.009126597802832119
Arnoldi_highacc_N2000,1827,13.737485802960247,22.32007937324681,14.319338319479483,14.451326206513047,31.355381834066726,-0.04939618643658322,-0.28815794713121046,-0.009133271586802749
Arnoldi_highacc_N2000,1828,13.737519199323208,22.32053380864799,14.319240095928613,14.451326206513047,31.355381834066726,-0.04939387548169347,-0.2881434540721374,-0.009140068440563165
Arnoldi_highacc_N2000,1829,13.737617681427265,22.321873948045045,14.319150212853929,14.451326206513047,31.355381834066726,-0.04938706073662093,-0.2881007137411745,-0.0091462881517094
Arnoldi_highacc_N2000,1830,13.73779090728887,22.32423125503907,14.31906992498633,14.451326206513047,31.355381834066726,-0.04937507388786188,-0.28802553344177645,-0.009151843895621853
Arnoldi_highacc_N2000,1831,13.737707020829657,22.32308891244696,14.318957119670527,14.451326206513047,31.355381834066726,-0.04938087864640202,-0.28806196554769553,-0.009159649775455374
Arnoldi_highacc_N2000,1832,13.737692152784865,22.32288643578037,14.318853106666403,14.451326206513047,31.355381834066726,-0.0493819074824119,-0.28806842302500074,-0.009166847246651993
Arnoldi_highacc_N2000,1833,13.737723722413905,22.323316394273238,14.31875504925152,14.451326206513047,31.355381834066726,-0.04937972293349303,-0.2880547105945432,-0.009173632604167403
Arnoldi_highacc_N2000,1834,13.737729620016939,22.323396734190716,14.318653815325996,14.451326206513047,31.355381834066726,-0.04937931483232991,-0.2880521483576072,-0.009180637769235068
Arnoldi_highacc_N2000,1835,13.73726284958773,22.317031116083204,14.318493155065877,14.451326206513047,31.355381834066726,-0.04941161431976375,-0.288255163525504,-0.009191755105998749
Arnoldi_highacc_N2000,1836,13.736741252732767,22.309915790267347,14.31832564198218,14.451326206513047,31.355381834066726,-0.049447707675315276,-0.28848208871026215,-0.009203346643087024
Arnoldi_highacc_N2000,1837,13.73628597957636,22.303704917813842,14.31816640880685,14.451326206513047,31.355381834066726,-0.049479211576749685,-0.28868016865986607,-0.009214365228720914
Arnoldi_highacc_N2000,1838,13.735915086211454,22.29864510252069,14.318017745127468,14.451326206513047,31.355381834066726,-0.04950487658213436,-0.28884153857460443,-0.009224652428473836
Arnoldi_highacc_N2000,1839,13.735553847893495,22.293716230244215,14.317870306630967,14.451326206513047,31.355381834066726,-0.049529873479498436,-0.2889987323955108,-0.009234854848265247
Arnoldi_highacc_N2000,1840,13.735269839055698,22.289841013150067,14.317732581530114,14.451326206513047,31.355381834066726,-0.04954952626663633,-0.28912232256942916,-0.009244385122434178
Arnoldi_highacc_N2000,1841,13.735025936014438,22.28651270716256,14.317599928787839,14.451326206513047,31.355381834066726,-0.04956640382083275,-0.28922847040730654,-0.009253564400541911
Arnoldi_highacc_N2000,1842,13.734683806063131,22.281842271621194,14.317454965938879,14.451326206513047,31.355381834066726,-0.0495900784612372,-0.2893774220471266,-0.009263595510966567
Arnoldi_highacc_N2000,1843,13.73441067223742,22.278113558798417,14.317318689430694,14.451326206513047,31.355381834066726,-0.049608978721449176,-0.28949633984064954,-0.009273025545707829
Arnoldi_highacc_N2000,1844,13.734126396443203,22.27423197470672,14.317181041796271,14.451326206513047,31.355381834066726,-0.049628649981384367,-0.2896201330737295,-0.009282550459370147
Arnoldi_highacc_N2000,1845,13.733911596777077,22.271298927656815,14.317052164206835,14.451326206513047,31.355381834066726,-0.04964351364600983,-0.289713675135039,-0.009291468505201666
Arnoldi_highacc_N2000,1846,13.733352208409473,22.263654089278603,14.316880130503986,14.451326206513047,31.355381834066726,-0.049682222091145596,-0.28995748777360514,-0.009303372859195967
Arnoldi_highacc_N2000,1847,13.732845461660979,22.256728166748488,14.316714652934383,14.451326206513047,31.355381834066726,-0.04971728785197974,-0.29017837242322503,-0.00931482354318426
Arnoldi_highacc_N2000,1848,13.732372893811423,22.250268680329498,14.316553440089542,14.451326206513047,31.355381834066726,-0.04974998850815503,-0.2903843812817098,-0.009325979117595697
Arnoldi_highacc_N2000,1849,13.731893066040824,22.243708717827896,14.316391317151488,14.451326206513047,31.355381834066726,-0.049783191534904424,-0.29059359456880407,-0.009337197668456509
Arnoldi_highacc_N2000,1850,13.73148184152965,22.23808643533481,14.316237777185714,14.451326206513047,31.355381834066726,-0.04981164736693654,-0.29077290294153696,-0.009347822296506575
Arnoldi_highacc_N2000,1851,13.731050320375996,22.232185390065926,14.316081702781869,14.451326206513047,31.355381834066726,-0.04984150768200297,-0.2909611017426268,-0.009358622302098796
Arnoldi_highacc_N2000,1852,13.730356455594782,22.22269030885197,14.315892901841599,14.451326206513047,31.355381834066726,-0.04988952159929321,-0.29126392316142513,-0.00937168691205723
Arnoldi_highacc_N2000,1853,13.729750557242307,22.21439894663318,14.315715011988008,14.451326206513047,31.355381834066726,-0.04993144843312263,-0.29152835503033575,-0.009383996498807166
Arnoldi_highacc_N2000,1854,13.729140574726284,22.20605017044803,14.315536589408959,14.451326206513047,31.355381834066726,-0.0499736578820899,-0.2917946179713943,-0.009396342948987543
Arnoldi_highacc_N2000,1855,13.728617541043036,22.19889141453817,14.315368990191615,14.451326206513047,31.355381834066726,-0.05000985066299964,-0.29202292824832676,-0.009407940446334744
Arnoldi_highacc_N2000,1856,13.728042743841598,22.19102200635457,14.315194919395319,14.451326206513047,31.355381834066726,-0.05004962536555798,-0.2922739029685597,-0.009419985762716698
Arnoldi_highacc_N2000,1857,13.72754131854289,22.18415689959245,14.315029991392553,14.451326206513047,31.355381834066726,-0.05008432289376699,-0.29249284805423753,-0.009431398417888212
Arnoldi_highacc_N2000,1858,13.727096927308988,22.17807227691557,14.314872190971657,14.451326206513047,31.355381834066726,-0.0501150737900897,-0.29268690158894095,-0.009442317860065389
Arnoldi_highacc_N2000,1859,13.726721074457647,22.17292588384428,14.31472298140338,14.451326206513047,31.355381834066726,-0.05014108198103152,-0.2928510326812851,-0.009452642834129745
Arnoldi_highacc_N2000,1860,13.72631155796488,22.167317200633637,14.314569564623982,14.451326206513047,31.355381834066726,-0.05016941962194517,-0.2930299073395598,-0.00946325893795339
Arnoldi_highacc_N2000,1861,13.7259546580584,22.162428805796843,14.314422754212032,14.451326206513047,31.355381834066726,-0.05019411631077358,-0.2931858102356771,-0.00947341789567478
Arnoldi_highacc_N2000,1862,13.725666552954905,22.158482535285923,14.314284602099717,14.451326206513047,31.355381834066726,-0.05021405255049151,-0.29331166647725637,-0.009482977718098076
Arnoldi_highacc_N2000,1863,13.72543795465844,22.15535117810912,14.314153965874777,14.451326206513047,31.355381834066726,-0.05022987104999792,-0.29341153313470525,-0.00949201745763983
Arnoldi_highacc_N2000,1864,13.725265916566645,22.152994446146707,14.314030495697846,14.451326206513047,31.355381834066726,-0.05024177570769764,-0.29348669509493547,-0.00950056132241502
Arnoldi_highacc_N2000,1865,13.72469714694358,22.145195444873266,14.31385729781048,14.451326206513047,31.355381834066726,-0.05028113331508518,-0.29373542436618827,-0.009512546235418182
Arnoldi_highacc_N2000,1866,13.724193761439912,22.13829268020107,14.313692247572215,14.451326206513047,31.355381834066726,-0.05031596648516762,-0.2939555704549435,-0.009523967349017538
Arnoldi_highacc_N2000,1867,13.723566667443738,22.129689967743253,14.313511753149266,14.451326206513047,31.355381834066726,-0.050359360010939075,-0.2942299320463074,-0.009536457166240525
Arnoldi_highacc_N2000,1868,13.722996766737745,22.121871370742497,14.313338362194456,14.451326206513047,31.355381834066726,-0.05039879588677829,-0.2944792862733467,-0.00954845543908637
Arnoldi_highacc_N2000,1869,13.722502567950718,22.115091177726775,14.313174409031616,14.451326206513047,31.355381834066726,-0.050432993356267615,-0.29469552325147064,-0.009559800637478336
Arnoldi_highacc_N2000,1870,13.722070047500836,22.109156879793026,14.313018169003168,14.451326206513047,31.355381834066726,-0.05046292282043592,-0.2948847825615678,-0.009570612103928866
Arnoldi_highacc_N2000,1871,13.721681840848898,22.10383012585978,14.31286748710404,14.451326206513047,31.355381834066726,-0.05048978586721722,-0.2950546658039865,-0.009581038960050964
Arnoldi_highacc_N2000,1872,13.721077920346096,22.095538509132535,14.312689844138559,14.451326206513047,31.355381834066726,-0.050531575838197916,-0.29531910578979575,-0.009593331462686512
Arnoldi_highacc_N2000,1873,13.720538784740238,22.088136025920374,14.312520261712917,14.451326206513047,31.355381834066726,-0.05056888283674965,-0.2955551891279396,-0.009605066193687542
Arnoldi_highacc_N2000,1874,13.72008059403378,22.08184485619123,14.312360787293246,14.451326206513047,31.355381834066726,-0.05060058862623299,-0.2957558299545268,-0.009616101472899475
Arnoldi_highacc_N2000,1875,13.719679232899683,22.07633365265527,14.312208432326665,14.451326206513047,31.355381834066726,-0.05062836193425755,-0.29593159574698713,-0.00962664410161073
Arnoldi_highacc_N2000,1876,13.71930100680623,22.07113946615525,14.312058987975044,14.451326206513047,31.355381834066726,-0.050654534348335535,-0.29609725108894747,-0.009636985322166213
Arnoldi_highacc_N2000,1877,13.718782823179014,22.064020036089783,14.31189203150795,14.451326206513047,31.355381834066726,-0.050690391516031504,-0.2963243071682879,-0.009648538342609337
Arnoldi_highacc_N2000,1878,13.718249007022813,22.056684336023206,14.311723112321713,14.451326206513047,31.355381834066726,-0.05072733042036269,-0.29655826062818824,-0.009660227178901795
Arnoldi_highacc_N2000,1879,13.717766545017035,22.050053874458172,14.31156060104303,14.451326206513047,31.355381834066726,-0.05076071573039466,-0.29676972230325643,-0.009671472602080304
Arnoldi_highacc_N2000,1880,13.717026754662218,22.039880068981624,14.311366007597567,14.451326206513047,31.355381834066726,-0.05081190759640374,-0.29709418990280245,-0.00968493804066242
Arnoldi_highacc_N2000,1881,13.716292382799223,22.02977914436,14.311172042168826,14.451326206513047,31.355381834066726,-0.05086272451469212,-0.29741633315320454,-0.00969836002186809
Arnoldi_highacc_N2000,1882,13.715376302918559,22.017172317185693,14.310955511626764,14.451326206513047,31.355381834066726,-0.050926115228289826,-0.2978183957796787,-0.00971334345930266
Arnoldi_highacc_N2000,1883,13.714505747500928,22.005190966467367,14.310744539294536,14.451326206513047,31.355381834066726,-0.050986355749138255,-0.2982005104285046,-0.009727942280837325
Arnoldi_highacc_N2000,1884,13.713715041329104,21.99430837552116,14.31054339649243,14.451326206513047,31.355381834066726,-0.051041070877737814,-0.29854758293439204,-0.009741860920499341
Arnoldi_highacc_N2000,1885,13.712953298771572,21.983823198871697,14.31034579545336,14.451326206513047,31.355381834066726,-0.05109378178790945,-0.2988819809240243,-0.009755534477946278
Arnoldi_highacc_N2000,1886,13.712275564243715,21.97449429411212,14.310158589539915,14.451326206513047,31.355381834066726,-0.05114067952713226,-0.2991795025682813,-0.009768488715555317
Arnoldi_highacc_N2000,1887,13.71167102685627,21.96617270243847,14.30998046840165,14.451326206513047,31.355381834066726,-0.05118251218517393,-0.29944489852862033,-0.009780814306696244
Arnoldi_highacc_N2000,1888,13.711143425981868,21.95891001678193,14.309811929911982,14.451326206513047,31.355381834066726,-0.0512190210056698,-0.2996765233799767,-0.009792476799623123
Arnoldi_highacc_N2000,1889,13.710593447289286,21.95133765438304,14.309640584674815,14.451326206513047,31.355381834066726,-0.05125707832198272,-0.29991802458187455,-0.00980433351330588
Arnoldi_highacc_N2000,1890,13.710113526392842,21.944729667210687,14.309477984869607,14.451326206513047,31.355381834066726,-0.05129028779283583,-0.3001287694934601,-0.009815585062325268
Arnoldi_highacc_N2000,1891,13.709621963304482,21.937960062827774,14.309313925065583,14.451326206513047,31.355381834066726,-0.051324302877772364,-0.3003446687741239,-0.009826937640052751
Arnoldi_highacc_N2000,1892,13.709199362122183,21.932139978925445,14.30915849727353,14.451326206513047,31.355381834066726,-0.051353545950432955,-0.300530285518743,-0.009837692901530543
Arnoldi_highacc_N2000,1893,13.708686258409001,21.925071002181948,14.30899174388877,14.451326206513047,31.355381834066726,-0.051389051599246734,-0.30075573251795057,-0.009849231869122718
Arnoldi_highacc_N2000,1894,13.708194288838286,21.918292314039824,14.308827625772341,14.451326206513047,31.355381834066726,-0.05142309481186855,-0.300971921501966,-0.009860588481940337
Arnoldi_highacc_N2000,1895,13.707759916472657,21.912306905303456,14.308670715447764,14.451326206513047,31.355381834066726,-0.05145315242453476,-0.30116281086086594,-0.009871446331409293
Arnoldi_highacc_N2000,1896,13.707231665695252,21.905025293982995,14.308502058758073,14.451326206513047,31.355381834066726,-0.051489706216889614,-0.3013950392980445,-0.00988311700351795
Arnoldi_highacc_N2000,1897,13.70672697231517,21.898067544916525,14.308336337092504,14.451326206513047,31.355381834066726,-0.05152462988914429,-0.30161693897393715,-0.009894584578410444
Arnoldi_highacc_N2000,1898,13.706249550853038,21.891485003955648,14.308174021169084,14.451326206513047,31.355381834066726,-0.05155766640463846,-0.30182687234345285,-0.0099058164834343
Arnoldi_highacc_N2000,1899,13.705851399295652,21.88599534977898,14.308021637278799,14.451326206513047,31.355381834066726,-0.05158521761701137,-0.3020019508740132,-0.009916361113602301
Arnoldi_highacc_N2000,1900,13.70551024368357,21.881291287201666,14.30787642018582,14.451326206513047,31.355381834066726,-0.051608824835283715,-0.3021519749624523,-0.009926409817153998
Arnoldi_highacc_N2000,1901,13.705159411369785,21.876452877405466,14.307730005685281,14.451326206513047,31.355381834066726,-0.05163310166003818,-0.3023062837130778,-0.009936541378676264
Arnoldi_highacc_N2000,1902,13.704751506090647,21.870825753904892,14.307576443265235,14.451326206513047,31.355381834066726,-0.05166132780851126,-0.30248574647740806,-0.009947167560512539
Arnoldi_highacc_N2000,1903,13.704335797382777,21.865089914103965,14.307421910229523,14.451326206513047,31.355381834066726,-0.05169009393709551,-0.302668676471094,-0.009957860906818855
Arnoldi_highacc_N2000,1904,13.703885279177735,21.858872287977444,14.30726302064769,14.451326206513047,31.355381834066726,-0.051721268806350015,-0.3028669718118883,-0.009968855716538211
Arnoldi_highacc_N2000,1905,13.703271992973297,21.850404094627798,14.307083785533402,14.451326206513047,31.355381834066726,-0.05176370686329188,-0.303137043259095,-0.009981258392370648
Arnoldi_highacc_N2000,1906,13.702694350214722,21.842427270937154,14.306908974072693,14.451326206513047,31.355381834066726,-0.051803678472147736,-0.3033914437231958,-0.009993354961101542
Arnoldi_highacc_N2000,1907,13.702172465337483,21.83522000066053,14.306741111041523,14.451326206513047,31.355381834066726,-0.051839791758207514,-0.303621301242226,-0.010004970713785456
Arnoldi_highacc_N2000,1908,13.701628288579277,21.827703264823626,14.306570451592627,14.451326206513047,31.355381834066726,-0.05187744759341804,-0.30386102837668366,-0.0100167799724277
Arnoldi_highacc_N2000,1909,13.701112777683402,21.82058169131315,14.306403362911443,14.451326206513047,31.355381834066726,-0.05191311981398162,-0.3040881528157405,-0.010028342141795182
Arnoldi_highacc_N2000,1910,13.700653888303911,21.814241967437727,14.306243353353196,14.451326206513047,31.355381834066726,-0.051944873950102645,-0.30429034215309164,-0.010039414451419934
Arnoldi_highacc_N2000,1911,13.700238518810332,21.808503018306144,14.306088799578607,14.451326206513047,31.355381834066726,-0.05197361660580382,-0.30447337131095537,-0.010050109232810961
Arnoldi_highacc_N2000,1912,13.699886939206994,21.803645228024227,14.305942261734247,14.451326206513047,31.355381834066726,-0.05199794514135231,-0.3046282981527851,-0.010060249329454415
Arnoldi_highacc_N2000,1913,13.699381135339992,21.796653146988092,14.305776402194146,14.451326206513047,31.355381834066726,-0.052032945656860285,-0.3048512927593613,-0.01007172644496134
Arnoldi_highacc_N2000,1914,13.698949685196776,21.790688795041106,14.305619848477505,14.451326206513047,31.355381834066726,-0.0520628010581605,-0.30504151056562334,-0.010082559617945179
Arnoldi_highacc_N2000,1915,13.698540080328657,21.785025724039244,14.30546603916615,14.451326206513047,31.355381834066726,-0.052091144814454295,-0.30522211978390146,-0.010093202884117218
Arnoldi_highacc_N2000,1916,13.698156495319953,21.779721779272105,14.30531550351989,14.451326206513047,31.355381834066726,-0.052117688053685246,-0.30539127558609225,-0.010103619619862439
Arnoldi_highacc_N2000,1917,13.697702566337584,21.773443209151125,14.30515615606258,14.451326206513047,31.355381834066726,-0.05214909894123161,-0.3055915145802849,-0.010114646113558038
Arnoldi_highacc_N2000,1918,13.697265476784967,21.767396740109394,14.304998920225223,14.451326206513047,31.355381834066726,-0.05217934457726331,-0.3057843513020231,-0.010125526487795636
Arnoldi_highacc_N2000,1919,13.69687844848837,21.762042433367235,14.304847968815963,14.451326206513047,31.355381834066726,-0.05220612608444585,-0.3059551132710686,-0.010135971993426278
Arnoldi_highacc_N2000,1920,13.696501307902393,21.75682414186142,14.30469827031075,14.451326206513047,31.355381834066726,-0.05223222338379316,-0.30612153738076153,-0.010146330800851559
Arnoldi_highacc_N2000,1921,13.696170856187798,21.752251524751454,14.304554452317722,14.451326206513047,31.355381834066726,-0.05225508991589355,-0.30626736935098475,-0.010156282689762815
Arnoldi_highacc_N2000,1922,13.69589756826758,21.74846971726561,14.304417849295566,14.451326206513047,31.355381834066726,-0.05227400083910668,-0.306387980463484,-0.010165735318553006
Arnoldi_highacc_N2000,1923,13.695600333635573,21.744355635230527,14.304278259314351,14.451326206513047,31.355381834066726,-0.05229456882212488,-0.30651918862598876,-0.010175394638342768
Arnoldi_highacc_N2000,1924,13.69522274554619,21.739127623543236,14.304128590625886,14.451326206513047,31.355381834066726,-0.05232069708772403,-0.3066859227360996,-0.010185751382514631
Arnoldi_highacc_N2000,1925,13.694903667125768,21.734709511983155,14.303986289344014,14.451326206513047,31.355381834066726,-0.05234277661287361,-0.3068268271455392,-0.010195598318348695
Arnoldi_highacc_N2000,1926,13.694574161131328,21.730146149969258,14.303842697928065,14.451326206513047,31.355381834066726,-0.05236557770321862,-0.3069723639480583,-0.010205534528624256
Arnoldi_highacc_N2000,1927,13.694174941436492,21.724615595559346,14.303690367167034,14.451326206513047,31.355381834066726,-0.052393202828354635,-0.3071487468873311,-0.010216075482364702
Arnoldi_highacc_N2000,1928,13.693574222679397,21.71628878787754,14.303512825751495,14.451326206513047,31.355381834066726,-0.0524347712455719,-0.3074143091989582,-0.010228360957967551
Arnoldi_highacc_N2000,1929,13.692885878537188,21.70674408464208,14.303324339558335,14.451326206513047,31.355381834066726,-0.052482403146780945,-0.3077187131856796,-0.010241403788117984
Arnoldi_highacc_N2000,1930,13.692222063790263,21.697538413751904,14.303138872550445,14.451326206513047,31.355381834066726,-0.052528337667768106,-0.3080123045997116,-0.010254237697285895
Arnoldi_highacc_N2000,1931,13.691630948622707,21.68934074902323,14.302962440699746,14.451326206513047,31.355381834066726,-0.05256924153770421,-0.3082737482259463,-0.010266446393441367
Arnoldi_highacc_N2000,1932,13.691072131399036,21.681590200551753,14.302790022660206,14.451326206513047,31.355381834066726,-0.05260791046093562,-0.3085209322185538,-0.010278377342689625
Arnoldi_highacc_N2000,1933,13.690565007947537,21.674556179017223,14.302624054067916,14.451326206513047,31.355381834066726,-0.05264300228878946,-0.3087452644104484,-0.010289862004368296
Arnoldi_highacc_N2000,1934,13.68993428472879,21.66580411753745,14.302442636125944,14.451326206513047,31.355381834066726,-0.05268664694878351,-0.30902438910827823,-0.010302415727077175
Arnoldi_highacc_N2000,1935,13.68934860967783,21.657676530475417,14.302266813547906,14.451326206513047,31.355381834066726,-0.052727174374612155,-0.30928359778591596,-0.010314582262904102
Arnoldi_highacc_N2000,1936,13.68879673152761,21.650017193564945,14.302095194086238,14.451326206513047,31.355381834066726,-0.05276536312921739,-0.3095278728182216,-0.010326457952319398
Arnoldi_highacc_N2000,1937,13.688303167854087,21.643166849636618,14.301930856053799,14.451326206513047,31.355381834066726,-0.052799516650248575,-0.309746347080936,-0.010337829782841439
Arnoldi_highacc_N2000,1938,13.687658338578204,21.63421279106967,14.30174761272053,14.451326206513047,31.355381834066726,-0.05284413741838211,-0.3100319139611077,-0.01035050981861471
Arnoldi_highacc_N2000,1939,13.687056789326896,21.62585904781366,14.301569740167663,14.451326206513047,31.355381834066726,-0.052885763303973,-0.3102983353142336,-0.010362818208192555
Arnoldi_highacc_N2000,1940,13.686371791051265,21.61634324856434,14.301381440382459,14.451326206513047,31.355381834066726,-0.05293316367857129,-0.31060181748197363,-0.010375848139322297
Arnoldi_highacc_N2000,1941,13.685675432738226,21.606667798445237,14.301191690963817,14.451326206513047,31.355381834066726,-0.05298135014278143,-0.3109103913073637,-0.010388978381898653
Arnoldi_highacc_N2000,1942,13.685009550182507,21.597414809503352,14.30100570098838,14.451326206513047,31.355381834066726,-0.0530274277515907,-0.31120549181007334,-0.010401848479270963
Arnoldi_highacc_N2000,1943,13.68440690166938,21.58904018137924,14.300827566493481,14.451326206513047,31.355381834066726,-0.05306912970368247,-0.31147257923284594,-0.010414174994661537
Arnoldi_highacc_N2000,1944,13.683871054997544,21.581593625101757,14.300657758075184,14.451326206513047,31.355381834066726,-0.05310620911523118,-0.31171006816909586,-0.010425925363857462
Arnoldi_highacc_N2000,1945,13.683374388624657,21.574690950934915,14.300492841859755,14.451326206513047,31.355381834066726,-0.05314057733623665,-0.3119302113714134,-0.010437337203371151
Arnoldi_highacc_N2000,1946,13.682910311772464,21.568240561998234,14.300332003291874,14.451326206513047,31.355381834066726,-0.0531726904340632,-0.3121359300888833,-0.010448466878639888
Arnoldi_highacc_N2000,1947,13.682394145761585,21.561064202593432,14.300164639536733,14.451326206513047,31.355381834066726,-0.05320840798714468,-0.3123648017844276,-0.010460048082520367
Arnoldi_highacc_N2000,1948,13.681936015772816,21.55469442728479,14.300004537540735,14.451326206513047,31.355381834066726,-0.05324010957509733,-0.3125679495356605,-0.010471126788634296
Arnoldi_highacc_N2000,1949,13.68151421861243,21.548829281590816,14.299848993701454,14.451326206513047,31.355381834066726,-0.053269297011209374,-0.31275500341129225,-0.010481890080325166
Arnoldi_highacc_N2000,1950,13.681038481296651,21.542212254518038,14.299686690844073,14.451326206513047,31.355381834066726,-0.05330221698747865,-0.31296603662746536,-0.010493121081207856
Arnoldi_highacc_N2000,1951,13.680583083993758,21.535877348321748,14.299526935407991,14.451326206513047,31.355381834066726,-0.05333372947957699,-0.31316807231721755,-0.01050417580613751
Arnoldi_highacc_N2000,1952,13.680127037649603,21.529532350380098,14.299367099360232,14.451326206513047,31.355381834066726,-0.05336528688390363,-0.31337042985747104,-0.010515236109218
Arnoldi_highacc_N2000,1953,13.679683235747746,21.52335684017799,14.299208799658915,14.451326206513047,31.355381834066726,-0.05339599699974459,-0.31356738201818113,-0.010526190100502594
Arnoldi_highacc_N2000,1954,13.6793067463232,21.518117844992176,14.299058954605258,14.451326206513047,31.355381834066726,-0.05342204924015258,-0.3137344664189879,-0.010536559048758023
Arnoldi_highacc_N2000,1955,13.679004549372829,21.513912612076638,14.298918470304411,14.451326206513047,31.355381834066726,-0.053442960604691156,-0.313868581606543,-0.010546280253499997
Arnoldi_highacc_N2000,1956,13.678737583137718,21.510197292109204,14.298782450092524,14.451326206513047,31.355381834066726,-0.053461434081194026,-0.3139870722690741,-0.010555692553100947
Arnoldi_highacc_N2000,1957,13.678471278494037,21.50649057071814,14.298646542490685,14.451326206513047,31.355381834066726,-0.05347986177702452,-0.31410528870192383,-0.010565097060334198
Arnoldi_highacc_N2000,1958,13.678257965623981,21.503521287063574,14.298517351663625,14.451326206513047,31.355381834066726,-0.053494622558630814,-0.31419998643739644,-0.010574036781520616
Arnoldi_highacc_N2000,1959,13.678097434925546,21.501286603464646,14.298394869512137,14.451326206513047,31.355381834066726,-0.05350573093001082,-0.31427125597609173,-0.010582512277107492
Arnoldi_highacc_N2000,1960,13.67788335271365,21.498305620226585,14.298265663478183,14.451326206513047,31.355381834066726,-0.053520544948380926,-0.3143663268399656,-0.010591453050577506
Arnoldi_highacc_N2000,1961,13.677665351975028,21.49526954682436,14.298135999469782,14.451326206513047,31.355381834066726,-0.053535630120184995,-0.3144631546642381,-0.010600425514872374
Arnoldi_highacc_N2000,1962,13.677466804023883,21.49250404747502,14.298008828988813,14.451326206513047,31.355381834066726,-0.05354936920186565,-0.3145513532186035,-0.010609225432551318
Arnoldi_highacc_N2000,1963,13.677302606606025,21.490216792907216,14.29788604023818,14.451326206513047,31.355381834066726,-0.053560731302167826,-0.31462429937438335,-0.010617722144124873
Arnoldi_highacc_N2000,1964,13.676977475462742,21.485685460339965,14.297742988453754,14.451326206513047,31.355381834066726,-0.05358322966243157,-0.314768814679323,-0.010627621013085599
Arnoldi_highacc_N2000,1965,13.676678980213511,21.481524896826773,14.29760331120135,14.451326206513047,31.355381834066726,-0.05360388487739006,-0.31490150525012234,-0.010637286371849788
Arnoldi_highacc_N2000,1966,13.676312637743655,21.47641707853748,14.297455118958862,14.451326206513047,31.355381834066726,-0.05362923497084318,-0.3150644060980955,-0.010647540949206237
Arnoldi_highacc_N2000,1967,13.675983990667676,21.471834443870595,14.297311682885423,14.451326206513047,31.355381834066726,-0.053651976625919105,-0.31521055755276883,-0.010657466410121623
Arnoldi_highacc_N2000,1968,13.675673647449267,21.467506490506803,14.297170571014096,14.451326206513047,31.355381834066726,-0.05367345169429513,-0.3153485865962898,-0.010667231041361065
Arnoldi_highacc_N2000,1969,13.675354856210381,21.463059912370408,14.297028417586919,14.451326206513047,31.355381834066726,-0.05369551134711387,-0.3154903988746389,-0.010677067745975275
Arnoldi_highacc_N2000,1970,13.675043167002006,21.458711744426086,14.296887179503123,14.451326206513047,31.355381834066726,-0.053717079555036205,-0.3156290726106927,-0.010686841110840006
Arnoldi_highacc_N2000,1971,13.674679091186713,21.45363137079551,14.296739370902994,14.451326206513047,31.355381834066726,-0.05374227280097712,-0.3157910981812139,-0.010697069140988726
Arnoldi_highacc_N2000,1972,13.674259952762243,21.44778100780676,14.296584658049662,14.451326206513047,31.355381834066726,-0.053771276258409294,-0.31597768060013354,-0.010707774930279013
Arnoldi_highacc_N2000,1973,13.673841603018367,21.441940702402338,14.296430050098518,14.451326206513047,31.355381834066726,-0.05380022514087849,-0.31616394225803107,-0.010718473460568515
Arnoldi_highacc_N2000,1974,13.673476201843274,21.43683930466688,14.2962821011096,14.451326206513047,31.355381834066726,-0.05382551009880359,-0.31632663833880137,-0.01072871120531274
Arnoldi_highacc_N2000,1975,13.673156267667249,21.432372369641346,14.296139887344891,14.451326206513047,31.355381834066726,-0.0538476488403594,-0.3164690998482536,-0.010738552085151521
Arnoldi_highacc_N2000,1976,13.672841863625397,21.427981977332518,14.295998390699873,14.451326206513047,31.355381834066726,-0.05386940490878931,-0.316609120222812,-0.010748343341884344
Arnoldi_highacc_N2000,1977,13.672574418801315,21.42424709027005,14.295862833817042,14.451326206513047,31.355381834066726,-0.05388791150259673,-0.31672823492797597,-0.010757723580133379
Arnoldi_highacc_N2000,1978,13.672369071471966,21.421379308235828,14.295735144312317,14.451326206513047,31.355381834066726,-0.05390212108629958,-0.3168196955279265,-0.010766559413115051
Arnoldi_highacc_N2000,1979,13.67218959687848,21.41887258047417,14.295610762759772,14.451326206513047,31.355381834066726,-0.05391454033356595,-0.3168996412219361,-0.010775166343078995
Arnoldi_highacc_N2000,1980,13.671904634758206,21.414890958722207,14.295473104464495,14.451326206513047,31.355381834066726,-0.053934259085755304,-0.3170266249012621,-0.010784691994448939
Arnoldi_highacc_N2000,1981,13.67165798173542,21.41144432579888,14.295340303699152,14.451326206513047,31.355381834066726,-0.053951326932627074,-0.31713654647522244,-0.010793881515427496
Arnoldi_highacc_N2000,1982,13.671436957552103,21.408355483864216,14.295210769887067,14.451326206513047,31.355381834066726,-0.05396662132015649,-0.3172350572173658,-0.010802844970423556
Arnoldi_highacc_N2000,1983,13.671268208692071,21.405997074815524,14.295087878586477,14.451326206513047,31.355381834066726,-0.053978298370250075,-0.3173102726639891,-0.010811348778228723
Arnoldi_highacc_N2000,1984,13.671151001453191,21.40435891788742,14.294971554897929,14.451326206513047,31.355381834066726,-0.053986408853482194,-0.31736251750466016,-0.010819398121720518
Arnoldi_highacc_N2000,1985,13.671098290034518,21.40362217480017,14.294863460591952,14.451326206513047,31.355381834066726,-0.053990056367760136,-0.31738601404796973,-0.01082687801003198
Arnoldi_highacc_N2000,1986,13.67103278988864,21.402706510089807,14.294753802573675,14.451326206513047,31.355381834066726,-0.05399458883384261,-0.31741521684049856,-0.010834466103796484
Arnoldi_highacc_N2000,1987,13.67096244623739,21.401722964604744,14.29464358748923,14.451326206513047,31.355381834066726,-0.05399945645984768,-0.3174465845173544,-0.010842092745315099
Arnoldi_highacc_N2000,1988,13.670898329600368,21.400826351356372,14.294534219245934,14.451326206513047,31.355381834066726,-0.054003893190159184,-0.3174751797120523,-0.010849660787288041
Arnoldi_highacc_N2000,1989,13.67083849325847,21.399989465713123,14.294425451749465,14.451326206513047,31.355381834066726,-0.054008033733458964,-0.31750187004699,-0.010857187258901422
Arnoldi_highacc_N2000,1990,13.670587706788181,21.396479890583397,14.294292578651866,14.451326206513047,31.355381834066726,-0.054025387605809876,-0.31761379900222636,-0.010866381785113044
Arnoldi_highacc_N2000,1991,13.670106224431553,21.389737502662854,14.294130726631144,14.451326206513047,31.355381834066726,-0.05405870512627462,-0.31782883028317915,-0.010877581589090187
Arnoldi_highacc_N2000,1992,13.669691770524636,21.38393361326372,14.293977278905112,14.451326206513047,31.355381834066726,-0.05408738442539181,-0.3180139305453876,-0.010888199834352845
Arnoldi_highacc_N2000,1993,13.669166148514856,21.376570039612474,14.293809900787405,14.451326206513047,31.355381834066726,-0.05412375631280677,-0.3182487729622402,-0.01089978203209133
Arnoldi_highacc_N2000,1994,13.668641466523265,21.36921845184404,14.293642629687477,14.451326206513047,31.355381834066726,-0.0541600631530298,-0.3184832331199043,-0.010911356824434766
Arnoldi_highacc_N2000,1995,13.668082088117409,21.361378869699895,14.293471007453256,14.451326206513047,31.355381834066726,-0.05419877090883458,-0.31873325661461516,-0.010923232705704684
Arnoldi_highacc_N2000,1996,13.66755605304311,21.35400590215752,14.293303540886901,14.451326206513047,31.355381834066726,-0.05423517137940598,-0.31896839862568654,-0.010934821023895107
Arnoldi_highacc_N2000,1997,13.666973610238616,21.345840026034388,14.293129009052697,14.451326206513047,31.355381834066726,-0.054275475140885834,-0.31922882843535516,-0.010946898243086653
Arnoldi_highacc_N2000,1998,13.666460756090553,21.338649664152435,14.292963163001204,14.451326206513047,31.355381834066726,-0.0543109635203421,-0.3194581467042254,-0.010958374425211592
Arnoldi_highacc_N2000,1999,13.666001213779248,21.33220642557274,14.292803989380738,14.451326206513047,31.355381834066726,-0.05434276283790906,-0.31966363737928055,-0.010969388889779821
Arnoldi_highacc_N2000,2000,13.665548607913141,21.325859505301466,14.292645685175652,14.451326206513047,31.355381834066726,-0.054374082168719175,-0.31986605622733866,-0.010980343192715384
