lambda_center,lambda_mean,lambda_std,lambda_min,lambda_max,n_seeds,seeds,arnoldi_lambda,arnoldi_index,arnoldi_rel_err,arnoldi_abs_rel_err,ssg_lambda,ssg_index,ssg_rel_err,ssg_abs_rel_err,same_reference_index
5.272850187023401,5.272850187023886,1.6315883501753633e-12,5.272850187022129,5.272850187027757,8,"11,22,33,44,55,66,77,88",5.272850187022797,1,1.145417191792242e-13,1.145417191792242e-13,5.270982591813135,1,0.00035431633053892915,0.00035431633053892915,True
7.858546940175657,7.8585469401758985,1.1366907276522636e-12,7.858546940174705,7.858546940178641,8,"11,22,33,44,55,66,77,88",7.8585469401762555,2,-7.617594695749924e-14,7.617594695749924e-14,7.855560428457765,2,0.00038017805923470146,0.00038017805923470146,True
10.00803367573269,10.00803367573206,2.4128334135489917e-12,10.008033675728043,10.008033675735163,8,"11,22,33,44,55,66,77,88",10.008033675733403,3,-7.11747297899955e-14,7.11747297899955e-14,10.003948858306705,3,0.0004083205026176761,0.0004083205026176761,True
11.166430925706514,11.16643092570785,2.7743486651014215e-12,11.16643092570503,11.166430925712987,8,"11,22,33,44,55,66,77,88",11.166430925707095,4,-5.201918951082388e-14,5.201918951082388e-14,11.161899171289969,4,0.00040600209220681996,0.00040600209220681996,True
13.357868460018956,13.357868460018791,3.4477905655357986e-12,13.357868460014245,13.357868460022956,8,"11,22,33,44,55,66,77,88",13.357868460019738,5,-5.851210555602037e-14,5.851210555602037e-14,13.352198563684425,5,0.00042464140324817255,0.00042464140324817255,True
14.329302357016019,14.329302357017532,6.373465361728107e-12,14.3293023570114,14.329302357033157,8,"11,22,33,44,55,66,77,88",14.329302357016049,6,-2.107434508492899e-15,2.107434508492899e-15,14.324819955080176,6,0.0003129115723547098,0.0003129115723547098,True
15.23004384138428,15.230043841386491,8.305586398794273e-12,15.230043841377011,15.230043841402463,8,"11,22,33,44,55,66,77,88",15.230043841380915,7,2.2090677406211726e-13,2.2090677406211726e-13,15.223484182235588,7,0.00043089079150138295,0.00043089079150138295,True
16.695525010141424,16.695525010143115,8.516501622010061e-12,16.695525010130794,16.695525010159585,8,"11,22,33,44,55,66,77,88",16.695525010144635,8,-1.9236610790521225e-13,1.9236610790521225e-13,16.68806678376682,8,0.0004469197343971136,0.0004469197343971136,True
17.374945655020177,17.37494565502257,5.626022462036838e-12,17.374945655015907,17.374945655034594,8,"11,22,33,44,55,66,77,88",17.3749456550228,9,-1.5090134651424493e-13,1.5090134651424493e-13,17.367292733408895,9,0.00044065138584092905,0.00044065138584092905,True
18.178039479260605,18.178039479260065,7.375284710287225e-12,18.17803947924635,18.17803947926862,8,"11,22,33,44,55,66,77,88",18.17803947926554,10,-2.7146597989747993e-13,2.7146597989747993e-13,18.1721185607446,10,0.0003258243388745359,0.0003258243388745359,True
20.064742809127708,20.064742809130934,1.2230367383618807e-11,20.064742809117362,20.064742809158147,8,"11,22,33,44,55,66,77,88",20.064742809128205,11,-2.4788751082610106e-14,2.4788751082610106e-14,20.05562700619071,11,0.00045452595095543967,0.00045452595095543967,True
20.91026438275766,20.910264382756637,1.0929365710318938e-11,20.910264382737097,20.910264382778692,8,"11,22,33,44,55,66,77,88",20.910264382756388,12,6.082522314062303e-14,6.082522314062303e-14,20.900628419154664,12,0.0004610370276792678,0.0004610370276792678,True
20.93789987488107,20.937899874878454,1.587768517225245e-11,20.937899874847957,20.93789987489839,8,"11,22,33,44,55,66,77,88",20.93789987487903,13,9.739552026792131e-14,9.739552026792131e-14,20.930580148572147,13,0.00034971444923950876,0.00034971444923950876,True
22.082056861504704,22.082056861514644,3.432548781796477e-11,22.082056861486166,22.082056861603135,8,"11,22,33,44,55,66,77,88",22.08205686150896,14,-1.9274250645653666e-13,1.9274250645653666e-13,22.071976111929715,14,0.000456721660256804,0.000456721660256804,True
22.683693244565518,22.68369324456573,1.4005398440342277e-11,22.683693244544983,22.683693244583992,8,"11,22,33,44,55,66,77,88",22.683693244579388,15,-6.114433858935891e-13,6.114433858935891e-13,22.67600172605527,15,0.00033919200585575706,0.00033919200585575706,True
25.32631211443978,25.32631211444526,1.7969621573002713e-11,25.326312114421427,25.32631211448404,8,"11,22,33,44,55,66,77,88",25.326312114447795,16,-3.164662120230956e-13,3.164662120230956e-13,25.314238201627653,16,0.00047696133361622913,0.00047696133361622913,True
25.49167879913422,25.49167879914441,4.437676182950276e-11,25.491678799090053,25.4916787992492,8,"11,22,33,44,55,66,77,88",25.49167879912631,17,3.1037160890948794e-13,3.1037160890948794e-13,25.482430390817996,17,0.00036293274128032955,0.00036293274128032955,True
25.671410052132572,25.671410052130703,4.161713403154011e-11,25.671410052050206,25.671410052208287,8,"11,22,33,44,55,66,77,88",25.67141005211667,18,6.19441876937332e-13,6.19441876937332e-13,25.659161829749372,18,0.00047734304278788996,0.00047734304278788996,True
25.7913742915564,25.791374291569724,5.1118463451868184e-11,25.79137429151818,25.79137429168567,8,"11,22,33,44,55,66,77,88",25.791374291559645,19,-1.257640462302294e-13,1.257640462302294e-13,25.779119584059544,19,0.0004753733911237079,0.0004753733911237079,True
27.491270641660904,27.491270641635307,1.2379264937797916e-10,27.491270641380297,27.49127064177256,8,"11,22,33,44,55,66,77,88",27.491270641681297,20,-7.417837022562489e-13,7.417837022562489e-13,27.47823268742301,20,0.00047448299845944005,0.00047448299845944005,True
27.87587699563145,27.87587699564081,6.402097438039262e-11,27.87587699555563,27.875876995734885,8,"11,22,33,44,55,66,77,88",27.875876995652703,21,-7.623915556055488e-13,7.623915556055488e-13,27.86600459212992,21,0.00035428127017249225,0.00035428127017249225,True
28.501513127114634,28.501513127084067,6.80162386221186e-11,28.50151312695897,28.501513127157523,8,"11,22,33,44,55,66,77,88",28.5015131271558,22,-1.4443195774416534e-12,1.4443195774416534e-12,28.49233159982363,22,0.0003222455578560739,0.0003222455578560739,True
29.23515656702682,29.23515656702162,9.181847678505529e-11,29.23515656686024,29.235156567139597,8,"11,22,33,44,55,66,77,88",29.235156567075485,23,-1.6646078792345402e-12,1.6646078792345402e-12,29.223843088368398,23,0.00038713178907416,0.00038713178907416,True
30.423024617587558,30.4230246176107,1.2540374983675723e-10,30.42302461742389,30.423024617849308,8,"11,22,33,44,55,66,77,88",30.42302461753921,24,1.589220041814066e-12,1.589220041814066e-12,30.408067079779514,24,0.0004918937388818949,0.0004918937388818949,True
30.67594664926989,30.675946649249223,9.652613770028963e-11,30.675946649006875,30.6759466493381,8,"11,22,33,44,55,66,77,88",30.675946649232472,25,1.219756341767633e-12,1.219756341767633e-12,30.66437240799449,25,0.00037744914917547435,0.00037744914917547435,True
31.370306214618793,31.370306214567915,4.241072755434683e-10,31.3703062135298,31.37030621498036,8,"11,22,33,44,55,66,77,88",31.370306214671064,26,-1.6662596787705556e-12,1.6662596787705556e-12,31.354925792428553,26,0.000490526505853013,0.000490526505853013,True
32.03820634260545,32.038206342191174,1.1828221484908699e-09,32.03820633912841,32.03820634303523,8,"11,22,33,44,55,66,77,88",32.03820634261971,27,-4.451120813131996e-13,4.451120813131996e-13,32.02218447925708,27,0.0005003363639588454,0.0005003363639588454,True
33.60597842780942,33.60597842791691,8.817018259776503e-10,33.605978426456545,33.605978429289024,8,"11,22,33,44,55,66,77,88",33.60597842738397,28,1.2659999613175796e-11,1.2659999613175796e-11,33.58940879133293,28,0.0004932994379098823,0.0004932994379098823,True
33.733297949386326,33.733297949466696,1.3329580925416629e-09,33.733297947624976,33.73329795213161,8,"11,22,33,44,55,66,77,88",33.73329794960232,29,-6.4028954755341845e-12,6.4028954755341845e-12,33.721934816785854,29,0.00033696561784515145,0.00033696561784515145,True
33.776305713831334,33.776305713302655,2.2943284859233917e-09,33.77630570788969,33.776305716211596,8,"11,22,33,44,55,66,77,88",33.77630571295966,30,2.580721880468903e-11,2.580721880468903e-11,33.763797156297784,30,0.0003704724760561253,0.0003704724760561253,True
34.554969103197166,34.5549691036055,3.012536311087979e-09,34.55496909982162,34.55496910996138,8,"11,22,33,44,55,66,77,88",34.55496910227146,31,2.678946938899513e-11,2.678946938899513e-11,34.54106603452419,31,0.00040250838405154305,0.00040250838405154305,True
35.839745725746525,35.8438163744483,0.007030688774960488,35.836465048591435,35.85586468422508,5,"11,55,66,77,88",35.86044750090812,32,-0.000577287139572746,0.000577287139572746,35.84233255061994,32,-7.217233615488268e-05,7.217233615488268e-05,True
35.86044741635311,35.86044742072603,2.1001143533400357e-08,35.86044738781274,35.860447450324784,7,"22,33,44,55,66,77,88",35.86044750090812,32,-2.357890594615478e-09,2.357890594615478e-09,35.84233255061994,32,0.0005054042090476123,0.0005054042090476123,True
35.89816268773265,35.897141675040146,0.006593634843738933,35.884974798450116,35.90639312831351,7,"11,22,33,44,55,66,88",35.86044750090812,32,0.0010517210311882666,0.0010517210311882666,35.84233255061994,32,0.00155765914603517,0.00155765914603517,True
35.91755359947854,35.91757914072376,0.0009606638840146694,35.91645530127545,35.918949305291704,5,"33,44,66,77,88",35.86044750090812,32,0.0015924535958166417,0.0015924535958166417,35.84233255061994,32,0.0020986650004533097,0.0020986650004533097,True
35.95096161843398,35.95107825220131,0.006137781526944399,35.94396527134205,35.96385878996844,7,"11,22,33,44,55,66,88",35.86044750090812,32,0.00252406547697332,0.00252406547697332,35.84233255061994,32,0.0030307477243736725,0.0030307477243736725,True
35.98511281331267,35.98446189295408,0.008575949826656139,35.97147724151796,35.99566103080963,7,"11,22,33,44,55,66,77",35.86044750090812,32,0.003476401469931131,0.003476401469931131,35.84233255061994,32,0.003983565034197391,0.003983565034197391,True
36.04256349994685,36.042749350522506,0.0077768550465764745,36.03281622862701,36.05144954596497,6,"11,22,44,66,77,88",36.175383319945034,33,-0.0036715525257462432,0.0036715525257462432,36.157034485171295,33,-0.003165939542729645,0.003165939542729645,True
36.10608610835098,36.104684430290014,0.010352594809995102,36.089095189732035,36.11747031472606,4,"33,55,66,77",36.175383319945034,33,-0.0019155902504521182,0.0019155902504521182,36.157034485171295,33,-0.0014090861583576583,0.0014090861583576583,True
36.175383466859884,36.17538342706848,1.3936185454450068e-07,36.17538307799006,36.17538357910675,8,"11,22,33,44,55,66,77,88",36.175383319945034,33,4.061182953166928e-09,4.061182953166928e-09,36.157034485171295,33,0.0005074802718158436,0.0005074802718158436,True
36.51181520334211,36.5118151889269,4.8974268252695013e-08,36.51181506667507,36.51181523698119,8,"11,22,33,44,55,66,77,88",36.51181518243274,34,5.726740331701784e-10,5.726740331701784e-10,36.497462390574164,34,0.00039325508755514837,0.00039325508755514837,True
37.386243395489004,37.386243395712356,4.487597128205725e-09,37.38624338655518,37.38624340109391,8,"11,22,33,44,55,66,77,88",37.38624339764504,35,-5.7669216115718884e-11,5.7669216115718884e-11,37.37273420476843,35,0.0003614718325546693,0.0003614718325546693,True
37.67760307906636,37.67760308073353,4.383972004176012e-09,37.67760307615774,37.677603087479326,8,"11,22,33,44,55,66,77,88",37.67760307643317,36,6.988730435577157e-11,6.988730435577157e-11,37.658417731631005,36,0.0005094570773545529,0.0005094570773545529,True
39.141199319781734,39.141199319035834,7.526811830925904e-09,39.14119930472873,39.14119933160515,8,"11,22,33,44,55,66,77,88",39.141199319142395,37,1.6334176247300253e-11,1.6334176247300253e-11,39.12070459060113,37,0.0005238844595229745,0.0005238844595229745,True
39.243430685536964,39.24343068485415,1.5608650921744177e-08,39.24343066336053,39.24343071234176,8,"11,22,33,44,55,66,77,88",39.243430683539955,38,5.088772173531725e-11,5.088772173531725e-11,39.22670082581609,38,0.00042649163372580266,0.00042649163372580266,True
39.60513494952613,39.60513493997961,2.253622986169799e-08,39.60513488237223,39.60513495336093,8,"11,22,33,44,55,66,77,88",39.605134951827175,39,-5.809961043098082e-11,5.809961043098082e-11,39.591195849246425,39,0.00035207575777159106,0.00035207575777159106,True
40.399494391956466,40.3994943897861,6.071540288016917e-09,40.39949438096346,40.3994943967011,8,"11,22,33,44,55,66,77,88",40.39949439383138,40,-4.640939819691941e-11,4.640939819691941e-11,40.402091901067124,41,-6.429145097283348e-05,6.429145097283348e-05,False
40.42287690996663,40.42287690179012,2.143033072186485e-08,40.42287684773123,40.42287691653311,8,"11,22,33,44,55,66,77,88",40.42287691461916,41,-1.1509639113944806e-10,1.1509639113944806e-10,40.402091901067124,41,0.0005144537800271612,0.0005144537800271612,True
40.49985694267545,40.49985694410681,2.6404119306399997e-09,40.49985694142467,40.499856949004595,8,"11,22,33,44,55,66,77,88",40.499856945187325,42,-6.202182777390796e-11,6.202182777390796e-11,40.48285129072657,42,0.00042007050903486253,0.00042007050903486253,True
41.84186525747265,41.841865257428104,1.576295826731547e-08,41.8418652276421,41.841865288653935,8,"11,22,33,44,55,66,77,88",41.841865254103624,43,8.051802065447797e-11,8.051802065447797e-11,41.8199643783433,43,0.0005236943516070776,0.0005236943516070776,True
42.60758861563042,42.60758861438707,4.602363958373662e-09,42.6075886040168,42.60758861919598,8,"11,22,33,44,55,66,77,88",42.607588615028284,44,1.4132112380394141e-11,1.4132112380394141e-11,42.58526750054019,44,0.0005241511067165558,0.0005241511067165558,True
43.01477549334517,43.01477549834834,1.303573284278018e-08,43.01477548490405,43.01477552615427,8,"11,22,33,44,55,66,77,88",43.014775488790114,45,1.0589512436354047e-10,1.0589512436354047e-10,42.99705839728869,45,0.0004120536780161832,0.0004120536780161832,True
43.320238378576946,43.32023837948327,2.8752378288449744e-09,43.32023837605357,43.32023838432906,8,"11,22,33,44,55,66,77,88",43.3202383780478,46,1.2214805378726773e-11,1.2214805378726773e-11,43.303791391815004,46,0.0003798047753631654,0.0003798047753631654,True
44.745195104008516,44.74519507278427,8.554568655218995e-08,44.74519484869674,44.74519512456291,8,"11,22,33,44,55,66,77,88",44.74519511341462,47,-2.102147674918963e-10,2.102147674918963e-10,44.721413782377134,47,0.0005317658727675042,0.0005317658727675042,True
45.35630491041756,45.35630490432588,1.7319241897108293e-08,45.356304865649435,45.356304926631736,8,"11,22,33,44,55,66,77,88",45.35630491974169,48,-2.0557506807974003e-10,2.0557506807974003e-10,45.33610399634886,48,0.0004455811657377833,0.0004455811657377833,True
46.14296032646574,46.1429603367572,2.4724831086577667e-08,46.14296031953339,46.142960398016385,8,"11,22,33,44,55,66,77,88",46.14296032982134,49,-7.272186254388685e-11,7.272186254388685e-11,46.12582794251134,49,0.0003714271313622849,0.0003714271313622849,True
46.945911084317785,46.945911146321244,2.199897428672366e-07,46.94591094139079,46.945911707410716,8,"11,22,33,44,55,66,77,88",46.94591107205079,50,2.6130059575256197e-10,2.6130059575256197e-10,46.92012847099636,50,0.0005495000581117904,0.0005495000581117904,True
47.090907126414706,47.09090713671978,2.6431852990115424e-08,47.09090710841622,47.090907182293364,8,"11,22,33,44,55,66,77,88",47.09090710771188,51,3.971643121717131e-10,3.971643121717131e-10,47.07022110571307,51,0.0004394715005731792,0.0004394715005731792,True
47.61744471049228,47.61744472025113,4.024237302475598e-08,47.617444664724474,47.61744477913436,8,"11,22,33,44,55,66,77,88",47.617444685093254,52,5.333974822318631e-10,5.333974822318631e-10,47.600172769687035,52,0.0003628545822473067,0.0003628545822473067,True
47.753260833975276,47.75326097447662,3.4970822951003507e-07,47.75326081576685,47.753261897339655,8,"11,22,33,44,55,66,77,88",47.75326082494048,53,1.891973933013839e-10,1.891973933013839e-10,47.73359183073166,53,0.00041205789234051595,0.00041205789234051595,True
47.93357308971662,47.933573079054966,4.520651026967168e-08,47.93357298771477,47.93357314979133,8,"11,22,33,44,55,66,77,88",47.93357306503179,54,5.149799733567072e-10,5.149799733567072e-10,47.90779070001874,54,0.0005381669519957747,0.0005381669519957747,True
47.999886782177214,47.999886782054986,3.066432473667132e-08,47.99988672772497,47.999886835660845,8,"11,22,33,44,55,66,77,88",47.999886778012524,55,8.676457812320704e-11,8.676457812320704e-11,47.98017805459437,55,0.00041076812096069165,0.00041076812096069165,True
48.22082997972517,48.22083010445736,3.05341005451425e-07,48.22082990290792,48.22083086902569,8,"11,22,33,44,55,66,77,88",48.220829933343104,56,9.618677799446918e-10,9.618677799446918e-10,48.194909455712114,56,0.0005378270092378095,0.0005378270092378095,True
48.469828620108515,48.469828667309365,7.843214245791916e-08,48.46982858841801,48.469828815259774,8,"11,22,33,44,55,66,77,88",48.469828606230855,57,2.863154318713236e-10,2.863154318713236e-10,48.44347508013048,57,0.0005440059767479707,0.0005440059767479707,True
49.74050410153768,49.740504081849195,5.2425081461204434e-08,49.740503956041834,49.7405041354761,8,"11,22,33,44,55,66,77,88",49.74050409070673,58,2.1774914294021637e-10,2.1774914294021637e-10,49.71337824816363,58,0.0005456449416622409,0.0005456449416622409,True
49.87922656763345,49.87922621068944,9.60189885151122e-07,49.8792236715762,49.87922662335737,8,"11,22,33,44,55,66,77,88",49.87922659472999,59,-5.432429885680496e-10,5.432429885680496e-10,49.85925435795516,59,0.00040057176817982,0.00040057176817982,True
50.195049776501634,50.195049749945085,1.0078371765687015e-07,50.19504950689185,50.19504982847906,8,"11,22,33,44,55,66,77,88",50.1950498254423,60,-9.750097519157096e-10,9.750097519157096e-10,50.17328370753902,60,0.0004338179077432467,0.0004338179077432467,True
50.957629197629075,50.95762919477972,7.730561356368686e-08,50.9576290504626,50.95762934360707,8,"11,22,33,44,55,66,77,88",50.95762921705877,61,-3.8129126172730047e-10,3.8129126172730047e-10,50.933627888124754,61,0.00047122717347053417,0.00047122717347053417,True
52.08973424845041,52.08973422864129,4.520532213105981e-08,52.089734156633284,52.08973428659186,8,"11,22,33,44,55,66,77,88",52.08973426218009,62,-2.635773702634098e-10,2.635773702634098e-10,52.06539554884157,62,0.00046746402965495016,0.00046746402965495016,True
52.60730208011259,52.60730207990385,2.0905550692174803e-07,52.607301666813896,52.60730249146121,8,"11,22,33,44,55,66,77,88",52.60730203433772,63,8.701238529653813e-10,8.701238529653813e-10,52.577909240978094,63,0.0005590340041818687,0.0005590340041818687,True
53.368911451445754,53.36891156204036,2.591660008878535e-07,53.36891141885428,53.368912235667295,8,"11,22,33,44,55,66,77,88",53.3689114272976,64,4.5247610651565083e-10,4.5247610651565083e-10,53.34789425419054,64,0.00039396488931821066,0.00039396488931821066,True
54.246203545338915,54.246203573884856,3.5404523427229626e-07,54.24620289121427,54.246204260719935,8,"11,22,33,44,55,66,77,88",54.246203488725314,65,1.0436417164220627e-09,1.0436417164220627e-09,54.2252847034835,65,0.00038577652417688804,0.00038577652417688804,True
54.34700126211578,54.347001391486685,5.592539323038309e-07,54.34700082189451,54.347002583272655,8,"11,22,33,44,55,66,77,88",54.34700099692951,66,4.879501501026559e-09,4.879501501026559e-09,54.32188257532797,66,0.00046240457062549816,0.00046240457062549816,True
54.693866511454274,54.69386628744964,4.2787368440342004e-07,54.69386541239737,54.69386657727625,8,"11,22,33,44,55,66,77,88",54.693866499012,67,2.2748933307824796e-10,2.2748933307824796e-10,54.67010422289292,67,0.00043464867863572063,0.00043464867863572063,True
55.07749967831589,55.07749970125951,2.0086532219638697e-07,55.07749929354321,55.07749998271083,8,"11,22,33,44,55,66,77,88",55.077499665118125,68,2.396216778684619e-10,2.396216778684619e-10,55.0465884828407,68,0.0005615460708310201,0.0005615460708310201,True
55.412034232730434,55.41203409555004,5.646639162977446e-07,55.412032839495424,55.41203485878435,8,"11,22,33,44,55,66,77,88",55.412034174285424,69,1.0547349773353524e-09,1.0547349773353524e-09,55.38006258424277,69,0.0005773133325558766,0.0005773133325558766,True
55.7648020854532,55.76480202670177,2.0879513117285897e-07,55.76480160470646,55.7648022409042,8,"11,22,33,44,55,66,77,88",55.76480215964482,70,-1.3304382408704627e-09,1.3304382408704627e-09,55.73327471337423,70,0.0005656831083604616,0.0005656831083604616,True
55.83862545654857,55.838625447731275,2.6465422545171807e-07,55.838624925447164,55.83862591779169,8,"11,22,33,44,55,66,77,88",55.83862543123561,71,4.533234274352552e-10,4.533234274352552e-10,55.81410276863314,71,0.00043936365002735894,0.00043936365002735894,True
56.12631980611961,56.12631952268222,9.23294509813463e-07,56.12631724684252,56.12632019418689,8,"11,22,33,44,55,66,77,88",56.12631992452446,72,-2.1096136135722898e-09,2.1096136135722898e-09,56.09455236931057,72,0.0005663194636066093,0.0005663194636066093,True
57.08341743521713,57.08341391851226,7.6756551179872e-06,57.08339416466404,57.083418190999254,8,"11,22,33,44,55,66,77,88",57.083418147471775,73,-1.2477435120183193e-08,1.2477435120183193e-08,57.05918770103799,73,0.00042464211558862274,0.00042464211558862274,True
57.59151272809734,57.59151243549407,1.0159493832162818e-06,57.59150988259958,57.591513462340515,8,"11,22,33,44,55,66,77,88",57.59151277828042,74,-8.713623423313298e-10,8.713623423313298e-10,57.55861856754718,74,0.0005714897502545428,0.0005714897502545428,True
57.877011286053815,57.87701068573047,1.5562646934893025e-06,57.877007581283635,57.877012017577584,8,"11,22,33,44,55,66,77,88",57.877011848256835,75,-9.713753391622592e-09,9.713753391622592e-09,57.84831380925366,75,0.0004960814742981091,0.0004960814742981091,True
58.05825836292372,58.058258351075324,6.522526925665222e-07,58.058257502932236,58.0582595919191,8,"11,22,33,44,55,66,77,88",58.0582584168314,76,-9.285100520560438e-10,9.285100520560438e-10,58.03152135780786,76,0.00046073245178268715,0.00046073245178268715,True
58.7529954089366,58.75299738568854,4.787337443593076e-06,58.75299383949644,58.75300952684074,8,"11,22,33,44,55,66,77,88",58.75299546675916,77,-9.841636243764725e-10,9.841636243764725e-10,58.72873071065781,77,0.0004131657194898016,0.0004131657194898016,True
59.46226031505299,59.462261111443595,3.1175354176893182e-06,59.462258767505915,59.462269096361354,8,"11,22,33,44,55,66,77,88",59.46226028506523,78,5.043158414616443e-10,5.043158414616443e-10,59.433027193095036,78,0.0004918666158964764,0.0004918666158964764,True
60.45299640208931,60.452997191708114,2.6084301978371816e-06,60.45299496927308,60.453003402607806,8,"11,22,33,44,55,66,77,88",60.45299527094192,79,1.8711188545274738e-08,1.8711188545274738e-08,60.42441507611789,79,0.0004730095597188432,0.0004730095597188432,True
61.29692094430105,61.296923423943674,7.40613150035498e-06,61.29691878231128,61.29694253048629,8,"11,22,33,44,55,66,77,88",61.296918515821346,80,3.961829994645826e-08,3.961829994645826e-08,61.276011182789055,81,0.00034123894666739443,0.00034123894666739443,False
61.50454001869463,61.504543636853306,7.569796810965453e-06,61.50453721174219,61.50456066147328,8,"11,22,33,44,55,66,77,88",61.50453723009404,82,4.533975402695045e-08,4.533975402695045e-08,61.47933150677127,82,0.00041003230363009693,0.00041003230363009693,True
62.010776551260335,62.0107764670298,1.941827961257933e-06,62.010773191498544,62.01077863647711,8,"11,22,33,44,55,66,77,88",62.01077620522464,83,5.5802510313416905e-09,5.5802510313416905e-09,61.98210993730397,83,0.00046249819480757636,0.00046249819480757636,True
62.2857360170797,62.28572063994598,4.2873203186551136e-05,62.28560727687011,62.28573994759421,8,"11,22,33,44,55,66,77,88",62.28573617866898,84,-2.5943223438281553e-09,2.5943223438281553e-09,62.26192181637274,85,0.0003824841895692348,0.0003824841895692348,False
62.571366806757794,62.571365884027216,5.823009251299903e-06,62.57135209206007,62.5713741161575,8,"11,22,33,44,55,66,77,88",62.571367713554906,86,-1.449220538405012e-08,1.449220538405012e-08,62.53455373956318,86,0.0005886836155884255,0.0005886836155884255,True
63.74502147150733,63.74501453428876,1.747850288635078e-05,63.74497113954649,63.745026396490516,8,"11,22,33,44,55,66,77,88",63.745026389826016,87,-7.715611657845648e-08,7.715611657845648e-08,63.707259944718835,87,0.000592735063810004,0.000592735063810004,True
64.35266686095171,64.35266442613334,8.007331172749243e-06,64.35264583994058,64.35267250107054,8,"11,22,33,44,55,66,77,88",64.35267164046981,88,-7.427070192211062e-08,7.427070192211062e-08,64.31893795241679,88,0.0005244008935576357,0.0005244008935576357,True
64.50250249474988,64.5024966843969,1.674555831544968e-05,64.50245276045962,64.5025060230301,8,"11,22,33,44,55,66,77,88",64.50250328867826,89,-1.2308489416078172e-08,1.2308489416078172e-08,64.4632552271644,89,0.00060883161185664,0.00060883161185664,True
64.64981775562698,64.64981656118012,3.3052276021779884e-06,64.64981085130401,64.64982058170949,8,"11,22,33,44,55,66,77,88",64.6498184820514,90,-1.1236294773345157e-08,1.1236294773345157e-08,64.61926984871272,90,0.00047273680104686986,0.00047273680104686986,True
64.95009850804507,64.95009848244568,1.6138919298791513e-06,64.9500962326546,64.95010119990542,8,"11,22,33,44,55,66,77,88",64.95010130013635,91,-4.2988251350909205e-08,4.2988251350909205e-08,64.94855220503081,92,2.380812137865839e-05,2.380812137865839e-05,False
64.98749626060416,64.98749448455857,4.873705640939666e-06,64.98748196031056,64.98749745496119,8,"11,22,33,44,55,66,77,88",64.9874973876473,92,-1.7342460929859457e-08,1.7342460929859457e-08,64.94855220503081,92,0.0005996139136468134,0.0005996139136468134,True
65.41299326704646,65.4129927964074,3.3648930047102937e-06,65.4129852864663,65.41299805480105,8,"11,22,33,44,55,66,77,88",65.41299396336875,93,-1.0645014797945277e-08,1.0645014797945277e-08,65.37866457019643,93,0.0005250749166521559,0.0005250749166521559,True
66.07349943536364,66.07349789743395,5.573979579952393e-06,66.07348652935335,66.07350407218371,8,"11,22,33,44,55,66,77,88",66.07349974637933,94,-4.707116828006084e-09,4.707116828006084e-09,66.04429005832927,94,0.0004422695286538717,0.0004422695286538717,True
66.17460566351855,66.17460308657357,1.3468048886888397e-05,66.17457013488928,66.17462058076259,8,"11,22,33,44,55,66,77,88",66.1746055219099,95,2.139924383362102e-09,2.139924383362102e-09,66.13474441960884,95,0.0006027277229167508,0.0006027277229167508,True
66.60567371317968,66.6056719132145,6.365163162229303e-06,66.60565904224464,66.60567945005712,8,"11,22,33,44,55,66,77,88",66.60567393738093,96,-3.3660982763629464e-09,3.3660982763629464e-09,66.5728974505995,96,0.0004923364287172112,0.0004923364287172112,True
67.49043682134153,67.49042665820363,2.323311806741449e-05,67.49036939128769,67.49044506448593,8,"11,22,33,44,55,66,77,88",67.49043336424978,97,5.122343387527235e-08,5.122343387527235e-08,67.45528584134468,97,0.0005211004528174731,0.0005211004528174731,True
67.95201520334048,67.95201977879073,2.1409267703562068e-05,67.95199877909099,67.95207343184106,8,"11,22,33,44,55,66,77,88",67.95201171303981,98,5.1364199274113e-08,5.1364199274113e-08,67.91773016596787,98,0.0005048024615786076,0.0005048024615786076,True
69.41415061080501,69.41416384863561,3.653790327933721e-05,69.41413133524804,69.41425421170638,8,"11,22,33,44,55,66,77,88",69.4141421891937,99,1.2132414298747677e-07,1.2132414298747677e-07,69.38359184640177,99,0.00044043214814949575,0.00044043214814949575,True
69.95665956560256,69.95666117645564,1.6979344520396198e-05,69.95664216745891,69.95669921656861,8,"11,22,33,44,55,66,77,88",69.95666382015385,100,-6.081695514291905e-08,6.081695514291905e-08,69.96936454828233,102,-0.00018157922058871108,0.00018157922058871108,False
70.01203097396967,70.01202763293915,1.5272465457761542e-05,70.01199923299143,70.01205233872088,8,"11,22,33,44,55,66,77,88",70.01202679011124,102,5.975913894241768e-08,5.975913894241768e-08,69.96936454828233,102,0.0006097872399270075,0.0006097872399270075,True
70.71964523924458,70.71964517208315,1.0386171137035605e-05,70.71962555455522,70.71965944578659,8,"11,22,33,44,55,66,77,88",70.719643997516,103,1.755846767429344e-08,1.755846767429344e-08,70.67598599490913,103,0.0006177380296979975,0.0006177380296979975,True
70.83833750574821,70.83835732774838,8.22007935527728e-05,70.83822190983403,70.83852212405097,8,"11,22,33,44,55,66,77,88",70.83833692799132,104,8.155991770129106e-09,8.155991770129106e-09,70.7936038976409,104,0.0006318877079910635,0.0006318877079910635,True
70.92503243796305,70.92503551905517,2.0620401933951375e-05,70.92499614164467,70.92506744008583,8,"11,22,33,44,55,66,77,88",70.92503919250372,105,-9.5234923245444e-08,9.5234923245444e-08,70.88808959711312,105,0.0005211431294014755,0.0005211431294014755,True
71.55728263252865,71.55727832405866,6.022371694979799e-05,71.55714534939582,71.55737101582571,8,"11,22,33,44,55,66,77,88",71.55729033367373,106,-1.076220891533619e-07,1.076220891533619e-07,71.52312951245645,106,0.00047751154493675226,0.00047751154493675226,True
71.68221047749628,71.68215934692515,0.00011199645369721318,71.68187860386595,71.68223151796803,8,"11,22,33,44,55,66,77,88",71.68220936925995,107,1.5460409809862394e-08,1.5460409809862394e-08,71.65009674407881,107,0.0004482022338668918,0.0004482022338668918,True
72.08376744951158,72.0837694392279,2.381256863618255e-05,72.08372750763527,72.08381712135605,8,"11,22,33,44,55,66,77,88",72.08376840862326,108,-1.3305515163974747e-08,1.3305515163974747e-08,72.04358778114113,108,0.0005577133178391471,0.0005577133178391471,True
72.4264619550737,72.42646729110257,1.792382873320133e-05,72.42644293191111,72.42649221086091,8,"11,22,33,44,55,66,77,88",72.42646649712617,109,-6.271260611443676e-08,6.271260611443676e-08,72.38118530095205,109,0.000625530708476184,0.000625530708476184,True
73.49348504190436,73.49348848798577,4.788367052041236e-05,73.49339074423503,73.49356861006689,8,"11,22,33,44,55,66,77,88",73.49348385156208,110,1.619656908823837e-08,1.619656908823837e-08,73.45759878975275,110,0.0004885301553937956,0.0004885301553937956,True
73.5819500494017,73.58195411477857,1.4966927387970598e-05,73.58193392896536,73.58197841713789,8,"11,22,33,44,55,66,77,88",73.58195274259569,111,-3.660128456766978e-08,3.660128456766978e-08,73.54101357914652,111,0.000556648164919821,0.000556648164919821,True
74.01236258692077,74.01235603938812,2.2938946980881562e-05,74.01229913521018,74.01237767865558,8,"11,22,33,44,55,66,77,88",74.01235955055157,112,4.102516425715155e-08,4.102516425715155e-08,73.97717936371367,112,0.00047559562975655446,0.00047559562975655446,True
74.19225896101841,74.18524955724664,0.00906223920965949,74.17354420454225,74.19228426433659,8,"11,22,33,44,55,66,77,88",74.1922814550845,114,-3.031860679569147e-07,3.031860679569147e-07,74.14434820138251,114,0.0006461822215466429,0.0006461822215466429,True
74.50314228691892,74.50314644946891,1.9059710842793124e-05,74.50312325096056,74.50318902973751,8,"11,22,33,44,55,66,77,88",74.50314081164635,115,1.9801481560698423e-08,1.9801481560698423e-08,74.45561188885242,115,0.0006383722712191591,0.0006383722712191591,True
74.86345916707411,74.86346732615424,3.7940195867296855e-05,74.86342896400583,74.86355781411578,8,"11,22,33,44,55,66,77,88",74.86346129346846,116,-2.840363393235481e-08,2.840363393235481e-08,74.82207030384434,116,0.0005531638333675367,0.0005531638333675367,True
75.50299431285879,75.5039782757217,0.008391123556763885,75.48974529410444,75.52074503522203,7,"11,22,33,55,66,77,88",75.49989400544496,117,4.10637320048101e-05,4.10637320048101e-05,75.45158139724438,117,0.0006814027574017715,0.0006814027574017715,True
75.83355683571843,75.83375315257256,0.007916662124463956,75.82296220090606,75.84597734748246,8,"11,22,33,44,55,66,77,88",75.83498684467672,118,-1.8856849823466057e-05,1.8856849823466057e-05,75.79478388316645,118,0.0005115517264584673,0.0005115517264584673,True
76.08055828631193,76.08399607897363,0.009873532115881592,76.07486420853857,76.10626937468342,8,"11,22,33,44,55,66,77,88",76.0759385905633,119,6.0724794648846233e-05,6.0724794648846233e-05,76.03472552343123,119,0.0006027872470792133,0.0006027872470792133,True
76.18977861282863,76.19286063622316,0.01002480043598713,76.17689039771187,76.21046162993005,7,"11,22,33,55,66,77,88",76.18884896297756,120,1.2201914896041046e-05,1.2201914896041046e-05,76.14656012233834,120,0.0005675698340260432,0.0005675698340260432,True
77.96123695752476,77.95972197692649,0.016228515933262008,77.93784239755917,77.98524291281205,8,"11,22,33,44,55,66,77,88",77.96593251480036,121,-6.022575661113098e-05,6.022575661113098e-05,77.95715784859938,122,5.232500822186958e-05,5.232500822186958e-05,False
78.35120226059692,78.35123769057186,0.020724770424887965,78.31913401148063,78.3821481401965,7,"11,22,33,44,55,66,88",78.35377491649315,123,-3.2833847494550316e-05,3.2833847494550316e-05,78.303152889063,123,0.0006136326541281845,0.0006136326541281845,True
78.61304837200593,78.61067588277508,0.013516686703530815,78.5900290348238,78.62640258779177,6,"22,33,44,55,66,88",78.58890516243642,124,0.0003072088804343829,0.0003072088804343829,78.54703591100889,124,0.0008404195044588786,0.0008404195044588786,True
79.38742030989282,79.38147752431983,0.018626901697014142,79.34934516987298,79.40797088761076,6,"22,33,44,66,77,88",79.39157642355444,126,-5.2349554560417074e-05,5.2349554560417074e-05,79.34446791418617,126,0.0005413407744205161,0.0005413407744205161,True
79.45603380228037,79.45778239398653,0.014801587897299755,79.43895587631621,79.48010609506917,4,"11,33,44,55",79.39157642355444,126,0.0008118919113288902,0.0008118919113288902,79.4859786723386,127,-0.0003767314758955247,0.0003767314758955247,False
79.56175698403332,79.56280239705085,0.013915971141735385,79.54051452653789,79.5834379093487,6,"11,22,33,66,77,88",79.53791333092992,127,0.00029977720190109923,0.00029977720190109923,79.57169649042766,128,-0.00012491258616721397,0.00012491258616721397,False
79.62657657780736,79.62902026206513,0.013277088404671497,79.61512749696544,79.64780039568032,4,"44,55,77,88",79.61275968129908,128,0.00017355128202545755,0.00017355128202545755,79.67800682998256,129,-0.0006454761385403475,0.0006454761385403475,False
79.7025765077997,79.70192731401865,0.015967945524765482,79.68081336822672,79.72174287224846,4,"33,55,66,77",79.71659085701016,129,-0.0001758021643900146,0.0001758021643900146,79.67800682998256,129,0.00030836210385593146,0.00030836210385593146,True
80.28165790753812,80.28618451878489,0.018865322566921104,80.26045299558965,80.31902349401622,6,"11,33,44,66,77,88",80.28427424440804,130,-3.258841030256141e-05,3.258841030256141e-05,80.23942341666884,130,0.0005263558618805167,0.0005263558618805167,True
81.27409641352784,81.26946599346694,0.022233717866477102,81.24333828754172,81.2999371512986,5,"22,33,55,66,88",81.23801402904581,132,0.0004441564077271503,0.0004441564077271503,81.18280059715616,132,0.0011245709152694816,0.0011245709152694816,True
82.4123300111331,82.41108534184715,0.008244392917416283,82.3996460868747,82.42003525824774,4,"11,22,33,77",82.39888700770348,134,0.00016314544914129334,0.00016314544914129334,82.34997283475334,134,0.0007572215780189377,0.0007572215780189377,True
82.58519689330139,82.58146216798431,0.019354431168463734,82.54794351403163,82.60356972122833,6,"22,44,55,66,77,88",82.58700455430116,135,-2.188795936514362e-05,2.188795936514362e-05,82.54463943319516,135,0.0004913397209645852,0.0004913397209645852,True
83.19526033425416,83.18720306312383,0.024909248162152495,83.1434473998861,83.21802631926727,5,"11,22,33,77,88",83.20755715502823,137,-0.00014778490313274695,0.00014778490313274695,83.15803803699754,137,0.00044760913238547966,0.00044760913238547966,True
84.71354990740895,84.71502215446822,0.016064595163283728,84.6951332595666,84.73785554348837,4,"11,44,66,88",84.66033267333438,140,0.0006285970346928243,0.0006285970346928243,84.79336573408781,141,-0.0009412980129739179,0.0009412980129739179,False
85.02987345358315,85.03312182437067,0.010740964562783758,85.02304836053506,85.05357352397189,5,"11,22,33,55,66",85.09169032437596,142,-0.000726473649273625,0.000726473649273625,85.04738202316844,142,-0.00020586841321604607,0.00020586841321604607,True
85.40411777295714,85.4051023877742,0.015366033922284323,85.38566296799871,85.42651103718384,4,"11,44,55,66",85.57063879974582,143,-0.0019460065873574024,0.0019460065873574024,85.51444740831812,143,-0.0012901870818877743,0.0012901870818877743,True
85.54485971913124,85.54818162235938,0.018962157083678488,85.52710353388431,85.57590351729075,4,"22,44,66,88",85.57063879974582,143,-0.0003012608176843483,0.0003012608176843483,85.51957726601393,144,0.000295633513700268,0.000295633513700268,False
85.91211326456886,85.92044282915518,0.014922866145548329,85.90530575374746,85.94118245084385,5,"11,22,33,66,77",85.74065082404262,145,0.0019997800212424015,0.0019997800212424015,86.05068217043254,146,-0.0016103173428564815,0.0016103173428564815,False
86.44295256642596,86.44151792451854,0.01844071351418056,86.41210726857324,86.46842344595484,5,"11,22,44,55,88",86.51597993800547,147,-0.000844091133589917,0.000844091133589917,86.45786945597524,147,-0.00017253362410091827,0.00017253362410091827,True
87.4608856233649,87.46376306677048,0.008406363198460477,87.45592399068946,87.47735702966264,4,"33,55,66,88",87.33776514202535,149,0.001409704967139257,0.001409704967139257,87.27789331074777,149,0.0020966628051572876,0.0020966628051572876,True
87.60827337273784,87.60543397429541,0.01949902305949444,87.57690326454286,87.62828588716306,4,"22,33,55,77",87.33776514202535,149,0.0030972653155551186,0.0030972653155551186,87.8337577880782,150,-0.0025671725885211567,0.0025671725885211567,False
87.89248679565739,87.88561895770782,0.02279871179325101,87.85129357848894,87.91790419244006,7,"11,22,44,55,66,77,88",87.88444161846473,150,9.154267859586505e-05,9.154267859586505e-05,87.87847108588255,151,0.00015948968617286467,0.00015948968617286467,False
88.60729241415929,88.60825131546264,0.014553301702463155,88.58914051754877,88.62927991598318,4,"22,66,77,88",88.37476303673829,153,0.0026311739848664446,0.0026311739848664446,88.3282705914676,153,0.0031589186658279524,0.0031589186658279524,True
91.95040727635866,91.9543496900418,0.009719456102373054,91.94573483512391,91.97084937232592,4,"11,22,77,88",91.94964851757959,161,8.251894284575542e-06,8.251894284575542e-06,91.88422239015961,161,0.0007203074094485845,0.0007203074094485845,True
92.12884908249367,92.12726276955891,0.018514286407593214,92.09959644775347,92.15175646549483,4,"22,33,77,88",92.18052846545486,162,-0.0005606323138031251,0.0005606323138031251,92.12122039506099,162,8.281140219343443e-05,8.281140219343443e-05,True
95.32652205750456,95.33106714707779,0.016737340984489903,95.3130211928457,95.35820328045631,4,"11,33,44,55",95.33683244867548,170,-0.00010814698691053069,0.00010814698691053069,95.37763085161723,171,-0.0005358572409098382,0.0005358572409098382,False
95.46576744138004,95.47139176680847,0.012364304274112182,95.46145675788844,95.49257542658535,4,"22,55,77,88",95.44794729246436,171,0.00018670017974374765,0.00018670017974374765,95.37763085161723,171,0.0009240803003371835,0.0009240803003371835,True
95.75974090289236,95.7595384096391,0.00644050396009018,95.75038743528376,95.76828439748792,4,"33,55,66,77",95.68451675178167,173,0.0007861684801714601,0.0007861684801714601,95.61568571333405,173,0.0015066062485836085,0.0015066062485836085,True
95.92155834405403,95.91554862593536,0.023475795253561974,95.87042754895191,95.93619490528084,5,"22,33,66,77,88",96.03135478487066,174,-0.001143339496382086,0.001143339496382086,95.96621022599045,174,-0.00046528754059649416,0.00046528754059649416,True
97.18359877754285,97.179492566742,0.010319382533283903,97.16231480220125,97.188457909681,4,"11,22,33,66",97.23244901537372,179,-0.0005024067410164537,0.0005024067410164537,97.17767327074549,179,6.097601020821985e-05,6.097601020821985e-05,True
100.49379578933083,100.49974797285647,0.015327882473173047,100.48648952443051,100.52491078833367,4,"11,55,77,88",100.56986503591247,187,-0.000756382108641346,0.000756382108641346,100.49833854289363,187,-4.520227526809624e-05,4.520227526809624e-05,True
100.73725969626354,100.7428271301081,0.018189109579163577,100.72398569821746,100.77280342968783,4,"11,33,55,77",100.69801754479546,188,0.0003897013310179276,0.0003897013310179276,100.63808203454377,188,0.0009854883928106053,0.0009854883928106053,True
101.60197610943703,101.6036981273384,0.01086539597991609,101.59183445989171,101.61900583058781,4,"22,33,55,88",101.70444020799877,190,-0.0010074692742242835,0.0010074692742242835,101.64229364365804,190,-0.0003966610037584387,0.0003966610037584387,True
102.59797630986344,102.59118504138982,0.015160960117934367,102.56348059046815,102.60569818739748,5,"11,33,55,77,88",102.43484916027153,193,0.0015924966056881994,0.0015924966056881994,102.73918397539558,194,-0.0013744285292936794,0.0013744285292936794,False
103.05942179101679,103.05878770003608,0.0032277099798136274,103.05399486369501,103.06231235441575,4,"22,55,77,88",103.14871084002982,195,-0.0008656341730873239,0.0008656341730873239,103.08484542651641,195,-0.00024662825456477045,0.00024662825456477045,True
103.3311639896142,103.32725050604407,0.021628537876018372,103.29600336435473,103.35067068059308,4,"11,22,33,66",103.28632860673675,196,0.00043408826204058856,0.00043408826204058856,103.22057889400133,196,0.0010713473688848752,0.0010713473688848752,True
104.44872738561514,104.44440523329274,0.026069691265738958,104.41012936467231,104.47003679726836,4,"11,66,77,88",104.4819480830439,199,-0.00031795633636497444,0.00031795633636497444,104.46085250054367,200,-0.00011607329098199497,0.00011607329098199497,False
104.95442807540574,104.95793924556892,0.010579622939561873,104.94833729881725,104.9745635326469,4,"22,44,55,77",104.54476166462129,200,0.0039185742476381515,0.0039185742476381515,105.30579728388662,201,-0.003336655887364333,0.003336655887364333,False
105.06107058961453,105.05393367929746,0.020746887269724845,105.0265785124358,105.0840451702706,6,"33,44,55,66,77,88",105.38285478091329,201,-0.0030534776455594915,0.0030534776455594915,105.30579728388662,201,-0.002323962218455523,0.002323962218455523,True
106.61733352765727,106.61704794055535,0.02693501436435631,106.57941503713019,106.65410966977669,4,"22,55,66,88",106.7783648531448,204,-0.0015080894496651896,0.0015080894496651896,106.70521958078572,204,-0.0008236340590810503,0.0008236340590810503,True
106.72985506665657,106.7255192655399,0.028081817421667446,106.68757851013754,106.7547884187089,4,"11,66,77,88",106.7783648531448,204,-0.0004543035150888641,0.0004543035150888641,106.70821831915671,205,0.00020276552116296154,0.00020276552116296154,False
107.05344957221087,107.0484206167343,0.010953400923996014,107.02867098379542,107.05953226395425,5,"11,22,33,44,88",106.85977783583564,207,0.0018123913440354737,0.0018123913440354737,107.20029743785932,208,-0.0013698456922060004,0.0013698456922060004,False
107.34077162034075,107.35200328949811,0.021327882405423274,107.33307780940623,107.38449923469386,6,"11,22,33,55,66,88",107.28465789200345,208,0.000523035906902741,0.000523035906902741,107.45961435700436,209,-0.0011059293053926988,0.0011059293053926988,False
107.89616443526523,107.88263107458307,0.026226256810890386,107.83405499621247,107.91264454102614,7,"11,22,33,44,55,77,88",107.91896549333688,212,-0.00021127943515227436,0.00021127943515227436,107.87421058779424,213,0.0002035134009451599,0.0002035134009451599,False
108.06866008995544,108.06022215244568,0.032347239620773224,108.00857060631492,108.0949978235569,4,"33,55,66,88",107.96084145688921,213,0.0009986827780448944,0.0009986827780448944,107.87421058779424,213,0.0018025578226869286,0.0018025578226869286,True
110.26939502892586,110.26693151671086,0.016556055135766877,110.23598761274766,110.28272392247376,5,"22,33,44,77,88",110.14442570880854,219,0.0011345950493009992,0.0011345950493009992,110.34188958613635,220,-0.000656999417740608,0.000656999417740608,False
112.18218879018367,112.1837146295246,0.014940507645162344,112.15789975577232,112.20210582375375,6,"22,44,55,66,77,88",112.2726084094429,224,-0.0008053577853065848,0.0008053577853065848,112.19702127300222,224,-0.00013220032626763776,0.00013220032626763776,True
112.83151493801387,112.83688313998178,0.02659551154033691,112.8049727286735,112.87609871121742,5,"11,22,44,66,77",112.86577304336781,225,-0.00030352962133860104,0.00030352962133860104,112.8328344155893,226,-1.1694092258426947e-05,1.1694092258426947e-05,False
112.94884623580353,112.93911248967632,0.024515181523141354,112.89716585968665,112.9686675234,7,"11,22,33,44,55,77,88",112.91437207245711,226,0.00030531244795210544,0.00030531244795210544,113.03844375837232,227,-0.0007926287693796977,0.0007926287693796977,False
113.73932227524082,113.74821855560896,0.01707319966783976,113.7366702836087,113.77755938834551,4,"33,44,55,66",113.67859598410159,228,0.0005341928321117317,0.0005341928321117317,113.58771167289927,228,0.0013347447545923354,0.0013347447545923354,True
114.20136037271615,114.20898041525206,0.017438191807742066,114.1948273446259,114.23837357094996,4,"11,22,33,77",114.22973497622534,229,-0.00024839945146592444,0.00024839945146592444,114.14004755300036,229,0.0005371718431019974,0.0005371718431019974,True
114.42668497437958,114.4287940774839,0.01621490373192166,114.40816725610048,114.45363910507592,4,"22,55,66,77",114.42735280184642,230,-5.8362572452249365e-06,5.8362572452249365e-06,114.36595709700029,232,0.0005309961016440055,0.0005309961016440055,False
114.53650379636446,114.52978827501781,0.02348881749313696,114.49293933325524,114.55320617408711,4,"11,33,44,55",114.45949423508802,232,0.0006728106024850246,0.0006728106024850246,114.54509173151686,233,-7.497427452007252e-05,7.497427452007252e-05,False
118.41205983190551,118.40902560825084,0.029919822180356437,118.35829433839791,118.45193141574094,5,"11,22,44,66,88",118.2696895525607,244,0.0012037765541062962,0.0012037765541062962,118.18679473056379,244,0.0019060090584169505,0.0019060090584169505,True
119.1687479532914,119.16762171281616,0.013151193386009981,119.14899313158136,119.18399781310049,4,"11,33,66,88",119.3325420870328,248,-0.001372585640737837,0.001372585640737837,119.25019359206135,248,-0.0006829811870038869,0.0006829811870038869,True
119.61314890196239,119.62054140391533,0.023372756805229954,119.59677475415873,119.65909305757782,4,"11,33,66,88",119.64371964686055,250,-0.0002555148317721051,0.0002555148317721051,119.55557712748168,250,0.0004815482126719853,0.0004815482126719853,True
120.4991959303216,120.48645789857562,0.04154575979330023,120.41996357826193,120.53653314315514,5,"11,22,33,44,77",120.61076024966447,256,-0.0009249947443488684,0.0009249947443488684,120.51537598728967,256,-0.00013425720025778582,0.00013425720025778582,True
123.6498699000101,123.64551857028047,0.01036382801172629,123.62842319961354,123.65391128148818,4,"33,55,77,88",123.72659891145328,262,-0.000620149685825354,0.000620149685825354,123.6341203357398,262,0.00012738849297862825,0.00012738849297862825,True
124.15003764163313,124.14267265274418,0.028271931099086427,124.09120896741237,124.17730292612305,5,"22,33,66,77,88",124.36545464503456,264,-0.0017321289422072474,0.0017321289422072474,124.27177662109834,264,-0.0009796188867274797,0.0009796188867274797,True
124.55132030182385,124.54577776784453,0.015356877136184,124.52004472817924,124.56042573955119,4,"11,22,66,88",124.39777473571954,266,0.0012343111959238608,0.0012343111959238608,124.29545459533946,266,0.0020585282649103367,0.0020585282649103367,True
125.33513725383133,125.3408088068692,0.02017946258352002,125.31940499955391,125.37355572026027,4,"44,55,77,88",125.38332724128672,269,-0.0003843412718076228,0.0003843412718076228,125.28321043375433,269,0.0004144754903487823,0.0004144754903487823,True
125.70416747482983,125.69614714521353,0.02199590153499007,125.6595894251501,125.71666420604433,4,"44,66,77,88",125.91413445549209,270,-0.0016675409918850482,0.0016675409918850482,125.80549667310376,270,-0.0008054433308047484,0.0008054433308047484,True
126.30407616603573,126.30453740218297,0.008956051853124829,126.29261333512312,126.31738394153729,4,"11,33,55,77",126.52345140028852,271,-0.0017338701388942201,0.0017338701388942201,126.42585951950332,271,-0.0009632788254748207,0.0009632788254748207,True
126.43193078457925,126.43075252802964,0.027063496595308507,126.39595841580419,126.46319012715591,4,"11,22,66,88",126.52345140028852,271,-0.0007233490289458107,0.0007233490289458107,126.42585951950332,271,4.802233577059264e-05,4.802233577059264e-05,True
126.62894592295191,126.62613812649528,0.02072287138908972,126.59722838561936,126.6494322744579,4,"22,44,55,77",126.6723443111571,272,-0.00034260349756050124,0.00034260349756050124,126.5746677473559,273,0.00042882337012608527,0.00042882337012608527,False
130.57372349671988,130.56017948878463,0.04818570583729467,130.48160714622367,130.611663815475,4,"22,33,55,66",130.8007945131221,283,-0.0017360064000180094,0.0017360064000180094,130.6767564285587,283,-0.0007884564528133172,0.0007884564528133172,True
131.42950295420215,131.42953977282212,0.015167157060282595,131.41439809075527,131.45699717634025,5,"11,22,33,44,55",131.4813715132896,288,-0.0003944935962445122,0.0003944935962445122,131.38990793674213,290,0.00030135508945693915,0.00030135508945693915,False
131.96557412452887,131.97107190190417,0.018333216533746196,131.9539527927375,131.9991865658214,4,"22,33,44,66",131.94682720887607,293,0.00014207932126417263,0.00014207932126417263,131.98471222532663,294,-0.0001450024057717247,0.0001450024057717247,False
132.76028841049768,132.75752749496337,0.03911374738246639,132.7018469287633,132.8076862300949,4,"22,55,66,77",133.15051199705314,296,-0.002930695351468876,0.002930695351468876,133.03466921823014,296,-0.002062475964685277,0.002062475964685277,True
133.46051524464102,133.45829061916754,0.0319887271558081,133.41480100083197,133.49733098655622,4,"11,22,66,88",133.63515866107136,298,-0.0013068672808873379,0.0013068672808873379,133.51134571780761,298,-0.00038072025185061857,0.00038072025185061857,True
134.50381056030605,134.50857258385437,0.025195250029128362,134.4822124660884,134.54477511765916,5,"11,22,44,55,77",134.62467135266266,302,-0.0008977610949184965,0.0008977610949184965,134.4977022926571,302,4.541540520642976e-05,4.541540520642976e-05,True
136.40994464302935,136.40108649306922,0.034120741392180146,136.35043437689387,136.43402230932438,4,"11,33,44,66",136.50514692233668,310,-0.0006974262982295764,0.0006974262982295764,136.3854766155099,310,0.00017940346821843602,0.00017940346821843602,True
140.52082632521314,140.51717511431124,0.039410552550770576,140.45847212117542,140.56857568564325,4,"22,44,66,88",140.65679621132514,322,-0.0009666783957436692,0.0009666783957436692,140.52263580068524,322,-1.2876754423159679e-05,1.2876754423159679e-05,True
142.17048685499654,142.1705617072063,0.033308465209222295,142.12346697796772,142.2180191419697,7,"22,33,44,55,66,77,88",142.09850654303827,327,0.0005065522059971093,0.0005065522059971093,142.1655452071816,330,3.475981334115614e-05,3.475981334115614e-05,False
144.53843746267793,144.54308303395467,0.02532194650651936,144.5045645253687,144.5772297837341,5,"22,33,44,55,88",144.56105435002368,335,-0.00015645214713906435,0.00015645214713906435,144.51753732685216,337,0.00014462006627264938,0.00014462006627264938,False
144.77390136302284,144.7718612491829,0.020875150140761953,144.74678927323697,144.79285299744905,4,"22,44,55,77",144.75704613295255,339,0.00011643806308958936,0.00011643806308958936,144.7603423542634,341,9.366521616992005e-05,9.366521616992005e-05,False
144.9483600654583,144.94786132578855,0.01942057505583119,144.92128534172392,144.97343983051368,4,"33,55,66,77",144.90548697455998,341,0.0002958693407231183,0.0002958693407231183,144.95489605918908,342,-4.508984455488919e-05,4.508984455488919e-05,False
145.0356015474127,145.04398516848522,0.017068711337789567,145.02205291603968,145.0679284354366,5,"11,55,66,77,88",145.09320244347288,342,-0.0003969923820697688,0.0003969923820697688,145.05618201900643,344,-0.00014187931398208906,0.00014187931398208906,False
145.21356461777765,145.21085308688515,0.02269149985327728,145.18200225291642,145.23428085906897,4,"11,22,44,55",145.21163943806687,344,1.325775067502365e-05,1.325775067502365e-05,145.05618201900643,344,0.0010849768453894619,0.0010849768453894619,True
145.5534531594701,145.56020740764944,0.01743674439812816,145.54441816206335,145.5895051495943,4,"11,44,55,88",145.5382570522591,345,0.0001044131455109747,0.0001044131455109747,145.4052334513725,345,0.0010193560752898765,0.0010193560752898765,True
145.963202593349,145.96228861643175,0.03644601480706519,145.9021639827714,146.0167094592868,5,"22,33,44,55,66",146.01553555243333,346,-0.0003584067879239221,0.0003584067879239221,145.86540659386355,346,0.0006704536858265324,0.0006704536858265324,True
146.4481024816447,146.45095529457174,0.02413731330484119,146.41653148221826,146.48978105909336,6,"11,22,44,55,77,88",146.4015919231767,347,0.00031769161699001365,0.00031769161699001365,146.36673596581034,348,0.0005559085218199262,0.0005559085218199262,False
146.7284908297678,146.72799845154455,0.020405953238174516,146.69962320153547,146.75538894510717,4,"11,44,55,77",146.93461549700217,349,-0.0014028325901093233,0.0014028325901093233,146.7999979565958,349,-0.00048710577536351395,0.00048710577536351395,True
148.76565807383093,148.7586334759532,0.03506456058368991,148.7046599800174,148.7985577761335,4,"11,22,44,55",148.63731936865332,356,0.0008634352780495416,0.0008634352780495416,148.8055663929901,357,-0.00026819103697889047,0.00026819103697889047,False
151.97944928769886,151.984824717653,0.03079084057050351,151.94800996446753,152.0323903307467,4,"11,44,55,88",151.92609673952552,363,0.0003511743493601912,0.0003511743493601912,151.76735889826665,363,0.001397470384751011,0.001397470384751011,True
152.3561690287584,152.35278586682534,0.037720890054067015,152.29811510808264,152.41496409187374,5,"11,33,44,66,77",152.4066986947225,364,-0.00033154491499965853,0.00033154491499965853,152.24753891524227,364,0.0007135098162512111,0.0007135098162512111,True
152.9975663108996,152.99746174056796,0.029492300746587256,152.95104141135502,153.0388727061369,6,"11,22,33,44,77,88",152.89147736108896,368,0.0006938839995645191,0.0006938839995645191,152.73980028529604,368,0.001687615311281595,0.001687615311281595,True
153.36420380116164,153.3713705461263,0.034990362432743866,153.3318869626663,153.42518761951558,4,"22,55,66,77",153.54367245092394,369,-0.0011688443222540566,0.0011688443222540566,153.36931937223716,369,-3.335459201657703e-05,3.335459201657703e-05,True
153.48293724606916,153.4934269563237,0.02668849138838436,153.46927681110267,153.53855652205382,4,"11,22,44,77",153.54367245092394,369,-0.0003955565467811246,0.0003955565467811246,153.46636055411176,370,0.0001080151500142728,0.0001080151500142728,False
153.84899206744606,153.85553614171982,0.028398578356409642,153.82555161182992,153.8986088201573,4,"11,33,55,77",153.78035804669295,372,0.00044631201035615515,0.00044631201035615515,153.86113556849995,373,-7.892507103249772e-05,7.892507103249772e-05,False
153.99823962165715,153.99159676969663,0.04018743183141233,153.9295736437113,154.04033419176088,4,"22,33,55,66",154.0323394854909,373,-0.00022138119792017668,0.00022138119792017668,153.8842027054758,374,0.0007410566788302597,0.0007410566788302597,False
154.53148007276513,154.5230231362831,0.04024266826202838,154.45897688572617,154.57015551387593,4,"22,33,66,88",154.38692101162295,377,0.0009363426655247962,0.0009363426655247962,154.81950039958872,378,-0.0018603620737711005,0.0018603620737711005,False
155.28020715093277,155.27548722215374,0.022604575509871366,155.23968591883053,155.30184866791896,4,"22,44,66,88",155.37923984185713,380,-0.0006373611495664076,0.0006373611495664076,155.20712241167797,380,0.0004708852153121084,0.0004708852153121084,True
155.54405113945785,155.54950452830593,0.03188591980443101,155.51056215858063,155.59935367572734,4,"11,22,44,77",155.37923984185713,380,0.0010607034618554184,0.0010607034618554184,155.60725742979662,381,-0.00040619114675474,0.00040619114675474,False
157.90922390538816,157.90891008021663,0.02090983977398501,157.8796563927093,157.9375361173809,4,"11,22,44,88",157.98919920420602,390,-0.0005062073813950169,0.0005062073813950169,157.85559006389985,392,0.0003397652339495563,0.0003397652339495563,False
158.24964162036702,158.25626624507396,0.014776723383631334,158.24187704442397,158.28425079426893,5,"22,55,66,77,88",158.032364321457,392,0.0013748911486765897,0.0013748911486765897,158.3341896671172,393,-0.0005339847756692722,0.0005339847756692722,False
159.10867970650548,159.11427578448098,0.04444214633577956,159.04069847087385,159.16342438781925,5,"22,33,44,66,88",158.85907303869584,398,0.001571245903901525,0.001571245903901525,159.39090582416196,399,-0.0017706538286935032,0.0017706538286935032,False
160.1303908498804,160.1190497952813,0.04499814666218922,160.0592935005041,160.1724272439153,6,"11,22,33,44,55,88",160.1417714260714,401,-7.106563196874025e-05,7.106563196874025e-05,159.96207418331892,401,0.0010522285824362792,0.0010522285824362792,True
166.3865038087916,166.38100775457238,0.020971027902010345,166.34844815850153,166.40257524220482,4,"11,22,44,77",166.25559178532106,422,0.0007874142581596308,0.0007874142581596308,166.54936739908635,423,-0.00097786976220995,0.00097786976220995,False
167.16518324914637,167.15724917115557,0.040154309698344305,167.08277231782074,167.19647750366926,5,"11,33,44,55,66",167.15394468427456,427,6.723481694093988e-05,6.723481694093988e-05,167.21864909750275,428,-0.0003197361576890059,0.0003197361576890059,False
167.57646086009763,167.5792172227173,0.012922206047535929,167.56450230904164,167.59944486163226,4,"22,33,55,66",167.54871461893327,429,0.0001656010386439326,0.0001656010386439326,167.6444437263761,431,-0.000405518159548607,0.000405518159548607,False
168.0791081311858,168.07948905601992,0.02753910406513167,168.04113951416196,168.11860044754616,4,"11,33,66,88",168.09609715940505,432,-0.00010106735674622002,0.00010106735674622002,168.14431248136918,433,-0.0003877880210228211,0.0003877880210228211,False
172.9280650304662,172.94558558430518,0.03856147383749726,172.91455032892816,173.01166194736015,4,"22,55,66,77",172.86122370518117,447,0.0003866762241543839,0.0003866762241543839,172.94949127847843,450,-0.00012388731446300106,0.00012388731446300106,False
174.03129725050965,174.03848519357365,0.01932756422435633,174.02069471166618,174.07065156160905,4,"11,22,55,77",173.96297719555454,457,0.0003927275564978932,0.0003927275564978932,173.9205360215479,458,0.0006368496296954874,0.0006368496296954874,False
174.27060996200626,174.26589585191124,0.02104595777795582,174.23262083189059,174.28974265174185,4,"33,44,66,88",174.12831493673212,458,0.0008171848749919784,0.0008171848749919784,174.38075826166016,459,-0.0006316539780646085,0.0006316539780646085,False
175.0787454731803,175.09082359144787,0.032133200729905165,175.06093940146764,175.14486401796336,4,"33,44,77,88",174.70304048451518,461,0.002150534916983433,0.002150534916983433,175.2768348720793,462,-0.0011301516201131544,0.0011301516201131544,False
175.21957915983396,175.22193180766357,0.02439880037856882,175.19331536653812,175.25525354444818,4,"33,55,66,77",175.50130674209095,462,-0.0016052734164025667,0.0016052734164025667,175.2768348720793,462,-0.0003266587526362084,0.0003266587526362084,True
176.26829799207115,176.2743191229705,0.043611877460047244,176.21947454413498,176.3412059636047,4,"11,44,66,88",176.3323907507452,465,-0.00036347694488322597,0.00036347694488322597,176.27881480588235,467,-5.9660111867524157e-05,5.9660111867524157e-05,False
179.08274865085195,179.09126999485565,0.04706350973511305,179.0169617365267,179.15428275735434,7,"11,33,44,55,66,77,88",179.0842347295147,477,-8.298210420259434e-06,8.298210420259434e-06,179.02898393725832,480,0.0003003129013594743,0.0003003129013594743,False
179.3618631603261,179.36982665408686,0.02508311224962548,179.34348356554256,179.4131513426267,6,"11,22,33,55,66,88",179.26252235905548,480,0.0005541638038074601,0.0005541638038074601,179.34608901193928,481,8.795367924505278e-05,8.795367924505278e-05,False
179.98514198468365,179.97054119847542,0.0565696761562028,179.88312592316618,180.02875490136813,4,"11,22,33,44",179.9417349945651,482,0.00024122802928321234,0.00024122802928321234,179.8173856359869,483,0.0009329261912212363,0.0009329261912212363,False
180.75048555326148,180.75303995780905,0.025196541579411882,180.72131458693207,180.78987413778128,4,"11,55,66,77",180.81162323649963,486,-0.0003381291652814621,0.0003381291652814621,180.75727120423994,487,-3.754012733900166e-05,3.754012733900166e-05,False
180.95692384063682,180.95909422657405,0.031867184652459815,180.90522473058962,181.0035336521749,5,"11,22,33,77,88",180.983434160728,487,-0.00014647926322159071,0.00014647926322159071,180.90600409471818,488,0.0002814707348904435,0.0002814707348904435,False
184.87386192552788,184.8682601035092,0.03946509940099953,184.80793300364428,184.9173835593367,4,"22,33,44,66",185.14552595258093,503,-0.001467299982839591,0.001467299982839591,184.9030772410066,503,-0.0001580034032675565,0.0001580034032675565,True
186.34591689579815,186.3487144590918,0.034744591674199084,186.30276619335973,186.4002578514112,4,"11,55,66,77",186.3978602882056,507,-0.000278669467166296,0.000278669467166296,186.4046591172392,508,-0.00031513279613945046,0.00031513279613945046,False
187.35572374095028,187.33922760005962,0.05644696526700465,187.2406785055989,187.410958799875,6,"22,33,44,55,66,88",187.44021525095297,510,-0.00045076511403687597,0.00045076511403687597,187.28179605244082,512,0.00039474038623997574,0.00039474038623997574,False
187.48648027142895,187.5007925717911,0.035655052031250176,187.44967729573716,187.54281846520138,5,"22,44,55,66,88",187.50817813970335,511,-0.00011571691693487258,0.00011571691693487258,187.48235528323124,513,2.200200755676818e-05,2.200200755676818e-05,False
188.15984693367204,188.17154513364648,0.04095647774713029,188.12781562590897,188.2386710413328,4,"33,44,66,77",188.17826049680104,516,-9.785170231879632e-05,9.785170231879632e-05,188.15387003737214,518,3.1766002467616335e-05,3.1766002467616335e-05,False
189.40959191515356,189.4135658383478,0.032865219164449865,189.36861260782513,189.46247473047862,5,"11,22,33,66,77",189.49348934958152,524,-0.00044274573609857373,0.00044274573609857373,189.2294016723523,524,0.0009522317420484262,0.0009522317420484262,True
190.16198583363322,190.15072763029127,0.044503932144397296,190.0785785155046,190.20036033839398,4,"11,33,44,77",190.29888739908122,525,-0.000719402868398801,0.000719402868398801,190.11686522332013,527,0.0002373309188539937,0.0002373309188539937,False
190.60569127046247,190.610637474334,0.04015963514865033,190.55928803738902,190.67187931902214,4,"11,55,77,88",190.5997748219351,528,3.104121467554591e-05,3.104121467554591e-05,190.50528182029007,529,0.000527069114373041,0.000527069114373041,False
192.58851896843532,192.60226116230405,0.039917130003129506,192.56424395076448,192.66776276158117,4,"33,66,77,88",192.5912723573762,536,-1.4296540581367354e-05,1.4296540581367354e-05,192.60236882793157,539,-7.190908180688237e-05,7.190908180688237e-05,False
192.98471966679944,192.99161061148448,0.02432368228560746,192.96625142304964,193.0307516892894,4,"22,33,55,88",192.96008981621648,540,0.0001276422010707646,0.0001276422010707646,192.68842920351068,540,0.001537666088791581,0.001537666088791581,True
193.40426876438906,193.40788430114426,0.03414331712480101,193.36400656984597,193.45899310595303,4,"11,66,77,88",193.5532399790821,541,-0.0007696653112556225,0.0007696653112556225,193.33820313764795,543,0.00034171015179070095,0.00034171015179070095,False
194.47102168787205,194.45404320876662,0.024496553672312855,194.4240850098205,194.47847459909792,5,"11,33,66,77,88",194.4789108460784,546,-4.056562314151024e-05,4.056562314151024e-05,194.4899983905733,548,-9.757161220775638e-05,9.757161220775638e-05,False
195.22035204083295,195.21185179584768,0.0324131398809315,195.16091432230604,195.24578877941877,4,"22,44,55,66",195.30132218576793,550,-0.0004145908692720602,0.0004145908692720602,195.05669401372495,551,0.0008390279961193419,0.0008390279961193419,False
196.87497087294,196.87365821511793,0.051531321765547,196.80110472681963,196.94358638777197,4,"11,22,44,77",196.79394847095276,555,0.0004117118570808078,0.0004117118570808078,196.69648227897193,556,0.0009074315508851918,0.0009074315508851918,False
198.69881883186747,198.7138224745881,0.03117629467292319,198.69064118373154,198.76701105088603,4,"11,33,44,77",198.7759724245916,563,-0.00038814345508182344,0.00038814345508182344,198.57592286231312,565,0.0006188865587675602,0.0006188865587675602,False
201.36791704394454,201.36922714205195,0.04628396163009651,201.31124120540727,201.42983327491157,4,"22,55,66,77",201.5594378176649,572,-0.0009501950183727434,0.0009501950183727434,201.29034234333068,573,0.0003853870966226021,0.0003853870966226021,False
202.16346500280167,202.16977112711015,0.025642929937049884,202.14160844121318,202.2105460616241,4,"33,44,66,88",202.16450767664085,577,-5.157551397932513e-06,5.157551397932513e-06,202.29097144450634,579,-0.0006303120737133154,0.0006303120737133154,False
202.6136773701714,202.6273033538268,0.032572212528641335,202.6007396435184,202.68111903144597,4,"11,33,55,88",202.58751075235284,579,0.0001291620481508017,0.0001291620481508017,202.5932100645917,581,0.00010102661176638025,0.00010102661176638025,False
203.3934231042915,203.37812114580265,0.05998948940417008,203.2743869467222,203.44855168548446,6,"11,22,33,66,77,88",203.37076350652882,583,0.00011142013420203952,0.00011142013420203952,203.43295803616195,587,-0.00019433887336699654,0.00019433887336699654,False
204.3888308478043,204.38422722691692,0.031139387069220998,204.3368111412662,204.42243607079297,4,"11,33,55,77",203.87657110952344,592,0.0025125973793509514,0.0025125973793509514,204.9084073666649,593,-0.002535652516838329,0.002535652516838329,False
206.8518541148634,206.86553674458733,0.0381085737816319,206.82996823634932,206.9302813498902,5,"11,22,44,55,66",206.9011899404998,603,-0.0002384511449672793,0.0002384511449672793,206.72915355253872,605,0.0005935329401592282,0.0005935329401592282,False
207.21159743200798,207.2038612459075,0.03866718790362596,207.14279480311893,207.24945531649507,4,"11,66,77,88",207.05204326928512,605,0.0007705993150492346,0.0007705993150492346,207.48224967496577,606,-0.0013044597471918128,0.0013044597471918128,False
209.33471911415324,209.3288714220828,0.0558965935256271,209.25704950020457,209.38899795982013,4,"33,66,77,88",209.291351196353,616,0.0002072131387768938,0.0002072131387768938,209.32182107525114,618,6.161822420545068e-05,6.161822420545068e-05,False
210.8229535706903,210.82780342312049,0.013468742413774422,210.81575179911465,210.84955475198677,4,"22,33,66,77",210.89814634834275,620,-0.0003565359817258151,0.0003565359817258151,211.00439817422216,621,-0.0008599091066436312,0.0008599091066436312,False
211.47971504895344,211.47259382203478,0.03903543684283975,211.41274544740514,211.51819974282705,4,"11,22,33,88",211.34371514381576,621,0.0006435010619792255,0.0006435010619792255,211.5648354453561,622,-0.0004023371663985407,0.0004023371663985407,False
212.67880616933778,212.68467687257714,0.024610580204763973,212.65683031539618,212.72426483623696,4,"33,55,66,77",212.64403257329016,628,0.00016352961156165626,0.00016352961156165626,212.60999975883954,630,0.0003236273485550366,0.0003236273485550366,False
216.71497218089337,216.69894516658286,0.03733317655325537,216.6364065884186,216.72942971612616,4,"33,44,55,66",216.6637111797761,645,0.000236592463214731,0.000236592463214731,216.65034034739506,647,0.00029832324931811636,0.00029832324931811636,False
216.88209646159837,216.88623493383915,0.033534946144185195,216.84688132388902,216.9338654882709,4,"11,22,33,55",216.8749403945965,646,3.299628342877341e-05,3.299628342877341e-05,216.90399537907854,649,-0.0001009613374889649,0.0001009613374889649,False
218.36084147072313,218.3640727454459,0.044765781171146476,218.30966481910707,218.44134580584284,5,"11,33,44,66,77",218.40918176890395,655,-0.00022132905672421125,0.00022132905672421125,218.1232616409053,656,0.0010891998773104646,0.0010891998773104646,False
218.92608728941093,218.932623298838,0.040973726675234974,218.8875240789053,218.99079453762494,4,"33,55,66,88",219.15618857663642,657,-0.0010499420012728986,0.0010499420012728986,219.0446689115467,658,-0.0005413581746819366,0.0005413581746819366,False
219.58443683074904,219.5804780368303,0.045796429757637,219.51665054621424,219.63759715010906,5,"11,33,55,77,88",219.63302470305632,659,-0.00022122298034628847,0.00022122298034628847,219.59235399241868,661,-3.6053904089537896e-05,3.6053904089537896e-05,False
220.14068060416471,220.14453242667872,0.04489001340025875,220.0869592672219,220.2098092311635,4,"33,44,77,88",220.1534280525356,668,-5.7902565877065884e-05,5.7902565877065884e-05,220.12119194422718,671,8.853604582731168e-05,8.853604582731168e-05,False
220.63853959684275,220.62934228350917,0.053149441393176344,220.54728211846503,220.69300782188606,4,"33,44,55,66",220.48999193765746,671,0.0006737161078371492,0.0006737161078371492,220.54667421970737,672,0.0004165348557641893,0.0004165348557641893,False
221.1605744642355,221.1467915620641,0.03575715403208682,221.08880006789036,221.17721725189506,4,"11,22,66,77",220.92630929450124,672,0.001060376966792078,0.001060376966792078,221.604283079908,673,-0.0020022564975085847,0.0020022564975085847,False
222.090857892523,222.08728479775723,0.06380081871487558,221.98277756727424,222.1547092533163,5,"22,44,55,66,77",222.06400479649807,675,0.00012092502812209807,0.00012092502812209807,222.10194178279585,676,-4.990451764576132e-05,4.990451764576132e-05,False
222.7930349036954,222.790781342029,0.05500120630673691,222.71665470817794,222.86040085254717,4,"11,22,33,88",222.87442751815087,677,-0.0003651949457002575,0.0003651949457002575,222.95740127819556,679,-0.0007372097699285313,0.0007372097699285313,False
224.75821044400334,224.7532863521117,0.04175367551312324,224.68985898279146,224.8068655376486,4,"11,22,44,66",224.82911678971857,686,-0.00031537883850492554,0.00031537883850492554,224.8747660373606,688,-0.0005183133501865801,0.0005183133501865801,False
225.37869109584113,225.3793648443133,0.04641840178688225,225.32696331023953,225.4331138753314,4,"11,22,44,55",225.3585531333259,689,8.935965480450005e-05,8.935965480450005e-05,225.49726659031865,693,-0.0005258400523893628,0.0005258400523893628,False
227.6366939603076,227.63436584467178,0.04522472388370691,227.57911573107754,227.68495972699435,4,"11,22,44,77",227.5499068346827,698,0.00038139820328716105,0.00038139820328716105,227.74999965399894,701,-0.0004975003023642864,0.0004975003023642864,False
228.20517628636424,228.2051379948272,0.05769261652746684,228.10536578323507,228.2751402110223,5,"11,44,55,66,88",228.18337340983052,702,9.5549803685973e-05,9.5549803685973e-05,227.93335243736607,704,0.001192558465408707,0.001192558465408707,False
228.6666514391685,228.65302874199529,0.06208997353425637,228.5695668022749,228.75266657301194,7,"11,22,33,44,55,66,77",228.35662495026895,704,0.0013576417542826686,0.0013576417542826686,228.69494848827946,705,-0.00012373272474101494,0.00012373272474101494,False
229.2828911145787,229.28786318230263,0.025507338841592068,229.2579487876627,229.32772171239037,4,"33,55,66,77",229.24288576022823,707,0.00017451077802387399,0.00017451077802387399,229.26466799610637,710,7.948507125672852e-05,7.948507125672852e-05,False
229.66110718369077,229.68483252044976,0.040676795470714164,229.6525823817325,229.76034119329114,5,"11,22,44,77,88",229.69060359579797,710,-0.00012841801817500384,0.00012841801817500384,229.70198150504166,711,-0.0001779450098038752,0.0001779450098038752,False
230.88007907548166,230.88367983640998,0.054317357558161694,230.82579281742863,230.94876837724803,4,"11,22,33,66",230.7186408585675,715,0.0006997190010889163,0.0006997190010889163,230.88188187099558,716,-7.808302233658589e-06,7.808302233658589e-06,False
231.04516556896732,231.05338335591193,0.04548410957914356,231.00086631445646,231.12233597125663,4,"44,66,77,88",231.3010530938481,716,-0.0011062964109245408,0.0011062964109245408,231.08268792895143,718,-0.00016237633515690214,0.00016237633515690214,False
235.0964443446869,235.10717101547766,0.04196904475677484,235.06651522061685,235.16928015192002,4,"11,44,55,66",234.8179521493666,737,0.001185991925962923,0.001185991925962923,235.02018021699513,739,0.0003245003370406011,0.0003245003370406011,False
236.33441385127577,236.34235752007183,0.05248381494683617,236.2538173037509,236.42754638185937,6,"22,33,55,66,77,88",236.5389050414839,742,-0.0008645139799402876,0.0008645139799402876,236.3547572021942,743,-8.60712564420049e-05,8.60712564420049e-05,False
236.88705986750392,236.90240900816462,0.04008042489446632,236.85188175846912,236.96824448241227,5,"11,22,33,66,77",236.8726427644804,746,6.086436515113934e-05,6.086436515113934e-05,236.79708540764136,749,0.00037996438895213195,0.00037996438895213195,False
239.16286652837425,239.1715711975471,0.04839369895979875,239.1132844327841,239.24726730065584,4,"55,66,77,88",238.92115097493124,755,0.0010116959191627914,0.0010116959191627914,239.10711454503064,757,0.00023316739633488437,0.00023316739633488437,False
240.0743183471159,240.08599379159904,0.05124798334638796,240.02898439276356,240.16635407940078,4,"22,44,66,77",240.20597693236743,761,-0.0005481070326930238,0.0005481070326930238,240.17559481798867,764,-0.00042167677756564545,0.00042167677756564545,False
243.17552374327346,243.15167165758194,0.043882120184439516,243.07348313241442,243.19445192542418,5,"11,33,44,66,77",243.2063928925672,779,-0.0001269257313782283,0.0001269257313782283,243.24660515584594,780,-0.00029221954619650754,0.00029221954619650754,False
243.68754125329986,243.69117292878803,0.04810373394520203,243.63513011278582,243.7662531754312,5,"22,33,44,55,88",243.7379805969704,780,-0.0002069408450296071,0.0002069408450296071,243.70818017283938,785,-8.468702004538602e-05,8.468702004538602e-05,False
244.12469152620918,244.14246537032187,0.04623308279892014,244.09990689398455,244.22057153488458,4,"11,55,77,88",244.0811971809954,784,0.0001781962138670377,0.0001781962138670377,244.17410707763457,787,-0.00020237834394818118,0.00020237834394818118,False
246.30856751330546,246.2936373671559,0.06716026110745343,246.19681071713632,246.3606037248764,4,"33,55,77,88",246.26850928364155,792,0.0001626607875299865,0.0001626607875299865,246.32067648468302,796,-4.915937854007348e-05,4.915937854007348e-05,False
246.8860030749615,246.88985469432433,0.053950214703177464,246.8216907520332,246.96930990620075,6,"11,22,44,55,77,88",246.80953448539975,797,0.00030982834484572815,0.00030982834484572815,246.79773568375106,800,0.0003576507335689557,0.0003576507335689557,False
248.14040818459856,248.13840626161158,0.013782063271562561,248.1177558407701,248.15505283647923,4,"11,33,55,88",248.11015628612074,803,0.00012192930322017175,0.00012192930322017175,248.2773206823527,804,-0.0005514498762023677,0.0005514498762023677,False
248.4226126218498,248.4115733142133,0.04802071351486858,248.35205328476212,248.46946177168337,5,"11,22,33,44,66",248.11015628612074,803,0.0012593452053962992,0.0012593452053962992,248.43658697765386,806,-5.624918605617181e-05,5.624918605617181e-05,False
249.10618262638948,249.10678893039355,0.03414087990558163,249.06105342718024,249.15373704161505,4,"22,33,55,66",249.20193452429058,807,-0.00038423416769969875,0.00038423416769969875,249.0501634533785,810,0.00022493128385947568,0.00022493128385947568,False
253.22676412710936,253.24381556147569,0.037869696515910094,253.21333940851474,253.30839458316922,4,"44,55,66,77",253.47790950611892,823,-0.000990797894376254,0.000990797894376254,253.30017002420112,824,-0.0002897980569248995,0.0002897980569248995,False
254.23483071765793,254.23999543504743,0.05424674190285758,254.1748825385274,254.31543776634646,4,"11,33,44,88",254.20495038631313,827,0.00011754425434827359,0.00011754425434827359,254.19808317738097,837,0.00014456261753681342,0.00014456261753681342,False
254.75243575744068,254.74353390156057,0.03740828123041275,254.68326509545005,254.7859989959108,4,"33,55,66,77",254.74328130130203,837,3.59360062093965e-05,3.59360062093965e-05,254.68745316278017,840,0.0002551464308647096,0.0002551464308647096,False
255.01255862072543,255.00349064589977,0.0351647023152646,254.9510457830189,255.03779955912933,4,"22,55,66,88",254.929600441834,838,0.00032541603151478376,0.00032541603151478376,254.89737788504482,842,0.00045187101035050735,0.00045187101035050735,False
255.97084980628122,255.99315361181874,0.05346596903028682,255.94685259781824,256.0840622368942,4,"11,44,55,77",255.86993490447895,844,0.0003943992163047336,0.0003943992163047336,255.88080568215832,847,0.00035189870487880833,0.00035189870487880833,False
256.24647857719765,256.2430210557764,0.03102241140194928,256.20780933396355,256.29459532940626,5,"11,22,33,77,88",256.3780470831418,845,-0.0005131816371994747,0.0005131816371994747,256.35852675429385,850,-0.00043707606887439723,0.00043707606887439723,False
256.4123283258297,256.4157026241254,0.02849700833845198,256.38289529013286,256.45525855470953,4,"22,33,44,55",256.41175818405617,847,2.223539893757923e-06,2.223539893757923e-06,256.4168532842308,851,-1.764688374855687e-05,1.764688374855687e-05,False
256.717538257481,256.7297130839853,0.060630295677678865,256.6603956093925,256.8233802115866,4,"33,55,66,77",256.6652133052939,849,0.00020386460445219012,0.00020386460445219012,256.7067338337115,852,4.208858726905391e-05,4.208858726905391e-05,False
257.34570802629196,257.3616026987912,0.045679850906496934,257.3108874614354,257.4392920747114,6,"11,22,33,55,66,77",257.2601570191708,852,0.00033254666448332803,0.00033254666448332803,257.58059236193037,856,-0.0009118867748715041,0.0009118867748715041,False
258.3589860840622,258.3654949318682,0.042506833477410605,258.3218972974752,258.42211026187334,4,"11,22,55,66",258.35081082114175,857,3.164403817619183e-05,3.164403817619183e-05,258.35189181599276,861,2.7459710163525553e-05,2.7459710163525553e-05,False
259.31427864891367,259.3023627509263,0.06481276925212023,259.20739305503923,259.397195768237,5,"11,22,33,55,66",259.17357616386926,862,0.0005428890056116357,0.0005428890056116357,259.1680351068404,865,0.0005642807841366795,0.0005642807841366795,False
263.3374994026019,263.3408068600659,0.06312294393114277,263.2633698141355,263.4248588209244,4,"11,33,77,88",263.3731689303349,880,-0.00013543341517226721,0.00013543341517226721,263.43199659548577,882,-0.00035871569932702463,0.00035871569932702463,False
265.3676028362745,265.3688118118401,0.057891089941253526,265.27689725907385,265.44690217258744,7,"11,22,33,44,66,77,88",265.3354741115936,894,0.00012108718138222009,0.00012108718138222009,265.41264870932423,895,-0.00016972014434422762,0.00016972014434422762,False
266.3916670007753,266.39416039861044,0.031272466615364015,266.35421858409615,266.4390890087949,4,"11,22,66,88",266.4096724918467,899,-6.758572578457371e-05,6.758572578457371e-05,266.5388975194568,901,-0.0005523791088342228,0.0005523791088342228,False
267.73986426854066,267.7191250899837,0.07203654628940281,267.6021917884147,267.7945800344389,4,"11,44,55,66",267.73757037970665,904,8.567676291192179e-06,8.567676291192179e-06,267.5605486269699,909,0.0006701871501272083,0.0006701871501272083,False
269.5894812057037,269.59312040327256,0.06472856384052066,269.5195659038615,269.67395329782147,4,"11,22,77,88",269.6197941326122,914,-0.00011242841797284376,0.00011242841797284376,269.6430486240466,916,-0.0001986604832436215,0.0001986604832436215,False
269.9130324833893,269.90975615942125,0.02708279778831941,269.8739946964991,269.944223898066,6,"11,22,44,55,66,77",269.64314107540724,915,0.0010009207239823534,0.0010009207239823534,269.6430486240466,916,0.0010012639328934308,0.0010012639328934308,False
271.2647774528467,271.24148200440914,0.08989636771871035,271.0978616092759,271.3708793973099,6,"11,22,44,55,66,88",271.25582563970124,920,3.300136734155452e-05,3.300136734155452e-05,271.2217942672571,928,0.00015847983642218143,0.00015847983642218143,False
271.4419052308216,271.46716288618256,0.04703958398374277,271.40949371492354,271.5246236590003,5,"22,33,44,55,77",271.43698544314094,923,1.812497170426833e-05,1.812497170426833e-05,271.34362019916,929,0.00036221611397920677,0.00036221611397920677,False
272.06280937724193,272.06237901206373,0.02834428043184929,272.02455668739026,272.099340606381,4,"11,33,55,66",271.9642625288521,929,0.00036235219831278305,0.00036235219831278305,272.1525532079402,934,-0.0003297556081705028,0.0003297556081705028,False
272.903429926974,272.8806274126925,0.07091975958174304,272.7687992668062,272.94685053001587,4,"11,22,55,88",272.7758274535594,934,0.0004677924528938142,0.0004677924528938142,273.09979396716733,939,-0.00071901936409708,0.00071901936409708,False
273.26661715655973,273.2756255595908,0.08082181829342347,273.17111172174555,273.3981562034984,4,"11,33,66,88",273.23785821352214,938,0.00010525240984400373,0.00010525240984400373,273.1073258426409,940,0.0005832553682966282,0.0005832553682966282,False
279.2941555249496,279.2780464928723,0.08126066029380836,279.1507617377733,279.37311318381677,4,"22,33,44,66",279.0630872936535,963,0.000828014315820074,0.000828014315820074,279.249904207319,970,0.00015846493396733178,0.00015846493396733178,False
280.9407173574099,280.94446860172167,0.0641955420876788,280.82907504879597,281.03635345080943,6,"22,44,55,66,77,88",280.90464229233237,976,0.00012842459556068503,0.00012842459556068503,281.02431439959116,980,-0.0002974726310066334,0.0002974726310066334,False
282.53710079464577,282.53852820158863,0.060019160175962004,282.44204983639105,282.6039949251068,5,"11,22,33,66,88",282.5852743458348,983,-0.00017047438618509187,0.00017047438618509187,282.4754629982665,990,0.00021820584246516015,0.00021820584246516015,False
283.1879894675126,283.2003050682129,0.05786497625312194,283.12897223491365,283.31778717705055,6,"22,33,55,66,77,88",283.1882574588363,989,-9.463362856745675e-07,9.463362856745675e-07,283.51632548405235,993,-0.0011580850449412093,0.0011580850449412093,False
284.34324984314344,284.3372163973853,0.04714651817724955,284.2518177304795,284.3873883169576,5,"11,22,33,44,88",284.2419349561829,993,0.0003564389152366617,0.0003564389152366617,284.40949918709236,999,-0.00023293646709509063,0.00023293646709509063,False
286.4448904856458,286.46502503674543,0.05489220907742482,286.39813105440936,286.5334302123935,5,"11,22,44,77,88",286.7032066081951,1008,-0.000900987908734285,0.000900987908734285,286.4134153980591,1010,0.00010989390124385919,0.00010989390124385919,False
287.91450485626723,287.902320634096,0.07528157608932329,287.7976868272671,287.9825859965825,4,"22,55,77,88",287.7491194077102,1014,0.0005747557069763604,0.0005747557069763604,287.79622189384304,1016,0.0004109955358198519,0.0004109955358198519,False
290.6477276261793,290.6320974215739,0.07275797644973231,290.5112350677619,290.71523361314945,6,"22,33,44,66,77,88",290.6403317507299,1030,2.5446831156707e-05,2.5446831156707e-05,290.76248824320646,1038,-0.00039468852299538065,0.00039468852299538065,False
290.9831287096497,290.98360441051744,0.03714443194906699,290.94170112059976,291.0487600900318,5,"11,22,33,66,77",291.0501223777691,1033,-0.00023017914430725653,0.00023017914430725653,290.95061134132163,1040,0.00011176250215852347,0.00011176250215852347,False
291.67895613786993,291.6892430572838,0.08421345379721251,291.54727928363997,291.79311215997365,5,"11,44,55,77,88",291.73124803147886,1040,-0.00017924680321965912,0.00017924680321965912,291.6444974665509,1042,0.00011815299660503933,0.00011815299660503933,False
292.4180596678582,292.39798179035256,0.04738251248968237,292.31980460347944,292.43600322221454,4,"22,33,55,88",292.4378766487105,1042,-6.776475427683856e-05,6.776475427683856e-05,292.1733136584344,1047,0.0008376740721431096,0.0008376740721431096,False
294.8162988712344,294.8206842947151,0.07169417550159077,294.7081465998067,294.9266068523168,5,"11,44,55,77,88",294.90116626426635,1051,-0.00028778249373188073,0.00028778249373188073,294.8524179440459,1058,-0.00012249881843726467,0.00012249881843726467,False
296.5825065980944,296.5701406223253,0.051374416810094164,296.4929953553414,296.62255393777104,4,"33,44,66,88",296.76757558420434,1063,-0.0006236159248381235,0.0006236159248381235,296.5721558624874,1067,3.490123871171759e-05,3.490123871171759e-05,False
297.33973385207423,297.3082046871036,0.10262829783827296,297.0923243128035,297.41432672910224,6,"22,33,44,55,66,77",297.40725098776034,1066,-0.00022701913104627527,0.00022701913104627527,297.248384114102,1073,0.0003073178622803124,0.0003073178622803124,False
298.30252468336346,298.3047269564443,0.04535805963572935,298.2424910449329,298.3714793526512,6,"11,22,33,44,66,88",298.5363148486486,1074,-0.0007831213613113345,0.0007831213613113345,298.30551943718467,1077,-1.0039216930558144e-05,1.0039216930558144e-05,False
299.0953869195777,299.0779223918397,0.06399250349644739,298.97105875425626,299.15715289115843,5,"44,55,66,77,88",299.14544734794544,1077,-0.00016734477763750822,0.00016734477763750822,299.1091418527152,1081,-4.59863347949766e-05,4.59863347949766e-05,False
299.4341984668823,299.45392438068427,0.07396423810047462,299.3611150690132,299.55567359743725,5,"11,22,55,77,88",299.3282922623533,1078,0.0003538128779227621,0.0003538128779227621,299.4882096334012,1082,-0.00018034488431110617,0.00018034488431110617,False
299.61573328480637,299.62076130367075,0.02400474321624787,299.5925998350618,299.6589788100084,4,"11,44,66,77",299.6219828211955,1080,-2.085807032678209e-05,2.085807032678209e-05,299.6994769196672,1083,-0.00027942536210450716,0.00027942536210450716,False
300.3050678686438,300.2970367394304,0.027918466780521074,300.2550530208084,300.32659063111635,5,"22,33,44,55,77",300.32186861114263,1082,-5.5942454595599866e-05,5.5942454595599866e-05,300.2709721440492,1092,0.00011354985249197516,0.00011354985249197516,False
300.55694136825605,300.5623802893541,0.0769362500843822,300.45977226671135,300.67586615419293,4,"11,22,55,88",300.5533424154022,1084,1.1974422992359097e-05,1.1974422992359097e-05,300.3805252130212,1093,0.0005873088979711239,0.0005873088979711239,False
303.7956001680317,303.82330670907766,0.05156850761036422,303.7670854020757,303.9007965327809,5,"11,22,33,55,77",303.81637507632814,1103,-6.837981755012503e-05,6.837981755012503e-05,303.82606553873813,1110,-0.00010027240635997162,0.00010027240635997162,False
304.5377433645528,304.5414793075969,0.02903592439045269,304.51183083164153,304.5935971857725,5,"44,55,66,77,88",304.6419592668182,1109,-0.00034209306727228124,0.00034209306727228124,304.6879292647758,1114,-0.0004929171319172312,0.0004929171319172312,False
304.97968657345825,304.9741891159105,0.028037729813901954,304.9333364673533,305.0040468493721,4,"22,33,44,55",304.8081140787777,1113,0.0005628869008264585,0.0005628869008264585,305.0698200176935,1115,-0.0002954518550212318,0.0002954518550212318,False
306.0651198656165,306.0625203027471,0.06689247131717706,305.9359243146432,306.1511224836951,6,"11,33,44,55,77,88",306.20219706151664,1116,-0.00044766888420658205,0.00044766888420658205,306.127866005045,1122,-0.00020496709511398666,0.00020496709511398666,False
307.2524143306978,307.2405316993235,0.043677679476579766,307.1722559904963,307.2850421454023,4,"11,22,55,66",307.3666946606935,1123,-0.0003718045317885789,0.0003718045317885789,307.25845622488475,1131,-1.9663882521613393e-05,1.9663882521613393e-05,False
308.81585266455113,308.81100048789585,0.041721643000997545,308.75946845443383,308.8528281680472,4,"11,22,66,77",308.78352961321696,1135,0.00010467867691862341,0.00010467867691862341,308.87114093388175,1138,-0.00017900108492962963,0.00017900108492962963,False
314.6415327288048,314.64258859172276,0.02326504281564273,314.61085460199354,314.67643430728776,4,"11,55,66,88",314.63427695259503,1166,2.3060984582006216e-05,2.3060984582006216e-05,314.6309219177899,1174,3.3724628686234986e-05,3.3724628686234986e-05,False
314.9762464863115,314.95663919890364,0.07373037859419874,314.84375706946224,315.0303067535294,4,"44,55,66,88",315.0344746758774,1170,-0.00018483116689313868,0.00018483116689313868,314.75285043409303,1176,0.0007097506882315749,0.0007097506882315749,False
315.5087436561325,315.5179464503396,0.03448544445095489,315.48027254004296,315.5740259490506,4,"11,22,33,44",315.57073836162186,1174,-0.00019645264263488596,0.00019645264263488596,315.41785316525215,1179,0.0002881589928034531,0.0002881589928034531,False
316.26745446854056,316.2664178918182,0.0746656920177581,316.18907535510533,316.34168727508643,4,"33,55,66,88",316.3456996076945,1178,-0.0002473406126618894,0.0002473406126618894,316.49670123751594,1181,-0.0007243259347696428,0.0007243259347696428,False
316.84305008783883,316.84463699980313,0.03630577422353983,316.80553974973157,316.8869080738033,4,"11,22,44,55",316.9608670178534,1180,-0.00037170812637863987,0.00037170812637863987,316.8586627162689,1183,-4.9273162665724377e-05,4.9273162665724377e-05,False
319.6351929569471,319.66041640513356,0.06829043524234757,319.5758973644238,319.7616950921227,5,"11,22,44,55,77",319.6236930791402,1198,3.597942848389079e-05,3.597942848389079e-05,319.61762714165013,1203,5.495884396005745e-05,5.495884396005745e-05,False
322.1174685202633,322.111066167025,0.06324547506606178,322.0195186147515,322.189809012822,4,"22,44,55,66",322.36599802512814,1211,-0.0007709544629005057,0.0007709544629005057,322.06252958644245,1216,0.00017058468084251306,0.00017058468084251306,False
322.5176792345234,322.5070135060894,0.05805851520004926,322.4229943763291,322.5697011789815,4,"11,55,77,88",322.47695037777817,1213,0.0001263000555467535,0.0001263000555467535,322.48754055917937,1218,9.345686748642535e-05,9.345686748642535e-05,False
324.7631911545061,324.7645886504437,0.10591479227690229,324.6164059070602,324.91556638570245,4,"22,44,66,88",324.88869603416543,1226,-0.0003863011584931637,0.0003863011584931637,324.75396324858104,1233,2.8415067926346366e-05,2.8415067926346366e-05,False
325.48626972912666,325.49439688089285,0.052797762952333016,325.43114902419853,325.5738990411196,4,"33,44,66,88",325.59442521725396,1229,-0.0003321785625018854,0.0003321785625018854,325.51622807757053,1238,-9.203334844716507e-05,9.203334844716507e-05,False
326.3478672384184,326.37769003598504,0.06235908028570104,326.330611302235,326.48441436486837,4,"22,33,44,55",326.4283509630497,1237,-0.0002465586227232727,0.0002465586227232727,326.1300708161924,1243,0.0006678207307928747,0.0006678207307928747,False
327.58394012961935,327.5834554788401,0.02929618490792088,327.5338270137953,327.61587232674697,5,"33,44,55,77,88",327.83901284802874,1244,-0.000778042601438757,0.000778042601438757,327.6127436832112,1248,-8.791951518129716e-05,8.791951518129716e-05,False
330.204070405474,330.1857442333729,0.07639096111146919,330.08791580551855,330.30598654280044,5,"22,44,55,66,77",330.2125759349239,1256,-2.5757739316330257e-05,2.5757739316330257e-05,330.1898715492948,1264,4.300209486303983e-05,4.300209486303983e-05,False
330.676268031595,330.7129611905717,0.0631227699646959,330.6615266641665,330.8309874627583,5,"11,22,44,77,88",331.0118725800539,1258,-0.001013874656044926,0.001013874656044926,330.70297770013235,1268,-8.076633818998649e-05,8.076633818998649e-05,False
334.16295512422323,334.16909974862085,0.02517540330222594,334.14302290165483,334.2074658443822,4,"11,33,66,77",334.2288409834188,1283,-0.0001971279887209306,0.0001971279887209306,334.2061314759118,1295,-0.00012919078264025184,0.00012919078264025184,False
334.5208423472385,334.51132237547597,0.11416699932136927,334.34140618732266,334.66219862010405,4,"11,22,33,88",334.50009502244194,1286,6.20248696645887e-05,6.20248696645887e-05,334.2061314759118,1295,0.0009416669584633502,0.0009416669584633502,False
334.816981649886,334.82502445364526,0.0720473781593383,334.7328620038567,334.9457315228193,6,"22,44,55,66,77,88",334.85308641113903,1290,-0.00010782269215439403,0.00010782269215439403,335.0270434689951,1296,-0.0006269995906421639,0.0006269995906421639,False
335.57865886569004,335.5763648559338,0.0705139053343088,335.4802051595885,335.6679365327665,4,"11,22,44,55",335.33299145588666,1295,0.0007326073367752913,0.0007326073367752913,335.7096023339684,1297,-0.00039004981498293883,0.00039004981498293883,False
335.94474358134516,335.94495907478995,0.034581381925288236,335.90178109355656,335.98856804291285,4,"22,66,77,88",336.1534688615033,1296,-0.0006209225829650571,0.0006209225829650571,335.942015147549,1298,8.121740279989255e-06,8.121740279989255e-06,False
336.36756396844567,336.34007953494,0.06802947911855464,336.22477675944634,336.4004134434222,4,"11,44,55,66",336.1534688615033,1296,0.0006368969139823464,0.0006368969139823464,336.3926439401786,1305,-7.45556485395898e-05,7.45556485395898e-05,False
336.60343126982394,336.60743101423907,0.053578855198907566,336.5530404044015,336.66982111290696,4,"33,44,77,88",336.86479419743233,1297,-0.0007758689305336159,0.0007758689305336159,336.5877510109668,1307,4.658594619091135e-05,4.658594619091135e-05,False
336.8959545023123,336.9206724409037,0.046494766713445206,336.8798062415147,337.0060252954427,6,"11,22,33,55,66,88",336.86479419743233,1297,9.250092445605478e-05,9.250092445605478e-05,336.851764541428,1310,0.00013118518451121606,0.00013118518451121606,False
337.3433362796568,337.34604207782337,0.02828607085719663,337.31666642110645,337.3808293308735,4,"33,44,77,88",337.35979270753944,1303,-4.878005096745751e-05,4.878005096745751e-05,337.2140267827763,1311,0.0003834641699641428,0.0003834641699641428,False
338.11074873867415,338.13653039601564,0.05945111922664743,338.0894043475912,338.235219759123,4,"11,22,44,77",337.9831603999597,1310,0.0003774990995512619,0.0003774990995512619,338.0548378057281,1316,0.00016539012814895194,0.00016539012814895194,False
343.69199237071734,343.6786010504033,0.07165740589638506,343.5837367445845,343.75671458959056,6,"11,22,44,55,77,88",343.6327584112278,1333,0.00017237576464881795,0.00017237576464881795,343.72374385040496,1345,-9.237499665263968e-05,9.237499665263968e-05,False
344.4070373002477,344.4252888971538,0.04755272928723495,344.3840724738695,344.50300851425044,4,"11,22,66,88",344.3029062575806,1342,0.00030244020824256616,0.00030244020824256616,344.5960732160096,1352,-0.0005485724604975664,0.0005485724604975664,False
344.9383124499174,344.9403637936512,0.06179655510068656,344.86381500777895,345.036893558588,6,"11,22,33,44,55,77",344.9242656920211,1346,4.072418004033997e-05,4.072418004033997e-05,344.853228931412,1354,0.00024672385631729216,0.00024672385631729216,False
346.11059720393,346.0898472771766,0.09091466942319867,345.9146942080861,346.2137126944675,7,"11,22,33,44,66,77,88",345.96153647455606,1354,0.0004308592535832953,0.0004308592535832953,346.0908548944084,1363,5.7043719134548035e-05,5.7043719134548035e-05,False
352.2004320983335,352.19481692442787,0.05186412451374259,352.1175426991637,352.2608608018809,4,"33,44,55,77",352.2346490513115,1393,-9.714249597578601e-05,9.714249597578601e-05,352.2875251674444,1401,-0.0002472215531035241,0.0002472215531035241,False
354.12845224551654,354.14349938157926,0.05787125052968892,354.08085029425587,354.21278775114274,5,"11,22,33,44,88",354.12651884802517,1405,5.459623576511634e-06,5.459623576511634e-06,354.21685277772644,1416,-0.00024956613869915107,0.00024956613869915107,False
354.6314513736912,354.6709916741343,0.07252687948400408,354.62458112665337,354.79648282250156,4,"22,33,44,66",354.66005773728995,1413,-8.065854322934768e-05,8.065854322934768e-05,354.6056343623578,1418,7.280485370692205e-05,7.280485370692205e-05,False
354.97277826730976,354.9456055036028,0.06910541233439436,354.8314833253093,355.00538215448245,4,"11,44,55,88",354.8849332979594,1414,0.0002475308504478864,0.0002475308504478864,354.9615686734991,1423,3.157973932947438e-05,3.157973932947438e-05,False
355.31895974969865,355.3276148788423,0.05498907365374054,355.26134761490954,355.41701841092055,5,"11,22,55,66,77",355.22038674068045,1416,0.00027749817492923537,0.00027749817492923537,355.3450368085166,1424,-7.33851781135959e-05,7.33851781135959e-05,False
355.68147015920295,355.67540360951364,0.021631978002371037,355.64119887386784,355.7006437808043,5,"22,33,55,66,77",355.6840400586029,1417,-7.225231133526513e-06,7.225231133526513e-06,355.6514585852244,1425,8.43847909352389e-05,8.43847909352389e-05,False
355.91296280478844,355.9132664935487,0.017515037209260745,355.8871772932318,355.938666759871,5,"22,33,66,77,88",355.954034680366,1419,-0.00011538533511628023,0.00011538533511628023,355.7199515275918,1426,0.000542593341666104,0.000542593341666104,False
364.91529296024254,364.9313841216306,0.07368786827042917,364.8280525526883,365.04561283736757,6,"22,44,55,66,77,88",365.0339244945164,1469,-0.00032498769652196375,0.00032498769652196375,364.90963870923326,1480,1.5494934661840556e-05,1.5494934661840556e-05,False
365.33910392187306,365.34038187171393,0.0717862321476626,365.2401611072004,365.4431585359093,4,"11,44,55,66",365.2866020620515,1473,0.00014372785512855097,0.00014372785512855097,365.63707966436436,1481,-0.0008149494650948128,0.0008149494650948128,False
366.25482096017436,366.23639689668596,0.12163913132855464,366.0146168666987,366.3648169114893,5,"33,44,55,77,88",366.19856349571086,1480,0.00015362557385935279,0.00015362557385935279,366.17284595927504,1486,0.00022386968832865538,0.00022386968832865538,False
366.61876461141236,366.6315469662644,0.07835123155339042,366.51270378515096,366.7290774934794,7,"11,22,33,44,55,77,88",366.379493588152,1481,0.0006530688192099603,0.0006530688192099603,366.6374903759611,1490,-5.1074331022496814e-05,5.1074331022496814e-05,False
366.8763165880073,366.8904221673665,0.07695209014247392,366.8072763854368,367.0017791080146,4,"11,44,66,77",366.8949981002404,1482,-5.0917871134376705e-05,5.0917871134376705e-05,366.78688059916476,1491,0.0002438363899396458,0.0002438363899396458,False
367.5265338437031,367.4975121578959,0.11311675905896093,367.29120751058935,367.66059745320314,6,"22,33,44,55,66,88",367.59539658236054,1488,-0.00018733297342049066,0.00018733297342049066,367.4849417448777,1496,0.00011318041666661003,0.00011318041666661003,False
367.84928788475736,367.8249770903103,0.07161295287912527,367.7065553624341,367.9145336555576,6,"11,33,44,66,77,88",368.00113476918125,1490,-0.000412626130946937,0.000412626130946937,367.8468270337062,1497,6.6898797823721725e-06,6.6898797823721725e-06,False
368.3070096348904,368.3013815771584,0.08588293697282996,368.18463837168304,368.40686866716976,4,"11,33,44,88",368.29597592274075,1492,2.995881810002342e-05,2.995881810002342e-05,368.26466234142424,1504,0.00011499146618333293,0.00011499146618333293,False
369.16222326378727,369.15304972952333,0.019658184151584056,369.1193370548795,369.16841533563934,4,"44,66,77,88",369.06457711720736,1497,0.0002645774009053553,0.0002645774009053553,369.3231707519394,1506,-0.00043579038873856323,0.00043579038873856323,False
372.490918015539,372.4569604049265,0.06130955558772141,372.3502374274396,372.51590787660575,5,"11,33,55,77,88",372.5181914971304,1522,-7.321382475776622e-05,7.321382475776622e-05,372.49968874446074,1526,-2.3545600672258934e-05,2.3545600672258934e-05,False
373.09104337808265,373.0823750333718,0.05591003517386469,372.99894315380044,373.14847022352154,4,"22,44,77,88",373.29521872756413,1525,-0.0005469540975570285,0.0005469540975570285,373.01321295298374,1533,0.00020865326587967157,0.00020865326587967157,False
373.4209412593353,373.43494563497967,0.04011892354148073,373.3995701000906,373.49832992115734,4,"33,55,66,88",373.39607519137013,1527,6.659434744300719e-05,6.659434744300719e-05,373.4226152606883,1535,-4.482860128477327e-06,4.482860128477327e-06,False
374.47491617681305,374.48635704195607,0.060373929092898494,374.4250150138451,374.60878572435576,6,"22,33,44,55,66,77",374.46947188314647,1533,1.4538684927256102e-05,1.4538684927256102e-05,374.50917810668705,1541,-9.148488709195707e-05,9.148488709195707e-05,False
374.7576775699616,374.78325118674667,0.04811977704483569,374.75071888319684,374.87839844149596,5,"11,44,55,77,88",374.8351976302965,1536,-0.00020681104876219136,0.00020681104876219136,374.73230708041626,1543,6.77029684015617e-05,6.77029684015617e-05,False
375.16960138083255,375.15201800888156,0.06851590843888955,375.0190012938793,375.2059473939242,5,"11,22,55,77,88",375.22312802830663,1538,-0.00014265284700160728,0.00014265284700160728,375.1104523855473,1546,0.00015768420983490052,0.00015768420983490052,False
375.58853255787375,375.5623376882288,0.10122875744899333,375.39830379922057,375.67398183794717,4,"11,33,44,55",375.8246109526689,1540,-0.0006281610834285161,0.0006281610834285161,375.61830054656184,1553,-7.925063460640085e-05,7.925063460640085e-05,False
375.9250860912218,375.9336376570651,0.09080847336293764,375.8475144866786,376.1033904480594,5,"33,44,55,66,77",375.93494796011737,1542,-2.623291329819188e-05,2.623291329819188e-05,375.87174260064455,1555,0.00014191939571763963,0.00014191939571763963,False
376.19808571177055,376.2317496611816,0.08053072287113752,376.14549067325464,376.34360368894255,6,"11,22,55,66,77,88",376.06508260233426,1544,0.0003536704564963045,0.0003536704564963045,376.17593985568294,1556,5.88710062001853e-05,5.88710062001853e-05,False
376.6409773239326,376.6405559676519,0.07536459376436269,376.53944963958713,376.74811169027817,7,"11,22,33,44,66,77,88",376.6756543514444,1546,-9.206070822790809e-05,9.206070822790809e-05,376.7253918557542,1559,-0.00022407444161324185,0.00022407444161324185,False
376.925879089023,376.92724081007185,0.0490964101835174,376.85926972513244,376.99793533710886,4,"22,44,66,88",376.9405229204989,1549,-3.8849183320580335e-05,3.8849183320580335e-05,376.99215981133716,1561,-0.00017581459080563095,0.00017581459080563095,False
379.4338597154482,379.40250247433494,0.11846952408198365,379.21021080026156,379.5320796661821,4,"11,44,66,88",379.42333948749376,1563,2.7726886724048885e-05,2.7726886724048885e-05,379.23055273311377,1573,0.000536103910587351,0.000536103910587351,False
383.7020660437644,383.7128487174536,0.05170570239990816,383.64537981987337,383.8111988064328,6,"22,33,55,66,77,88",383.73734637952674,1592,-9.193875992323262e-05,9.193875992323262e-05,383.71661177868646,1598,-3.7907493383346136e-05,3.7907493383346136e-05,False
384.93025797973087,384.91347663110434,0.12162691548127481,384.7274849552266,385.0659056097293,4,"44,55,66,88",385.0028992341413,1598,-0.00018867716205495552,0.00018867716205495552,384.8747304260419,1609,0.00014427435552217863,0.00014427435552217863,False
385.8150325946111,385.81734158107446,0.05908034842876189,385.7362984874438,385.90300264763187,4,"11,22,44,55",386.00839069068144,1602,-0.0005009168213269627,0.0005009168213269627,385.8855633182825,1612,-0.00018277626938117256,0.00018277626938117256,False
386.61040868263285,386.6096115537402,0.06359400276623237,386.5269213399706,386.6907075097245,4,"33,55,66,88",386.57788510695883,1611,8.413201304834394e-05,8.413201304834394e-05,386.6911908580704,1618,-0.00020890616943792275,0.00020890616943792275,False
387.2133210611281,387.20572696671314,0.07699293214436792,387.1017402249883,387.29452551960804,4,"11,22,66,77",386.9434346103052,1614,0.0006974829566361011,0.0006974829566361011,387.21927339603405,1622,-1.537200060766084e-05,1.537200060766084e-05,False
388.81524315959564,388.80626530979134,0.06816475205459126,388.7057330716393,388.8888418483348,4,"22,33,55,77",388.8196676913319,1623,-1.1379392823793585e-05,1.1379392823793585e-05,388.6371902582209,1630,0.0004581468419335001,0.0004581468419335001,False
390.5297505581939,390.4924793503908,0.13605037724733277,390.2352900565891,390.65685262230664,6,"11,22,44,55,77,88",390.41210484145444,1632,0.00030133726716086764,0.00030133726716086764,390.59638489708925,1646,-0.00017059640455434677,0.00017059640455434677,False
394.2153086282842,394.184326980265,0.1084134507685815,394.01304550670284,394.33852299242216,6,"11,33,44,55,66,88",394.41828023035936,1662,-0.0005146100275996152,0.0005146100275996152,394.4731668089662,1669,-0.0006536773661130997,0.0006536773661130997,False
394.6717779982354,394.65145276704953,0.08469695919968617,394.5503189076757,394.7753857933858,5,"22,33,55,77,88",394.6724370994831,1663,-1.6699956361462182e-06,1.6699956361462182e-06,394.74657854666884,1670,-0.00018949004880246855,0.00018949004880246855,False
396.5343244196151,396.52928698568775,0.041120270632637346,396.4706686178015,396.5778304857193,4,"11,22,55,88",396.53418842111677,1680,3.429679010774842e-07,3.429679010774842e-07,396.5325738204598,1688,4.4147675900120745e-06,4.4147675900120745e-06,False
396.97171780980875,396.9525692658387,0.037989220791004405,396.887058588542,396.97978285519525,4,"11,44,66,77",396.8787373916284,1684,0.000234279162424823,0.000234279162424823,396.8161373349169,1690,0.0003920719453013008,0.0003920719453013008,False
398.2133325965839,398.17434291035016,0.10433658189377265,397.99966802998586,398.2710384182469,4,"33,55,77,88",398.16475017757887,1692,0.0001220158715289282,0.0001220158715289282,398.37712733498574,1692,-0.00041115497643550857,0.00041115497643550857,True
398.7988921601659,398.84148308063345,0.0872141265338625,398.7764493426695,398.9916986595323,4,"11,33,44,55",398.3658208377341,1694,0.0010871196768867158,0.0010871196768867158,399.0001221143616,1694,-0.0005043355704488224,0.0005043355704488224,True
399.8922535489007,399.87173345884423,0.06054826490862089,399.7539898153762,399.92372075186427,5,"11,22,33,66,77",400.1736332889696,1697,-0.0007031441271036566,0.0007031441271036566,399.9031487077458,1701,-2.7244493773756094e-05,2.7244493773756094e-05,False
401.09666817064476,401.08566535328373,0.12473403188000831,400.89939624215685,401.2499288296886,4,"11,22,44,66",401.21434381008953,1701,-0.0002932986850053143,0.0002932986850053143,401.2912696795586,1714,-0.0004849383069539846,0.0004849383069539846,False
401.90231189337555,401.9238886740453,0.08799288276647979,401.82485479354096,402.06607611588925,4,"33,44,55,88",401.8512098864326,1708,0.0001271664877091409,0.0001271664877091409,401.99411875202907,1722,-0.00022837861145462193,0.00022837861145462193,False
403.45913966216676,403.4839135832723,0.056349638776681366,403.43780256793514,403.5795724408203,4,"33,44,55,88",403.45059407070744,1722,2.118125883296212e-05,2.118125883296212e-05,403.8546175282413,1728,-0.0009792580025332698,0.0009792580025332698,False
408.35834877950504,408.31896389432706,0.09752586749877107,408.15746207502036,408.40169594327773,4,"11,33,44,77",408.3774087791427,1752,-4.667251230823023e-05,4.667251230823023e-05,408.3983660960863,1758,-9.798598599646495e-05,9.798598599646495e-05,False
408.6111279693119,408.6075975160976,0.0349245035196547,408.56327569724823,408.66395806518193,5,"33,55,66,77,88",408.61025003989306,1754,2.1485741455302267e-06,2.1485741455302267e-06,408.6052727710444,1760,1.4329717841874524e-05,1.4329717841874524e-05,False
408.8717865891398,408.8922801411338,0.050412107653995536,408.8484260934577,408.97712129279813,4,"55,66,77,88",408.74742423601,1756,0.0003042523224758101,0.0003042523224758101,408.8201790299996,1762,0.00012623535184250016,0.00012623535184250016,False
409.5259142636796,409.53000297016047,0.09446079792295868,409.4052813071641,409.6629020461184,4,"22,33,55,66",409.5565232022961,1758,-7.473678694490778e-05,7.473678694490778e-05,409.50349753506816,1772,5.4741238466567764e-05,5.4741238466567764e-05,False
409.83985626134745,409.8380413984437,0.055111626782460614,409.77224333952154,409.9002097315582,4,"11,33,44,88",409.68085275613186,1759,0.00038811553956182336,0.00038811553956182336,409.8328280168207,1775,1.714905211655766e-05,1.714905211655766e-05,False
411.4626341557999,411.46687556244405,0.05344624666797085,411.37534923357856,411.55425063701375,7,"11,22,33,44,55,66,88",411.4409263186131,1771,5.27605199147967e-05,5.27605199147967e-05,411.4407707959856,1784,5.313853503626439e-05,5.313853503626439e-05,False
411.74993918078957,411.7511477460889,0.0407119829180994,411.7026142028034,411.8054974868247,6,"11,22,55,66,77,88",411.72284364225396,1773,6.581014134631782e-05,6.581014134631782e-05,411.7429843035702,1788,1.6891307161239597e-05,1.6891307161239597e-05,False
412.08908102941564,412.1150206063947,0.10534951150962803,411.9884086337922,412.26906199577,6,"11,22,44,55,66,77",412.14998770264475,1777,-0.0001477779329040163,0.0001477779329040163,412.0611408706427,1791,6.780585695098704e-05,6.780585695098704e-05,False
412.4406804181961,412.44531824287674,0.04100428841323201,412.39486809755533,412.5050440375593,4,"33,44,55,77",412.4336307293823,1782,1.709290486654792e-05,1.709290486654792e-05,412.2467211450263,1793,0.00047049318580650635,0.00047049318580650635,False
412.7856057154596,412.8096807726504,0.08646769536628861,412.7215927866148,412.95541601548223,6,"11,44,55,66,77,88",412.48055976602495,1783,0.0007395401848942671,0.0007395401848942671,412.85728456003517,1796,-0.0001736165189671861,0.0001736165189671861,False
413.30012296211066,413.3105398293285,0.06676299084004149,413.2412745144036,413.4406487698312,6,"11,33,44,55,66,77",413.3285783312141,1788,-6.884442691650496e-05,6.884442691650496e-05,413.38704642523487,1797,-0.0002102713761253013,0.0002102713761253013,False
413.7073223519956,413.6993227815152,0.10056942753080356,413.51133446556605,413.79630800603366,5,"22,33,44,55,77",413.6895253761538,1791,4.302012681023376e-05,4.302012681023376e-05,413.83535632260566,1802,-0.00030938383744641044,0.00030938383744641044,False
414.2632490452649,414.2691387218864,0.03509780899896292,414.2268648010172,414.3231919959986,4,"22,66,77,88",414.2805339834413,1796,-4.172278627280343e-05,4.172278627280343e-05,414.3071615103985,1806,-0.00010599011847514309,0.00010599011847514309,False
416.15859468972945,416.15122369287633,0.08570951110968693,416.03236078910106,416.25534460294546,4,"33,44,55,77",416.07058104489823,1811,0.00021153537125885826,0.00021153537125885826,416.12561669821855,1819,7.925008744371656e-05,7.925008744371656e-05,False
417.8590558790997,417.85168798791284,0.10356100846154187,417.6715090838205,418.0132886440367,6,"11,22,33,66,77,88",417.87445463667837,1825,-3.685020083859519e-05,3.685020083859519e-05,417.33926087312057,1821,0.0012454974997838694,0.0012454974997838694,False
418.61453952377826,418.65551333745066,0.08999421552084827,418.58351104412395,418.80946325812215,4,"11,55,77,88",418.7232950998168,1827,-0.0002597313722720769,0.0002597313722720769,418.5138512085158,1823,0.00024058538318793595,0.00024058538318793595,False
419.31988672415935,419.3246853292102,0.028368295111457883,419.2925153843794,419.36645248414266,4,"11,22,44,77",419.41314278198,1831,-0.00022234891639803502,0.00022234891639803502,419.35380120864204,1834,-8.087320154234097e-05,8.087320154234097e-05,False
419.7317439902521,419.73807790045606,0.11450172832705585,419.58339855313284,419.8882785874222,6,"11,22,33,44,55,66",419.6702770183287,1834,0.00014646491612436906,0.00014646491612436906,419.60549347363326,1836,0.00030087908424096456,0.00030087908424096456,False
420.102367489321,420.10116964892495,0.08762973106993764,419.97765215366235,420.22229146339544,4,"33,55,66,88",419.6702770183287,1834,0.0010295951242061297,0.0010295951242061297,420.2135731879646,1838,-0.0002646409010539745,0.0002646409010539745,False
420.47396582144677,420.4855505270617,0.0865460233885406,420.34393214291913,420.6411731231833,8,"11,22,33,44,55,66,77,88",420.61582627494437,1835,-0.00033726846360952127,0.00033726846360952127,420.5122768313846,1840,-9.110556825242121e-05,9.110556825242121e-05,False
421.16037973954155,421.1276849258693,0.09014002803249942,420.9790437187439,421.21093650565,4,"11,44,55,77",421.1690856695793,1841,-2.0670866723093944e-05,2.0670866723093944e-05,421.33335764129447,1843,-0.0004105487937657704,0.0004105487937657704,False
421.846799017244,421.86055868756085,0.08822494002679321,421.7585123136091,422.0235381637103,8,"11,22,33,44,55,66,77,88",421.739839425546,1845,0.00025361510035118055,0.00025361510035118055,421.6988919745577,1847,0.0003507408852647325,0.0003507408852647325,False
422.4308963571805,422.45604916047307,0.07601243733926923,422.3547057104215,422.585854992599,5,"22,44,55,77,88",422.3707845423569,1847,0.00014232001128751672,0.00014232001128751672,422.352860933995,1853,0.00018476357189324801,0.00018476357189324801,False
423.60578969879236,423.5796177373412,0.1152930580826493,423.4190602504757,423.7406628477171,5,"22,33,55,77,88",423.6254708572585,1853,-4.6458864775799636e-05,4.6458864775799636e-05,423.65951542397977,1863,-0.00012681345097050145,0.00012681345097050145,False
428.33492790859856,428.33002448078526,0.05768197315457784,428.26017249136294,428.3900696145811,4,"22,55,77,88",428.3492526739618,1882,-3.344178908643729e-05,3.344178908643729e-05,428.3699620941336,1897,-8.178487904187044e-05,8.178487904187044e-05,False
429.28944311869793,429.2853546994302,0.06608742698148384,429.2062160773618,429.43408103457443,8,"11,22,33,44,55,66,77,88",429.36470187194345,1894,-0.00017527932062744774,0.00017527932062744774,429.28280580894557,1901,1.5461392030030966e-05,1.5461392030030966e-05,False
430.25759074744974,430.2835538860236,0.05354046699085894,430.23173359139116,430.37365338679297,5,"11,33,55,66,77",430.2120022458113,1901,0.00010596752624399056,0.00010596752624399056,430.28433272413565,1908,-6.214954775742879e-05,6.214954775742879e-05,False
430.5294380606547,430.5278157658573,0.01759485979633067,430.50458790165806,430.5477990404619,4,"22,33,66,88",430.5214696911893,1903,1.8508645970938256e-05,1.8508645970938256e-05,430.37115950239877,1909,0.00036777222348941625,0.00036777222348941625,False
430.8686708933272,430.8655559961301,0.06590511449811257,430.77211251952565,430.95839967805455,6,"33,44,55,66,77,88",430.7084821454421,1904,0.00037191918554095875,0.00037191918554095875,430.93328066452057,1911,-0.00014992987103187614,0.00014992987103187614,False
431.27678155878266,431.27202025323083,0.01350929561642561,431.2510247583099,431.2872418914866,5,"11,44,55,77,88",431.1607544591836,1905,0.00026910403694931805,0.00026910403694931805,431.1962947825674,1914,0.00018665924821046614,0.00018665924821046614,False
431.73727020458796,431.75404277642645,0.03525861052555904,431.7146523535082,431.80439301355034,5,"11,22,33,44,77",431.7845175704247,1911,-0.00010942348304339436,0.00010942348304339436,431.7432145915176,1917,-1.3768338977258793e-05,1.3768338977258793e-05,False
432.21471856862024,432.22492479695774,0.06103557576726418,432.1395593879331,432.3125125671354,5,"11,55,66,77,88",432.30377246413775,1913,-0.00020599842330752834,0.00020599842330752834,432.2216154654716,1920,-1.5956853161813933e-05,1.5956853161813933e-05,False
432.9578788516798,432.9547089038853,0.07206151830474215,432.8314344918914,433.0421865705591,6,"11,22,33,44,55,88",432.99240933405173,1919,-7.974847047553213e-05,7.974847047553213e-05,433.12966140822937,1930,-0.0003966076947744238,0.0003966076947744238,False
433.5634600001673,433.5922576571911,0.06345018019889101,433.5425188137748,433.6995918146548,4,"11,33,44,55",433.5417036592969,1925,5.0182809835310175e-05,5.0182809835310175e-05,433.7379352780596,1932,-0.0004022596681113864,0.0004022596681113864,False
437.90422038114997,437.8855855249799,0.14114007059074313,437.6364694187606,438.0545012189011,6,"22,33,44,55,66,77",437.780443464751,1952,0.00028273742750901856,0.00028273742750901856,437.96529108578125,1962,-0.0001394418824374723,0.0001394418824374723,False
438.5379863928432,438.5467854008431,0.09811562836852976,438.4038298176963,438.6989046621418,7,"11,22,33,44,66,77,88",438.6227278302326,1960,-0.00019319892019404735,0.00019319892019404735,438.56299759792273,1966,-5.7029902697018675e-05,5.7029902697018675e-05,False
439.0850328057084,439.078037138793,0.08046932768558729,438.8980721720485,439.20381999934796,8,"11,22,33,44,55,66,77,88",439.27421408428137,1964,-0.00043066784370061515,0.00043066784370061515,439.1442216625376,1972,-0.00013478227404447208,0.00013478227404447208,False
439.6201763821765,439.64691346149783,0.08736793479562986,439.5129970598059,439.79400025055486,7,"11,22,33,44,55,66,77",439.6441357502568,1966,-5.4497185637190885e-05,5.4497185637190885e-05,439.62062839207874,1973,-1.028181739073905e-06,1.028181739073905e-06,False
440.14595462856767,440.15595752313936,0.0653003335372142,440.07383607097563,440.2700932848352,8,"11,22,33,44,55,66,77,88",440.07042773635976,1970,0.00017162455699738845,0.00017162455699738845,440.22646687023484,1974,-0.00018288823532028076,0.00018288823532028076,False
440.7283209450453,440.70269921164174,0.06548776916472727,440.5478764463775,440.75357305563784,7,"11,22,33,44,66,77,88",440.679918390951,1973,0.00010983607846493439,0.00010983607846493439,440.9285340608974,1976,-0.000454071579373967,0.000454071579373967,False
441.0821431706371,441.075024292554,0.06495943145971565,440.9613452167448,441.16108327196923,5,"11,33,44,55,66",441.08609635908596,1977,-8.962396415331091e-06,8.962396415331091e-06,441.0223889619731,1977,0.00013549019315016125,0.00013549019315016125,True
441.3848162240598,441.38811328141884,0.06714195054799453,441.31308553283964,441.51665847667664,6,"33,44,55,66,77,88",441.44628153821,1980,-0.00013923622583472746,0.00013923622583472746,441.3916594868733,1982,-1.55038335374521e-05,1.55038335374521e-05,False
441.7939451498793,441.82372240468464,0.08878124456803013,441.7259919279295,441.9672247600489,5,"11,44,55,66,88",441.77111553068346,1982,5.167748273536072e-05,5.167748273536072e-05,441.7687968167612,1985,5.692645858937634e-05,5.692645858937634e-05,False
442.5482664204642,442.5450053242893,0.06015934962238896,442.45715927006074,442.62632918616805,4,"33,44,55,77",442.3982685065356,1989,0.0003390562861716332,0.0003390562861716332,442.5006861521788,1990,0.00010752586329106347,0.00010752586329106347,False
